event_times,event_types
"[3.51581731,3.77177297,3.89910348,5.0555974,5.70610468,9.30379634,11.68425472,14.61927475,25.29431238,26.24819978,26.68925726,27.64561773,27.66219011,28.01181657,28.38347367,28.54926494,28.63076942,29.18849102,29.68049499,29.86608686,30.05111069,31.16851359,31.63096642,31.68437689,32.08741692,34.40118088,34.59561352,35.96197892,36.03599077,36.58496579,36.75269281,37.06257749,37.34191675,38.44038606,38.78153344,39.64537799,39.77855442,44.76654689,48.17240467,50.31172754,50.6707229,52.46881058,53.64029542,53.92585056,57.96411868,58.60903011,60.1330614,60.83455393,61.14206303,61.2766648,62.26584145,64.43967052,64.84431296,66.44732274,66.64753997,72.33056277,72.63972158,72.84725721,75.2460417,75.46660099,77.14645547,82.51251167,85.298029,88.87752843,94.16230314,96.82164957,99.97707246,102.62860119,103.30113701,104.95801969,105.19164255,105.44172278,110.07626858,115.50161975,116.8953705,119.70552216,121.58607495,124.14017805,124.29095301]","[7,3,5,6,7,6,0,6,5,1,3,4,5,5,4,5,6,5,5,4,4,4,5,5,6,6,5,5,4,5,5,6,4,4,5,5,6,7,0,1,0,7,6,7,6,5,4,4,0,5,0,2,4,0,7,4,0,3,1,7,5,7,0,6,0,1,2,1,1,4,5,0,0,1,0,1,7,2,1]"
"[7.92756663,8.36662615,8.43903568,9.62528509,14.5352093,16.33432528,16.5209098,17.79108963,18.66466359,21.1631187,22.55890931,23.55586782,23.73854523,23.75646722,24.42180615,24.63560733,29.19328409,29.42023864,35.00767172,36.20736313,37.53116153,38.38820374,38.81512418,40.15955088,42.46431585,43.05992868,48.42762206,48.81782929,50.56126301,50.64216547,50.6520222,50.97550699,51.32490441,51.36495955,51.36705324,51.61749631,51.64581491,51.9007737,51.9353449,52.04601463,52.19499966,52.20441894,52.2849985,52.40294261,52.5788347,53.13471174,53.36798164,53.7816607,54.27626371,54.38548828,54.51549155,54.5614492,55.12031273,55.53422977,55.85946173,56.28924589,56.30542884,56.32342834,56.42921605,57.01994431,57.12721735,57.20515249,58.85240744,58.93787684,58.98150807,59.15816457,59.67083906,60.22186815,61.73465842,62.90093445,62.92700531,63.11177008]","[6,3,1,2,1,2,6,6,1,1,7,6,0,1,1,7,1,6,6,5,2,2,5,3,5,1,5,5,1,6,6,1,6,6,6,1,1,6,6,6,6,6,6,1,1,6,6,1,1,6,6,1,6,1,6,1,6,6,6,6,4,1,1,6,4,1,1,2,7,1,1,1]"
"[0.79640348,2.43400124,4.70638256,8.20419937,12.39277433,12.95832354,13.02499433,13.25539913,13.58676892,15.83555403,15.86778339,16.09762894,17.42533928,17.57032796,17.89645171,19.26825948,20.20589816,21.36641812,23.874116,28.31880715,28.63939511,29.42935906,29.43815859,29.47235669,30.09964223,31.87074531,31.90687582,35.0909218,35.21290044,36.1169664,36.48641941,40.0734382,40.08794221,40.13419984,43.15297732,46.5031268,47.99620038,48.55509656,54.05458042,54.33154049,58.09521271,58.2919751,61.39386426,62.00406409,62.67548762,64.05013396,64.63888666,65.324162,66.02378131,69.28897092,70.73269146]","[3,2,5,2,0,5,7,7,0,5,0,7,7,7,0,0,5,7,0,1,4,4,6,6,6,1,1,6,4,3,1,3,5,7,3,1,7,0,5,0,7,2,3,0,7,0,7,0,1,0,1]"
"[2.65091037,5.45466887,6.53568472,6.64154445,6.68932212,7.16823514,7.21959822,7.40617346,7.41912063,7.48027161,8.31328162,9.26403523,11.93786389,12.01544017,12.08943309,12.31961328,12.69270615,14.00480023,14.11887326,14.24397919,15.38083172,21.69628107,25.31435361,28.25492005,39.00899738,40.03511716,40.6442611,46.07481839,50.70917291,53.60140627,54.08241818,54.11613419,55.09704866,55.13758298,55.8326504,56.67165108,56.92451474,57.24638738,57.79304185,59.10415014,59.62307548,62.87534206,62.97038719,72.46982113,73.9953316,76.05583161,78.90319436,81.09096553,81.41743828,82.33308718,82.85318517,83.21836381,85.58657846,86.00033495,86.33036712,86.37097931,87.13670868,89.68622846,90.40390272]","[5,6,6,4,1,5,5,6,4,5,6,5,5,6,7,2,4,5,4,6,7,2,2,7,7,1,6,3,2,0,5,6,7,3,6,2,0,0,7,1,1,2,5,0,6,7,5,2,6,6,2,2,6,5,4,6,2,7,2]"
"[2.35985871,2.4584618,4.30955409,5.20739905,5.30333802,5.32702442,6.16785994,6.49183185,6.60027257,6.66755126,7.62077623,8.52016958,9.42803421,14.08024691,19.24969342,19.3366145,22.72568047,26.10493452,26.72858398,33.6778263,36.46045709,36.46670227,37.53584609,41.47709371,46.62131708,46.7087129,48.03435358,48.49860776,48.7112749,49.92096231,51.24632498,52.90697497,53.52608396,54.32771663,55.05014652,57.93735234,60.09718684,71.70018905,72.01502089,73.00266046,73.70163676,79.31141281,84.5563736,84.72544223,85.61787234,89.53763759,90.22478523,90.72710785,91.14136696,91.94212256,91.98989134,92.60666816,93.49392482]","[1,2,5,0,7,0,5,2,2,5,2,0,7,2,3,3,4,4,2,5,0,7,1,2,2,5,4,5,7,5,0,2,7,4,0,5,3,6,1,3,1,3,6,1,5,1,6,1,3,7,3,1,4]"
"[1.09863346,1.22999058,3.02646129,7.45843783,9.86580939,19.67526849,21.2984112,21.63557842,21.7768462,22.11143415,22.38942313,23.43041527,23.48566457,23.74788483,23.91835404,25.45801558,27.87046526,29.66250812,29.81889579,29.90078055,30.69746359,30.76804632,31.03435121,32.43742487,32.46996343,32.60116298,32.65768834,32.66407747,33.16404618,33.68867962,33.74670802,35.02959614,35.07600239,35.27693801,36.64947571,37.18758197,37.29828004,38.22740029,38.69747227,41.29804274,41.32648867,41.37456482,42.01884614,42.04692516,42.09351907,42.21012736,42.43992808,54.1245177,54.97579086,55.38972942,56.48204027,60.04656748,61.14436986,69.74704722,70.31874866,70.7865828,71.16158799,73.24909269]","[6,0,1,2,4,5,7,0,0,5,7,7,7,1,0,0,7,0,7,0,7,5,5,0,0,1,6,6,5,1,6,7,5,7,1,6,7,1,0,2,5,4,0,5,7,5,6,7,7,0,7,5,7,7,3,0,1,5]"
"[1.20559076,1.38934008,2.54684269,7.22603383,10.88180441,10.99935143,11.87053564,12.88479046,13.8832647,16.0884513,18.13474487,22.34647687,29.57971668,31.72744993,32.9580964,33.13798691,36.21501937,43.06864761,43.11858545,43.19681987,43.73794192,44.00108961,44.87849568,45.26531252,45.69218416,45.81864394,47.09196933,47.14261947,47.22442447,47.37997529,47.73437553,48.37397535,48.63185077,48.83543697,50.17214035,50.98568588,53.7881094,54.60750378,54.69995522,56.92555578,57.01384392,57.7228777,70.45835118,70.87689301,71.79155695,72.6711845,78.79028292,81.46691813,82.1942371,82.46977033,87.7506183,89.56976483,90.91000167,99.89502076,102.42066319,106.63736225,106.91799561,109.11463524,109.241723,111.09152113,111.38298977,111.97817281,112.56746055,112.6295012,116.99077832,126.80721733,129.35454291,130.42622307,130.92856709,131.95844508,133.06498564,133.48461211,134.09770552]","[2,5,5,5,0,7,0,7,2,0,0,0,5,7,0,1,5,6,1,2,1,5,2,1,0,7,6,2,6,6,1,6,5,6,6,1,7,7,0,0,3,7,0,5,7,7,7,0,7,7,7,5,5,1,3,5,7,3,2,1,5,2,5,5,5,5,2,5,4,6,2,5,5]"
"[0.77360315,3.90181018,3.98713258,4.09974254,4.28858881,4.2909736,4.90863388,5.41504286,7.58948046,8.25616307,9.01859912,11.3971515,11.42227859,13.76279602,19.0156196,19.34908284,19.54706377,20.11237421,20.47616009,22.2994303,23.45240581,26.51920116,32.74158855,33.0832201,33.18808361,34.99611392,36.14737822,36.52964252,37.41806848,38.97004103,40.25696231,41.48582389,43.53229376,44.84757772,44.87469327,45.86486235,47.80023644,50.15741253,51.77783696,52.40278491,52.74354921,53.22139338,53.31105622,53.59314706,54.72289264,54.7295669,55.1594414,55.81174063,55.92360271,56.07595099,56.15858032,56.9946183,57.13031804,57.33704241,57.85573862,58.06760916,71.08952539,76.71999406,77.70423799,77.72045863,78.12355883,78.15159842,78.19153223,78.56762229,78.88909087]","[5,7,2,0,1,0,7,6,3,5,4,3,6,1,0,7,0,0,7,0,1,7,7,5,0,7,2,5,4,2,5,5,7,0,0,7,5,7,0,7,0,0,7,1,0,7,0,0,7,7,2,7,5,0,7,7,3,1,6,6,1,6,1,1,1]"
"[4.12232884,5.37034595,5.62024614,5.73529614,6.04278096,6.25292161,6.86026141,7.24014666,7.59806165,7.86491797,8.38217753,9.71151433,10.32032234,11.10815572,11.9275303,15.87472519,16.48644151,18.05648583,24.17645312,32.26476971,35.90245109,37.41804238,38.42697614,39.09233742,39.40866486,39.69548642,49.20696793,51.13737402,52.09785675,52.2137185,52.49183515,52.93239981,53.49087076,54.71034965,55.218319,55.90704863,65.61676334,65.68357739,65.72134267,70.51774489,71.45213441,72.69124535,73.02270598,74.19105247,75.31136345,75.91175685,84.25977505,84.76459037,85.27227283,85.44401425,88.78635603,88.87692775,91.51852394,91.98469478,93.23211847,95.58670141,96.65642649,97.77074647,98.48933573,101.19663029,101.83649241,103.04444147,104.68596637,104.83900516,105.12789442,106.01286964,111.12644249,111.30863913,111.49128286,112.55333959,115.37773129]","[7,7,0,0,0,7,7,0,7,0,7,7,0,7,7,0,5,5,2,1,4,2,2,0,0,7,4,7,7,3,0,7,0,7,0,0,2,5,1,3,0,7,7,7,4,5,1,6,5,2,5,5,7,0,0,7,3,7,5,5,7,0,6,0,1,6,7,0,7,2,5]"
"[0.4326432,1.07711481,1.35657304,3.0206112,3.44055232,5.97667544,12.30779651,12.695016,12.9521215,13.02922247,13.42817512,13.56671659,20.26282326,21.90588053,23.73844774,23.87103931,25.20582559,26.28676432,28.69568015,29.68143616,30.62361284,34.47426008,34.65649377,41.7564876,42.7824182,42.79488624,43.22145213,43.36952854,43.47630383,45.07384239,45.27741664,46.37410906,47.34009109,51.02672106,51.83878529,52.6705298,54.47728209,55.48257302,59.00172354,63.09803347,66.05527468,71.3310691,72.0009843,74.12582221,75.31196856,75.9652211,76.91860124,77.26186115,77.56689683,80.1296523,83.39473119,84.89891845,87.78625742,89.22416961,94.32785677,94.712813,96.88946822,96.9715841,97.01146727,97.20526863,98.46682998,98.63201359,98.72028429,100.53110573,101.9050299,102.30970882,102.81267055,102.89551433,103.22707411,104.26255328,104.71135697,106.39573832,110.44782596,115.8842939,117.07523132,118.5008966]","[7,5,4,5,3,0,1,0,3,6,7,0,6,2,3,4,0,5,7,1,5,6,7,5,6,6,6,7,7,6,5,2,6,7,5,6,6,4,0,4,1,2,7,0,2,4,2,5,5,6,0,1,1,1,4,4,3,5,2,4,4,6,5,5,5,4,6,7,4,6,5,7,7,2,1,5]"
"[0.69804508,3.35155339,4.08432239,8.50433587,8.93141664,9.28326159,9.46950073,15.63133364,16.21323446,16.97490507,18.17416694,18.69497761,19.14383806,22.35116803,24.98360074,25.07375959,27.72592662,28.09408789,28.57617117,29.37244484,29.63903028,29.9572403,30.57313906,30.95193447,37.06745842,37.92944175,38.0591262,38.982606,39.04583045,40.51345766,40.66074421,41.86170358,43.61807387,47.59416912,47.87705416,49.41581714,50.14680737,50.29689193,50.73967708,51.47304609,51.48447694,52.43384571,54.85720373,55.49359036,55.53124111,55.78912772,56.66648937,58.84626691,63.46711813,64.39726953,69.40297472,73.61202006,75.25220599,76.84009868,78.67373057,78.75828355,79.49080356,85.91016658,91.21772735,91.84220904,92.51213596,92.78660611,93.06079825,93.58551769]","[1,7,4,4,1,6,6,2,5,7,2,3,5,0,0,7,0,7,0,1,7,0,0,7,5,0,7,7,0,7,7,0,7,0,5,7,0,6,6,1,6,0,4,6,1,6,1,6,7,5,4,1,6,0,4,3,7,4,1,6,1,6,2,5]"
"[4.25415726,5.67944344,5.97291416,6.87329029,7.43925806,9.56479654,10.12252515,14.22527276,14.77449845,17.64368991,19.85653651,23.14763201,23.64830927,23.84665379,24.51980916,25.94884693,26.45658116,27.70465272,28.92152809,29.23245354,29.29670513,29.42606866,29.85653875,29.85887183,30.19985933,30.23524815,31.0794957,31.6905945,32.07534193,32.54576198,33.09144878,34.24008208,34.79614567,35.07889587,38.83484729,39.81172697,41.95160493,44.59687419,44.98598338,52.28498613,54.51517488,55.67103501,55.90430363,56.30148523,58.05355283,58.89661172,59.30823856,61.82431658,64.14450268,66.79039861,69.16246361,75.06861262,82.08579797,82.16347262,86.07761888,87.15717411,87.52774102,88.04491596,89.5392129,89.9177444,90.34198201,90.42912884,90.82297303,90.83449646,91.47738933,92.03998471,92.60166158,92.61580546,92.76158618,92.78654708,92.94351564,93.18617015,93.53051291,94.60055835,95.00805513,95.09993572,95.58158377,95.65872987,97.65601702]","[5,4,6,0,7,5,0,1,0,6,7,3,4,5,4,2,7,5,4,7,5,5,4,2,2,4,5,5,4,6,5,4,5,6,7,3,0,1,3,5,6,6,7,6,5,6,5,6,7,2,4,7,7,0,2,3,4,5,5,4,5,6,4,5,5,6,4,4,5,5,6,7,4,5,6,6,6,5,1]"
"[2.19514729,2.28250581,3.53968205,3.69288647,3.81570163,8.20280864,12.80450425,19.46895778,20.02945212,20.14429568,21.21488255,22.42924887,22.83566527,23.94713628,24.07974489,24.30815889,24.64610519,24.74905022,25.22734311,25.83478445,26.10336578,26.45698236,26.77947193,27.24857446,27.38217904,28.05916966,28.29362557,28.53401282,30.73267788,31.76733478,33.00810324,41.94973939,41.95987666,45.45387452,46.01041298,46.23941274,46.33578485,46.93742621,46.99548307,48.55724104,48.63472807,48.76345063,49.55254127,51.25554624,51.89456171,51.9581512,52.60917368,52.76188743,53.05552326,53.58622522,57.72045548,59.15860558,63.10291582,63.12431279,64.34467281,75.29508103,76.392357,76.43865736,78.12125739,78.74945697,79.73701603,80.4231661,81.63452239,82.68518426,83.78682865,89.07806326,90.58585876,90.62954342,90.84812582]","[2,5,5,7,5,0,5,0,7,7,0,2,0,4,1,7,6,1,7,6,1,6,6,7,1,6,4,1,6,1,6,0,2,7,7,2,5,2,5,5,1,5,6,6,0,2,1,5,6,5,1,2,4,5,5,1,0,7,0,7,1,6,0,7,2,5,0,7,5]"
"[0.56219278,6.15742202,9.62772006,11.24057615,11.29038783,12.36270586,12.43329957,12.56337345,13.00085988,14.18618162,14.42976803,14.54921588,15.74047751,18.33938216,18.39837618,18.5201549,19.2690179,19.43347477,20.49428403,21.08898864,21.41746264,21.59640232,21.93961641,22.0576207,22.65769403,22.91866118,22.92892688,24.1542082,24.28977587,24.38409867,25.38443588,25.75691176,26.45891196,26.73886354,29.09984484,29.32258158,29.54465668,30.76758075,33.05444711,35.40515997,38.71657266,42.64338313,42.78308287,43.19154654,44.29598298,44.53065738,44.68073537,44.93783599,44.94863749,45.12449961,45.25537033,45.63235864,45.90249828,45.97863671,46.10766045,46.20211595,46.23424224,46.54781347,46.7726866,47.25084668,48.48804502]","[3,7,1,0,5,7,0,7,7,0,0,2,7,1,7,6,3,6,6,1,6,6,1,6,6,6,1,1,5,7,1,3,6,1,1,1,3,0,7,1,6,0,3,3,7,3,0,7,0,7,7,7,0,7,0,7,1,7,0,0,0]"
"[3.71262769,7.67131312,9.60647207,9.68705722,12.01609625,15.30485802,18.93232779,19.42346296,32.51465489,33.17847045,33.80965715,34.26723412,36.71091433,41.69163736,42.01840067,48.311961,50.96191691,51.01316674,51.15249154,51.40009085,52.47988034,52.66657522,52.8081765,53.01289099,53.56250155,53.58207457,53.64458375,54.04351193,54.73409258,54.9606908,55.39983937,55.62059871,57.26637174,57.59436258,61.50922775,62.41823136,62.44446644,64.50667378,66.23579166,68.82290052,69.82153736,73.09531993,73.55618964,76.00521818,77.63408242,80.3494817,82.26709224,82.28775278]","[1,1,7,0,7,5,7,5,5,2,5,5,5,5,3,0,0,5,7,0,7,0,7,0,7,0,7,0,0,0,6,0,5,0,0,1,7,3,3,2,1,7,1,1,0,7,0,0]"
"[0.48112276,3.19469711,13.78847624,17.39595365,23.15514251,30.07335281,31.20119645,36.8647653,39.52390128,40.76552497,41.62013615,52.41052391,53.35648453,54.99616074,63.96597428,64.08293121,66.09664784,66.64897373,66.83408458,67.52938153,69.18107866,70.14815016,73.90031522,74.90088746,76.86486001,79.7510676,80.52791753,81.66763593,88.10475972,88.59391171,89.87481235,97.60198157,99.91550441,109.0252124,110.40588126,110.52169315,112.81395939,114.38708218,115.32969529,116.39538576,117.20853134,117.23313074,117.6724454,121.29971088,124.38759722,129.09523953,130.51661736,130.87006758,131.124295,131.29147431,132.99640092,133.11655272,136.72172988,137.78879393,140.98935135,144.9934305,146.98565208,147.05254254,147.12877131,147.566077,147.56787624,148.15850291,148.56396953,149.30699262,149.36098505,150.23301559,151.5567028,152.23646887,153.03451161,154.32266315,156.31124298,157.29659228]","[4,5,7,3,2,7,2,5,7,3,7,5,4,1,1,4,6,4,5,5,6,7,2,4,1,1,0,5,5,6,6,0,4,1,7,1,2,3,5,7,5,7,4,4,2,2,2,5,6,1,7,0,3,1,1,5,4,5,6,5,6,3,4,6,4,6,6,1,5,4,3,2]"
"[0.62622108,5.71872742,6.92408299,11.6097657,12.20252476,12.6557665,13.66351653,14.25951817,14.9536516,15.24764731,15.88188566,17.02545728,17.49980042,19.6879281,20.86723499,21.53565455,21.76624527,23.45406935,24.37787297,26.38333877,27.04052525,27.62256614,34.68913663,35.07908783,35.28384641,36.59688921,39.32538003,51.60981203,53.05265005,53.15208613,60.75770951,60.80754703,63.88662379,73.60041121,74.16493386,74.7043293,84.53161315,86.8982115,87.26765524,87.5148973,89.22241056,89.68212146,91.25179376,91.7957666,92.24944746,93.98860974,104.01076579,108.64198507,109.36549875,111.15551796,112.50809367]","[3,2,6,5,7,1,0,1,5,6,6,0,5,2,4,4,5,0,5,6,0,0,2,6,2,0,4,1,0,7,4,6,1,5,1,4,5,1,6,0,2,3,2,5,7,5,6,5,2,2,5]"
"[0.54325125,5.74139999,7.35498158,7.54742658,7.9628105,8.51958591,9.89539876,11.74977433,12.4855167,13.19927647,13.58403647,17.85171021,18.33286158,22.5145605,23.01858766,23.77439071,24.44620042,24.80525826,25.44716967,25.57402072,25.98433424,26.62291224,26.94595726,29.23317664,29.57305198,31.4923147,31.80150594,43.11722284,43.80226651,52.757801,53.19648667,54.37080808,55.14170758,56.16791586,57.75691492,59.05289471,59.12576018,66.49021172,68.48036921,79.98172097,82.01517985,82.57970855,86.27416106,86.38815896,88.1908292,90.78076382,91.00737636,91.23199501,91.98933741,92.18088331,92.23691124,92.57004993,93.41092152,94.26171766,94.71632573,96.1282539,96.4149717,97.79137141]","[2,4,0,7,7,0,6,1,0,6,1,1,5,6,1,0,7,0,1,4,0,2,6,4,6,1,7,7,2,6,1,1,6,6,1,1,6,7,5,1,5,7,0,7,7,0,7,7,7,0,5,7,0,0,0,7,0,2]"
"[4.51305415,4.5769239,8.84149676,9.1218582,10.99907241,11.21123998,11.36161484,12.14735896,13.21776744,13.84210563,13.86084845,13.94096112,14.2354983,14.53687836,14.54091373,14.62856722,18.71997539,21.70933304,22.5463246,23.37887253,24.60677694,25.50326917,26.11368928,27.95262212,29.21049286,30.8666055,32.62349256,36.07606194,38.14867293,38.56405289,39.19631086,41.14837982,41.83157875,42.15606095,43.27411376,44.09772029,52.45578371,57.39849381,60.90780148,63.23931899,64.83925629,65.40071401,66.0033979,66.63975255,68.59474402,68.95697989,69.02870896,69.57098307,73.42761373,73.99269566,74.06883673,74.59195335,74.82175416,75.20926421,76.64027632,76.88975408,77.47892313,78.97529823,79.6372972,79.90971988,80.42062344,80.73759765,81.84402976,81.8516192,81.91966731,83.35697281,83.79236866,85.8756657,88.44162155,89.3922203,89.83677362]","[2,5,1,6,6,6,1,6,1,0,7,7,0,1,4,7,4,1,6,6,1,5,6,1,6,1,2,7,1,6,5,2,1,7,6,6,1,6,7,0,0,7,0,7,5,7,7,4,1,6,6,6,1,6,1,1,1,6,1,7,0,1,7,2,7,1,6,1,3,5,1]"
"[1.79402908,3.19344086,4.99458134,14.19935221,14.3892656,15.07315715,15.38136492,17.11713443,20.72980965,23.03694103,23.28587546,23.91326171,25.05102382,28.87982261,30.2151889,35.30988645,36.2792738,43.82110911,46.3128073,46.91622101,48.04061222,49.68572655,51.07941515,59.51223575,59.56891154,61.48684105,61.64156939,62.29938313,63.66041163,64.30638574,64.93117758,65.10849229,65.46227096,65.4819818,66.97691029,68.25444977,72.89454621,74.22930205,76.23796799,76.30150873,78.25508114,78.51313822,78.96433212,83.0907716,85.61078735,86.39387206,87.35587576,88.23834455,88.35323138,88.65860939,90.22938927,94.2756747,95.68659756,97.08480661,98.21686493,98.38130098,101.29315982,103.30252341,104.00632648,105.14850531,105.66453137,108.35307311,110.25344082,112.28862138,118.10175929,119.44843471,119.53769651,120.78848785,122.476791,123.34839783,124.56650947,125.88667534,127.15624523,127.33974308]","[5,3,4,3,6,2,1,5,5,0,2,7,5,1,6,7,0,1,6,1,6,4,2,2,5,1,6,1,6,1,1,6,1,6,1,3,2,5,5,5,2,5,2,5,7,0,7,2,7,0,0,3,2,5,2,5,7,3,4,5,7,4,7,5,6,1,1,6,6,6,0,1,2,7]"
"[0.02332389,1.10289643,1.14243393,2.2467071,3.30742165,10.14656252,11.00093239,11.39250838,11.48669438,11.92161416,13.16186652,14.09656693,14.39257321,16.62204496,18.42649055,23.70682356,24.97131271,26.36068273,27.31674555,28.6151131,31.37702393,31.80048189,31.9261074,35.98183609,36.0550841,36.0736734,50.12415718,51.26916276,52.86759816,56.09935917,65.83512113,71.7136351,72.09827614,74.10724575,77.56023658,90.19647093,94.87500177,95.50906986,99.3278853,104.4846114,104.96489731,109.04532995,109.08558117,109.34595823,110.17269704,116.41611504,117.30989872,119.13970072,119.25956617,122.94108909,123.71090183,124.22522887,124.45221063,125.14912614,125.36807223,125.46716651,126.7247952,126.99336667,127.03859117,128.51653467,128.54360718,128.57259608,128.87104994,129.72792601,130.85555986,131.68664845,132.47217447,132.75208903,133.26987615,133.47865599,133.64815239]","[4,5,6,6,7,6,5,5,6,6,4,6,7,7,5,6,5,6,7,7,0,6,7,5,4,5,5,4,5,0,3,2,2,3,6,0,3,0,6,7,0,7,1,7,2,1,7,0,2,4,5,5,5,4,5,5,6,1,6,6,5,4,4,4,5,4,5,4,6,5,5]"
"[0.44397348,0.50309928,6.14540527,12.31943052,14.74680508,14.91559833,15.45701614,16.69222776,20.33671172,21.97017843,22.69494773,23.76242378,23.93066109,24.12172049,28.52524436,29.70433595,29.78398057,31.01549472,32.08132002,32.7141076,33.04008141,33.71933476,35.26933664,36.47478949,38.04987942,38.75102368,43.95309356,44.42140506,44.44317346,44.76012538,44.80973741,46.00656347,50.26803091,50.52106061,57.9596453,58.55883159,59.24005684,63.5857576,66.13531265,66.467619,66.91863157,67.31101907,67.42927485,67.67856031,68.37360691,69.45458674,69.49556567,70.28973234,70.36444389,70.80342709,75.73138063,76.08987269,76.55569964,76.8055769,87.92612964,88.75390157,89.35150732,90.65279972,92.16943079,93.39929564,98.52033895,102.76898164,102.98980634,103.06852157,105.00235539,105.62033161,108.63133799,114.30159232,118.47112866,118.51500492,118.73558846,119.20142257,119.48714788,120.28920363]","[7,2,7,6,2,5,6,6,2,0,4,0,1,5,6,7,4,4,7,5,4,6,7,6,2,6,5,6,4,5,6,6,6,7,2,3,4,1,2,2,5,7,7,6,4,6,7,5,1,6,6,0,1,1,3,3,2,3,2,7,1,5,6,6,1,6,4,4,5,4,6,5,4,7]"
"[3.2606143,4.18436564,4.33035797,4.66895756,5.46585367,7.01672489,7.28455303,8.43904035,9.43667796,9.75175333,9.9722265,10.79441041,12.21362191,13.27071668,14.20586431,14.60112703,15.25830973,15.46523331,15.96013087,16.04484953,18.94589791,28.22325647,28.77701416,32.05005031,38.32532984,38.93125778,41.34053804,42.94930932,48.20682344,48.3976326,48.72512009,50.23173577,51.95597298,53.99628767,64.56882879,64.59985612,65.54039138,66.18483007,66.59092024,70.38612044,71.98725146,73.66683862,75.49926615,80.5448244,80.6837527,82.21018222,89.65083678,91.14632749,91.29204039,92.30106296,92.72587241,94.34038304,94.41523946,94.8222365,95.07572372,95.38003087,99.96968971,100.62238737,103.12735223,104.78176761,107.15817447,108.54108169,111.09880469]","[2,2,5,7,0,5,5,0,5,7,5,7,0,3,1,1,3,6,1,6,6,4,0,3,5,1,1,3,2,7,5,6,2,5,2,5,0,6,7,2,3,3,5,2,5,7,4,1,6,6,4,1,3,1,1,6,3,2,5,3,5,5,1]"
"[6.1296066,10.06764172,12.15565035,13.80557924,14.15543238,14.63089652,15.14978838,15.17422381,15.30979681,15.3250757,15.61693902,15.78738317,15.8666401,16.14165048,16.17141569,16.25306952,16.65746844,16.84992024,17.16296558,17.24285653,17.65534927,17.67397485,17.90778651,18.23314297,18.42595,18.50218364,18.64911573,18.76444921,19.21891639,19.56532352,19.6367295,20.90806106,21.36926579,21.42393362,21.52880327,21.73065241,21.82681989,21.95343378,21.99569655,22.00269552,22.69388671,23.33500274,23.38216886,23.62742854,24.4848878,24.53097863,24.63882024,24.69400055,24.74812327,25.35895452,25.43467293,25.45675363,25.61473872,25.63756714,26.53901653,26.90641425,29.7356373,29.84642993,30.15299641,35.75008973,36.46344628,36.75223433]","[6,1,6,1,1,0,7,6,0,7,1,7,0,7,6,6,0,7,0,1,2,6,7,0,7,7,0,7,7,0,0,0,0,7,0,0,2,0,7,7,5,7,0,0,0,0,7,0,7,7,7,0,7,3,7,0,5,7,0,7,0,0]"
"[6.53979816,7.09970203,8.01451178,11.62851073,12.78126046,14.79531738,15.1617709,15.91166762,19.35302425,19.36833676,19.7519026,19.92479148,20.10515753,21.04360766,24.08599009,24.33130807,24.37690931,24.95750806,25.22265138,25.24026606,25.61699856,27.28226273,27.33071471,27.4404243,27.48765268,27.65471852,28.19025408,29.68806503,30.19951626,31.63893246,32.10929547,32.77199003,33.41813412,33.62590751,34.71152129,34.74543652,37.39094455,37.43298883,37.70848709,38.05477741,38.30352493,38.79428268,38.9573586,39.23043572,39.26507312,39.32071375,40.07669301,40.10912084,40.49421335,41.43015588,41.85296164,42.31885891,42.81249481,43.64080506,43.64581603,43.76248905,45.00091583,45.02559143,45.32273926,46.25691041,46.26695259,46.67812792,47.03000571,47.06905378,47.08410002,47.44902802,47.72425378,48.41556744,48.42873147,49.27100373,49.40324514]","[4,4,4,5,4,1,6,1,6,1,6,2,1,1,6,7,0,0,0,5,7,0,7,7,7,1,6,6,0,0,7,2,1,6,2,0,6,2,6,3,1,1,5,1,6,1,7,7,6,0,1,6,6,4,1,0,7,0,7,7,0,7,1,6,5,0,4,7,0,0,7]"
"[6.08026348,11.67815775,12.42266602,13.15053048,13.18808027,13.9286382,16.18203191,17.0045888,21.90089251,22.29559522,25.53937894,25.9410641,28.44929551,28.97393119,30.27088178,33.49087428,33.73710246,33.9810107,37.64546238,37.73498347,38.16436674,38.77947923,39.36906812,40.20723354,40.36621247,41.80769723,43.28807556,44.05604792,45.3712314,49.31845073,50.82307601,52.44165702,52.83264257,52.91804682,52.96180527,53.24083259,53.62934943,54.3253121,54.5848524,56.97905373,57.26924179,59.47522505,60.25905291,60.62933846,60.7085884,60.73259765,61.00976558,61.08675227,61.2562366,61.2892386,62.34071841,63.11488806,63.88351657,64.32131284,64.59657587,64.7233343]","[2,1,6,2,5,5,1,1,6,1,1,3,7,5,1,1,4,6,2,5,2,5,5,1,5,5,0,7,2,4,5,6,0,7,5,1,7,0,7,0,0,7,7,0,7,0,7,7,0,5,0,0,0,7,2,1]"
"[0.12054528,10.61572968,12.69905647,16.36438207,19.0249125,19.05012512,21.91409314,23.45307444,23.83844834,28.58805275,31.8167521,33.09066675,33.72598957,34.74015357,37.26368853,38.00444925,41.33391577,42.21078014,43.27681036,46.30842656,49.16115364,49.36670604,50.46646861,56.97579703,57.58187266,57.95589817,58.39127875,58.81198658,59.04519462,62.70815285,63.58776631,64.47668395,65.50568268,66.45168711,66.69911509,66.83628726,68.1302027,68.64352556,68.92919342,69.05107293,69.10367395,69.32056447,70.16665999,71.82232176,72.278657,72.35481613,81.51153701,83.14257242,83.84343966,84.19369295,84.74182887,85.16081414,85.53280674,86.75774119,87.04093087,88.05888355,88.19425049,88.2024356,88.34194573,88.36174826,88.99101749,89.62493838,89.62754759,89.80925733,89.89369399,90.39321127,91.37396331,91.63194742,91.67581715,91.86780901,92.02635512,92.30310887,92.37700158,92.79733238,94.12218444,95.13230544]","[4,6,1,1,2,4,5,5,4,1,3,1,6,1,3,1,7,0,0,2,7,7,4,5,3,4,2,4,3,7,0,5,5,1,0,6,4,3,1,4,6,5,7,1,6,6,2,7,5,4,0,7,7,7,0,7,4,0,5,7,0,7,0,0,0,0,7,0,7,0,7,0,0,0,0,7]"
"[0.58478973,1.08953506,1.537523,1.6253147,1.71371097,5.00472067,5.23193164,7.1596971,9.4574836,9.83109123,16.64783392,21.32653181,22.04634618,22.99608396,23.32933119,24.31549518,28.11421648,28.6070529,31.59923915,36.1650203,40.73648622,41.06463232,41.34789475,41.76110083,41.90804196,43.60540255,44.0566451,45.38933886,50.53506995,51.75215438,52.91645487,56.88723508,57.7105885,61.33359208,61.5984135,68.54499284,68.97392264,78.12887795,80.79319793,80.86980649,80.89119879,81.2935672,81.46150821,81.87964105,81.90108248,82.80239428,84.68508452,85.12518197,85.14178895,86.3027453,86.36740677,86.96678124]","[5,4,6,1,5,6,2,2,0,0,2,1,4,3,2,1,0,4,2,4,0,5,4,6,5,6,5,0,7,0,1,0,6,1,2,7,0,0,4,5,5,7,6,6,5,7,1,6,4,7,7,5]"
"[7.2791605,12.87349674,14.0986224,15.08643254,15.41104119,17.65373369,18.02623857,19.8642689,21.30611272,26.27865224,36.77785602,38.25956413,38.32685771,39.85093356,41.32722956,41.42234594,41.44575875,41.61497034,41.86758388,41.95026475,42.73574978,45.00413693,45.23736246,46.46752553,47.10088505,47.36824857,47.60637737,47.76569854,48.2369039,48.50115793,48.70509924,48.83001471,48.97653069,49.55284802,49.8074237,50.09790149,50.20051518,50.22083598,50.40441614,50.51512691,50.55972208,50.56446857,50.59013932,51.63738621,52.10150615,52.40408435,52.61844183,53.64788833,53.85268418,54.10511416,54.49541771,55.20075185,55.34653833,55.51681731,55.55936591,56.8413229,57.07159065,57.74103483,58.0956345,58.51377438,58.57358794,58.60670826,58.84860944,59.23987002,59.38083761,59.41143946,59.54696387,59.60460652,60.64300517,61.1410957,63.44749547,63.76251731,65.19199722,68.02208812,68.71284633,70.64552812,71.33368442,71.65558789]","[2,7,6,5,4,4,5,6,2,1,4,5,6,4,6,4,5,6,2,4,1,5,6,4,5,6,4,4,5,4,4,5,5,4,5,4,5,5,6,6,7,6,6,6,4,5,6,6,4,5,4,5,6,6,5,6,4,4,5,5,5,4,5,4,4,5,5,5,6,6,7,2,5,5,4,4,5,5]"
"[2.65995842,5.51679469,6.91088344,8.35194835,9.35848097,10.43513235,10.66255383,11.77801366,11.82232611,13.07314974,14.04139423,16.16804907,16.70388396,17.60572363,17.64219925,18.27843815,19.25343269,19.38468005,20.52162045,21.16014336,21.31493192,22.15031535,22.37769193,22.44431735,22.78457577,22.8405539,23.26905615,23.41022455,23.42513369,23.77599525,24.27536377,24.34146155,25.58988891,27.81084694,28.33694109,29.19658501,30.39707571,30.85397925,32.08590851,33.77530285,33.96222658,34.91412489,35.5873377,35.63328906,36.07949165,36.13939948,43.59184956,43.6454679,44.45886385,45.22539054,46.86211417,50.26134128,50.99059467,51.34714117,57.28766137,57.3266618,58.41140473,60.94075057,62.45549478,63.17616615,64.06802406,64.14811557]","[7,6,1,7,0,6,1,7,5,6,0,6,1,7,1,6,1,1,0,6,6,7,1,6,1,6,1,0,7,6,6,1,1,2,5,6,6,1,3,1,6,6,6,6,4,1,1,6,6,2,0,7,5,5,1,2,7,0,1,7,6,6]"
"[9.85669548,10.86029086,11.18691073,12.9931882,16.91430478,17.94443744,18.77040107,19.04757896,19.97459609,20.07375304,20.12879424,20.2493706,21.17279112,21.27411323,21.43798572,21.6622641,22.9824147,23.67343448,24.33392219,25.25303911,27.34853628,27.68953985,28.12724348,28.2452109,29.04094565,29.18235054,29.91480403,31.03003057,31.06149856,36.57401205,38.63381104,39.08959194,43.86824655,45.02357824,45.79070088,45.85392915,46.32396877,47.32388021,57.17032689,61.58256772,61.9519937,62.63709367,65.26763862,68.38238601,70.09696589,73.4273379,75.86007407,76.36438836,77.56781689,78.73446077]","[3,1,7,6,4,5,4,5,5,1,6,6,5,4,5,0,6,6,7,5,5,4,5,5,4,5,6,6,0,0,4,1,6,5,4,1,5,0,1,1,0,0,2,5,0,7,5,6,4,7]"
"[1.80359618,4.20822831,4.25564878,11.1637995,12.36002367,18.24070402,20.96562248,21.62663296,27.65570678,28.26198152,28.45341205,29.54160491,31.29375728,31.34279357,32.35102791,32.9481046,33.54261244,33.66775586,34.15871791,34.81149379,34.97175866,35.16405045,36.06444375,36.37939604,36.85009204,37.69861199,37.95180771,38.23465707,38.80390442,39.36671993,39.47542863,39.70770331,40.37866421,41.37763242,42.18436195,42.59818071,43.51617432,44.47251132,49.02993458,49.63626377,49.73606443,49.93980671,49.98894794,50.35156787,50.69788687,50.97546823,51.45028062,52.05233496,52.86924238,53.27901742,53.96510246,55.75787246,55.80184745,55.96680395,56.54440664,57.46018289,58.41697556,58.65472509,64.92959139,66.89706452,67.48308754,67.68678515,67.76638458,69.07098689,69.96717679,70.24620882,70.52444796,70.88662366,70.99845701,71.61029219,72.16377759,73.27462693,74.02076644,78.58825367,81.43806221,91.39533103,91.76160269,92.58032157,95.41438474,97.26117983]","[7,2,6,1,3,4,0,7,1,7,0,7,3,1,7,2,6,1,0,5,1,5,6,1,1,6,3,1,7,1,2,7,0,2,2,5,5,5,1,1,6,1,6,1,6,3,6,1,6,1,6,1,2,6,3,3,3,6,7,1,6,0,1,2,1,6,2,6,5,6,5,5,2,4,7,1,4,5,6,7]"
"[4.86810552,13.62627695,14.06340852,14.3488017,14.81465435,16.61218939,17.24343493,17.4676504,18.28751366,18.77361029,25.46460783,26.61292738,26.75074736,27.30860741,27.67504655,28.22346059,29.35180223,29.65173317,29.92901775,30.32399613,31.41636534,31.68037503,32.95605802,35.54251159,36.31391829,42.35216402,42.471041,42.8975478,42.95281081,42.95583015,43.17617138,43.37910852,43.43994757,44.269897,44.59477306,45.17076558,45.19217346,45.57800787,46.10961983,46.18006575,46.28315641,46.38371396,47.10478284,47.30902338,47.85491258,47.97189606,48.87419195,50.38262262,50.87719716]","[6,6,5,4,5,4,5,7,7,4,4,5,6,1,2,4,6,6,5,0,6,6,6,7,3,5,4,5,4,4,5,7,2,6,4,4,5,5,4,6,5,6,4,5,4,6,6,5,4]"
"[1.24513725,3.22702875,5.34474873,6.03307062,7.50516567,7.54360046,8.05998269,9.2435763,9.99556117,10.36486841,11.01992011,11.81375836,11.85629065,11.98527903,12.01811484,12.92977542,15.56090179,19.84075084,20.9514702,21.26615374,22.16564932,26.25586146,26.87045973,27.09279923,28.66789092,28.72686349,31.78826408,33.91663865,34.22453096,36.31056236,42.0041887,44.50384151,46.45737931,48.7883063,50.52584687,50.70515777,58.36795982,60.96735415,62.88249458,63.36739315,63.90139142,65.04906589,65.09261818,65.32214477,65.36300136,65.51219387,65.89972443,66.91778531,67.05923793]","[7,1,6,4,5,4,6,0,5,4,4,6,2,0,5,1,7,2,0,0,6,2,5,6,4,4,4,5,5,4,0,1,7,7,1,4,1,5,5,5,4,4,2,5,4,0,7,5,2]"
"[0.18702458,0.30425747,0.83443378,1.43036891,2.54792395,6.82357707,7.64697943,8.1520046,9.4833048,9.71235041,10.99518123,11.6904059,11.99443062,12.05707056,15.33647939,16.19087795,18.50460502,19.84136453,20.20105428,21.77242572,24.2384316,24.91977379,28.28605915,28.99216979,31.52573373,33.86019263,40.15370864,45.98895269,49.18416749,49.33090621,49.37201555,49.47978252,49.68930835,50.03822522,51.08558244,51.09307781,52.29077476,53.9558379,54.51933108,54.76102614,54.83556809,54.84542384,54.97054596,55.31976903,55.35678682,55.62894549,55.64155108,55.8298914,55.99648015,56.23510275,56.42762256,57.25533864,57.62305753,57.68753658,58.05824478,58.52663521,58.94636924,60.09305267,60.48103266]","[0,7,7,0,7,7,2,2,1,2,1,6,5,0,7,5,7,0,4,0,7,0,5,1,4,1,5,3,7,0,7,7,3,0,2,0,5,7,0,7,0,0,7,0,0,0,1,5,7,7,7,6,1,6,1,7,6,7,0]"
"[7.47526308,9.45631456,11.14848349,11.87659915,12.86913524,14.00053109,20.4015371,22.32546708,24.16927753,24.62953164,25.7442936,26.5536063,27.33598164,27.61020168,29.2739532,29.78581287,30.83218937,31.94004776,32.82160584,33.11414901,34.06507622,34.49200531,35.23132803,35.39263441,36.64708062,36.73267586,36.77063459,37.00424896,37.04786896,37.07127135,37.75375037,37.86260348,38.17265475,38.36522095,38.40422553,38.65813751,38.92529089,39.29220001,40.5609265,40.57722145,40.83078987,40.85295886,41.06441845,41.70636508,41.7796735,41.98529819,42.00600592,42.38781299,43.3574532,43.88325475,44.01251346,44.13130523,54.7793343,55.31883725,56.53850055,56.96690291]","[5,4,3,2,5,5,2,6,0,2,1,5,4,0,7,3,7,0,7,7,0,6,0,7,0,0,0,7,0,0,7,7,7,0,7,7,0,7,2,0,2,7,2,0,7,5,0,7,2,5,0,7,2,5,2,5]"
"[1.31870139,6.09411168,7.97291282,10.97425369,11.81131561,11.96902683,15.46981609,20.1817057,20.96177749,22.75935938,24.11333333,24.16174433,24.73873169,24.96892065,27.88723413,30.96124275,31.43451834,32.6696411,33.02728747,33.93752648,37.54648114,37.79098265,40.70211578,41.06794213,45.33542024,47.47362725,49.21983351,54.08424001,55.96635815,61.55135113,61.70194619,65.39024151,66.55314374,68.73415057,70.59582099,70.64955368,71.83802072,74.70685855,74.85257707,75.48794332,76.09403733,76.98826424,78.60772192,79.20242115,79.68737706,80.77007639,82.10307369,84.77138135,85.53283545,94.20862467,99.12618617,105.11644665,105.12014346,109.47425318,110.70458335,110.7172054,113.73015432]","[4,2,7,7,7,3,3,7,5,1,5,3,2,1,4,3,6,4,7,2,0,7,1,7,3,6,0,0,4,3,3,4,5,1,2,4,2,5,7,1,4,5,5,4,5,5,2,0,2,1,7,6,3,1,4,7,1]"
"[2.45843395,4.9356769,7.08641321,7.11850515,10.17627355,10.94416875,14.00256752,15.26413553,18.01263345,20.48959271,21.81309689,22.57189623,25.62830026,26.32984965,34.01152565,35.55997583,38.5260684,41.56900999,42.20731231,43.64897732,45.91288558,47.77150208,48.371881,49.61445415,49.6494221,49.89570643,50.3244938,50.40578829,50.59857722,50.96154632,60.29193488,61.29912725,61.42496107,62.37354026,65.24018018,68.44817142,68.46335386,69.43879145,70.08582051,70.13748821,70.39714466,70.54532423,70.78603368,70.79432316,70.87987134,71.92346936,72.48823225,72.84231606,73.43904743,73.7649261]","[6,4,1,6,2,5,7,4,6,7,1,6,2,2,3,6,1,1,2,3,6,5,7,0,7,0,3,7,0,0,1,6,4,2,3,1,6,6,6,1,1,1,6,6,6,1,6,6,1,1]"
"[1.66302139,8.15396414,12.66494836,30.21886257,33.92151634,34.48270795,34.70996078,45.06011004,47.55977057,47.85003001,48.11456442,48.8798711,56.24192091,59.22819354,59.35398716,59.74842332,60.22714034,60.66822905,61.19184658,61.33716799,61.55796313,61.90359874,61.93506099,62.55984027,63.31460742,64.85204824,66.25900311,66.88234762,67.27505016,67.43960259,67.54310424,68.15440659,68.51428497,68.9345192,69.09353543,70.13410965,70.49187792,74.00817252,76.19140059,76.34079328,76.48725222,80.20221876,80.98523403,81.49021588,81.6918777,83.83928444,84.62502444,87.33346365,89.12786381,90.44668997,90.79849477,92.22874634,92.41062363,93.22901588]","[1,4,0,4,4,3,7,3,2,5,0,0,7,0,7,1,6,0,2,6,2,1,5,6,0,1,0,7,7,0,7,6,6,7,0,4,0,4,0,2,5,1,7,2,5,4,7,2,4,5,2,0,7,0]"
"[0.10772463,0.5077955,1.27169481,2.83439476,3.93620915,5.58282626,7.10637489,7.12515571,8.68261213,8.98814065,14.09472139,19.90364548,27.83017086,29.26499992,29.72541246,31.62306081,32.57406339,33.81173403,36.90942417,37.15595931,37.82413299,37.8440445,37.99065351,39.25136394,39.27574449,42.17418167,42.86385215,43.49483429,43.80914918,44.69859877,47.97337964,48.42251001,52.76032127,55.14802032,55.20697803,55.34210647,55.4419071,55.63678116,55.90418754,56.44989563,56.54490043,56.71545129,56.75865671,56.90778905,59.18215428,66.01235552,71.95563051,73.4287617,73.88547437,75.00499658,77.6762588,78.0160505,79.17776712,79.6011988,81.54586429,81.75863298,84.48831452,86.37431056,87.67523968,88.70210675,88.80016449,89.03253412,89.93267001]","[7,0,7,4,7,2,5,5,3,5,5,5,7,0,0,7,7,0,0,7,0,7,0,7,0,7,6,0,7,7,5,5,2,7,0,7,7,0,3,5,3,1,0,1,5,4,2,7,7,0,2,3,2,3,7,0,2,0,7,7,0,7,2]"
"[0.84627518,2.09743098,3.54190413,4.10621427,4.8918835,5.46225657,8.32523412,11.00003509,14.72872523,20.5995369,20.63900616,20.83610851,20.97342332,21.82193906,21.912162,22.07419249,23.47727901,24.00502798,24.90169646,25.3163592,25.56547569,25.61377074,26.11442636,26.2540243,27.01431786,27.04704407,27.89196467,28.58151294,28.78353385,29.03470172,29.39556165,30.80248633,30.84659236,31.24355868,31.35206135,32.03401844,32.22036669,32.23142728,32.55349365,32.5584735,32.8398826,34.18837798,34.53737813,34.84604441,34.98039126,35.80705075,35.90475488,37.49295767,37.85692595,38.23892551,38.56446943,38.76421833,39.24952424,43.07296977,43.08465104,43.2665416,44.20785833,45.24605675,45.86070787,48.14518928,49.41459471,49.60143233]","[3,0,7,0,7,0,2,3,3,7,2,0,7,7,0,2,0,7,0,7,7,0,7,0,7,7,0,7,2,7,7,0,2,0,5,5,7,0,7,0,7,7,0,0,7,0,5,7,7,0,0,0,7,3,0,7,0,4,7,5,1,6]"
"[1.48578185,2.54676624,2.75844815,3.07772323,3.82084938,6.55391161,7.00975703,7.29237307,8.24839404,8.87996039,11.5361671,12.37969146,13.908925,17.36512108,19.00589199,21.40891266,22.05472434,24.73251397,25.43947954,27.04150478,27.09939265,27.7694704,29.68362522,29.82147753,31.93930009,33.16581515,33.44397135,36.12611029,36.57410199,37.38668905,37.95793029,38.03990028,38.46433947,39.15573741,40.18844148,40.32358791,40.39685175,41.27212493,41.98149325,42.62739982,42.72763827,42.93361668,43.09555056,43.23718402,43.67688104,44.66471918,45.16149556,45.39210028,46.63378547,47.22092455,48.72799358,49.48892902,51.05710792,53.08017996,53.34445045,54.12277714,54.26874356,55.40858476,56.2611591,57.41190375,60.59654949,60.70485672,68.66187437,69.57237907,69.66228374,70.35836523,72.63306811,75.86258446,81.54963415,82.05063032,82.32049984]","[5,6,1,4,5,0,7,0,7,0,2,5,1,5,5,0,7,3,4,7,5,0,2,5,5,5,3,2,1,6,1,1,6,6,7,0,6,0,7,5,6,1,0,1,6,3,1,5,2,3,0,6,1,2,1,6,6,6,5,5,1,5,1,7,1,5,6,0,7,0,0]"
"[29.11488343,29.73483596,31.5430162,31.55830708,31.64513271,32.18850287,34.15631588,36.43533105,36.59653579,37.04692012,37.88440195,38.26148179,39.39145712,39.43453029,40.09447893,40.1889723,40.62536399,40.73861933,42.00254086,42.03624743,43.37801283,43.71436775,44.36724879,47.13200031,47.66223664,48.20700698,48.61230459,49.11260683,51.82325211,56.82690894,57.97785563,61.6868393,61.95834251,63.27635484,63.56888762,66.58225952,66.71972902,68.34560442,68.46322172,68.94262235,69.09379137,69.43397456,69.9734549,70.40478401,71.11815172,72.54193681,73.01290828,73.29566428,73.30552405,73.37368332,73.82021873,74.74594207,74.75464568,75.0997316,76.1447443,76.9435681,77.79458884,80.7105866,82.21823078,82.52077765,91.38533735,91.68721512,91.889085,92.61477378,92.93741935,97.25717842,98.23749581,99.53498633]","[1,6,1,2,5,6,6,6,4,1,5,6,1,6,6,1,1,6,6,6,1,6,5,0,7,6,7,0,5,0,1,3,1,1,3,1,6,5,3,1,6,6,1,1,7,5,6,1,6,1,1,1,1,7,6,6,4,7,0,1,4,7,0,5,4,3,4,4]"
"[3.57494105,5.96866967,7.37678132,12.69031878,14.50897852,15.76681075,16.58249052,16.63208546,16.92782248,18.82813273,22.89630916,27.44753229,31.78330524,31.99521185,32.2249775,36.55593678,38.50769185,40.13483036,40.90238288,42.67668946,42.94542443,43.60736115,46.56090824,49.07957862,50.37043135,51.2149527,51.78889352,52.74064778,55.28809795,56.32300616,56.61272736,61.0621301,62.37489932,62.41096242,62.44787632,68.45222706,68.48196059,70.63347187,72.49450543,73.31159329,73.64967108,76.02669934,76.16953041,76.34339516,77.6061014,78.6138452,79.73468811,79.85336151,82.07629449,86.90448363,87.02804844,87.60317693,87.69432907,87.70381263,88.3557235,90.61199407]","[2,5,1,6,3,1,2,6,0,5,2,5,2,5,5,4,7,5,7,3,5,0,5,3,7,4,0,0,7,3,5,4,1,0,7,1,6,6,6,1,7,7,1,6,0,7,0,0,7,7,0,7,0,7,0,2]"
"[2.82001769,4.40794588,6.80174021,7.20447581,10.96667638,18.0413926,18.29818746,23.14141577,24.17455495,24.54504009,26.85679626,28.18756349,28.36643518,30.18020388,32.4349062,34.47868128,45.39164836,48.26596538,50.58405994,51.07128383,51.37872564,51.58849338,51.92579685,54.16956332,56.65729307,57.7699906,58.13478769,58.54106325,59.05197245,59.11936993,59.20125137,59.69645528,60.01784021,60.23568585,60.51708201,61.24272008,61.72419849,65.01825687,65.4234305,65.56470206,66.41132785,66.91486885,68.14495752,69.1490908,73.01093768,75.41022815,75.81657694,76.79896498,78.98748002,86.40281443,87.99928748,89.12085018,89.63242783,90.08236645,90.65549301,91.87230934,92.33218563,93.1313096,94.34040761,94.67710697,95.58310815,95.67584903,96.85118453,97.51701119,101.12239038,101.74333977,101.8869563,102.25947094,103.12163073,103.49907111,104.0283717,104.40194483,108.84313431,109.74162298,109.75357771,110.14125523,110.27801557,110.68646197,113.9099911,116.60308769]","[7,4,1,7,5,3,4,7,0,7,4,0,7,7,0,3,3,5,7,6,4,0,2,0,1,0,7,0,7,0,0,7,7,7,7,0,7,2,5,0,7,0,5,2,5,5,5,5,0,3,5,1,6,6,2,2,7,0,0,7,5,4,0,5,6,2,4,6,7,5,0,7,0,7,1,4,6,0,7,2]"
"[0.69187184,2.6927395,2.90600592,3.35754681,5.08430401,6.03621078,8.67882955,9.41003311,11.24425258,15.51528071,17.89219255,18.79088734,18.90475498,19.23477622,22.16838274,22.60269812,22.77784055,23.0118633,23.16207633,23.27650667,23.42946974,24.11069431,25.28578996,26.01061722,26.56452435,26.61684108,26.79135412,27.56206837,27.6019785,28.22159253,28.6568654,28.97496403,29.11309254,29.2930945,29.53526971,30.08008405,31.64621509,34.8448336,35.31703991,35.77937703,37.00108517,37.39407299,37.41524862,37.48018083,42.33025189,46.07579893,46.74977688,46.95809861,49.71083267,50.43667635,51.06402554]","[3,6,1,1,1,2,1,6,1,1,0,7,1,6,6,0,7,0,5,7,5,1,0,7,0,1,7,7,0,7,1,1,6,6,1,1,0,6,6,1,0,6,7,7,5,7,7,0,7,2,0]"
"[0.34718924,0.91456413,5.26590962,7.07605646,10.99386997,15.07995652,15.20190493,17.29305655,18.46180255,18.56308881,18.9774154,19.00845063,19.54550944,20.62998534,20.64926055,20.65233953,20.87325916,21.09447758,21.32901459,21.62177486,21.7973634,22.16231404,22.17068397,23.75886844,25.90077696,26.00324085,26.86980387,26.94869868,27.68273457,28.35082267,28.36226913,28.49250058,29.06872502,29.14254873,29.22245634,29.70301562,30.24065553,30.42152053,30.47773828,30.94016093,31.55158543,31.86627618,32.2672194,32.44063156,33.01357572,33.20962774,33.35071815,33.98051667,37.67961037,39.30543089,39.90241854,40.14318788,40.38405167,44.95714467,46.05852255,50.19176316,50.55692148,50.74514733,52.24851998,56.04694039,56.08016698,60.00245312,60.59032131,61.17231119,61.57844965,63.48406761,64.43741417,68.2966017,75.12792312,76.3855041,77.77851618,78.1473281,78.58622639,80.25969497,81.62285261,81.89434178,82.35985602,82.6865652,83.08007935]","[1,6,3,2,4,7,7,6,1,1,1,6,4,0,7,2,0,7,1,0,7,6,0,7,1,6,7,0,1,6,0,7,1,6,0,0,2,7,7,6,7,7,0,5,0,4,6,4,7,0,0,7,7,0,1,3,5,2,7,2,1,1,6,0,1,7,2,1,0,7,0,7,7,0,0,0,5,1,6]"
"[1.03495674,1.91842234,2.81052086,13.26211706,14.509429,15.37068896,16.09591089,16.86327584,17.6994052,18.54271318,18.73007272,19.8847558,20.32191477,20.60635869,20.68522973,20.69390403,20.71643057,20.89006122,21.00677573,21.21746118,21.77091197,22.65043194,23.03710485,25.41249188,27.07570338,27.20039634,27.31618365,27.58176432,28.10356707,28.12666189,34.4174005,37.73833714,38.88581793,39.63528185,42.62900432,44.29469898,45.77434279,46.10161863,49.18588538,53.35859954,54.49524938,54.82058425,55.55237083,56.83635992,58.40551828,60.18937658,71.68951015,71.73315301,75.53802762,75.98745701,78.28992819,79.13245751,79.27914297,79.73037669,80.54234271,80.68475251,81.50818059,81.50919585,82.0971858,82.538826,83.61774658,85.25044923,85.26975473,86.02841843,86.27636271,87.27101449,87.52528193,93.06895773,94.10439692,94.43519321,94.86463654,95.19578035,95.57785746,98.64701595,99.53261228,100.35751014,102.22428189,106.30273991,106.99432002]","[2,7,5,0,2,3,7,0,7,0,3,7,0,2,7,7,0,0,7,0,0,7,2,2,4,4,1,6,6,1,0,5,0,7,7,0,5,5,4,6,1,6,7,0,5,7,3,5,7,0,7,0,7,0,0,3,2,7,4,0,1,1,7,0,6,7,0,1,3,1,6,6,1,1,1,6,7,0,7]"
"[1.90457877,2.59398167,3.82091437,4.74452874,6.88443504,7.34882836,8.60887818,10.53779428,21.06099676,21.73604784,22.15128421,22.75847359,23.42764894,24.59397417,24.9503278,27.66457318,28.25618334,32.6816505,32.81646425,33.92774339,41.23530161,41.2585626,42.01902028,42.15532157,42.71367419,42.8241422,43.15706576,43.71147273,46.76073212,50.4047714,50.78461003,55.99478903,56.48263471,56.94893026,57.19381943,57.24878681,57.37327557,57.54448955,57.79619426,58.02020272,58.09351678,58.93180967,59.19367425,59.76033567,60.0123613,60.73421549,61.13902062,61.49584655,63.46270602,64.18943992,65.27880776,65.76707348,66.23174078,67.05364158,67.1284994,67.18443596,67.86213523,67.87417268,68.65394773,69.38776963,70.18874445,72.28672644,77.66141542,78.12948846,78.93923083,81.90698608,84.23757947,93.08732953,93.78825278,95.34909881,96.84344059]","[3,0,6,1,0,7,2,1,0,1,5,4,0,6,5,1,3,5,6,5,5,4,4,5,4,5,6,7,7,6,1,4,5,5,6,4,5,1,6,6,4,5,2,5,5,6,4,5,2,1,5,4,1,5,4,1,7,4,7,5,1,1,5,5,0,5,6,5,7,6,6]"
"[5.28288937,6.27232474,8.03257334,9.07811787,9.39293534,9.43667261,9.85800604,10.25125062,10.54517111,10.94131374,11.84018401,12.57510965,13.31953532,13.4092286,13.57005817,13.83745651,14.86846557,15.16812461,15.42923505,15.60397754,15.75172061,15.99999082,16.07269019,16.32270401,16.5240124,16.8149597,17.24597261,17.89717214,20.77084327,21.43612504,22.26745798,22.87097062,23.06329711,24.0300426,24.06594988,24.10849717,24.4302929,26.58505309,28.0535467,28.58356454,28.73798859,29.32495491,35.64195436,39.05153165,39.77666812,39.85525127,40.01160616,40.05570002,42.0259994,42.79643473,46.60986028,47.14426963,48.95092001,53.33057717,53.37985776,54.11031257,54.18379578,61.68293577,64.02569079,64.10507013,65.11842754,65.14216581,65.42248961,66.46687945,72.01248208,73.31471131,82.56951643,84.28758393,87.67946328,87.83477658,92.9255031,96.2616277]","[4,6,5,5,4,0,6,5,5,6,6,5,6,4,6,4,5,6,6,5,0,4,7,0,0,2,6,0,1,5,4,4,5,5,4,5,6,6,5,6,6,6,0,0,5,2,6,6,1,6,3,7,7,4,1,5,6,2,6,2,3,7,0,7,1,2,7,6,6,0,7,2]"
"[2.66520656,3.10617273,3.21683605,3.22571528,3.44353275,4.35557368,4.49580712,5.2296503,5.81407486,6.06321124,6.16025909,6.92752074,7.24203652,7.5677664,8.66728339,8.87269578,11.77681915,12.31245971,13.04713865,14.06649989,14.45351971,15.21783225,16.00646667,16.03753745,16.07967665,16.38824796,16.7629778,17.11759577,17.83065449,18.25834107,18.41615247,19.03310882,19.1959274,19.44279257,20.80884028,21.75289513,22.20812741,23.33714997,24.20634379,24.66920167,25.35010824,25.36362717,25.939485,26.28847434,26.52396456,28.10101187,28.10658746,28.1740492,29.2662743,29.69579827,30.21508325,31.36215915,32.17404051,32.23089581]","[4,5,5,5,6,4,5,1,6,7,6,7,4,5,1,6,4,2,5,5,6,6,4,5,5,4,5,5,6,5,4,3,6,3,4,7,4,5,0,7,5,6,5,6,6,7,5,4,7,4,3,5,6,4]"
"[1.30076475,3.87453657,5.40868038,6.01835099,8.49335437,9.6705744,10.06904554,12.05854598,13.63633664,23.34971313,25.01118943,25.7467167,25.80147997,26.78336833,27.59215032,29.82534218,34.25275451,41.81855072,46.40087152,47.18209431,48.45847578,49.03821221,49.10971177,49.31582643,50.00599647,51.13566879,51.43272532,52.25194421,52.25588528,52.9787892,53.58015522,53.88245135,53.89845423,53.92456678,54.04994972,54.18479718,54.74126877,54.82713385,55.10162282,55.64188238,55.92116392,55.92462282,56.3396297,56.40603486,56.41478864,56.44285369,56.87498089,57.97603924,58.11365298,58.37269971]","[1,7,7,1,1,7,3,0,3,1,5,0,6,5,6,7,2,4,6,7,5,6,4,5,6,5,4,1,6,6,7,5,4,1,7,4,5,4,5,4,3,4,4,5,7,4,5,6,5,6]"
"[2.40272403,7.10035016,7.97425466,8.93742953,9.51060981,10.79171589,13.1353235,13.35852032,19.13932432,19.69309536,21.34173174,23.0750505,23.33077649,24.64244005,24.74287329,25.69858682,25.76329812,26.14367221,26.76578046,27.54798475,33.60372338,34.62465873,34.63064094,34.71736557,34.96529485,36.60708897,44.00854916,44.31639398,50.56387408,51.74538075,55.70630607,66.10525689,67.57620173,68.5732231,69.06127762,70.22023724,70.39599484,70.63514405,70.72022113,70.904128,71.20435928,71.23456079,71.53084427,72.36749827,73.13388659,73.39991097,73.7488761,73.78869675,75.18421585,75.18442597,76.54672137,78.45152799,80.24027168,82.29602929,82.69209848,83.92442423,84.0109028,84.77652751,91.45960026,91.87231372,92.03701303,93.02131128,93.63954925,93.68498353]","[1,3,4,5,6,6,4,1,6,7,5,3,3,3,6,7,1,5,3,1,7,5,4,6,5,1,2,7,1,1,7,0,5,6,4,5,4,5,4,5,4,6,2,5,6,4,5,5,4,4,6,6,5,6,5,6,2,7,4,5,4,5,5,5]"
"[1.3139091,1.84142455,2.86538894,3.40902411,4.52792596,4.77692548,9.85096524,11.67883939,11.74919028,11.93237005,11.96294304,12.00735219,12.12146889,12.2426933,12.67635416,12.96425145,13.75331968,13.97564375,14.43190692,15.01546618,15.27043859,15.62006421,15.94909117,18.17798457,19.65644815,19.88271967,20.01761828,20.08248909,20.32553966,21.26720968,21.78751278,21.9957561,22.39587889,23.08964084,23.77271139,23.96204872,27.75793376,29.29348633,31.14784471,31.25549944,34.81462341,35.27808695,35.29247746,35.81827992,35.82989843,35.99801375,36.40484647,36.41703107,37.91823734,38.12313012,39.28318994,40.4900176,42.1514036,42.83544578]","[7,0,7,4,0,4,2,1,0,2,6,1,1,6,7,0,5,1,6,6,7,6,1,1,6,0,1,1,6,6,1,5,6,1,6,7,1,7,0,7,7,2,1,6,0,1,7,6,3,0,7,0,7,2]"
"[1.56943893,2.02688552,5.61769372,7.06595667,7.17722255,7.28172032,7.42126686,9.61075882,10.31385796,13.97998014,15.03134712,15.19210516,16.10958817,17.10468443,17.61796126,18.03601564,19.0296169,19.16193726,19.46026299,19.88091032,20.55923001,21.05815407,21.15211691,21.65877842,23.00121858,23.28167176,23.366409,23.4808216,23.51683136,23.54147341,23.96087106,24.59801754,25.48932785,26.43616673,26.4504428,27.67354591,28.28621755,28.69818436,31.7756972,33.08394469,36.12936428,36.99862717,37.63507734,38.70617798,39.33974221,40.72374042,40.82562994,46.87937199,49.62112043,49.99609528,55.88288003,56.85762321,56.98026426,57.32509591,57.36481731,59.54272166,59.56924098,59.91583326,60.03602843,60.66348429,60.75910797,62.15893897,63.17192716,63.72380292,63.77492665,76.44572005,76.46824372,76.75572702,78.11216184,79.3838948]","[0,6,6,5,6,4,7,7,0,4,5,7,4,4,4,5,6,7,1,4,5,5,6,1,2,6,6,0,3,4,4,7,5,5,6,7,6,2,6,6,1,3,5,6,4,5,6,0,3,2,5,6,6,1,7,5,4,1,4,5,5,5,4,3,7,5,4,5,6,6]"
"[1.23394444,2.07229213,2.16289954,2.37263092,2.81369488,3.32245611,4.12930625,5.23046989,6.87412676,7.3964347,8.06408369,10.63454597,11.24776814,12.00320599,12.26834245,14.60503296,18.34996925,19.98182854,20.36918169,20.75833996,20.99608755,21.91594281,22.088061,22.29946241,24.73537365,26.49781987,26.56554219,27.49949406,27.66830462,31.45087592,35.81037317,36.21297582,36.77419965,37.03721863,39.76586119,41.18173312,43.68839221,44.17482441,44.42911219,44.63982331,44.66700314,45.96959565,47.53023424,49.37885088,49.60667608,50.23969383,51.0983386,51.32846604,51.92372289,54.2888949,55.40094606,56.76743553,58.33761708,66.2076696,69.47104733,69.77605407,71.71330156,86.67576577,86.69237107,86.85394185,87.81090952,87.82985587,88.68873564]","[7,2,5,7,0,7,7,0,0,0,7,7,2,5,2,0,5,2,5,1,6,6,0,7,5,5,5,4,4,2,1,6,0,7,5,4,5,4,1,6,1,1,6,1,6,2,7,1,6,0,7,0,5,7,2,5,5,0,5,7,7,5,0]"
"[0.58834281,0.98788667,1.97406092,2.19555473,3.42044776,3.83527428,5.02694382,5.78229095,6.38521008,7.4138092,8.28615372,9.91450866,10.58477534,11.77615261,12.40532703,14.36726902,14.53476541,14.56194472,14.59472458,14.69581426,15.6295303,15.91163007,16.1345168,16.16897848,16.25051407,16.88630956,17.16731552,17.18055214,17.24728633,17.43109497,17.7528495,17.83658401,18.18586488,18.28432279,19.63039125,20.35073896,20.63282633,22.29847871,23.01084135,23.13424123,23.25063506,23.45868399,23.64715619,23.76913055,23.92029168,26.15704684,26.17258958,26.18368257,26.56529151,30.79575457,35.69205104,36.29025762,38.2574841,41.34826337,44.96555671,50.27973639,50.45077376,50.66648062,52.72052283,53.9893554,56.38380824,58.5449944,58.88753175,63.26119038,66.7154594,73.36710727,75.70038443,75.73984912,76.27426183,78.58273509,79.29848743,79.74969404,80.28667651,81.18482264,82.82830785,83.1148339,83.33924022,83.50428741,84.82777074,85.38074596]","[7,1,6,6,1,6,0,1,1,5,1,7,0,6,7,7,6,0,6,1,4,6,1,6,1,6,1,0,6,6,6,0,1,6,7,7,0,2,4,5,7,5,2,1,0,5,0,2,1,6,2,2,2,5,5,7,0,2,7,0,0,7,3,7,5,0,7,1,0,0,2,6,1,1,5,6,0,7,7,6]"
"[1.2264477,6.00723339,9.23771567,10.01765415,16.38548,16.41828445,16.77816063,17.78182688,18.51177488,18.70020504,23.11008875,24.7065668,28.47879685,29.28689794,29.60391716,34.02788539,36.65205009,40.84987767,43.45577894,43.65606029,45.84489311,47.0498079,47.37489362,48.88768456,49.72621519,50.12416377,52.2968434,52.49272833,52.81435277,52.8811109,54.37620173,55.20020243,55.83233807,58.50594245,59.80590792,61.07288491,61.12704244,61.23835849,63.66261206,64.28268696,70.49779733,70.80807597,71.87914601,72.52800487,72.88632894,74.37151304,74.63080837,75.2710221,79.3521635,79.8136239,80.95640525,81.31921748,81.32400355,81.50412962,82.06596267,84.79880845,86.27233042,86.28627034,86.6923551,87.39324709,87.55239221]","[7,6,1,5,6,1,7,0,7,2,1,7,0,7,0,1,0,3,3,5,4,1,3,0,7,4,7,2,2,3,0,7,3,2,1,2,5,6,6,1,7,0,3,7,4,5,2,5,1,6,1,1,6,2,6,5,2,1,6,6,5]"
"[3.42186564,6.55977888,6.71601332,9.67116614,12.39494294,12.85772354,13.29106487,13.53265948,14.13359507,14.66438909,15.04049645,15.15701643,15.50227156,16.06053364,18.51475611,19.51023325,20.37947077,21.60380406,23.09530645,23.35833733,30.63982906,38.30346589,41.44649436,42.44432526,42.86265092,43.87423589,44.02317644,44.38638006,44.92162835,45.06423535,45.08370326,45.31539913,45.49036354,45.5039497,45.58010397,45.9758304,46.23212407,46.31850817,46.36972591,46.44246552,46.48570278,46.66218139,46.95577657,47.64005424,47.81142557,48.03401654,48.44098755,48.46846211,48.6912334,49.11642351,49.14512548,50.82194681,51.59822825,51.70686142,52.2778273,53.10003547,53.20775471,53.27072236,54.32801813,54.3386544,54.3906054,54.40165345,54.78727864,56.51280206,59.29324992,59.41789383,60.61525462,60.95816535,61.26699682]","[3,7,4,2,0,2,1,5,5,7,0,7,7,0,7,5,0,5,2,7,0,0,0,1,7,7,7,0,7,0,7,6,3,7,0,0,0,1,3,7,6,2,0,1,7,0,7,1,0,0,0,7,7,0,7,0,7,7,0,7,7,7,0,7,2,0,5,5,7]"
"[3.76143881,9.82979987,10.83230599,17.25042605,22.06708094,23.80770125,24.07793697,24.9650151,26.03556929,26.12594596,26.73791075,27.64976652,27.76703395,32.81126288,35.40830194,37.95359971,39.64515873,41.29939498,45.24689665,53.19492869,57.61723019,62.14736472,64.12206263,65.18791785,65.85949446,66.76433474,69.40596539,69.42491704,69.63419815,69.90334916,69.92535656,80.66565267,82.486985,83.76044515,83.99561461,84.60741073,85.41398592,85.94854089,86.37753433,86.51271085,86.82858143,88.59350284,88.97893433,89.83091453,90.15764919,91.82486274,93.36797015,94.06611403,96.92718424,104.17933961,105.17869101,111.63458472,111.85362449,112.7408879,112.8236137,114.42161718,114.65015934,117.39385892,117.96145208,118.53775265,120.57746668,133.84298149,137.97959928,139.60844532,142.9638808,144.60234243]","[0,7,2,7,6,0,5,2,4,6,7,7,1,7,5,6,3,7,0,7,6,7,5,1,2,6,0,5,6,6,7,3,1,4,5,4,2,6,5,6,4,3,4,5,0,4,5,6,6,1,6,3,3,5,6,6,6,6,6,2,6,2,1,0,0,5]"
"[0.19643075,5.93965075,7.45946945,8.27948244,13.27488327,18.58325504,20.7222857,22.50369356,22.93966766,23.21138592,24.17227035,24.78551228,25.04997238,25.23711078,25.24655441,26.16433234,26.84246886,28.97169446,28.98178486,29.24959536,30.04833118,30.33915432,31.284955,34.56092738,36.08033906,36.41871997,36.47378187,36.6293323,36.82104685,37.0983358,39.00523712,39.11213889,44.37408785,45.32455676,46.41408456,49.88970067,53.21315708,53.85803519,58.10287712,59.13654484,59.78370503,68.75103938,69.8470513,71.49409002,77.63986442,79.74941884,80.32100856,81.0822749,81.24413408,82.861584,84.77465706,85.42947778,85.71620617,86.46337352,86.5990714,87.25585317,87.30549601]","[4,7,2,0,6,2,5,7,0,0,7,3,0,4,7,1,6,7,0,7,7,6,4,1,2,6,6,6,6,7,5,6,3,3,2,0,2,5,4,7,0,0,5,1,1,4,6,1,1,6,5,1,1,1,6,1,6]"
"[2.76323064,5.59676251,6.62133179,7.6893506,8.15874585,8.24454425,8.31665335,8.60817995,8.70343345,8.94338033,9.38928179,9.49830575,9.61879388,9.67878684,9.69642702,9.91087558,10.22067356,11.48488379,11.98060705,12.51567227,14.24776933,14.29950932,16.92392115,17.23952269,17.79528351,19.99337886,20.77068586,23.0495286,23.16897673,26.71497681,31.3100362,36.03466358,38.0785232,38.90638071,47.53652133,50.54934494,52.03182174,53.26524431,56.17449669,65.6827091,65.92426976,66.37374135,68.64599588,68.64695907,78.11058152,79.40150669,80.53278057,81.58339294,81.62362791,82.01868557,82.51943144,83.33180141,84.07624328,84.24828405,84.31880432,84.35229028,85.23028998,85.51365596,85.67811964,86.14015227,86.2791431,86.3621455,87.13047338,87.46319623,87.71979321,87.83585846,88.11086168,88.24751103,88.50009848,89.15111842,89.3578046,89.36743616,90.20029916,90.64711159,91.07678858,91.52867571]","[4,3,2,4,7,5,1,1,4,5,4,6,5,5,4,6,4,2,4,7,5,6,5,5,6,5,6,6,6,1,4,1,4,2,1,4,5,1,3,0,2,5,6,6,0,6,1,4,5,5,6,5,4,4,5,4,6,4,6,4,4,5,4,5,4,4,5,5,6,5,4,4,4,5,7,1]"
"[1.8793128,3.86381154,3.98782034,4.8108043,5.88305225,6.53373537,8.73638221,9.09487251,12.01235826,12.37454087,12.90222701,13.02623388,13.13535528,13.47698922,15.20838839,16.20411395,20.29407267,22.03769997,22.17333701,22.20742592,22.48332645,22.82025164,26.65928545,26.92940689,28.49917738,30.2631425,33.50922792,36.66340776,36.76004719,37.26964142,41.43120865,44.25873021,45.09463786,47.62968859,49.73103062,50.41799147,50.61877643,50.77005701,53.80225148,53.91607486,54.01153349,55.24421966,55.36882311,55.67041806,56.52281201,56.66242169,56.99083497,57.18171817,60.73077724,61.63778223,61.75821599,64.35927338,64.54770768,65.23830804,65.33152523,66.26078785,69.60062743,70.17305418,71.80103171,76.06122192,76.41404915,79.10648588,80.22026682,83.68171757,84.57101974,90.96645458,92.15851409,92.42548952,92.70570803,93.15061059]","[2,5,7,0,7,1,0,7,7,0,2,2,0,5,0,1,6,1,6,1,1,0,6,0,5,4,5,7,6,5,1,5,1,6,7,6,5,1,0,7,0,6,5,0,1,6,5,7,0,1,6,1,6,1,6,1,3,6,5,1,6,4,5,1,6,0,7,0,0,7]"
"[0.95982473,4.15694696,11.26988408,11.31189476,11.82753416,12.99941057,13.17164929,13.66359987,15.29145126,15.69872724,16.21098805,18.73657108,21.47245897,23.2403887,23.3425678,24.31812778,26.77023341,26.79203558,27.10282619,27.65482346,28.63973738,29.76624248,30.04979447,30.15053964,30.80065305,30.96952841,31.31533272,31.53990235,32.11455359,32.17191431,32.39485429,33.43439456,33.56594443,33.97618657,37.23817783,38.16837938,38.9843182,41.35351569,42.48806259,42.64244875,44.02307039,44.08890089,45.27851705,45.59791413,46.51018777,47.71640386,47.79624155,49.25684999,51.20966051,51.32195008,52.45793065,52.70632928,52.76086687,52.88742324,53.81697463,53.95418195,54.98731154,55.36863909,55.44515434,57.34395068,57.66655402,58.75829861,62.1194022,62.37717422,63.31419386,63.54510741,63.74372445,65.46283136,72.16922275,73.03041287,74.0739016,74.42337588,78.18142491,80.83589383]","[5,6,1,6,7,2,0,6,5,1,7,2,0,3,1,4,3,0,7,3,7,6,7,0,1,6,5,1,6,6,6,1,6,4,6,2,3,7,0,4,0,7,0,1,6,1,7,4,2,5,0,7,2,7,5,5,0,4,7,7,2,0,6,0,1,1,5,1,3,1,3,6,2,7]"
"[3.55949265,5.67621623,6.53422748,7.25094736,10.63872527,16.13684277,17.83132667,19.22060046,23.06076578,23.9175975,33.8454252,33.96582155,36.36131328,36.90768164,38.16527683,38.29102278,38.93154258,46.08974493,46.85836503,47.33935543,48.09046972,52.33344403,60.70550977,61.62010563,63.73807666,65.38544347,66.63772808,69.68447828,73.32291019,74.22531874,80.34199837,81.85111765,83.73861719,84.15061924,85.51659768,102.73091518,104.35484565,106.58540131,113.14047996,114.12347685,115.20112682,116.36662866,119.15032669,119.80145535,119.93002489,120.48990411,121.17211663,121.65184115,121.68398436,121.76844381,122.44296611,122.48255743,122.81095334,123.95354959,125.67438768,126.05438033,126.68929308,128.44862374,128.46823739,130.41610388,134.01265716,134.46256184,134.5167883,138.40635813,140.86649394,141.02745693,150.0025126]","[4,5,0,7,2,7,7,2,6,3,5,6,7,6,0,7,1,5,0,5,4,4,4,7,5,1,5,4,7,6,0,0,1,0,3,1,2,7,2,4,2,0,4,2,5,4,6,5,5,6,4,6,4,5,5,4,5,4,6,5,1,1,1,3,6,7,5]"
"[1.53308205,4.18045321,6.44912607,7.27918114,9.85874984,17.44553493,20.33986797,20.86462389,27.01326564,29.80582193,34.1533879,37.56056983,39.5322141,43.01168799,48.13391733,56.31072747,59.37781796,62.49578531,63.24793294,63.42203741,65.37769702,65.51072125,65.54127888,70.29614232,71.73426341,75.61840286,75.74370252,76.54649497,77.34128323,77.57738538,79.39219711,80.80997456,81.19619713,81.53329162,83.09344804,84.59709767,85.16945723,85.86240047,86.3404172,88.18698381,88.73587924,88.8657997,88.97430857,89.44158652,90.11844025,91.76903873,92.11395065,92.20387248,92.37990411,93.14895122,93.66293741,93.90230796,94.50313676,95.25459658,95.58215235,95.61386145,95.72103354,95.73672158,95.83087299,96.07090476,96.72409921,96.78627804,97.4902859,98.74895181,98.95255087,99.04580218,99.49324007,100.28953623,100.7304579,101.44341997,102.3345257,103.12890727,103.16584552]","[3,3,6,5,5,5,0,3,1,6,0,5,5,5,1,1,3,1,5,6,0,7,0,6,1,2,5,7,0,0,7,0,0,5,7,7,0,0,0,2,7,7,7,5,3,0,7,0,0,7,7,7,0,7,0,0,0,0,7,7,0,5,5,0,7,7,0,7,7,0,7,1,0]"
"[2.88773578,5.93354515,5.98509759,6.59616949,6.6391017,6.985771,8.22099371,8.63746301,8.71627324,9.5690683,11.71219406,11.72494299,11.76504906,12.89655034,12.96872977,13.29745766,13.37300185,13.41411458,14.22323901,14.81935383,16.05714308,19.16196184,21.90279543,23.725053,24.53320055,26.86253794,28.75571203,29.91126386,34.33422174,35.82291566,38.68098964,38.74218945,39.07945958,40.46998916,40.80793891,40.96327845,43.00931668,43.84142695,50.24556314,52.02808761,53.70758543,54.60631604,54.6368264,57.12917662,57.94403966,58.3944165,58.39528846,58.82744879,60.32912303,68.07066912,69.84771203,70.01244649,72.8072553,73.57996827,73.69366366,73.71227668,73.72543862,74.60630399,75.43786231,76.73194289,78.01761175,78.11630672,78.42857835]","[1,6,7,1,7,7,5,6,4,6,5,4,4,1,6,5,4,7,4,7,4,3,2,5,1,2,2,2,0,6,2,5,6,6,6,1,5,4,1,7,3,7,1,0,5,5,4,4,6,4,2,7,7,5,6,4,5,4,5,2,4,4,1]"
"[0.11881067,0.79487206,1.40964172,2.93229913,4.59340343,5.35405291,6.72364788,8.22389325,11.86191489,12.03271849,12.45789758,13.20550233,13.91374988,14.26999325,14.34975081,18.5231822,20.89656154,21.21422836,21.3810092,22.02165043,27.14693085,28.31475774,28.60379558,30.49601614,33.33500167,34.41164751,44.95787012,47.88056058,53.51909199,58.3689522,59.83326778,66.53583657,77.55130052,90.11493609,92.39450079,93.70182739,101.28009145,106.87120786,107.55300905,109.3399649,118.92121264,119.01046542,120.58124977,126.76234609,128.50847099,128.54831866,132.07947496,136.0002465,140.91820091,142.51549985]","[1,7,2,6,1,5,7,4,5,5,6,6,3,6,3,6,7,4,5,6,2,7,5,3,4,5,1,2,2,2,2,7,7,4,7,1,2,5,0,0,1,4,6,2,4,0,0,2,2,1]"
"[5.43898457,9.07791016,9.97799518,10.78661031,12.64663677,15.00530316,16.8835759,18.63112028,22.02318165,22.69743679,23.06389622,23.22989618,23.44534559,23.70444919,24.73382637,24.74456641,24.99969778,25.65648881,25.69403542,25.7140325,26.33261392,30.64241861,33.02553575,37.54376264,37.79110664,40.70624814,41.51019748,43.01987748,44.3082777,45.33038211,48.60501433,49.40186309,51.55603327,53.55799217,54.61217254,58.71904674,58.94347188,59.56941323,59.76876848,62.0110156,64.04835442,66.78135723,68.13422724,70.80040058,71.45253222,71.69600465,72.00001652,72.61704568]","[1,4,5,6,7,4,5,4,4,5,4,5,6,6,5,1,4,1,5,6,4,3,0,5,6,7,3,3,0,1,2,2,4,1,1,2,2,5,4,1,2,0,0,5,6,5,4,5]"
"[2.42781795,7.50891012,14.3836673,17.99384357,20.04965625,21.22020399,22.15917961,22.97627235,29.25244577,31.57084374,34.0605694,41.05476967,43.87778679,44.39876981,44.90226991,46.44697265,47.91122072,49.40907572,51.98889187,52.74720677,53.43888993,54.32344531,55.40665858,57.28530572,57.80021522,57.9441724,58.26968588,58.76631481,58.80200154,60.15961095,60.34442155,60.37194035,61.19499323,61.44925662,61.51587586,62.3805062,63.94635597,64.2929886,64.36284546,64.43844126,64.52560287,64.53095855,64.65041836,65.1049114,65.15179228,66.19488995,66.70488362,66.71080022,67.82651796,67.96165244,68.39420565,69.18312708,69.34864012,70.93367635,71.24992168,73.29210643,73.479717,74.05365011,74.96425686,78.69663821,80.62986976,81.06314536,81.43389657,91.81160557,94.20974189,95.64211231,100.10155656,104.82328958,104.84417473]","[2,1,1,0,7,4,0,2,4,2,0,3,3,5,6,7,4,5,4,7,0,7,2,4,7,7,2,5,5,4,5,2,6,6,6,5,6,5,6,4,5,4,6,5,0,6,4,7,6,4,5,7,1,6,5,6,5,6,2,7,7,6,7,6,0,2,2,7,1]"
"[3.08890561,3.17507082,4.57525289,7.78784982,8.21773321,9.54962361,9.65122163,10.13189961,11.71158403,12.37942594,12.42091582,13.36423227,14.46327424,15.61961747,17.14695328,17.4614915,17.89562324,18.59467951,19.01398404,19.0458991,20.7433212,20.91991528,24.37528215,31.38716072,32.10903111,33.33196918,33.3819646,36.80235955,41.27633761,41.36860692,44.02430463,44.47892019,45.74141148,46.36550866,47.41491172,47.58467443,48.18408808,50.72434193,57.20284422,63.22775031,66.49548269,78.71724133,78.91242953,78.94095657,79.05763266,86.07506945,86.42831009,86.95478294,87.40878729,87.74797469,87.82081112,88.01055525,88.1380057,89.05320283,89.16479455,89.33587589,89.85991029,89.91561329,90.97375024,91.13518341,91.20934906,91.7774486,93.35548339]","[2,7,0,1,6,7,5,0,7,7,0,1,2,5,6,0,7,0,0,0,3,6,0,7,7,1,0,4,1,6,6,6,1,5,6,1,3,4,6,5,4,7,0,7,0,7,4,0,7,0,7,0,0,7,7,0,7,7,7,0,5,0,7]"
"[0.60115815,1.39360201,1.88146159,4.48917443,5.09252841,6.80784927,6.95866639,7.58511249,10.63909756,11.21801065,12.41636914,12.87384943,12.98419968,18.31756323,18.34415025,21.91226566,23.94727216,24.38291687,25.77586361,25.99495002,27.07037718,27.34808762,27.47834429,27.74054513,30.35369996,30.74871628,31.0005738,32.08866116,32.658466,40.38045317,41.89078182,43.99513907,48.50211899,51.46573687,52.77317347,53.80852998,54.83076997,59.41342351,61.86315327,62.41531296,62.91346936,64.07173257,65.84247776,75.22046176,80.44030769,81.8347875,83.98337458,86.72290302,93.27936037,93.81834356,96.06795954]","[4,5,4,3,1,7,0,0,3,6,2,1,6,1,6,2,7,0,7,0,2,7,5,7,0,0,7,1,0,0,0,7,7,0,7,0,0,3,7,7,0,0,0,5,0,2,5,1,1,7,6]"
"[1.33137951,1.87714249,2.120693,3.13558753,4.46692583,4.72358023,4.87997078,4.95728255,4.96818046,5.11766317,5.29896557,5.32439525,5.45969134,5.4730471,5.71394994,5.75788719,5.83263988,5.90397765,6.31578468,6.86349119,6.87724939,7.03102053,7.18095639,7.45743871,7.69806234,7.86550492,7.87371488,8.32973868,8.47387941,8.57676155,8.8933995,9.43491314,9.64192644,10.43436848,10.45194544,10.92943651,11.49672562,11.61325414,12.8992491,14.21852835,15.01601757,15.43309407,19.32951271,19.59737057,19.88219691,19.93798885,21.21947817,24.06118874,24.42109007,24.60302886,24.73487368,26.66502214,27.07562873,27.69891007,27.7600712,28.49833076,33.76776537,36.48158136,37.8170159,38.37506002,41.16601694,41.351148,42.76699635,43.44081733,44.20153723,44.37742216,44.40224561,46.51285346,47.007964,47.04211848,48.4242715,48.516087,50.11677996,54.6088539,57.13317845,57.57742261,58.6152056,59.20632961,59.34718467,59.61311857]","[1,4,5,3,6,6,1,1,6,1,6,6,1,1,1,6,1,5,6,6,1,1,1,6,6,1,1,1,6,6,6,1,2,1,6,6,2,5,1,1,1,6,6,1,1,1,4,4,2,0,4,0,7,6,5,1,2,5,0,7,0,2,7,2,5,5,2,5,7,2,0,1,7,2,6,1,6,5,7,0]"
"[8.52166428,13.45497541,14.54937503,14.81224437,14.86947285,15.34247099,18.6092431,19.64455526,21.07893851,24.79399234,32.09303187,34.59020063,34.98917291,35.51419363,40.70618203,47.04419703,47.98172022,48.66711706,53.66395819,54.23379372,56.07265019,56.07333359,56.73450106,59.47327541,61.71640254,63.7085268,63.91343812,67.88968322,68.3500186,68.77251567,69.67915314,75.37680461,76.74456099,77.60631533,77.98085229,80.8101571,81.24047542,82.49511701,83.28133149,85.02456024,85.09831925,85.20425785,85.81050579,85.93891808,86.34907352,87.73653211,87.73844104,88.4652449,88.61368467,88.67169706,93.40619082,93.72212702,93.80047194,94.38158244,94.91583631,95.04581918,95.21975813,96.10727146,97.07012328,97.13622893]","[7,5,7,0,2,4,6,0,7,1,1,3,5,1,4,3,4,0,3,0,0,2,1,5,1,7,4,7,7,2,7,0,5,6,4,5,4,0,4,5,4,5,5,6,5,7,5,6,1,6,5,6,4,6,5,6,7,6,7,7]"
"[2.63038185,3.39892162,5.01570555,5.22234744,5.28564552,5.59032935,6.16442409,7.15010758,8.04977114,9.18579378,10.52315207,11.25264688,13.14857334,20.84610516,22.08771191,31.38326309,32.23589772,32.40393481,33.97030564,34.9969795,36.45993279,36.48540129,40.96776914,42.45780905,44.16544693,44.57610366,47.12663724,47.78777189,49.10906134,51.45128804,51.94856905,57.0801282,57.57568805,63.98689357,69.6573997,77.28807488,77.52308276,78.56153214,81.47028394,83.66619122,85.18233878,88.64609769,89.78127814,95.88607734,99.07788931,100.65528644,103.28571247,103.52518642,104.17258787,104.26009194,105.24441918,105.31730549,106.35516888,111.4907456,112.44151734,114.88466896,117.94218326,117.9689155,118.70344455,119.66843778,120.17571256,120.47810818,130.65678571,135.19342254,135.26875307,136.05499508,137.47669693,137.71097706,138.34128976,141.13925201,141.27810033,141.83537508,141.91723323,142.84028939,143.68995948,143.84240882,146.51891493,151.34289622,151.50356939,153.07455651]","[5,0,7,0,7,3,7,0,0,7,2,1,4,5,6,1,1,0,6,7,3,2,1,4,1,5,7,3,7,5,0,1,6,3,5,1,6,1,6,5,1,5,2,5,0,7,0,7,0,5,7,3,7,0,1,5,6,1,5,1,2,5,1,6,6,1,1,6,6,2,5,1,6,6,1,6,2,3,7,0]"
"[2.28890558,2.33777918,5.21715482,5.84902074,6.84564852,6.88356835,8.21275575,8.71814932,9.31127321,10.30816924,12.21760536,12.29594848,13.13381482,14.03670155,14.37634708,16.07436336,21.50609375,23.56557377,24.15756208,24.38417072,24.94722923,25.58630434,27.78037506,31.29845255,31.9749115,32.54135396,33.38292849,33.54036645,34.31134916,40.27816588,41.54854874,41.74592815,42.06019568,42.39760594,43.39155312,44.28283143,45.90340218,46.27026765,47.30870651,47.35509444,47.37987668,47.54174451,47.63635959,47.78448841,48.62103287,48.63327701,49.59051944,49.77094807,50.22559729,50.80185971,50.81589431,51.09482213,52.44816364,53.48269989,53.66239362]","[1,6,4,1,1,6,6,6,6,7,1,2,6,5,6,5,0,7,2,7,2,5,5,2,5,2,5,2,1,6,7,6,2,1,1,7,0,0,5,1,7,0,1,7,6,1,1,0,6,1,6,6,6,6,6]"
"[2.29419632,3.87492139,7.61758643,8.56326961,9.1595919,12.42943279,14.86289042,15.01503807,16.45363288,17.82801347,18.04127705,18.29037843,21.52725337,23.36099097,26.65432197,26.6990953,26.70365916,27.23850204,31.39038206,31.57287692,35.51910939,39.63950502,48.00551514,51.9670681,54.03583292,54.90406837,56.34080203,61.42218059,66.01655866,66.92846428,67.18191793,67.80266078,70.75751233,72.89369728,73.35579812,73.63263633,75.00249561,76.24427652,80.17012616,81.83608652,83.46082202,83.75457078,84.42692037,85.098432,85.90234016,88.22789176,88.71974126,88.79990629,88.89806221,88.98286885,89.33590129,89.66820389,89.75350175,89.92165855,90.36679701,90.50898805,91.45302125,91.61840979,91.94717502,92.64879876,93.87963855,94.44335745,94.89098357,95.82467016,96.39527305,97.98776585,98.59960216,100.42002224,100.80179453,100.92786484,101.19337523,101.35190561,102.20115612,107.52626099,109.56767348,113.73738679,114.98452852]","[3,0,0,3,3,3,4,4,5,5,7,4,6,7,3,7,1,2,0,2,4,4,1,0,3,7,2,2,7,5,6,4,1,6,5,4,7,7,1,4,5,4,5,4,1,2,5,4,4,7,5,6,6,5,4,5,5,4,5,4,0,5,5,2,6,6,4,6,0,6,4,7,0,5,4,0,5]"
"[2.30050649,5.0663391,6.92337922,7.81933653,8.81102225,8.95054345,9.07387179,10.42733262,11.8613645,12.92423342,17.10716355,17.60584969,23.93595127,24.06009153,26.95604811,27.31051191,27.47071034,28.93975668,29.3775015,29.55447236,29.924115,30.41514737,30.71071185,30.9511482,31.26472917,31.37153737,32.2987152,32.36639191,32.86347827,33.12721864,33.19336053,33.62761251,36.06139105,36.48937938,37.42871658,41.49039391,46.74104754,46.84208438,47.0280461,49.28601949,49.86644851,50.06472857,52.35286559,54.55096054,56.71688655,57.60658752,58.3205021,58.79388177,60.04274071,63.32510804,63.78322215,65.70165534,66.21340404,67.11727471,67.42539147,67.83926249,69.13178548,69.33188979]","[4,1,6,3,6,3,1,1,6,4,3,3,1,7,7,0,7,2,7,5,6,5,0,2,4,7,0,0,5,7,7,1,0,1,1,1,2,6,1,6,1,6,5,6,7,3,3,0,4,2,5,2,7,0,7,4,0,7]"
"[2.69935087,5.64704972,7.43504662,10.55694263,11.5831369,12.39996804,14.8598431,15.50298494,16.4242091,16.98181393,17.86892766,18.24759822,18.64888335,20.84146339,20.86815783,21.05209042,22.10289901,24.32963695,25.29133716,25.32992338,27.51007169,33.03042485,33.04635146,36.7029162,37.40413869,39.59746173,39.85245876,40.51185403,41.41529655,42.42246837,42.77533467,42.85113804,47.27035572,54.22547983,57.51997955,60.68772188,61.39187684,62.26797027,64.80731943,64.96569638,65.21948869,65.44823393,65.49002783,65.66427369,66.07718476,66.15945023,66.28176747,66.82476697,68.05084538,68.17513241,68.82751639,69.51384106,70.55893833,71.07024692,72.25965436,72.64466866,72.71612206,72.83603773,73.43410443,73.44002745,74.05462882,78.14887081,79.63985206,84.01812357,84.75685266,85.09631351,86.01598913,86.60357645,90.5239885,94.30907615,100.96275513,101.126517,108.20622862,109.03073321]","[7,1,7,1,0,1,4,5,6,6,5,4,6,5,6,2,7,6,5,6,7,4,5,5,4,5,5,6,6,6,7,7,7,3,1,5,6,3,4,5,4,5,4,6,6,1,6,6,7,6,6,5,0,6,3,6,7,6,7,6,7,7,6,3,5,6,6,7,1,6,7,4,3,5]"
"[1.12064855,1.3727003,1.70101839,2.43228775,2.56948306,4.95028822,4.95575389,5.24343533,8.2997146,12.0948123,19.84571039,20.03606574,23.72733278,25.33318157,26.15945035,27.25496833,28.84760573,31.48218944,34.0450757,35.04297451,35.21969139,35.79935877,36.96658659,39.46344046,39.52642184,40.35642331,41.13078824,41.425499,41.44290799,44.39782293,45.35515365,45.55981795,47.27013016,47.62547977,48.97999056,49.64406419,49.98501263,50.72654816,50.81779762,51.09766878,51.41672727,53.73508941,58.7944921,59.72636674,59.86179626,62.69408732,63.62679744,65.44652976,66.88335078,67.1893852,69.31028998,72.47703132,74.340564,75.36456636,75.79296731,77.72193199,78.21676167,95.6866605,99.96093089,100.56864195,101.01100443,101.15017078,101.37076972,102.28289238,103.34179753,103.98127371,104.66260283,104.83806577,105.34374797,105.92997057,106.6237532,106.70169583,106.71407418,106.95424109]","[0,7,4,1,6,7,6,7,0,7,0,0,7,4,5,5,3,3,5,2,5,5,5,1,6,6,1,6,1,6,0,7,0,1,7,3,7,0,4,0,5,5,5,7,4,6,1,1,1,6,5,1,6,5,5,6,7,5,6,1,2,1,6,1,6,1,0,7,6,5,7,6,5,6]"
"[4.27266231,4.42938822,4.7661945,5.97867074,6.38145597,6.42145846,6.5703595,6.67073047,7.32489574,7.32759295,7.38492004,7.45947008,7.57676522,7.62953828,7.96926452,8.83343506,9.48377784,9.53153923,10.24938181,10.2645939,10.74851278,12.22009481,12.30308707,13.64914168,17.87098285,18.05133358,18.32441033,18.49792355,18.57446043,18.93736056,19.22300951,19.45209944,19.53252578,19.57226081,19.76008144,19.90206019,20.01131384,20.36224099,20.46689891,21.21658717,21.7518471,22.19282571,22.40100689,22.41228708,22.58984325,22.62468562,22.92567909,23.51208724,23.54566364,23.74736658,23.77134934,24.21130551,25.72188002,26.22403636,26.46791188,27.34695667,27.82807351,30.1069477,31.95447667,33.14358672,34.81941636,34.96156737,35.17204419,35.25628747,37.57711282,39.39901695,41.06658257,41.39329129,43.02365379,43.08480032,43.90007524,46.87595407,46.94718608,51.02894169,52.54298239,55.47107148,56.60613471,56.70908565,57.09325851]","[0,5,7,4,5,5,5,1,4,6,2,4,6,6,1,5,4,6,7,5,5,1,4,7,5,6,6,6,7,7,7,7,4,5,4,5,7,4,4,5,6,5,4,6,6,7,2,5,7,2,5,6,1,2,6,5,7,6,6,4,7,0,1,5,6,4,5,5,3,3,3,2,4,2,0,6,7,7,3]"
"[1.13564778,9.26933788,9.62174003,9.83593625,10.11693844,10.20123667,10.37104115,10.41923919,10.62017661,10.88126617,11.4737782,13.19288895,13.33421339,14.41722658,14.74436702,15.35301843,16.15454371,16.24813781,18.85726746,19.84186247,20.30600154,20.39005218,20.7629542,22.31551629,23.09249537,23.28703557,23.78008395,24.45148437,24.88827117,24.9606002,28.27581428,30.03416663,30.1682316,30.4253955,30.62177569,31.57434194,31.73083616,32.86049835,34.9511389,35.90081029,36.94981863,36.95951471,38.36931345,44.94585005,48.27427362,49.14395819,50.78812324,54.70515855,58.72650979,58.83092346,59.25598504,59.62512515,61.70778327,64.2307259,64.67874625,75.0707562,82.17199745,82.38561963]","[7,1,6,1,1,6,6,2,1,1,6,1,6,6,5,1,1,6,6,6,1,6,6,1,6,1,6,6,1,1,0,4,0,5,7,5,7,6,1,6,6,0,7,3,4,3,6,7,5,1,6,7,1,7,4,6,1,0]"
"[0.8857133,0.98222957,1.69054267,5.54127396,11.47951465,12.90920306,15.65411897,20.28682243,25.44822459,26.10947159,26.26026854,26.70506652,29.71031403,30.01079362,32.2281485,34.11047609,34.77547441,35.60590299,37.07363831,38.88536039,39.99187763,54.2680893,54.72005446,59.41764684,64.91612365,65.13783624,67.50195003,68.67614505,69.63097797,76.24610853,76.89481884,77.86526495,78.7074204,79.16440101,80.15394648,80.6639521,81.03004508,83.02012416,83.07539585,85.16198473,87.77601947,98.16154099,101.92219983,109.95170263,110.38613859,113.85185626,114.16303274,114.17101774,116.52756459,117.53624038,122.09570866,123.67564334,124.43220545,124.91611377,125.96903504,126.05609268,126.76044802,127.34174834,127.46282402,127.49110324,129.09309408,129.68112823,130.00565971,130.03021493,130.05700385,130.63042027,130.99569979,131.37652789,133.91840295,134.98848939,135.56527061,135.6784742,137.06301728]","[6,7,2,6,3,2,2,2,4,5,6,5,6,4,7,5,6,6,7,7,2,1,7,3,2,7,2,2,1,5,6,7,4,5,5,4,6,6,6,0,4,0,3,0,5,4,5,6,7,3,1,4,7,5,5,1,0,6,4,5,4,4,5,6,5,7,6,7,6,1,5,6,0]"
"[1.27111624,3.17512514,3.36851858,3.88286844,4.02673478,4.45445429,5.48276418,5.74917492,5.94446645,6.37457244,6.54728035,7.14023851,7.25778561,7.70673766,16.59508788,21.72096921,23.40036877,25.41951131,32.91643606,36.39489901,37.25253871,38.46048058,38.68522698,38.98803376,41.80880121,42.8841442,43.69207107,43.75039309,45.63039681,46.29823698,49.94211638,53.34235468,53.48503028,55.99131799,56.08139545,57.24697487,60.68980141,64.60917398,65.64288496,67.89297467,68.73611381,68.82407126,69.0463778,69.95051618,70.73765227,71.93204519,71.96890997,72.33213852,72.71375718,72.82215041,73.04956303,73.32393545,73.96050548,74.2895023,74.96837843,75.78388136,76.78465829,76.99432901,79.38017445,81.84471588,82.33545854,83.67024727,85.63491631]","[5,7,0,0,5,7,7,0,7,1,0,7,0,7,5,1,2,1,5,3,3,3,2,3,1,6,1,6,5,7,7,1,6,7,5,5,7,4,6,5,1,6,0,6,6,1,7,6,0,1,6,7,1,1,6,6,6,5,1,4,2,6,1]"
"[2.5983981,4.07636544,5.13216312,6.35666667,6.49590698,6.77945508,7.13467581,7.26127577,7.80487658,8.50286845,9.18948122,9.62487897,18.1352946,18.5663155,22.30613061,26.2385858,27.32352078,30.75782038,34.28280993,34.47896985,38.95491041,41.79592644,42.92564457,45.04314879,48.02075856,48.1760094,52.17155562,62.82264367,63.83030337,65.64496103,67.32463613,73.90589169,75.04993946,79.67095542,80.53876262,80.66487941,85.46760046,85.59381654,86.49692917,89.9083154,90.12087461,92.38545416,92.65253052,94.6114205,95.84779636,121.80575399,122.78073428,122.92563124,123.02018157,125.01420181,125.22015353,129.66360175,130.83163714,141.19991095,141.60280138,141.83839737,142.45182982,142.53021441,143.03259548,143.40801334,143.64537038,145.63232352,145.95607865,146.14297508,146.33048903,146.5035782,146.9852157]","[1,7,7,0,7,7,6,1,0,1,4,4,6,5,5,4,2,4,6,5,4,6,2,6,5,5,1,5,4,5,5,1,3,0,7,0,7,0,2,0,3,7,0,7,5,1,6,1,6,6,1,1,6,7,0,7,7,0,0,7,7,0,7,7,0,7,0]"
"[3.0711407,6.10276546,6.39765659,7.46548806,9.23323794,9.55161184,12.23116026,12.69286473,14.85629346,14.94398255,19.94583777,24.61604325,24.875324,25.0841435,26.0128654,26.13671011,26.65623636,27.7070744,28.27331715,31.59190489,33.1397076,33.95871559,34.05591247,40.43762086,40.99691604,41.86087684,45.01055892,48.65587637,49.34920574,49.86949093,51.92001786,52.14585691,52.8322476,53.25156623,54.12281102,54.53528443,54.57421242,55.0638497,55.16470407,55.51612999,55.72875345,55.77106228,55.88459539,56.13581807,58.30796357,58.64488482,60.43761048,61.18625934,61.46307639,64.48023738,66.00998036,66.63858424,67.35685601,67.93008525,68.13593595,71.01724065]","[0,7,5,0,7,0,4,1,7,2,5,2,5,5,2,5,5,5,3,5,7,2,5,5,4,5,5,7,6,1,6,7,5,1,6,6,1,0,6,6,7,7,2,5,3,1,0,7,7,7,6,1,2,6,5,7]"
"[0.1759246,2.43236468,4.48910923,5.1747485,17.45439912,18.10293268,18.11915293,20.79518046,21.27953382,21.55743924,22.83459991,26.42824219,30.4569688,30.92298532,31.02295257,33.14070406,36.23492346,36.71292301,38.74521384,40.94433084,50.34645697,50.48570333,50.87426357,51.16204497,52.01343698,52.93072355,54.72414841,55.01063077,55.97770074,58.4858678,59.70462255,63.90686155,69.88956535,71.60559916,71.76847438,72.17393229,72.20035096,74.23420469,74.37569487,76.37085383,77.48722199,77.65845452,78.15918416,81.54375169,84.87172471,87.30568155,88.43083557,88.57682342,93.49236415,93.67843002,96.40542067,96.85312389,99.02705955,100.27456715,104.7091007,105.78944836,105.94625406,106.28110454,107.1479841,107.24718214]","[7,0,4,7,4,2,2,5,1,2,5,5,2,5,3,5,0,4,4,6,1,6,2,1,2,5,3,4,4,1,4,1,1,1,7,6,6,6,1,1,6,2,6,1,6,7,1,6,1,7,2,1,7,0,1,6,1,6,1,4]"
"[11.44933494,11.9763254,13.16843608,13.72719797,13.90696795,14.22412895,14.29434128,14.38328307,15.01105909,15.0235565,15.27637793,16.61978173,18.07430963,18.60832563,18.86082177,18.92062547,19.13741279,19.29546909,20.30323051,20.31473546,20.69308324,20.77840353,20.8500067,21.37210075,21.92310329,22.0798882,22.13251281,22.40987315,22.86115756,23.79280714,24.10774232,24.49339416,24.51240446,24.59854459,25.09563063,25.22506048,25.42377778,26.06986397,26.19340076,26.70800234,27.54469868,28.49500968,29.95940749,35.32055169,35.40386329,41.71023426,42.23007912,45.31440338,46.06929029,46.57191622,47.75925575,47.79890383,58.51716879,65.32111952,68.4989791,69.26806428,69.3632922,69.66316058,70.0055376,70.2304339,70.28025489,70.6716047,70.78756713,70.86785043,71.13873249,71.14982744,71.24687559,71.4358923,71.45191199,71.49838698,71.56860884,71.90423328,72.63469658,72.69889531,72.75661092,73.39340492,73.42352154,73.84661492,73.9244819,74.51079436]","[2,1,6,7,0,0,1,1,7,2,6,6,1,0,2,6,6,1,0,7,6,6,7,7,0,0,1,7,0,7,4,5,7,6,0,0,1,1,6,7,7,6,0,7,0,0,5,5,2,0,4,5,1,1,2,0,7,0,5,0,7,0,7,7,0,7,7,7,0,0,0,7,0,0,6,0,7,1,7,7]"
"[3.26034721,4.49802433,5.83964211,6.55142519,6.95648814,10.1698897,13.31695327,14.83859414,15.88434479,16.03630536,17.81006381,17.89904493,18.20967298,18.26814184,19.15984198,19.49191899,19.63980096,19.76499053,19.76734366,19.79162145,19.86903401,19.93482931,20.01444288,20.332282,21.04833772,21.13459273,21.39714388,21.7830214,21.8554516,22.04441155,22.19484741,22.32117853,22.5531321,22.77484237,23.09754286,23.11407653,23.50590499,23.53141142,23.59356842,23.75082392,24.09451252,24.41218506,25.06113346,25.08948605,25.30431471,25.70953332,26.40104978,26.76585067,26.85540049,26.92651749,27.68885695,27.80011597,28.0765982,28.42310694,28.86138609,29.87595733,30.47279196,30.81148836,32.92458022,33.29735607,33.33552054,33.41710946,33.9743878,34.11145697,34.16659404,34.52483693,34.77332388,34.99164089,35.50862475,35.53620949,35.58033476,35.5958549,35.81038495,36.3953503,37.61898171,38.01168437,38.65249388,38.78564612]","[5,5,4,1,1,2,1,1,4,4,7,5,3,0,7,1,7,0,7,0,0,7,7,6,5,0,7,3,7,4,7,7,0,7,0,2,7,7,7,0,0,0,7,0,0,7,0,7,7,0,1,6,0,7,1,7,6,1,0,0,0,7,3,1,0,7,0,6,0,0,1,7,7,7,3,0,0,7]"
"[6.8295633,7.11828199,7.29959324,7.71218795,8.34143949,10.73980314,19.66572884,21.55882921,21.98501375,25.86172405,28.33934792,28.74523033,29.19699486,31.83850409,33.42504206,33.47204845,39.17721266,39.730872,41.82000054,44.2941708,45.52908773,49.50871751,50.66816733,51.26946718,52.83321766,58.14285793,65.25074508,68.26046543,68.44700467,70.80326076,73.10435306,77.27994531,77.7984579,77.85585267,78.71658493,81.18641926,82.40970096,84.60768144,87.04686512,91.44606627,91.88174971,91.96526902,91.97270936,92.00249505,92.8978077,93.8135829,93.93431442,94.13543339,94.47050414,94.75187822,94.91763369,94.94889166,95.47327009,95.81760565,97.14744315,98.64842345,106.24955671,111.39658261,112.32397314,116.89651658,122.00220561,122.51573621,123.71607794,130.35139622,136.26030112,144.45914856,145.09806229,145.14648285,145.15328954]","[1,6,1,6,6,7,7,5,2,1,1,6,6,3,1,6,7,4,0,2,7,5,7,2,0,3,4,7,0,7,1,7,1,6,5,6,4,5,3,7,7,0,7,7,0,0,7,0,7,0,2,7,0,5,5,5,6,0,4,7,0,7,5,1,4,5,0,5,7]"
"[1.06270072,7.62659996,10.75263507,11.29081557,12.29793624,13.01712666,13.38070886,14.57682436,15.13242616,15.30644062,18.39201234,20.77099476,21.77112653,31.03794486,38.8458113,39.15602418,39.49843039,40.24491543,41.71506471,42.32158676,42.4711442,42.86138714,43.06478149,43.36957502,43.51789914,43.62085509,43.71397737,43.74373556,43.81288917,43.87376308,44.03529491,44.29853791,44.33630257,44.78823031,45.48196217,46.10798727,46.26897884,46.54168476,46.81968555,46.89675741,48.02027619,48.37941018,49.93236376,53.42908133,53.76255464,56.13560723,61.28651213,64.99183906,66.10869208,66.33275654,70.2107628,72.01140206,72.49020815,73.0305899,76.05654227,77.4696642,77.72962093,77.86269158,78.84535147,79.31444886,84.64272041,86.32373773,87.16324282,88.37010951,88.64958984,90.25857794,91.59234237,92.53896719,94.50834645]","[7,5,4,5,5,2,6,5,3,2,2,1,3,3,4,5,1,6,4,5,5,4,3,5,4,4,5,4,5,6,5,5,4,4,5,7,5,6,6,6,5,5,6,6,7,2,1,1,6,6,7,3,7,2,1,7,2,7,7,1,6,0,2,0,7,4,5,7,6]"
"[0.58015614,6.18487223,13.65884334,17.30958083,18.20723058,24.77459682,27.46062788,28.32733674,28.83889399,29.39022973,29.54388875,29.90145598,29.91848192,29.91879161,30.32161859,31.64154594,31.80753693,31.98789315,32.23432671,32.48439997,32.80075928,32.86243674,34.17326999,34.86774073,35.38211532,35.39885526,35.81102865,36.63376797,36.76583545,36.94279868,37.63861244,37.68606938,38.66113343,39.45339588,40.15415901,40.51953841,40.53149662,40.81054653,41.62609838,42.22717543,42.45438705,43.7741053,45.03168066,46.12214589,51.43904239,53.63642317,60.17509236,69.31535425,71.49938707,81.65661361,81.75274109,81.84080616,81.93395968]","[4,5,5,5,1,4,7,0,0,4,7,7,0,0,5,7,0,5,0,7,4,7,0,0,7,7,0,5,0,0,7,7,7,3,0,3,7,5,5,7,7,2,0,0,4,7,6,5,5,0,7,7,0]"
"[2.7174379,5.90212982,5.97966171,6.63499067,8.40111293,11.4113512,16.42963158,19.30217322,19.59062399,25.86275515,27.52914396,36.10814411,40.39821215,42.07766103,42.28195411,44.84065293,45.16827098,46.50993144,46.88740071,48.41339816,48.49025227,48.55024128,48.69322696,49.59416586,51.81324106,52.68566629,53.12390629,53.27644973,58.89565911,63.95136732,74.69746978,77.54316988,77.92109798,77.93661501,78.13397086,80.02269647,80.23568385,80.41031622,80.72540183,83.28797396,86.60068458,90.63340465,91.17189323,91.86729267,92.78722357,93.59236237,94.3530477,95.72025496,95.84024926,96.11323759,96.76119469,96.8307627,97.49415524,97.76617987,98.78232883,99.00167772,99.50506825,99.9548554,101.9985274,102.21823525,102.54049855,104.84246507,105.45894613,111.73641226,111.81578117,115.02236581,115.09780344,116.17813686,117.18835315,117.48165136]","[2,1,1,6,2,4,5,5,5,7,7,2,2,3,0,0,5,7,6,7,5,3,6,7,7,4,5,4,7,2,7,0,1,2,1,5,2,4,0,1,3,4,2,5,6,0,6,5,4,5,4,5,5,4,6,5,7,4,5,6,7,7,4,7,6,5,6,6,2,7]"
"[0.58250031,2.08024482,3.07600619,3.89710386,5.47681421,8.65281472,14.83970762,15.58245365,17.17588035,17.25445038,17.44163595,17.53092585,17.85658049,19.7088232,20.70065736,22.30152135,24.30839932,31.72950491,32.85421369,33.19194979,33.72225252,33.76230938,34.04406067,34.07835897,34.34034249,34.82511309,35.45440329,35.81324056,36.23607131,37.07238167,37.43686394,37.71647537,38.2538304,39.18611101,39.54609604,39.64474751,40.06403207,40.26254658,40.56416833,40.60590657,40.67369269,41.49633363,42.17380231,42.17447754,42.43667567,42.85299094,42.89072925,43.88943093,44.42764027,48.72784022,49.96869718,50.24287132,50.71523,51.27908819,52.40763617,58.76456726,58.76481039,60.84900658,60.99962321,62.6968358,63.00643015,63.15223643,68.3542047,71.14472543,72.07839631,76.7861534,77.13393821]","[7,2,0,7,0,7,5,6,1,1,0,6,0,7,5,0,7,7,1,1,0,7,6,1,0,6,1,6,1,7,1,5,1,0,6,1,6,7,6,1,1,2,1,1,6,4,6,5,0,5,1,7,7,0,7,0,4,7,0,1,7,4,7,2,5,0,3]"
"[4.58804769,5.21766465,5.57963322,5.69830554,7.66906691,7.70892645,18.96325542,19.03323518,19.41476091,20.25388848,27.94769471,28.01595669,30.26532934,31.22205816,31.34203721,32.16217522,33.36793968,34.33584752,34.87105482,35.60381879,38.21856481,39.15370288,39.49749671,40.11980225,40.89951518,42.23274233,42.34802272,42.72973088,43.69801055,44.59510975,46.10429603,47.73831984,48.02753108,48.38518993,48.70095245,48.81059641,49.26959687,49.46232729,49.50494828,49.79045953,50.48571476,50.8688472,50.87016672,50.97760515,51.14467803,51.43910986,51.52446017,53.26945186,53.52065243,53.68770904,55.58904942,56.00848824,56.20746137,56.25462007,56.5142146,58.14840867,59.15157677,60.31110918,62.57528185,64.58528374,65.20608582,67.90345794]","[1,6,1,6,6,1,0,7,4,0,1,6,2,5,5,2,6,5,7,5,6,1,1,6,4,1,0,2,3,3,1,6,1,1,3,6,1,3,6,1,1,6,6,6,1,1,6,6,1,1,6,3,1,3,1,6,5,4,1,3,6,0]"
"[3.75551351,4.87172656,19.37434341,19.503026,19.57871937,22.90986832,25.39954128,28.31414285,32.73982015,33.02655833,33.18493945,38.71114766,45.90985486,48.82048584,51.8106546,53.45197501,54.39476773,72.60343215,73.00128495,74.37754889,77.49870276,77.5854464,78.89914573,81.1215208,81.70451804,84.55929654,84.95275111,85.18595299,87.13321016,87.54740519,92.53511029,94.91898646,95.11521444,95.95910046,96.36687217,96.43617594,96.57846418,96.59418621,97.00953486,97.14924924,97.43820873,97.64903698,97.66764008,97.85817506,98.09072279,98.18821006,98.19888889,98.26807894,98.44980574,98.6200573,99.77199944,100.33822601,100.69043909,101.44356685,102.48191845,102.49334086,102.54095324,102.66582556,103.09672168,103.81153325,103.98318425,104.08105343,104.22194524,104.27965688,104.29377915,104.78521253,107.09603014,107.23852129,107.2749935,107.307951]","[6,0,2,2,7,4,5,1,4,5,4,4,3,1,7,1,7,3,3,1,3,1,3,2,6,0,0,2,2,1,5,4,4,5,5,4,6,4,5,4,4,5,4,4,4,5,5,5,5,5,7,6,5,7,5,6,6,4,5,6,4,7,4,5,4,5,4,5,6,0]"
"[0.33165331,0.33525738,1.14345895,3.69675559,4.14884055,5.01968146,5.13831983,5.49947465,6.05032628,6.21364706,6.27069227,6.44999392,6.5063595,7.3138303,8.41023385,8.80297015,9.09372202,9.49668041,9.78495034,10.37209945,10.98589154,10.99436148,11.05546014,11.05687653,11.22673924,11.43652889,12.23160708,12.24979957,12.61740853,13.68767204,16.16214535,16.76796132,19.57922003,20.00179106,20.48007942,20.72636548,20.84717346,21.05462296,21.33803034,22.0691319,22.30476841,23.08855993,24.11239743,24.15597339,24.22532301,26.00144976,27.96667967,28.34670061,28.59854314,28.70531192,29.24326964]","[0,2,7,2,4,1,6,1,6,6,1,6,1,1,6,6,6,6,6,1,6,6,4,1,1,6,1,6,6,6,0,1,5,0,7,7,7,5,0,7,0,7,0,4,4,1,7,0,4,1,6]"
"[3.20500073,3.74757405,3.77784567,3.87278443,4.22039919,4.31656628,4.63303761,4.76552808,4.9898159,5.14030483,6.18708689,6.44598567,6.87395785,7.24493532,7.66487699,7.77915359,8.55844908,9.25357025,9.39115203,9.39159478,10.03388956,10.12115134,10.57488109,10.63034568,12.15657738,12.35164201,12.98226735,13.59129438,13.70395059,14.28523124,15.9164287,16.3453233,16.46094173,16.82933659,19.14549228,19.82597339,21.09512431,21.49076889,21.94393665,22.30413732,23.61563276,25.07728762,25.64377852,26.65788193,27.41558969,28.35215858,28.91602983,29.89141849,31.53538878,31.68033145,31.82860485,31.88530342,32.16665335,32.27108358,32.70750053,33.02296144,33.35124189,33.44802338,33.76287745,35.75928738,36.092031,36.21716807,36.38897026,36.73204199,37.51961484,38.35454194,39.81446692,40.26603488,40.70706125,41.5256454,41.55505428,41.56062129,41.7606305,42.14927823,42.6797321,43.40299184,44.48307319]","[5,4,5,4,5,4,5,3,5,4,0,6,6,4,5,4,5,6,5,6,4,5,5,4,5,6,4,4,5,4,0,6,4,2,4,1,4,4,5,5,5,4,6,5,5,4,0,7,7,5,4,5,1,5,4,5,6,4,4,5,4,6,6,5,5,4,5,4,5,4,4,5,3,5,4,1,2]"
"[1.34228914,1.7353077,4.12520855,5.07289335,5.67031623,22.53156786,24.26652298,24.42149532,27.42760889,30.36419742,33.62330053,34.6121516,34.81258071,34.82555111,38.15751041,40.37469213,41.21443311,43.00255351,43.82147447,50.985457,53.35606283,61.07103223,62.53620816,64.92588246,66.54988685,71.14179777,71.78855891,72.58108384,72.96903512,78.00470963,78.29473314,79.63780801,81.45769929,81.61173954,84.31557688,84.55604804,84.91798062,86.13203993,87.38116185,93.86782936,94.83905582,98.74707314,98.95552323,99.20817994,99.36016166,103.57891306,103.83688377,103.87931528,106.36459539,106.45812478,107.85966473,107.92982135,108.28227363,108.28494144,108.4031057,108.44517611]","[5,4,7,5,0,7,0,7,2,2,4,7,5,6,3,5,6,1,4,7,7,3,7,5,6,5,6,6,3,7,0,5,6,0,5,6,7,7,6,1,2,3,1,7,4,2,6,5,0,4,7,4,5,6,4,4]"
"[5.76165237,6.18680578,6.40500907,8.88377525,9.21744295,9.23788848,9.39095746,11.87268655,12.39367009,19.88489586,20.06940681,20.70944157,22.06781496,22.08604393,23.09813845,23.12964701,23.55064385,25.22415454,25.76151753,26.34093899,28.11471888,32.39942692,32.45241931,32.78963529,33.19929364,33.49693392,33.59314058,34.05868015,34.28205883,35.44127776,35.90197015,36.10113647,36.25258432,36.47335665,36.56409096,37.54397195,37.58160141,37.79444298,38.07236693,38.90835843,39.20528546,39.35362475,39.54086163,39.78194339,40.04398123,40.11501976,40.51480716,40.60075045,40.8945559,41.07608029,41.44304895,42.05403897,42.19610971,42.82603363,43.48169153,43.57125375,44.58897213,45.03499679,45.53301817,53.20246318,54.00473665,54.2324892,55.37035884,56.02601882,56.92818868,57.48713247,57.98419087]","[2,1,5,1,0,5,0,7,0,6,1,6,4,0,1,6,0,1,6,6,6,2,2,5,6,5,1,1,6,6,5,6,1,6,6,6,1,6,6,1,6,1,6,6,6,6,6,6,1,6,6,1,6,0,1,2,7,0,6,0,3,7,6,5,2,0,5]"
"[8.97461712,9.32587095,9.80056692,12.30036105,12.38555575,13.50966368,17.16506381,18.10344153,19.62976418,20.14656999,20.78844732,21.06433695,26.05623342,26.49265198,29.96224887,30.12102006,31.84828274,33.69588738,41.95917428,46.7985396,47.23747688,50.49078625,50.94973165,56.09094705,56.7271071,57.56136278,59.53112582,59.96127791,60.12554704,60.49305533,62.0339715,62.36466135,65.89721858,67.31213699,67.7951982,68.46879371,68.48723909,68.55256017,69.23849793,69.51438372,70.80381981,73.40771713,73.48754857,75.83326178,78.22941553,78.2397662,79.40484875,79.56034588,79.65179377,80.29468456,81.03796145,82.60573262,83.0674044,83.38131708,84.97582831,85.52463107,88.26648689,88.3545238,89.50663967,89.52478794,89.94179165,90.51824743,91.36954894,93.3518268,93.87022472]","[3,7,0,0,7,2,2,2,5,5,5,6,3,5,2,2,2,2,2,5,6,7,3,1,3,6,2,7,3,1,5,0,1,3,7,7,0,2,0,5,5,0,5,7,1,6,6,1,6,6,1,6,2,1,5,6,0,2,7,0,6,7,1,7,0]"
"[6.59765323,9.84455763,13.38096527,13.45725067,13.51863961,13.83234387,14.10468908,22.85096103,27.24073387,27.34295362,27.7884623,27.87541393,28.91417932,29.24686109,29.31277572,29.98325859,29.99641258,31.21950163,34.01469968,36.5572536,38.71987848,39.93822442,47.14764782,47.16915236,47.29601695,48.4397565,48.79196696,49.34872446,49.47425371,49.65593655,51.82296266,52.4701786,52.49345122,53.2275432,56.56687446,57.19135038,57.2802303,57.44647736,58.40280479,58.52229063,58.83075403,59.33795071,60.34689037,60.49610685,62.00401387,62.54083635,62.77555846,65.95917665,66.45589401,66.67376547,68.69995617,69.44027153,69.62004007,69.78983001,70.34635872,71.35041298,72.18732409,74.18620953,74.47796176,74.83322033,78.82908938,79.57696987,80.15632991,80.99818551,81.05681457,81.66191873,83.00563535,83.09046976,83.98048633,85.10804259,85.20204816,85.25762879]","[6,4,5,2,7,5,2,1,0,7,7,7,7,7,0,2,5,0,1,4,0,5,1,6,1,6,1,6,1,5,6,2,5,5,5,0,6,0,7,2,0,5,2,5,7,5,0,0,5,7,0,7,0,7,7,0,1,6,1,6,6,1,6,6,1,6,4,1,1,6,1,6]"
"[2.91756442,9.11598748,10.04552469,10.06662643,19.02284011,22.5151308,23.57379616,24.78264756,24.99756872,27.64293344,30.94840654,31.0332913,31.03358775,35.72885804,36.35729576,37.98197809,38.22511802,39.12894225,39.32300191,39.96771492,40.54390138,44.08352695,44.9240553,48.35484682,48.395431,49.7656363,50.01403308,50.05022786,50.36196901,50.46687496,51.37645653,51.39285141,51.57478005,52.4356949,52.77572908,53.80797592,54.26880797,54.89900819,54.96510446,56.14658595,56.32846084,58.30116005,60.74043525,61.52850612,62.00531693,64.99041391,71.01750163,71.196394,71.35766057,72.3640213,73.87393493,73.88733245,79.5127208,81.00472371,82.34836951]","[5,0,5,1,2,1,6,3,1,3,4,2,5,6,1,1,6,6,2,1,1,7,0,0,7,7,7,7,0,0,7,2,0,5,7,0,7,7,3,0,7,7,3,2,5,5,6,5,1,3,4,6,7,0,5]"
"[4.89636521,9.35931668,10.14870731,14.44550029,16.13607589,17.59729084,18.59400501,20.30981375,21.54227818,30.24916789,33.27900179,33.71322136,36.53922061,38.11130524,41.84261776,42.93422942,45.8050616,61.79857855,67.78752082,74.64213222,79.12335909,79.59856105,81.44416192,82.39034201,83.09393546,85.67997807,86.14809514,86.65349447,92.16844295,95.37090291,96.06141966,102.87341129,104.16700789,104.49636337,104.78471843,105.27685971,105.6417038,106.56486873,106.81850108,108.01242439,108.39997955,111.12930404,113.85441852,116.500904,116.89617796,117.01619816,117.8532231,119.37319984,119.96055794,131.24343849,135.05312592,140.66862344,140.9645031,141.84552943,143.78817037,145.24871871,145.27663358,145.56406307,146.1317529,146.50917858,147.00203983,147.488839,147.62528819,148.03307745,148.22990022,148.87118989,149.12175282,150.44590424,150.88323157,150.92637456,151.6552269]","[1,3,1,0,2,0,2,3,6,1,3,5,6,6,1,0,5,4,0,4,4,0,4,5,4,1,6,1,2,4,0,5,3,5,6,4,0,1,6,1,0,7,3,4,7,0,1,7,0,7,3,4,1,1,4,7,5,4,5,1,4,5,5,5,6,6,4,5,4,5,6]"
"[1.75307688,3.59790183,7.08905194,7.57170667,9.52661712,9.64980037,9.90172733,11.69550111,12.93162182,18.57417424,19.91922344,21.49539391,21.72399308,22.38010272,26.57485103,29.23095913,36.67740275,37.60735143,39.25778625,39.53041646,39.86807455,40.52626362,41.89383468,42.35416791,44.07154793,44.12035113,45.32091096,45.33975375,46.35768071,47.73775097,48.01728405,50.42271637,50.50389916,50.78328425,51.6463267,51.68908607,53.22700988,54.76813601,55.06038032,55.21813747,55.47847408,55.48338968,55.71585477,55.79560718,56.14880375,56.36954659,56.41440028,56.62641488,56.62959501,56.9774282,60.25313682,62.69545134,63.74680332,64.39826136,65.41923659,67.29456411,68.49659914,72.52755577,72.73496143,74.74871669,77.43355985,77.9724688,78.1538333,79.16761006,84.1242028,84.50026392,84.74355149,84.80304531,84.88098614,85.37567717,86.66157698,89.08069374,91.86962504,92.42822427,95.75827816,95.93879357,97.21357069]","[5,5,0,6,1,1,6,2,2,5,1,6,4,1,5,1,3,3,1,1,6,6,6,1,1,6,1,3,2,6,1,0,5,7,1,6,0,6,6,1,7,6,0,1,7,1,1,7,5,6,7,2,6,7,0,7,0,7,0,7,3,0,3,2,2,5,1,3,3,6,3,6,6,1,7,2,7]"
"[2.15438764,3.74385569,9.76671656,13.35590766,13.74269149,17.7613146,19.59448958,22.0182005,24.49621918,25.40286331,25.85908293,26.99406113,27.12304104,27.50901126,29.06372649,34.83147829,36.42820908,37.75720632,38.52929212,39.2819319,39.59606336,40.18296852,40.43297556,43.26563926,43.3915439,43.981122,47.32884675,47.62325113,47.79414811,47.99024934,49.46223107,50.92311515,51.72961973,52.01938835,53.68917118,54.8816785,55.00673612,64.5547582,64.79595626,64.84195578,65.13126443,65.57338103,66.95901147,67.82647957,68.05239747,68.15596425,68.15758507,68.24442334,68.42416873,68.43489115,69.56395267,70.09403332,70.33394667,70.45634545,70.82900005,70.91855106,71.92859546,71.95848535]","[5,1,4,1,4,0,7,2,7,2,0,1,6,4,0,3,0,6,0,1,6,6,6,1,6,2,5,5,1,6,6,1,1,6,2,1,5,1,6,1,1,6,6,6,1,6,1,6,1,6,5,6,1,1,6,6,1,6]"
"[6.82788239,9.02633618,9.60114904,10.89212275,12.83704524,13.80291051,15.86946441,16.61342621,18.79996429,19.13559209,20.27062022,22.46559226,23.35844189,24.02915649,24.18112474,24.35474282,26.68157197,26.93087161,27.33670328,28.63508469,30.44128084,30.69284431,30.70623185,30.73190736,30.74995104,31.24825211,31.5871454,31.72871597,32.22470638,34.20252032,37.95930987,51.47972298,51.57119041,52.60549445,54.45395911,55.3095112,61.54342326,64.85007789,64.98580864,67.95316664,76.52646323,76.68030187,76.70759327,76.91458842,80.98883158,81.3153353,82.00334011,83.1742372,86.39607258,86.41180406,86.90273622,87.92732253,88.69746272,89.82968678,90.15027766,90.15386344,90.53334656,90.63409571,90.87220738,91.89890901,92.38415871,93.82845483,94.21702259,94.67077809,94.69116816]","[4,7,0,2,4,0,1,5,7,1,6,7,0,7,4,0,7,0,7,7,6,7,1,1,6,6,6,0,1,1,6,3,1,5,1,6,5,5,0,4,1,0,6,1,7,0,5,3,6,5,4,7,1,7,2,0,7,0,5,7,5,7,0,0,0]"
"[4.32345238,6.69620994,7.31956333,9.32638738,9.54596108,9.81358121,10.19378033,12.443104,12.61088336,12.81687047,12.83135175,13.64048411,14.18310288,14.78022806,15.12332041,15.37434342,15.47477129,15.8550845,16.61790459,16.7496436,16.9446776,17.31372262,17.35570946,17.4814921,17.72661506,17.88444166,18.05664866,18.26422397,18.81777059,19.29039945,19.38745341,19.56780468,19.60119543,19.63265493,19.76187622,19.81000938,19.87794276,20.10778147,20.19100061,20.9901278,21.01633223,22.2986565,24.40471304,24.72366062,25.44646723,29.65155378,30.23874179,36.76609851,36.7966263,37.20716274,37.40982493,37.72891224,37.73691083,38.25035081,38.40842152,38.59063864]","[2,4,5,4,5,5,4,5,4,5,4,5,7,5,4,5,4,5,4,7,0,4,5,5,6,6,6,4,5,5,6,6,4,6,6,7,6,5,7,5,6,7,6,7,6,2,6,5,2,6,5,4,5,6,5,5]"
"[1.53488498,2.14515938,2.82305065,5.68542146,6.07747368,6.61573333,7.66016185,8.03893951,8.75432974,10.66884962,12.80742532,14.2673673,15.21568171,15.38184657,15.4895395,16.78865287,17.23523759,20.82639521,29.1491719,36.83275974,43.43571248,45.30035714,45.31123815,45.37617247,45.41274425,45.56120364,45.97245854,46.17555893,46.28095896,46.68679415,46.68743411,46.95166121,47.06514336,47.06974939,47.17358641,47.31790981,47.90070655,47.91704107,48.2822009,49.42530646,50.57418705,51.10347079,52.12287682,52.89677644,55.85182278,57.84710416,57.95826491,59.29924469,59.37980154,61.01249655,63.28965651,63.72008317,63.85599119,68.80106883,69.97913918,70.22054398,70.60816172,74.3346235,74.70226483,75.9899852]","[7,0,7,7,0,2,5,0,5,5,1,5,1,6,6,1,1,3,3,1,5,6,1,0,7,5,0,0,7,7,6,7,1,1,5,1,7,6,5,0,1,6,1,6,4,6,7,0,6,7,0,5,3,2,1,6,0,1,6,5]"
"[1.18884991,1.70311098,1.89655181,3.60709848,6.27534499,6.58153516,9.26256816,14.58009014,15.99242183,16.00116144,16.11320089,17.28118654,17.41752457,18.35103997,18.3633581,18.78776828,19.15776185,19.67967877,19.92050445,19.99973952,20.21727672,20.47044929,20.88202786,20.99459833,22.51031366,23.43112452,25.24533415,26.51195577,37.27997981,50.47209923,51.37995834,51.56808465,51.82613063,55.21142195,55.40245082,55.68798774,55.74462214,55.74844621,55.87517671,56.33554959,56.6791295,57.3790955,57.58630919,57.69009424,57.88607112,58.21173474,58.98058747,59.08183128,59.45975375,60.3597491,61.85605429,63.388387,63.59961376,64.07530876,64.07539138,65.96543984,66.00190907,66.33572732,66.41372618,66.5555691,66.64672796]","[1,2,5,4,6,6,7,7,4,5,5,5,6,4,5,4,6,5,5,6,5,4,6,4,4,6,5,0,7,2,2,7,2,4,5,5,4,5,6,4,6,0,6,6,5,6,4,5,7,7,5,6,4,5,4,5,4,5,4,6,5]"
"[1.56131534,6.19560205,7.94296877,11.23752167,11.57149517,12.40653759,13.37774257,13.58830222,14.16601929,16.02502504,16.33413911,20.95136855,21.12564815,22.68952751,25.14474661,25.71113503,25.96819874,31.85307955,32.92704809,34.41610362,43.25126971,43.32472939,43.58783476,44.61542227,44.97751203,50.18830825,52.35446135,52.46974103,53.60581338,56.18414249,59.23049225,60.70957478,63.86911581,65.68796053,70.76482674,80.24578795,88.61565517,96.62311642,97.82145058,98.02383024,113.18351782,113.9599352,116.91386559,117.57971012,120.25206629,120.68948548,121.97196743,129.49599744,129.85049193,130.05424813,130.7255782]","[5,6,5,7,7,0,4,0,5,0,4,6,6,4,1,5,4,7,2,1,4,5,5,1,6,7,6,7,3,1,4,0,2,2,3,4,1,0,1,6,5,6,6,2,2,1,1,5,4,5,6]"
"[4.99513782,5.17514375,8.03520836,9.33475825,9.57012577,11.3197284,11.44695831,12.14082428,12.4098761,12.71014208,13.68239923,13.86566037,14.10529984,14.12331977,14.13720324,14.69968054,15.56213323,15.82540304,15.82546904,15.86721146,16.329053,16.42089164,16.60151757,16.76373926,17.31699464,17.33980916,17.75093038,17.90030435,18.0884913,18.09018773,18.09281898,18.19939622,18.26519421,18.32422396,18.52786631,18.61817901,19.13465033,19.4534179,19.5895425,20.03177342,20.1755035,20.95154453,21.23817054,21.26759963,21.46027739,21.63303269,22.16956255,23.28154453,24.78017562,25.02691738,25.30496773,25.40223891,25.65094543,25.77519765,25.88499489,26.28832793,32.29382029,32.29883758]","[5,1,6,1,1,6,6,1,6,5,6,1,6,1,1,1,6,6,1,6,1,6,6,1,1,6,1,6,6,1,5,6,6,1,1,1,6,1,6,6,1,1,1,6,1,6,1,6,7,1,6,0,6,1,6,1,6,1]"
"[1.05248268,2.71978937,2.86843065,4.74634773,6.08827543,6.5661469,7.59535921,8.1712098,8.30941288,8.86146181,9.63724869,9.71251018,20.3176564,20.53726191,21.90145652,24.58601887,25.49883146,26.05717587,30.95037039,31.16492735,31.27875978,34.46982548,34.53955874,34.98495559,38.67064402,39.79079774,41.44288811,49.42087355,50.13529327,51.30533862,53.35234764,57.08225188,60.85540142,61.40943918,61.54196895,61.81114745,64.18635977,64.51588141,64.56431932,67.27353389,67.84301582,68.09426598,68.18263798,71.65805615,74.37346178,79.64766225,93.33217186,93.50597107,94.65024585,95.55703929,95.83718788,99.38229552,100.35678714,102.29705593,102.32673889,104.09106935,108.53892477,112.2353215,112.30856031,113.34019248,113.36761739,113.43141636,113.80187884,113.91170321,114.49875067,115.50234279,119.64167394,119.65209832,120.06674482,120.21167947,120.4833981,121.56914423,121.5763702,121.75088347,122.07818547,123.98875202,124.34724254,125.24288716]","[1,3,7,5,5,6,5,6,6,7,4,4,5,4,1,6,2,7,7,0,5,2,5,6,7,2,4,0,7,4,7,4,5,4,1,6,6,5,6,6,6,6,7,4,2,6,5,3,6,0,7,3,3,3,1,4,7,1,0,5,6,6,4,6,0,7,5,6,7,2,5,7,6,4,7,6,5,6]"
"[2.37955494,6.10074266,6.88268227,7.3015983,7.30457214,10.05189802,10.44523506,15.44225319,17.16769964,20.04931666,25.09718368,26.04490717,32.49369887,34.92149069,38.62899945,39.03457239,39.14231028,39.39377203,41.27213417,42.07193065,43.03471546,43.25048326,43.49142437,43.50172778,44.54314307,44.8742252,45.08313411,45.41885506,45.68297038,45.70695588,45.81271175,46.15087961,46.44153933,46.58827704,46.62893974,47.02727537,47.13051323,47.19781378,47.24175246,47.52676489,47.57483087,47.73356294,47.82350643,47.90985849,48.01638696,48.77243642,48.95800473,51.18460101,51.22093972,51.27298284,51.35778884,51.8816192,52.6841274,52.82848891,53.79054553]","[1,2,5,4,5,6,1,5,0,4,2,5,7,2,7,5,6,5,4,3,0,0,5,3,7,6,6,5,7,1,7,0,0,7,0,5,7,7,0,0,7,7,0,0,7,7,6,0,7,0,7,7,0,0,7]"
"[2.27860036,13.01609721,13.02820236,13.92643204,14.62383279,14.9000105,17.62290693,17.78825609,18.86496865,19.30706608,20.91651027,22.23578333,22.33394359,24.11281519,27.20403565,27.56216441,27.7951288,27.81317026,27.97157719,28.66703532,29.90556834,31.16486313,31.31738527,32.30834407,32.95172134,34.22795942,34.37665933,34.51269019,34.91859419,35.03029041,35.53329008,36.43698844,37.43386503,38.5099465,42.24969113,42.70615503,42.75132743,46.20452015,51.55781333,55.59626058,55.63062207,57.88325532,58.2370039,58.7805952,59.30370892,60.96094107,61.0631116,61.17644933,61.77031906,62.50478091,62.5981404,62.98682432,63.98700285,65.33554014,65.56897862,65.97006217,65.97012537,67.47492009,68.87658851,69.29866667,71.20218882,71.21520831,73.85819833,79.30344105,79.56258688,81.04322193,81.79598717,81.93557809,82.39548874]","[0,2,5,5,2,5,2,2,5,5,7,7,7,0,0,7,7,0,7,7,7,7,2,5,0,0,7,7,0,2,7,0,5,0,3,5,3,3,4,7,0,7,0,0,7,6,0,7,7,0,5,0,7,2,7,3,5,7,0,1,2,5,3,7,0,7,0,7,6]"
"[5.27519587,7.03948764,7.3978946,20.56464067,20.68520217,20.72460254,21.89917244,42.24192942,46.15443033,46.25872737,50.80089563,52.43518257,55.10810744,55.41403818,56.25526295,57.75912953,58.228804,69.40851507,72.54518765,72.65168164,74.82924878,75.26111659,75.70001833,75.89322131,76.38558345,76.75958635,76.8431507,77.67686981,78.55774241,80.51943712,80.51965459,80.62984219,80.65799937,81.39122608,81.45016381,81.48239613,84.15702237,84.2024751,84.28401708,85.08917505,85.16666519,85.34049243,86.6841698,86.78207018,86.97683077,87.00430629,87.10601426,87.68541233,88.31014638,90.51433439,90.79995387,92.2446171,92.34800203,92.65567418,93.58111218,97.95987364,98.06322377,99.99360366,103.59913953,107.63748119,110.17189624]","[5,2,1,7,2,4,5,5,0,7,4,3,7,0,1,5,3,7,0,7,7,0,7,0,0,7,7,7,7,7,0,0,7,7,7,0,0,2,5,7,7,0,7,5,7,1,5,6,5,6,1,2,5,6,5,0,4,5,4,7,5]"
"[0.53524366,1.46818245,3.65218153,4.01032084,7.54521429,10.26249361,12.25100619,12.49147275,14.82946681,21.60402027,21.85763452,22.10668073,23.22015489,23.35129896,23.51570489,26.16365514,26.21044352,26.24847884,26.64036199,26.88886964,27.67442925,30.02323192,30.58951017,31.54763045,33.01650744,34.36323031,35.03610874,36.19397148,38.94980663,39.89936626,40.72743178,40.99462461,41.39241408,43.68578002,44.07681454,45.27950921,45.36592465,47.59239984,48.25215092,51.5020312,52.93959175,53.37511852,53.59064041,53.99976224,54.5723606,55.39947648,57.3942362,59.54765703,62.20829698,62.34173615,62.35213066,62.56664747,63.97332736,71.78451114,73.55954301,74.42817558,74.49581604,75.55079538,77.50792477]","[1,5,4,5,4,1,1,1,1,5,4,5,7,4,3,0,5,6,7,4,4,1,1,0,2,5,4,4,5,5,6,5,7,4,1,5,1,4,5,2,5,4,4,6,5,0,7,2,5,6,6,6,7,2,6,0,1,5,6]"
"[4.30522625,4.71265183,6.25028343,8.60345437,8.77075912,9.93297831,11.31709583,11.50293398,19.49970042,21.75264341,34.90032543,35.61831943,35.72023028,39.33128207,40.76401428,40.9678312,41.62458393,42.3415391,48.61133633,50.32379436,50.4473043,64.69829647,68.97647593,69.28995969,70.46209436,70.56612205,71.24775068,75.21926473,76.34915471,77.90239047,77.92582164,77.92623456,78.08013597,78.10570638,78.46588509,79.76183963,79.91632165,81.24346728,81.84954469,82.75215453,82.76395136,82.88292004,82.89575092,83.25587373,83.32502355,83.44103464,83.61437265,83.66344323,83.68082445,84.10123477,84.33496694,84.40825306,85.01212598,85.72915266,85.77446109,85.92544076,86.27624974,86.44670637,86.54284684,86.65507624,86.7624307,86.84731089,87.16063082,87.42369099,87.57448621,87.78055748,87.85552336,87.92323691,87.93193134,87.99698983,88.07736612,88.54763827,88.74737813,88.78784403,89.1057561,89.10730685,89.5055344,89.61612135]","[5,0,7,7,7,0,0,7,5,7,4,3,3,5,2,5,5,4,5,2,6,6,2,2,3,2,5,5,2,1,6,1,1,6,6,1,1,4,1,6,6,1,6,1,1,6,1,2,1,6,6,5,6,6,1,1,6,1,1,5,1,6,6,6,1,6,1,1,6,6,4,6,1,1,6,6,1,6]"
"[0.75571316,7.23450152,11.62927793,12.17243892,12.19230106,12.81878113,16.34798857,17.20670662,17.31407435,17.49109689,30.24586689,32.2475081,32.64536037,35.4272805,37.97986947,39.6307143,39.69403313,42.58095957,44.71077542,44.80888874,46.00160088,52.40271443,53.08542689,53.63230674,55.19721182,55.45389743,56.76001081,60.30282387,60.3521914,60.85761811,61.19743259,62.43268818,68.66547772,72.52658568,74.61862362,74.96823495,75.50798853,79.03393104,80.69016984,81.57936591,82.17784545,82.22150248,82.90652845,84.49876526,84.54219274,85.63894189,85.95165155,85.99498996,86.17045167,86.37946492,86.44124272,86.58855159,86.76262178,87.03314633,87.47828836,87.71199139,88.78725512,89.92515081,90.77246679,91.3712385,91.53549304,91.96713194]","[5,6,2,5,5,5,5,5,2,1,7,0,7,5,7,1,6,6,0,7,1,3,3,1,7,0,7,4,3,1,5,1,7,1,5,1,6,7,2,5,1,6,0,1,6,7,6,1,6,0,7,0,6,7,0,6,6,5,1,1,6,1]"
"[4.41889579,6.45348083,13.65052587,14.27188579,23.68744731,25.78363172,28.1676486,28.93652621,29.61714101,36.36394419,37.08351595,38.27103816,38.78766665,39.36474699,39.89974774,43.42085172,45.46900993,46.71711067,47.30958746,49.18939812,49.22188841,50.20240775,55.94968592,56.25678897,56.324878,57.06550882,57.32962797,57.38787154,58.7254884,60.47575446,68.7425806,76.60009346,80.28546421,87.29736828,89.33142797,93.68495818,94.05484122,94.07210559,95.32867384,96.6555902,96.71097983,97.47978744,98.10560368,101.8059714,108.18925828,111.9647258,112.03460802,114.43221739,114.54763687,114.67122059,114.68891961,114.92737277,117.45274263,121.23441387,121.86719731,123.02484393,129.67946189,130.26792511,130.67317019,132.28149212,135.79638896,136.07761065,137.04596341,140.1026878,140.94559788,143.30000665,144.37838231]","[2,5,5,6,4,4,0,2,1,4,7,6,3,2,6,0,7,1,5,5,6,5,5,4,2,4,5,5,5,6,0,1,2,2,1,4,5,6,5,4,5,4,6,6,3,4,5,5,4,4,5,6,4,5,1,2,4,2,7,5,1,7,7,4,5,4,3]"
"[8.14294329,13.99857106,15.70364124,22.12854014,22.92540328,24.53271809,26.19870966,30.90244891,32.42297157,36.18376204,39.38733845,39.57080665,39.84850649,40.38312982,41.10205111,41.45780883,41.5508889,42.67774123,42.95716765,42.96324234,43.19182029,45.72993011,45.84172622,46.04123102,49.41494261,54.45982318,58.14768423,58.84651837,58.8982337,68.10617392,69.87787546,72.05369281,72.35379322,74.01031149,74.10625817,74.98553669,75.63077099,75.69719171,75.81821647,76.29808989,76.59805323,76.65463709,76.97678469,77.80249,77.95873611,78.14791972,79.06700479,79.99814653,80.44937645,80.78626693,80.96072601,82.6910336,83.70289672,85.1736267,85.65227663,88.53987388,89.14268899,89.82110176,93.15995069,97.77773534,98.45786782,103.20202863,103.84494356,104.85847453,105.32509652,109.8911142,110.63901313,113.56531155,113.73185425,114.21306392,114.7646444,116.80077657,117.87487348,118.94755195,119.29028854,119.77024079,119.87883163,121.11107308,121.79938192]","[1,0,0,3,4,0,4,2,4,1,5,6,6,6,7,6,7,4,5,6,6,5,4,7,5,5,1,4,0,3,1,5,6,7,4,4,5,0,6,5,5,6,6,4,7,5,5,4,6,5,6,6,7,4,7,1,7,2,5,1,6,6,3,6,4,0,3,5,6,6,2,5,6,5,5,4,1,6,5]"
"[3.576041,7.325134,9.04205502,19.64749394,20.27717144,21.28689757,22.07691304,24.88535983,25.98026925,29.37886909,29.61109074,29.74478634,35.9788836,37.79194143,38.53261043,39.34544182,39.6461706,39.81041731,41.37551666,41.54621775,42.04023757,42.14828705,42.90259737,43.15460437,43.23759216,43.23851386,43.3736528,43.59159818,43.7944691,44.28790435,44.98253897,45.11572911,45.96556754,46.45864413,46.62701154,47.11635028,47.16927798,47.2174925,47.22045641,47.24247054,47.49148482,47.71280842,48.16531507,48.4340315,48.49175577,48.6224683,48.83351001,49.70360896,49.82990991,49.93178224,50.13355675,50.32426123,50.47014892,50.91615452,50.93908513,51.05365202,51.76868512,51.83602586,51.93658878,52.0480117,52.06471346,52.10037169,52.31552017,52.39231592,52.92261677,53.03800832,53.50137752,54.4693658,54.49699704]","[1,5,5,4,3,3,4,2,2,2,7,5,3,1,2,0,7,5,5,0,2,5,5,1,7,0,5,0,0,0,4,7,7,0,6,7,6,0,7,6,1,6,7,6,6,1,6,6,6,1,1,1,1,6,1,7,1,7,6,0,1,6,1,6,1,6,6,5,1]"
"[5.15522609,6.60399199,6.66763141,12.84857423,14.36556903,15.96161379,16.56028352,17.72907552,18.22191375,18.35482167,19.16814877,20.74042441,20.96567315,24.90516,25.21367422,27.96454565,29.14320411,29.60665145,30.4261411,31.96021998,32.99143179,35.01002791,36.47103249,36.50776693,37.93028935,40.56741829,42.10354507,47.45753173,48.02165463,49.11599005,49.97765815,50.15928747,50.44531204,50.90575832,51.00871518,51.57072689,54.78759452,57.17560341,57.30768329,58.8873724,62.63250957,64.12689046,64.95219935,73.4616016,78.50445562,81.77588013,83.05792744,84.42443264,84.91840568,85.01309783,86.07740132,87.16484509]","[2,3,7,1,6,0,7,4,1,6,6,1,6,1,6,1,6,1,6,5,7,5,7,0,0,7,0,0,7,7,0,7,7,3,0,0,7,1,6,1,3,1,0,7,5,3,7,0,5,7,2,5]"
"[14.91709031,15.40120022,16.08266345,17.1177308,17.19839182,18.01865569,19.03079456,19.33329925,24.2382223,26.05573132,26.08231474,31.82095537,33.59658959,40.40366356,42.78767621,43.39617425,47.60741204,47.73568572,48.1486703,51.05082496,51.23295581,54.62952303,56.40255327,62.0760866,63.00982758,63.43230684,63.4624131,63.8120816,63.90489288,63.93908363,64.31644598,64.82353444,64.95178643,65.03573238,65.92490509,66.33369238,67.74824927,67.84454928,67.96666029,69.27543986,69.33244421,69.60239171,72.07134469,72.79982423,73.18814065,76.29112814,77.59261143,78.27660675,80.30686959,81.55968368,81.62407698,83.19082174,83.29044595,84.4507889,85.33269179,85.54198817,86.7445795,87.43696117,89.24864336,91.72686939,91.80397213,92.50234257,95.0947646,95.3490787,96.72741044,99.19615161,99.27342097,102.90103726,105.4589802]","[5,4,7,3,0,7,2,7,3,2,3,1,2,1,0,6,1,2,6,1,7,7,5,0,7,0,0,7,0,2,0,5,0,5,7,7,0,7,7,7,7,7,0,7,0,3,1,4,7,7,5,2,5,5,5,1,4,6,1,2,5,1,6,1,2,4,6,6,5]"
"[2.51470263,8.98216332,9.18839245,11.28376639,12.90577211,17.469167,17.94599625,20.77781808,24.29762542,28.33129811,31.93574076,32.17438109,33.00577843,33.86821723,33.96931458,34.39476644,34.8494498,35.01384299,35.02318173,35.09390582,35.24612198,35.28960183,35.56982268,36.13810107,36.44017082,36.95526324,37.10721765,37.53875301,37.67450843,38.17301204,38.39822223,38.80541172,39.48861901,41.49523224,41.78909508,41.8719026,42.53093079,42.76709248,44.58754653,44.9138589,45.03175913,46.25294627,46.33741798,46.46193556,46.70027279,46.74373977,47.27373616,47.54939857,47.62591423,47.70633964,47.74027012,47.77051196]","[2,1,4,4,2,7,2,4,6,1,7,0,7,7,0,7,1,0,0,7,7,7,7,1,6,0,2,5,7,7,0,6,0,0,7,0,5,0,6,7,6,0,7,7,7,1,0,0,6,0,0,7]"
"[3.48554985,13.87758996,14.02032435,14.19515116,16.81915487,18.3323369,18.72533122,19.04926989,24.37984915,26.17697308,31.14247729,32.02325486,32.76821494,33.04731587,33.50606437,33.55016528,33.6214479,34.02502686,34.26011425,34.41579166,34.68449928,34.69121765,35.13742074,35.53101794,36.76423906,37.30223608,38.10921954,38.30778674,38.52178617,38.59427348,38.73217402,39.73518786,40.08972892,44.43439187,45.00081238,45.01310927,46.1808656,46.22682075,46.27281776,46.36403672,46.57871626,46.68253769,55.91524295,58.1271964,61.8339463,75.23710526,76.09323776,78.86328047,78.87666954,79.40578222,81.81358053,82.941619,95.48485512,95.90394842]","[3,7,2,0,0,7,4,5,7,7,0,7,0,0,0,5,7,0,7,7,2,7,7,0,7,0,7,0,0,0,7,7,7,7,7,4,2,7,0,0,7,5,3,5,6,0,7,1,0,7,0,5,5,5]"
"[2.29551204,5.90464332,7.17953366,7.5735745,8.26424555,11.24261803,11.60378296,14.22797751,15.76022501,15.80371832,15.87911844,16.46611072,16.59164061,16.62240536,16.64819285,17.45574904,18.11013518,18.36634918,20.0005338,20.14366074,20.23392396,20.35881681,20.37488112,20.44092753,20.51347245,20.87659034,21.34680866,24.13302068,24.67835305,24.93980115,25.59625811,25.9672881,35.30789458,36.61705401,43.95061938,45.50968113,45.71107881,45.81859834,46.29962122,46.68314073,47.40924302,48.42767178,48.65087291,49.02872809,49.53502793,50.02526224,50.5896572,51.37381636,53.0291926,56.53391325,58.48522279,60.21628557]","[1,2,5,0,2,3,5,7,7,0,0,7,7,0,7,7,2,7,0,0,7,7,7,0,0,0,7,7,7,0,0,5,2,5,2,7,0,1,5,6,0,1,6,1,1,6,1,1,6,3,5,0]"
"[0.14755546,0.4464844,0.5091604,0.52512465,0.99510785,18.46097349,18.49483383,18.76943833,18.89859033,18.90403451,19.4185434,19.59170748,19.74049056,19.76654434,20.03373501,21.46548811,22.44674286,22.52009926,24.71969731,25.30865607,25.97530201,29.64814163,32.1120654,36.0332878,37.77082333,39.42826316,39.68916045,40.31406796,41.84679212,47.01393864,47.60369906,47.76766931,49.96866689,50.13091634,58.15806106,58.33459425,64.84149814,64.93868594,65.91986693,69.70325319,73.20580736,74.89482172,77.35958469,78.23466626,80.15949411,81.62613558,81.64988372,82.19825701,83.59372528,85.56412087,86.79706435,86.96599088,89.6643066,91.21727906]","[1,1,6,1,6,6,1,6,0,6,0,7,6,7,7,0,0,7,7,7,0,0,2,2,6,6,1,7,5,5,5,2,6,5,4,4,1,6,2,5,0,7,5,7,0,7,0,0,7,7,1,5,1,1]"
