event_times,event_types
"[0.44734773,0.84060007,1.54086397,1.99801624,2.29687743,2.47200104,2.62680813,3.01359657,3.06486351,3.63009001,4.36062598,4.40916425,4.82821678,5.64809817,6.0343888,6.11753781,6.25228552,7.36951242,7.50120304,8.07703544,8.90430847,9.06213645,9.25909592,9.28372604,9.86476413,10.29279219,10.4207084,10.83959245,11.012055,11.02084487,12.29085113,12.8893716,14.85262989,15.43485062,15.89614048,16.63043387,18.71595487,19.88832088,21.88290524,24.10746592,27.46626888,28.5401341,33.42699243,34.55230196,35.54431571,36.22578119,38.13473884,41.55550158,51.26895257,56.40175938,59.6499139,60.12027857,62.22067033,64.09502978,64.33033063,64.56226138,64.79703158,66.16918929,67.72015066,75.46315893,76.65010721,78.11386106,79.16545403,80.25595766,83.65833664,85.41088495,90.76657678,91.29614727,91.88782219,95.83190329,98.06124468,98.33018647]","[0,3,5,4,6,5,5,0,4,6,5,2,6,4,7,5,6,4,4,4,5,5,5,6,2,3,4,6,6,3,5,4,4,5,4,5,7,1,1,1,2,4,5,6,5,4,0,6,2,3,4,0,1,4,5,4,7,1,7,5,6,4,5,5,6,0,1,2,0,6,3,7]"
"[12.12828984,18.84634031,19.41399913,20.92537717,25.6055508,29.50473818,30.98755795,32.10784683,34.47782566,35.62562471,35.64067554,38.06852596,38.89849338,39.21401261,41.43235116,41.64098715,41.96566049,46.18956436,46.93218545,47.38602823,47.38627384,47.76788744,47.89193954,48.16393982,57.42493008,58.07354448,59.862943,60.34598033,60.92344582,62.92376749,63.05743599,63.73940907,65.48082366,66.89131765,67.74160742,67.74386774,69.53558248,70.031079,70.44577871,70.64931946,70.75413622,74.27468625,76.78404467,79.35882423,79.67363767,80.18248994,80.18579228,81.39885099,81.40746414,81.94363703,83.68727474,84.32611627,85.13430596,91.34251734,92.04182094,92.67247277,94.11410581,94.87960526,96.95649009,97.88675387,99.61271727,101.00958977,101.44972081,103.30875951,103.58619614,103.94030892]","[1,0,2,1,1,2,6,1,1,1,0,4,0,5,6,6,4,5,5,6,4,6,4,0,2,0,5,6,2,2,1,3,3,5,4,5,4,3,6,2,6,4,0,4,5,4,6,5,4,7,0,5,4,2,7,0,6,4,2,5,2,5,6,5,6,7]"
"[3.19650035,5.31868947,12.03539873,12.32469866,14.40000588,16.64573908,18.06852421,18.2383676,20.53381575,21.0180295,21.05755276,22.07452858,22.40938446,22.5842243,23.67108107,23.87234919,24.50885886,24.60663818,26.14289842,27.32262951,27.74562304,28.62163334,30.4449219,37.44441982,40.85334004,41.27088043,43.21533967,43.52140313,44.20796845,51.27070416,53.10866281,54.30489003,56.05672002,56.42208063,56.50794488,56.53550578,57.22596566,57.57413975,57.74622246,57.81078123,58.16021127,59.25477741,59.29531404,59.68957165,60.07674076,60.33525612,60.81422079,61.10961416,62.07657917,64.2085858,64.23969055,64.81159062,65.80726502,67.88520193,68.34168554,68.60871709,68.8372254,71.51773084]","[0,1,7,5,6,4,5,4,3,2,3,4,5,6,7,1,4,3,5,2,6,3,5,2,2,3,0,7,1,7,1,5,5,4,2,4,4,5,4,6,4,4,4,5,5,6,4,4,4,2,5,5,0,6,0,4,7,7]"
"[5.09351197,8.44474956,9.73160945,10.79698266,14.01325021,17.1393866,20.85346362,22.04096917,22.45172159,23.89532689,23.94866349,24.20324324,25.65581884,26.07285002,26.68780363,27.26373937,27.35913941,32.07894296,34.60111977,36.85299499,42.97499959,43.97147828,46.99497253,48.01889777,50.27651242,52.32347342,53.65186372,54.4402295,54.46273012,54.97073472,55.61304124,55.72904651,63.02589143,65.37549513,67.36535095,68.13990827,70.84813482,72.97932129,73.66209048,73.89136098,73.89293975,74.12602398,75.63545408,75.83952998,76.19364126,76.2045908,76.31725776,76.9185715,77.59935768,77.7837539,78.7015831,80.24354949]","[3,4,6,3,0,7,5,1,6,4,5,4,4,1,1,0,2,5,4,3,1,3,0,2,5,4,5,5,6,2,6,4,6,4,3,3,4,5,4,4,6,5,5,4,6,4,0,5,5,6,6,6]"
"[14.32029135,14.96567378,15.03430449,15.18099525,18.81059007,19.961162,28.67407577,34.24167035,36.464813,42.29704953,48.68631774,50.35882896,53.21890654,53.36218079,53.87015316,54.79017896,57.63467279,60.47094288,61.53656322,66.84248228,68.17326087,78.03467816,83.6976254,88.98405015,92.27981418,93.16456372,93.18924944,101.83746582,103.9738639,106.82344791,108.71364149,109.07482226,109.37683808,109.47941045,109.78479923,109.88686012,112.29466728,113.8510027,114.18200518,116.61332455,118.65583028,125.17043255,125.28200718,126.85447244,127.16566162,127.18790154,128.44340445,128.86715537,129.32735872,129.44126484,129.44488958,130.09722408,130.41208391,130.46222114,130.5672655,131.06958447,131.58001344,131.83754313]","[7,0,4,7,7,4,1,2,3,1,3,0,5,6,4,6,0,1,3,1,1,1,5,4,1,5,6,2,2,3,4,5,3,2,4,5,5,3,5,2,6,0,0,3,4,5,5,5,4,6,5,4,4,6,6,5,7,4]"
"[0.45463039,0.58277272,0.68160746,1.14730577,10.07342993,14.49701714,14.64813832,15.8988204,16.67199867,16.90556796,18.5561665,21.64731216,25.12440504,26.82640678,34.1364425,34.72635247,35.08606409,35.69726185,35.79702724,36.49101257,36.49800402,36.79241115,38.99143792,39.03456044,40.71297173,43.88330555,47.46920507,48.4953026,48.62260819,49.68511277,50.50144294,50.56343943,50.94599036,51.84267102,51.90248604,52.42705667,52.99976512,54.75366376,54.85729901,54.93459756,54.9512489,55.43195234,55.84307867,56.5795749,67.07265153,67.70123409,70.37064083,77.48739727,84.86965713,89.72139306,90.32679002]","[1,5,6,2,2,1,0,5,4,3,0,0,3,2,4,5,7,6,7,6,5,4,3,6,7,2,2,2,4,5,4,5,4,4,5,5,6,4,4,5,5,6,5,7,4,0,5,2,3,6,0]"
"[1.1835916,5.98734554,7.2273432,11.37236512,13.34457526,16.58416957,22.44334481,22.4515195,23.18833486,23.56850156,24.13155747,29.47427242,29.47624204,30.67432647,32.22253725,32.69390638,33.28161869,34.36377961,34.51702098,36.37904884,38.97144388,39.15341449,40.50502239,44.13432328,48.69130068,49.3155699,52.9694998,52.99651024,53.50159355,53.5066893,54.65401616,55.87109566,56.12052256,56.53193811,57.3219591,58.20706402,58.40769438,58.89073484,59.39365835,61.13772475,61.52286228,63.0804701,63.78368362,71.75330961,71.84677482,73.00583225,73.02878792,76.50987327,81.27565272,82.45643534,85.16688118,86.5489348,99.44549402,100.26662215,102.88492369,106.8127326,108.93149234,111.21984162,111.34294482,122.72826983,130.72189672,132.87510308,133.44546835,134.00478331,137.84904936,139.66257237,140.04883002,141.77875959,142.12422219,142.3384385,147.14115858]","[0,0,7,5,3,7,2,3,5,7,6,0,1,3,2,5,0,2,6,1,4,4,0,1,0,7,5,0,7,1,6,7,4,5,4,4,4,3,2,4,0,0,3,5,2,2,6,5,7,2,4,5,7,1,2,7,7,2,6,0,7,2,1,2,5,3,1,2,3,2,4]"
"[0.53832724,1.69328926,4.39967655,7.72453958,8.11166699,8.58717193,8.88447301,9.05247483,9.26461652,9.27847762,9.3657002,10.24493807,10.63203023,10.78076269,11.96196379,12.04336827,12.60309737,12.71374959,23.31771778,23.34223558,24.62236543,24.98389704,25.32753876,25.42365694,27.82140418,29.8085568,29.89978436,34.23745579,34.90084299,34.9121004,35.60446107,36.54187506,49.60721446,58.21950377,62.20710975,64.63986882,67.18635709,69.38909773,70.40115188,71.99634789,74.93958429,75.72113035,77.40744774,78.50581509,78.88903805,83.10518342,83.28117458,83.72432023,84.46511006,84.72644622,85.69617151,93.67314162,93.81106458,95.15797506,95.63149478,95.90874128,99.83015636,101.39755118,101.64079498,101.67127202,102.13697831,102.15135716,102.76547715,102.98141793]","[1,2,5,1,6,4,1,5,6,6,4,5,6,5,6,0,6,7,0,3,3,3,3,1,2,7,0,5,4,6,6,5,1,3,0,6,7,4,5,2,7,2,0,1,1,5,6,6,7,7,3,5,7,6,7,4,3,4,2,4,5,4,6,7]"
"[6.0890237,7.20755809,14.13836566,14.67205223,15.5363403,18.29428941,19.45049364,20.24822176,22.13834341,23.63816606,23.93843524,24.88354538,25.94617962,26.46497845,26.64658177,26.93365105,27.5471867,28.46433493,28.93525312,29.57246414,30.32574906,30.61569785,30.73684575,30.85697725,31.21302666,31.64317514,31.69867775,31.90743189,34.84624252,35.25247791,36.47299678,37.21322084,37.213601,37.70709565,39.01045425,39.3891688,39.8556327,41.0434478,42.87435747,53.05370563,55.78435817,55.82957292,56.24165315,57.7241393,58.6809249,67.25218064,69.35627647,69.92561991,70.42314701]","[2,2,6,1,1,5,4,4,4,3,5,1,4,6,4,6,5,4,6,5,0,6,4,4,5,6,6,7,4,4,1,3,6,1,4,4,5,5,3,4,4,3,2,5,6,5,2,4,5]"
"[5.48713986,6.59370568,12.08985484,13.82947565,14.95952051,15.39115573,15.67821999,15.80334308,15.86560379,16.053581,16.21391856,16.66061996,16.78801494,17.46056359,18.07019879,18.42847875,18.5045451,19.59308071,19.87707755,19.99873333,20.06705291,20.24435211,20.33374143,21.00422402,21.10300492,21.21350242,21.32559679,21.45221143,21.64897557,22.00153792,22.62955216,24.09222737,25.16149864,25.87919138,26.26875195,38.8348541,40.10156103,40.3772282,41.06111847,41.08746426,42.475307,43.84820734,45.47229085,45.70542265,46.40992962,50.12805365,55.3948422,55.90195793,56.4871658,59.99714805,61.21739267,62.09481639,62.38725882,62.63021786,63.91416229,64.29247407,64.93633728,65.70704632,66.5462293,66.86530853,67.6071493,68.38351551,73.10643834,73.27828404,73.30837135,73.52273771]","[7,0,5,6,4,5,5,6,4,5,4,4,4,5,5,4,4,1,5,5,4,5,6,5,5,6,1,4,6,4,6,6,3,2,6,4,5,5,4,6,4,7,1,6,7,1,2,2,4,5,4,5,4,5,4,5,4,5,4,6,7,1,5,4,7,5]"
"[6.31678224,8.93742516,14.4533905,17.62341392,17.66696416,19.43724037,20.06542336,24.65373275,27.94191121,29.32940137,31.89723381,36.65497546,37.46308873,39.49695479,39.77968205,40.78981366,42.19560985,46.02951771,46.24915619,46.77138253,47.9348066,48.35793996,48.94713703,49.7206025,59.17987655,60.08637382,63.92882473,71.53360086,71.57919374,72.66878935,74.13591549,75.78835902,77.20603586,78.3168386,79.28658828,81.84334993,84.44370108,84.54745391,85.11849034,103.12203711,106.88544981,107.23040544,107.43758778,107.9766332,108.52936811,108.71392418,110.3480708,110.70272009,112.21145576,112.71787326,114.59759272,114.85912185,114.98380294,115.58600347,116.10596483,118.72438615,118.79655559,119.31951423,121.41225552,123.34848591,129.42205651,129.78976674,133.08853307,133.91935048,137.09385332,142.44578913,146.1646505,146.56192477,147.09545365,150.19605217,150.2942129,154.1108852,154.15717771,154.27565879]","[0,1,4,1,0,7,5,6,2,2,4,4,7,3,2,5,6,5,6,6,7,7,4,6,7,3,0,4,5,7,2,3,6,7,3,7,3,3,1,2,0,4,7,5,6,7,6,5,1,5,6,0,6,4,4,5,6,6,3,5,3,3,3,2,0,0,4,7,7,5,6,4,4,5]"
"[15.76513818,18.09972176,26.50375698,31.83352688,32.23417805,32.90865045,36.19384705,37.14272135,37.4794254,38.21905331,38.79759527,40.24805721,40.97153599,41.17316734,41.39330995,41.58062374,42.02371319,44.05296264,44.66320889,45.5331214,45.54169861,45.68598832,47.53958251,47.55814976,47.86052338,48.03969784,48.1006677,48.19039313,48.60735441,49.14092249,49.551578,49.5694687,49.76870526,50.01143196,50.29331409,50.91267136,51.15302598,51.71473229,52.06441394,52.58799804,53.49194165,53.6148249,54.18541162,54.91276735,55.27384321,56.16305484,56.27781175,56.7413898,59.51586913,60.64049683,61.61801173,62.01974888,62.44829855,62.49075751,62.59070714,62.69698856,62.93693335,64.53527098,64.93395135,65.9321232,66.71938976,67.38363752,68.01847218,69.13507545,69.18153646,69.48415172,69.55431723]","[1,1,0,1,6,6,0,4,5,5,4,5,3,5,6,4,6,6,2,1,4,5,4,1,5,5,0,4,5,4,5,5,5,6,5,6,7,5,1,4,6,4,6,1,1,4,2,7,7,6,2,5,5,4,4,5,7,6,1,6,4,4,5,4,6,5,6]"
"[0.26516554,2.48656067,9.24885676,10.3375175,29.58056883,29.69250131,31.46232353,32.28950408,32.57978866,39.03909032,46.7779786,48.32696639,48.93877538,49.11249874,51.3388503,51.42308047,51.55243765,54.60931378,54.92867259,55.43545371,55.75207699,56.26428447,56.49632234,56.75068606,57.54404091,57.76223708,57.86844157,58.09774842,58.71159105,58.9218947,59.01008374,59.36492805,59.81176828,59.97626718,60.28283301,60.34248107,60.88084801,62.22409742,62.29707137,62.42770976,62.44236071,63.55264774,64.25187838,65.20620722,65.99982646,67.73921522,70.08196817,71.66721098,73.63611311,80.07772014,82.5971011,86.45944784,86.85360933,87.10125421,87.33037569,87.69085613,96.91812128,96.97879506,98.56704038,98.7210079,100.22212021,102.0282336,102.61874635,107.1510505,107.6697249,107.9644919,109.05914453,109.37796414,109.68287328]","[1,7,0,0,5,4,6,3,2,6,7,0,1,6,5,4,7,4,6,5,6,5,6,5,5,5,4,4,0,6,4,5,6,5,6,4,4,5,6,4,6,4,6,7,7,6,4,6,2,7,4,5,6,2,6,6,5,6,1,6,7,1,0,4,6,5,6,3,3]"
"[0.82055844,1.14529418,2.20356499,3.57136391,3.83793438,6.5832846,6.7984698,8.28959688,13.24108122,15.02660024,21.7894651,27.35857332,28.01107822,28.24374666,36.24192176,36.97582377,38.54827552,39.12279769,45.49507553,49.26562557,52.13977873,53.27644856,53.677812,54.45357542,54.51286786,55.64490906,57.03241229,57.65581923,57.65697773,58.27718696,58.47275788,58.50571382,58.70516188,58.81780077,59.16139438,59.23111417,59.25205154,59.6161018,60.40782014,63.21504101,64.33460399,64.38637378,66.17420057,66.21816031,66.37300739,67.01848462,67.50989064,67.99945246,68.22646954,68.67738416,69.24695959,69.27950917,69.65711734,69.82775753,69.99313026,70.3221443,70.82006054,71.02761888,71.20691209,71.69705794,71.83253114]","[4,2,5,4,6,0,6,5,0,4,5,6,5,7,1,3,3,1,2,2,0,6,4,5,6,7,5,4,5,5,4,5,5,6,6,2,6,6,1,2,5,4,4,6,5,4,5,6,4,2,5,6,5,7,5,4,5,4,5,4,6]"
"[1.09770716,1.14359802,2.3320361,2.53917556,3.18572417,4.47517125,4.99505155,5.63346752,5.77845581,6.42867196,6.51756757,7.2468396,7.87686467,10.87092749,11.08831128,13.39041904,18.26340604,20.29467814,23.78887042,24.1374809,24.32749658,24.7057248,25.25401139,25.35975909,25.40080748,26.16530572,26.24622627,26.54421313,26.82667842,27.72380488,27.89150722,27.99539216,28.15684113,28.24030236,28.35019961,31.23480531,33.35889991,35.66246189,36.22112338,39.99536885,41.85882425,42.35984487,43.16185929,43.773434,50.36709775,53.91904503,55.82293228,56.2572048,58.39448321,60.95660438,61.79460533,62.26801769,63.81444522,65.82066416,66.00893455,68.24948618,69.12557116,70.33506603,70.4792941,71.00345824,71.89595549,73.28695367,73.99540449,75.78377423,77.04396569,79.95609101,80.68255308,80.93062965,81.94314893,87.07723169]","[5,4,5,0,1,4,7,5,4,5,5,6,5,6,4,0,7,5,4,5,4,6,5,4,7,6,5,6,7,6,1,5,1,2,6,0,7,3,1,6,7,1,7,0,1,2,2,1,0,0,6,0,2,1,1,2,4,6,5,6,2,5,5,2,1,0,5,6,7,0]"
"[2.45639418,5.37919449,8.36875093,9.19601314,9.47307516,14.12912917,21.81431804,22.6715695,22.90596116,23.04385204,23.23781959,23.42317033,23.63967209,24.37813691,24.38962711,26.98699349,27.44851544,28.35571018,29.17524064,31.51526471,32.52098852,33.17017598,33.3189581,33.76095487,33.99374396,34.02004097,34.40517561,34.78569567,34.91510913,35.22985431,35.42406206,35.60015092,35.7067541,36.61614062,36.80110628,36.83466945,36.98731338,38.03075652,38.11470791,38.50789049,38.7124433,38.9373821,39.59917268,44.6834719,48.40320755,53.61694108,56.41322132,56.69402547,59.40944862,59.4678928,60.71647279,68.45119361,68.79996501,69.99042365,75.73030159,82.01430716,83.01640611,86.35302509,95.87130641,98.81192863,99.53982765,100.08188744,101.97271292,103.18530543,103.97489254,104.10881412,104.25856022,106.24476815,107.61348821,108.04634635,109.05251363,109.36884814,109.96998059,111.52402692]","[2,1,0,5,4,0,5,4,6,5,5,4,6,4,4,5,4,5,4,4,5,5,6,6,7,7,6,3,6,1,4,5,0,6,6,6,5,7,6,6,7,4,4,5,3,3,5,2,3,4,1,5,4,4,2,2,1,0,0,5,1,6,7,7,3,3,4,5,4,6,1,2,0,5]"
"[1.55160852,4.8628151,6.96744379,9.49627004,10.55248394,11.27550454,13.74432394,13.78514632,14.03403981,15.10679321,16.34243244,18.6873662,18.8584649,22.08601326,25.91666592,28.32739781,28.44494172,29.58962263,30.25811169,31.25524639,31.47048577,32.65139607,34.1977412,36.46218922,37.99621354,38.32323331,38.75670839,40.88651731,41.98685681,43.26353482,44.41799568,44.53442776,45.56564851,46.05429415,46.15378887,47.11241112,47.58514877,47.96970441,49.32533431,49.35478168,49.88065926,53.10417311,55.53382144,57.40968833,58.24626344,67.04331723,67.87977675,68.84799731,69.03814946,69.14711102]","[7,3,0,6,4,5,6,4,7,4,7,1,5,4,5,7,7,4,4,5,0,6,5,4,5,2,6,5,5,6,3,4,4,6,5,7,7,7,7,2,5,5,4,4,2,3,7,4,4,5]"
"[11.61505263,12.51481802,14.86256561,17.75801314,18.51170534,19.02475219,19.16644518,19.63098388,20.05652928,20.47171439,20.63928283,21.39386325,21.40521187,21.45414899,21.60024106,23.05793158,23.42675719,24.72029158,25.040713,25.32781037,25.56239164,26.37998676,26.51079491,27.61920798,27.76779571,28.22460675,30.07315253,30.46075386,45.21912286,47.16906818,49.12390318,49.22417213,51.00823438,51.09270865,51.40804825,52.73226947,60.03322218,62.988794,64.29307939,64.82308395,66.84151999,67.0576221,67.9278375,69.10644297,69.45521675,70.07911192,70.35133935,70.92236809,72.80349731,75.37926891,76.20765683,76.73221604,76.98965635,77.23267369,77.23941656,77.65432871,77.84442798,77.86520255,78.1935545,78.79455448,79.20137269,79.83181322,80.01046782,80.05820797,80.0832973,80.13624076,80.27307475,80.3359571,80.98979521,81.50301889,82.70881473,83.19654835,85.7527049,86.17224421,87.12241791]","[6,7,7,4,5,4,0,6,5,5,4,2,5,5,7,7,3,3,4,5,5,6,0,6,7,6,6,6,4,2,5,4,4,4,5,5,3,5,4,3,5,1,2,4,4,5,7,4,5,4,5,5,4,4,5,5,5,5,6,4,5,5,6,4,6,4,7,6,7,5,5,4,1,0,3]"
"[4.44401164,6.73900112,8.77446696,13.34372924,15.70771407,16.4116274,16.72392552,20.14256997,20.28555467,22.02656798,22.49917033,26.53916998,27.19052292,29.88992562,32.17026529,41.27826832,41.56660737,42.16896241,42.62501675,46.7799858,47.07787503,47.42688974,47.59771138,47.61931003,47.99003526,49.99069473,50.20072723,50.75592258,51.20869431,52.22989954,53.69676941,53.74862175,55.12613837,55.28999736,56.90002022,58.21364945,59.73903863,60.65042379,60.85459822,61.09121404,61.11480021,61.3284223,61.41818825,61.42356025,61.42447127,61.4526095,62.25173832,62.87952656,64.64548559,65.44768323,66.40097866,67.14278846,69.61618762,71.62458997,71.93302978,74.76033895]","[2,2,2,2,3,6,4,7,1,6,1,6,2,6,2,0,7,7,4,4,5,5,6,6,3,6,5,7,5,4,6,0,6,5,7,5,4,1,4,5,5,4,5,6,5,5,5,4,4,5,4,5,6,0,0,6]"
"[1.30535047,3.97776112,6.66600075,8.84138116,13.66011167,17.03883765,20.52823503,21.03910547,27.41856385,28.03682923,28.88167347,29.88518934,30.2214582,30.62013815,31.9382357,35.31956335,40.45883454,40.47495214,41.33525915,41.3589343,43.38622533,43.51380959,44.08180961,44.91555654,45.13585562,45.17176424,45.61707056,46.11278491,46.44303266,46.70764269,46.78668014,47.36612242,47.9187608,50.11683039,50.24208236,50.27229569,52.54583216,53.74788121,53.77117751,54.80331539,56.21270028,56.63974911,56.70486006,57.0499627,57.40615633,59.0597831,61.42834978,61.78961705,62.64492324,65.35561785,65.97623444,68.60244045,70.30518683,71.48107729,71.5761575,72.36315311,74.2787257,75.40532189,76.0373221,80.25669851]","[7,2,3,3,6,3,1,2,5,2,6,6,7,3,1,3,4,1,5,4,5,5,1,4,4,5,4,5,4,4,5,5,6,0,4,6,5,3,4,6,5,4,5,7,0,2,3,1,6,4,5,1,5,1,4,3,4,5,7,7]"
"[0.98457889,1.22115127,2.05644149,2.41876293,3.46331659,3.91683545,11.7294884,12.42388101,15.62706869,20.99298624,27.13430833,28.13667297,28.43450596,30.18739028,30.30505214,31.69468803,36.5319889,39.73621026,40.72157798,41.79730581,43.13148727,47.99459312,49.55246782,50.89680458,51.38174214,56.7978197,57.50888059,57.62377083,58.10691358,62.07374791,62.59987566,63.07617635,63.10356174,66.92019273,66.92639174,67.39397974,67.81142552,71.74629799,75.1511881,75.50861832,77.08281117,80.6938964,95.04358486,96.1515756,98.65034155,102.34851103,104.50233056,108.03907314,115.61772728,120.96357991,121.69398124,121.99933432,122.97408092,126.04943542,137.79488882,139.30407108,142.02495103,143.52922766,144.12607018,150.49164334,152.29354595,155.01012121,157.7777162,163.53862508,174.41102931,174.51411752,183.01768608,185.19582551,189.68292051,192.84257859,196.43100863,201.38579319,210.753741,212.64442193]","[1,0,4,2,2,3,3,4,6,6,5,5,7,4,2,5,2,1,0,3,6,7,5,1,2,5,5,4,5,6,2,6,7,5,7,6,7,7,3,3,5,6,4,2,5,3,2,7,3,0,2,0,2,2,2,4,1,6,7,4,5,2,6,1,1,2,7,2,6,1,7,1,0,5]"
"[5.35546473,7.45511633,9.07822761,9.64495926,10.16361676,10.44477487,10.89905201,11.27711693,11.51992147,13.7379377,14.07046838,14.99859272,15.36041684,16.74127946,17.16066609,17.24341022,18.74782389,19.18667552,19.58127864,19.63226909,19.74024928,20.35269117,20.455459,20.45859053,20.47089595,20.49150448,20.74217542,21.02059256,21.56790054,22.03592102,22.50702705,22.70899833,22.96381113,23.06301631,23.30030618,23.67171747,23.79471161,24.08983195,25.84297922,27.51092266,29.13611382,29.31718215,29.48069139,29.58524949,29.59627078,31.55915715,31.5775478,32.57192976,33.18900566,34.36406542,36.96827676,38.36058894,39.81513438,42.76264168,44.26397329,47.78305791,50.42391875,50.63363677,50.85435778,50.98547527,51.62756395,52.06112254,56.17282613,59.54694171,63.67468809,66.0221469]","[4,3,3,4,5,6,5,5,5,1,6,5,6,4,3,6,4,5,3,6,4,5,7,6,6,6,7,4,4,5,0,0,4,3,5,7,5,6,4,3,5,6,1,7,6,6,3,7,2,4,7,2,0,5,4,5,5,5,2,6,6,7,1,0,7,3]"
"[8.57115984,19.44421176,20.33063413,22.05069804,24.07961055,24.69895994,25.19151379,34.16429944,34.19117392,34.66121205,35.48172343,36.66301028,37.2711957,41.83142037,47.3140986,49.32896971,53.30056367,55.46232575,58.48535947,59.4320395,59.67350844,59.95636668,60.12437043,60.34386152,61.04111776,61.423781,62.52301984,62.72866157,63.34589067,65.33458442,65.83119553,67.20770575,67.50858725,67.67440418,68.34087442,69.85823037,72.04394735,72.20532212,73.73111508,73.86543246,75.05359056,75.41072255,77.36580781,78.76355099,81.33134021,81.39972892,82.03413395,84.10487713,84.26367905,85.97906556,86.56865609,86.80075854,92.38945945,93.94828997,94.30894482,94.71174346,94.93503753,97.4993627,99.6414307,99.67174626,100.07601581,100.10894654,100.20987782,100.66575025,101.45434896,101.76661163,103.68924295,109.85910112,118.03135948,118.35758432,118.54059648,120.51404321,120.74349489]","[2,0,0,0,2,5,7,7,2,7,1,7,7,3,7,2,6,5,1,4,5,5,5,4,6,6,6,5,7,5,4,4,5,5,6,6,6,6,4,7,5,4,5,6,3,7,2,6,7,7,5,4,6,7,7,0,4,5,5,6,6,7,7,6,6,0,7,1,4,5,6,5,4]"
"[7.48740766,7.83412373,8.23063031,8.27428755,8.89238642,8.89836762,9.50302578,10.10888161,10.26825044,11.02043745,11.14384631,11.19507609,12.59878485,13.32660394,15.61577957,18.44636318,20.04965937,20.25698939,21.94170005,22.3741921,22.9711746,23.00343972,23.12117595,23.668502,24.06639975,24.1907157,24.5191797,24.67307312,24.84385207,24.99211206,25.00673047,27.87593237,32.86511245,34.14522474,40.21578175,40.48743921,41.06007154,41.7367808,41.77375193,43.7287591,55.87860966,56.01725962,59.59627409,65.74515108,66.57994703,68.92003426,69.59781284,74.93327343,75.28383674,75.46513412,79.02441162,81.40591986,82.09497868,82.36966048,86.54400623,88.63004848,91.25089987,93.95495177,95.62305177,100.10363327,104.98930713,113.61249493,115.05018773,115.07343189,117.99054419,118.78400447,121.74920691,125.77822492,132.07490136,132.07770317,132.41058768,132.54605997,132.74397551,134.06429361,135.17801617,135.90442411,136.29620915]","[4,3,5,4,5,6,7,4,6,7,5,4,5,6,6,4,0,5,5,4,4,5,5,5,5,4,6,6,6,4,7,7,4,1,1,1,2,5,6,4,4,3,6,4,4,5,6,4,3,7,1,5,6,4,1,3,1,1,0,5,2,7,1,4,7,1,2,4,5,6,5,5,6,7,6,4,4]"
"[2.09919752,2.21873493,2.59933203,4.12433826,4.48667419,6.2499085,6.33015043,6.64851557,6.77872841,6.83644031,8.11651875,9.05279279,10.80577182,10.83749004,12.87796841,14.76916103,15.08226898,15.28095965,15.76021147,15.85130456,15.87367865,16.14032694,16.34427055,16.50931175,16.63013109,17.46377723,17.5631492,18.08763345,18.81114822,19.93964557,21.01268078,23.86644778,25.03655701,26.70256633,26.81475474,27.85718686,28.1206188,30.48291954,31.24005201,34.06071341,38.30508272,49.58512164,50.84827283,52.82787972,58.39734728,61.99880268,63.07028086,64.08089277,65.62890707,66.09420152,70.48259849,70.65419894,72.08416684,72.58310773,74.1607509,74.66182639,74.90000764,75.15248464,78.61936713,79.21247525,80.51380503,86.87307924,87.17126139,87.17978933,87.84702611,88.33725258,88.60738156,89.04096721,90.95773147,91.37046811,93.09476679,93.73584337,95.9050672,96.59358941,97.15965078,98.51430108,107.68707031,108.90627569,109.00026555,109.08841773]","[2,4,5,5,7,4,5,4,6,6,1,2,4,5,7,1,4,6,5,5,2,5,6,7,6,7,7,5,6,4,5,7,6,7,0,0,2,5,2,2,5,2,6,3,7,2,1,5,2,6,2,0,2,2,5,4,5,2,4,4,5,7,5,2,6,7,2,4,0,2,7,3,6,7,0,5,2,5,4,6]"
"[2.84551854,3.58182181,5.18132386,5.80317371,12.88856175,18.1511884,20.78563473,21.00053397,27.34218328,29.68578355,30.46833385,31.33940932,38.58512372,47.65610877,51.94310536,53.41080441,53.42075634,54.00279784,54.16804913,55.24210441,57.69569672,58.12557884,58.35487112,58.42363043,58.47016583,58.79926215,59.17799244,60.77303131,76.335688,83.40262102,83.65899723,84.21793648,84.27523838,84.31301738,84.72069055,85.08736898,85.26031066,86.3909003,87.95038056,88.38690597,95.19075741,95.79901319,96.11108396,96.76198457,98.1006781,101.59698253,102.34892418,103.55200614,103.56806578,104.75507927,104.87083263,105.38864509,105.57619721,106.46520054,107.38171516,112.84157206,115.86724771,119.47931223,122.55932642,124.16462028,125.81027737,129.45028721,137.62951421,139.08286482,141.20603171,142.90921415,144.22012135,145.53874182,146.46596474,146.92436638,147.45733611,147.66880056,147.83851805,148.09935503,148.90737873]","[1,0,6,3,3,1,0,4,6,1,3,0,6,0,3,4,4,6,5,0,5,6,5,6,4,4,5,5,1,5,4,7,5,5,4,6,6,1,6,1,5,4,7,0,0,3,0,5,4,5,2,6,0,7,5,0,1,1,2,2,2,4,0,5,4,5,2,3,4,5,6,4,1,5,5]"
"[7.45364128,8.31150834,9.84706547,11.81652287,13.41290067,15.59246693,16.93380393,18.26705676,19.40469155,21.89964902,25.64987536,26.42877937,34.92440297,48.56473696,52.21326957,52.36969135,52.60680027,52.989094,53.73782997,53.77265332,54.37801675,54.73087635,56.46189509,56.57893704,56.77017247,57.2244651,57.58752182,58.49080621,58.85230626,60.33972758,61.20287056,61.6021607,62.07064879,62.8715855,64.06820834,64.80735904,65.81255157,66.52237114,68.84730701,70.33877924,71.4519656,71.76325219,71.888563,73.12349088,74.13276754,74.52191166,82.10124676,83.11200283,83.28502297,84.4891682,91.74785548,93.81985107,94.30468515,95.29000217,98.76606635,101.4236291,102.65910268,105.05595334,108.08200777,110.95769609,115.00771493,119.4837313,125.12153858,127.00950156,129.59145021,132.10775053,132.94191778,136.4090425]","[6,0,4,5,6,7,2,1,0,5,2,4,1,1,4,5,4,5,5,5,5,7,4,4,5,6,4,7,7,5,6,0,6,6,5,6,7,4,3,2,5,7,2,4,5,6,4,5,1,0,2,2,1,1,0,5,2,3,0,2,2,1,5,0,2,3,0,7]"
"[1.14203342,1.15347141,2.16554321,3.9782299,13.1211654,14.80123314,15.67931035,19.41616499,20.27599141,21.75285212,26.35113781,28.96348031,29.29269278,32.50028273,37.59692426,39.21232493,40.65503366,42.55651367,48.08373984,48.36856229,49.37094091,50.56428351,51.5347162,52.5579227,53.21436198,53.4284759,54.0037791,54.64417916,54.90262037,55.1890128,55.85452283,55.90842607,56.21510362,56.44636023,58.10624523,58.71752147,59.11707498,64.53476406,65.11627072,65.43541483,65.92908646,66.55580303,67.11989866,67.78264314,69.3098976,69.3790469,69.83683833,70.70728854,71.69664318,71.81107696,71.94261423,72.84652844,76.544599,79.99404911,82.69945882,89.98206131,95.29472304,98.74313524,98.99686833,99.18540641,99.7148057,99.75259127,101.4298885,101.81936444,102.88104556,102.88450866,103.88468653,104.21681093,105.12645558,106.26199594,106.48863591,109.50301449,110.61329552]","[3,3,6,6,1,7,5,1,2,4,2,7,6,1,5,4,6,2,3,5,5,7,6,4,7,4,5,6,7,5,2,4,5,5,4,5,6,4,5,6,6,5,4,5,5,5,1,4,6,6,7,6,7,6,4,6,0,3,2,5,4,4,4,5,5,6,5,3,6,1,6,3,5]"
"[0.1080931,0.30994011,7.1611123,17.489735,18.16922743,18.39959792,21.09532736,25.18598876,26.68539456,30.33620234,31.6908602,36.94529112,41.03227463,41.7171039,47.56742749,47.75406443,49.84027729,52.50783465,52.55822068,52.94271975,52.97977845,53.27935582,54.59366499,55.33289043,56.75413683,57.12938578,57.44608719,59.52493924,76.46720539,77.9067468,78.94702187,79.60107273,79.64003675,87.28075107,88.87839856,89.32975653,90.87387988,90.97381182,95.32896864,107.73527399,107.97558516,108.30364684,108.61801649,109.12502074,110.16228153,110.56969426,110.57463744,110.8107985,113.55593962,116.61813899,117.17666991,117.42553417,119.03545752,119.40388138,124.25560659,125.08231813,126.80508039,129.77445044,130.52452297,131.88507514]","[1,5,1,6,2,1,0,2,0,7,7,0,3,6,5,3,6,7,0,1,6,7,1,4,5,6,6,6,5,4,5,6,6,1,1,0,2,6,0,4,5,6,6,3,0,7,1,5,7,5,6,1,6,1,7,0,0,7,7,1]"
"[1.22672297,7.69083735,9.8521983,13.40394357,13.84737556,16.44975652,16.66377544,16.9565371,17.07074488,17.29680014,23.55233685,27.20237113,28.96018618,29.35681748,30.51280067,35.4775428,38.27336464,39.84993627,40.44306688,40.97634533,41.11798219,42.45070632,47.04053589,47.16167281,47.61335563,48.09230079,48.17819769,49.80483973,51.02273239,51.53497131,52.52810971,53.79356781,59.07901837,63.47135448,64.72772795,64.9972404,66.91700312,68.13658428,69.47927096,69.89347554,71.76407738,71.93567821,72.05741323,72.09653825,72.47023463,72.88930339,73.30736799,73.4999192,75.43637156,75.43689547,76.94402184,79.96738848,82.17588886,90.37136695,91.75257649,93.77238189,94.01475865]","[1,1,1,4,1,0,4,5,0,5,2,5,4,6,4,7,2,6,3,2,7,3,5,4,4,5,4,4,5,6,6,2,2,1,4,5,4,4,5,4,5,6,6,4,6,7,4,1,6,5,7,7,2,0,1,4,5]"
"[0.72610244,2.16076645,2.71463139,4.3879079,5.07112905,6.45340112,8.48600409,9.05218076,9.45584927,10.8689926,13.07645496,15.72019027,20.54242597,23.11586513,24.86534281,29.0133848,29.13048717,29.30099197,29.50485921,34.66098141,35.5173778,36.20621536,42.43072886,42.77694047,43.29398149,48.27419496,51.91255179,52.29741818,52.46184807,53.26232642,54.71976072,58.33308261,60.22900998,60.59043204,61.3897337,61.65407131,62.72830573,62.91307161,62.95306571,63.04791299,63.42867879,64.01241363,64.04727435,64.07118232,64.08888852,64.48799801,64.63109444,64.76848629,64.77243632,64.79107359,64.81447105,64.86215636]","[4,5,6,0,5,0,4,6,6,7,0,7,0,4,1,1,6,3,6,6,1,2,0,2,1,0,3,1,2,6,7,2,5,4,7,6,5,6,4,4,5,4,4,5,4,6,5,4,5,5,6,4]"
"[1.02693991,1.8431872,2.65323712,6.31615834,7.40797316,7.5801905,8.84490556,9.27659859,9.33246558,10.02658023,17.5766563,19.13131654,22.62257156,25.65629583,27.12661994,34.65209297,35.13818794,35.55923895,35.98067511,37.09559954,37.6114203,38.44863223,38.67717502,39.35723089,40.88095764,41.02777986,42.78420998,44.52038458,44.95136893,47.41820208,48.27730924,49.98076079,50.55147753,50.78672768,51.77134912,55.70102381,55.70141276,56.08309524,57.11993883,62.25265403,64.79225162,64.81342681,66.36467117,67.34304506,69.14378372,73.23531998,74.62192616,76.133433,76.44881971,77.90198157,80.32906857,81.03412603,82.96091929,83.62150903,84.10017651,86.6349019,88.04070716,91.02760183,93.53025865,93.79306789,94.04073167,95.42309142,96.59188904,96.60537321,98.12197253,98.63228131,99.28583091,99.70833759,101.29404535,112.19327647,125.18453481,125.89971618,126.64337146,128.07782577,128.49471453,128.91731684,131.75784003,135.27211102,138.34939263,138.48140075]","[2,5,4,5,4,4,5,5,4,4,5,2,0,2,1,5,3,6,6,7,6,7,5,6,3,6,6,3,6,5,6,0,2,6,7,1,7,0,2,3,1,3,6,7,1,3,5,6,3,0,5,6,7,4,5,2,6,7,5,5,6,2,5,4,5,4,2,3,5,2,2,7,3,2,2,0,2,0,6,7]"
"[3.073842,14.68453466,15.06106584,15.12055705,15.12545944,15.57283547,15.81718994,16.04228614,16.41192311,16.51670551,17.28003815,18.89607164,19.18609211,19.26100525,19.97870987,20.06304395,20.44192353,20.74964662,20.82682588,21.91022452,22.52159798,26.75748161,31.98477398,37.50176626,40.67651303,42.57857147,54.46896482,57.3855217,59.33341369,59.68656431,59.75685926,59.81942361,60.25683993,60.70753445,61.97937124,62.0477392,63.25667089,65.34325854,69.28262214,74.6667859,75.74122938,76.42472657,76.63515196,77.22038066,77.29593915,78.56967039,78.88105698,79.24867695,81.04904305,82.15063093,82.16151127,82.27597125,82.30235532,82.35587508,83.14821185,83.68633634,84.82856643,84.9783939,85.29280394,88.58349202,89.04796782,89.32624826,90.06450704,90.57995998,90.93984665,91.15545765,91.6127265,91.86185761,92.62769058,93.27557797,93.65572123,94.28354134,95.07451191,95.35517176]","[1,5,4,5,4,6,5,7,6,1,6,7,5,4,5,4,5,6,6,7,7,0,1,0,1,1,4,5,5,6,6,4,4,1,1,5,2,5,2,5,2,6,4,5,4,6,6,7,5,4,6,5,5,1,1,5,4,7,5,7,4,6,5,5,5,5,6,5,6,5,4,6,1,5]"
"[0.70279133,0.78436267,1.46762617,3.46059179,7.67702595,8.75263426,9.89576309,9.91471762,10.71145702,11.04722769,12.0205437,15.71092977,15.95472093,16.71424086,18.80451969,19.37051105,20.9428544,20.95826599,26.60108771,26.84092081,27.61266711,31.7401227,31.84325981,42.26667952,43.27904999,50.59528093,50.95351947,52.18470395,52.20785331,52.72188453,52.76411895,53.4486733,53.47485333,53.57451888,53.74733989,54.56808015,54.5983671,54.7452334,56.22656771,57.55220585,58.13437258,58.27793563,58.32251203,58.49472423,58.60240615,58.7585025,58.99557217,59.02115369,60.74105533,60.8631272,61.01589531,61.18890991,61.28601378,61.738702,61.75613851,61.89582279,62.28438445,63.84847653,64.14874816,64.45048147,66.45089431,66.81624459,69.03300708,69.04359901,69.83894892,72.07446133,73.1937598,73.37086019,74.18209057,74.8147908,74.96744176,75.32388894]","[5,6,5,2,3,5,4,6,6,7,2,4,1,5,7,7,7,4,3,4,7,6,7,1,4,4,5,6,4,4,5,1,6,5,0,6,4,7,1,5,1,5,4,5,5,5,6,6,5,6,4,4,4,5,3,4,4,6,5,6,4,1,5,4,5,7,4,5,4,4,6,5]"
"[3.06575111,12.6213251,14.16613985,18.02626604,20.62198305,26.57567082,27.07601387,29.69978348,30.78911288,31.50902892,31.75870474,34.44654444,42.31416526,45.18094847,45.49638614,45.58817102,48.50292797,49.89704937,50.22158397,51.03806501,53.09276779,53.51940359,54.02114506,55.08571365,58.34647833,59.50230351,65.45041631,65.81004083,66.39186614,66.80808312,67.0563974,67.13828581,67.47748824,68.33404656,68.68805306,68.70754536,69.46518491,70.82615382,70.99177797,71.01264869,71.10417382,71.28476277,71.60200708,72.50015291,73.0232621,73.22047416,77.8658998,79.80601024,81.30870028,87.5472136,92.30242656,96.6121827,100.8884499,101.46237763,102.54713257,103.3340917,103.42847078,103.47592916,103.48148337,103.6081558,103.64250546,104.14786004,104.48248064,105.15593364,105.25204804,105.57849927,106.24066719,106.54044297,106.85305083,107.48853114,107.85402564,108.16456155,108.16823252,108.52995341,108.54864925,109.23109652]","[1,1,0,4,2,7,2,6,1,1,7,2,0,5,4,6,5,7,4,5,6,1,4,2,0,2,5,3,4,5,5,6,6,5,4,7,6,6,6,6,6,6,7,7,6,6,7,0,7,6,1,7,2,0,0,5,4,6,5,6,6,5,4,4,4,5,6,5,5,4,5,5,6,7,4,4]"
"[17.82575337,23.18328278,27.49228811,28.64635851,31.06480779,32.58365267,32.633169,32.85510421,33.47060864,33.47485279,33.80401882,34.8322686,39.21409791,41.7432836,43.37571521,48.64190704,54.08193054,61.04992713,62.40268041,62.4664626,62.76868144,64.23427962,66.98795686,68.39726355,68.96169291,69.57351708,70.16892105,70.45804231,71.42625883,71.47382598,71.59088928,71.662897,71.7335571,73.17968863,73.7789298,74.25112102,74.42498099,74.70154378,75.70592289,75.85431248,76.73871581,76.90620719,80.49562066,80.54664066,81.5696527,82.68476231,85.75023211,87.5063964,90.43944053,90.95056719,92.39749728,92.69312387,92.90255846]","[1,6,4,5,5,4,6,7,5,5,4,6,0,2,3,2,5,1,5,3,1,5,7,3,7,4,5,6,4,4,5,4,5,6,5,4,4,5,6,6,5,4,7,6,4,7,3,0,5,5,4,3,3]"
"[4.93164289,7.00127951,7.06753646,13.67080695,14.57384459,14.66413454,15.76390888,15.8071091,19.17337945,21.84224969,22.15909839,23.24486211,23.59279751,23.92540128,24.67227014,26.28902548,26.77367975,26.83402084,26.90311511,27.02188132,27.16546297,27.3099336,28.39044001,28.52962419,28.88130899,29.02097423,29.11379197,29.24489801,30.03032943,30.98573772,31.25830562,31.39149571,31.84922762,32.94288311,33.63629877,33.79593187,33.81051757,34.11117346,34.67206955,35.14252095,35.46172339,35.77844324,35.85301338,36.38033208,36.81007763,37.18697503,37.3243873,38.5463711,39.32700115,39.4801904,39.75396029,39.80458274,40.00819553,40.09896557,40.3450099,40.68049522,40.74881029,41.40432957,43.33093941,43.45015127,43.48270029,43.5463017,46.69591013,50.68869374,52.91390402,54.96382946,55.42450648,58.27046308]","[7,6,6,3,2,4,0,6,1,7,5,4,4,5,3,5,4,5,4,5,1,6,6,4,5,4,7,2,6,5,0,5,4,5,5,0,6,5,6,7,4,5,4,7,4,5,4,3,6,2,5,4,6,5,5,5,7,4,5,6,6,4,1,2,1,0,5,7]"
"[0.4800254,8.55712065,12.37786068,13.69886883,14.71555791,18.91456439,19.97834585,20.96377096,28.06038892,28.11947988,28.57786576,30.29382099,30.77977067,30.88613552,31.22968931,31.70677388,33.53027658,33.9839709,34.00548679,34.21880382,34.6416968,35.15779193,35.20934569,35.36889822,35.37082126,35.58379641,35.74459595,36.4209989,37.34092805,38.0931425,38.45001978,38.5007858,38.67137997,39.26690155,39.59035318,39.93416768,40.28112643,40.32611543,40.71166415,41.5605797,41.60662446,42.57899423,43.21688884,44.14689768,44.48754712,44.91795119,53.50677073,54.5210581,55.39214191,56.16495299,56.27272323,56.32150318,56.52947609,57.90344293,58.85629682,63.29639805,63.620068,67.61287548,69.15551079,69.44320825,70.67207266,71.20536233,71.54358607,72.4202521,72.530886,74.9215462,76.14131084,76.25104721,76.91704878]","[1,1,3,3,3,1,2,1,5,4,7,4,6,5,4,5,4,5,4,5,4,6,4,5,5,4,5,5,5,4,5,5,4,6,6,6,6,1,7,7,5,6,7,6,3,6,5,4,2,4,7,5,6,7,7,3,6,5,3,4,0,5,4,5,4,1,0,1,5]"
"[4.78839432,9.78763484,10.93245257,17.12705148,18.66911482,21.89156537,26.88382733,27.40075722,28.6566123,28.98580519,29.83722413,30.51005035,30.761129,35.10998307,35.82899179,36.83711739,38.03597165,38.20645431,40.16338083,44.93421245,44.97156249,45.77602592,51.21983858,53.81387959,67.23629642,69.56209098,70.92171417,74.17240197,76.09239965,78.19188299,78.41223675,78.90751686,80.22560593,80.84562044,81.46317534,81.53296256,81.56301373,81.78118856,84.81588854,85.03041092,85.72186226,89.52336891,92.25084289,92.79328713,95.10173793,95.81952862,101.19177243,103.31292569,104.66897027,108.81456055,109.68225523,110.56953965,110.85411112,111.96832727,113.56002889,114.49695007,116.67396007,118.10227675,118.18305693,118.91569773,118.93814506,119.24810091,119.62578028,119.68672353,120.11891022,120.28667509,120.60010993,120.77672343,121.02944504,125.48672529,133.07418568]","[7,4,4,5,1,6,4,7,5,5,4,5,6,6,7,2,4,5,5,2,6,7,6,2,5,2,3,3,1,1,4,5,4,4,5,5,3,6,6,7,2,0,0,5,6,0,3,5,0,6,6,7,2,7,7,5,6,4,7,5,5,6,4,7,5,6,4,5,6,3,4]"
"[2.35961196,2.48005922,4.5183159,6.38525493,11.23741945,13.71318884,13.83067007,14.11419265,14.76933704,15.01930097,15.07061153,15.08453211,15.94747453,16.01988808,16.26490271,16.56765649,17.0413653,17.73895754,19.05252789,19.74371536,20.58718096,21.55989467,21.64227793,23.07437905,24.43824942,25.480161,26.5016034,26.55317988,26.71563514,27.48545807,28.07090684,28.0772006,28.74286898,29.83855331,31.22976624,36.39067864,38.22424061,38.38001914,38.70529212,41.57984634,41.61120184,41.9518312,41.99214285,42.61626548,42.90617026,43.98485281,44.64359383,44.66040594,47.33631356,47.48898318,47.69454943,48.11205092,48.3443723,49.12475278,49.31948742,49.52948872,50.37147678,50.58133305,50.87054954,51.70293143,52.70809339,52.90713615,53.84763303,55.78380595,58.47209443,59.86022532,60.00133627,62.4628579,63.22027971,63.6182625,67.02225083,67.11089723,89.36264831,89.65263908,93.27202042,94.45690373,97.16287914,97.40368074,97.95517985]","[7,1,7,6,4,4,5,5,5,6,1,4,4,6,7,5,6,6,5,4,6,1,7,5,5,4,5,0,6,5,6,0,7,5,6,4,2,6,7,7,4,5,4,4,4,5,2,6,5,6,4,7,6,6,6,7,6,6,6,0,5,4,5,6,0,0,3,5,3,2,5,6,6,7,7,1,1,4,5]"
"[2.75446153,3.63372843,16.84918507,20.90904397,22.6727932,23.78606306,25.20750419,26.14777281,26.58021292,27.06255193,30.29375233,34.22763969,38.41596529,51.80943582,52.51002738,56.87611547,58.2135406,58.55855424,58.59804821,59.89157901,62.51410155,63.49225651,64.00741047,65.66052613,68.16493041,77.80920697,80.63838888,80.6864934,81.93111474,82.44060392,82.4945005,83.12096393,83.50851895,83.84311331,84.16459529,85.94499922,86.32542594,86.47142386,87.60648918,89.23385069,90.94323216,90.95569113,91.31246886,91.6033955,93.73697273,97.84623041,99.462546,101.50372638,101.56792703,105.34456008,105.68465533,106.32989809,107.63635224,110.32375448,111.29660847,114.03760503,126.64901987,126.77959958,133.88901244,134.24164892,134.42298349,136.85307587,137.69889675,144.18720099,144.75375933,145.03382068,146.18154138,146.41773225,150.24687017,159.39623557,159.8555069,162.30746974,163.89830638,167.30256746,168.4874074,169.76904177]","[1,6,4,5,4,5,6,4,2,6,1,1,2,0,6,2,5,3,7,6,7,4,0,6,6,3,4,5,4,5,4,5,5,5,4,4,5,6,3,5,5,6,6,6,7,1,4,3,2,5,4,6,6,0,7,2,5,7,7,4,2,4,5,4,1,5,5,7,7,2,2,1,7,0,7,3]"
"[1.10059121,7.13339023,10.19589179,10.74519109,10.86472963,11.36135564,19.8210523,20.3081234,21.72615916,21.83557468,21.95318779,22.13214734,23.14681509,23.45893791,24.57280268,24.79429324,25.18160387,27.24569203,28.70079814,29.90853975,35.65668986,36.43722108,37.32004544,39.07944626,39.20727031,40.19840684,40.22573647,41.04010636,42.68551352,42.73211,44.1882076,48.31179034,48.69908752,50.30512605,50.84048984,51.6931193,57.39573921,59.44096747,60.25832329,61.14329487,62.32638722,64.3749605,66.78577059,66.98905397,68.37462736,69.63148724,71.37211432,72.28053272,72.63145277,73.56640676,74.71749486,76.91281726,78.24837638,78.36630239,78.4282828]","[7,3,0,1,7,4,4,5,5,4,4,4,5,2,4,4,1,2,5,5,7,7,5,7,6,0,6,1,5,6,1,0,2,5,6,6,2,4,5,6,6,6,1,7,3,7,5,0,5,4,7,2,4,5,6]"
"[0.23918807,1.10349486,2.65470343,3.29656867,4.81665647,11.96463916,16.45184485,16.6587583,19.69967642,21.19339406,24.02264688,25.19840272,25.32560181,26.19271753,29.93012113,30.01838533,30.31846391,30.37159995,30.39574564,30.84412303,31.54776578,31.81632077,32.13397557,32.16347827,32.72734421,34.48037031,35.75752868,36.05294547,39.72393677,39.83523501,39.97612316,41.78007598,44.15738367,45.53523526,49.61129888,54.88052202,55.18778627,55.37368672,55.67569995,55.7374634,55.88291079,55.90762794,55.92540613,55.98854885,56.36719153,56.54727465,57.19041931,57.28177075,57.86744636,58.08049037,58.38781459,60.56616952,60.73250113,61.74565496,62.1780456,63.29185637,68.31953423]","[4,5,6,1,5,2,7,1,0,5,5,4,4,6,5,4,2,1,4,5,6,4,0,5,1,4,4,1,7,5,7,0,5,1,1,1,5,7,6,5,4,4,6,6,6,6,6,7,7,7,4,1,4,7,6,1,3]"
"[3.05085697,5.92733209,7.22932583,11.9250771,18.42518085,19.28292856,19.73516322,21.90991247,28.90349763,31.06516264,31.80658907,33.21629357,35.29784839,35.48788985,37.79301067,38.67087626,38.83982562,38.9479468,39.63759589,39.81595127,40.17304846,45.01951779,45.35920758,45.61165959,47.82976099,56.37770076,58.39973052,58.97832781,60.11660826,60.65163827,61.88759706,62.37005405,63.18494919,64.28805901,64.8452373,64.8618549,64.99656428,66.21058055,66.76872048,67.29435786,67.34767678,67.52101439,67.53227812,68.02968694,68.91085421,69.71947261,71.35784305,72.04573596,73.14622875,74.22465631,77.31930384,83.97610907,83.9982546,84.7098723]","[1,6,7,2,3,5,6,2,5,2,6,3,5,6,0,5,4,5,6,5,4,5,6,6,1,4,5,4,4,1,0,0,1,3,4,2,4,5,7,4,5,6,2,4,4,7,0,0,2,2,2,5,4,4]"
"[0.48016382,9.33613695,12.91035489,14.57607787,15.49262549,17.34675182,17.80025746,18.39445488,18.9747953,23.32738733,23.54286516,26.78649839,36.48704587,37.93233032,40.22333177,40.9787355,41.89028088,42.04837373,42.09778362,42.36784402,42.39673331,42.44418911,43.15900468,43.52563989,44.51282449,45.75921047,48.38268534,53.48366088,57.12628279,58.74496431,58.91104032,59.06814844,59.39804042,60.08036086,60.79755991,60.96176135,61.11634081,61.58899277,61.69417674,62.08397206,62.16865905,62.20708039,63.20161173,63.90942475,65.14662525,65.96856516,67.12415483,67.20291215,68.0021537,68.18761739,68.23619612,69.92745176,70.38785883,71.94403436,75.3317629,79.03836573,84.50871531,84.63603659,87.3354837,87.79053627,90.84939588,98.78806612,102.95565358,103.12593625,103.45412475,104.97713165,106.28434995,107.36167756,109.91168423,111.09442421]","[1,0,2,5,1,6,1,1,2,3,6,1,7,6,4,5,6,6,7,6,6,1,6,6,6,7,7,1,7,4,5,6,5,4,4,5,5,6,2,6,4,6,6,7,4,0,5,4,3,5,6,4,5,1,4,4,2,7,7,2,5,3,1,3,3,1,4,3,4,0]"
"[1.09265149,11.91656525,14.0202682,14.28884739,20.10212926,21.02939864,22.29366863,35.27463269,36.51422409,37.81909327,41.98383163,45.31511944,55.77973917,56.51005927,59.31415717,61.12474272,61.35120491,62.84128989,63.5365799,64.03718682,64.53970242,64.60953809,65.07802863,66.97964459,68.38585563,68.49182941,69.1131944,69.42195601,69.76303536,70.9272489,71.33816027,71.38753133,71.46488865,71.55553479,72.53042445,72.66128453,73.58781919,73.89005647,74.06742301,74.11863011,74.37266169,74.99575071,75.83939921,76.29697092,76.75545651,76.8021303,77.10004552,77.28253811,77.60591462,79.1143805,79.2803734,79.95707308,80.04621586,82.40732611,82.46726809,83.12782935,83.4218331,83.55869868,84.11625142,84.28007196,84.40838379,84.6090019,84.97642237,85.08550674]","[1,2,2,1,5,6,4,2,3,7,1,0,7,1,4,4,5,3,5,4,4,4,7,4,0,5,6,5,6,5,4,4,5,5,6,6,5,6,6,4,4,5,5,6,4,5,5,5,0,0,4,6,4,5,6,5,7,4,4,5,6,6,4,7]"
"[3.47932701,3.67997205,6.51698646,8.0261495,9.59377664,12.54055621,13.34063958,13.730904,13.94314092,14.07092676,14.23081188,14.54942399,14.6979602,14.74790432,14.97466364,15.30887955,16.12145748,16.39105137,17.58141942,18.3243371,18.82112333,18.9352278,19.26255554,19.58531362,19.6296801,19.9018094,20.03860487,20.17427359,20.65661234,21.2057321,21.84606375,21.92049592,22.40316131,22.75176415,25.46901248,25.84822006,28.05789665,30.14188572,34.77694358,36.61523449,37.42150048,38.98063684,40.30158043,41.33034077,41.40895444,42.27237068,43.01399746,43.68045672]","[6,2,5,1,6,4,7,5,6,4,5,5,4,5,6,4,4,2,5,4,6,5,4,6,6,5,6,6,5,4,5,5,5,7,3,0,3,2,1,0,1,7,0,5,6,4,5,4]"
"[3.4117847,3.83058841,5.58375139,6.44776324,6.65876149,8.36560044,8.57664162,14.45845295,20.7861589,22.93350158,25.11568098,25.40175275,29.3116424,29.44230701,29.76281915,32.58164393,32.76069137,33.00837684,39.17639517,39.54277774,42.25094296,42.3909818,43.55912714,48.326748,50.27456774,53.92189471,54.33918294,66.67823686,66.78362513,67.47557996,69.19598524,70.45732002,70.4788075,70.94142699,71.19255639,71.20438312,71.32100881,71.43450256,71.51085199,72.8396559,73.19548553,74.1128937,74.35050452,74.37564978,74.69993263,74.74916616,75.35097259,75.75282261,75.92340119,75.98467999,76.02198099,76.13946434,76.92411379]","[1,6,2,3,0,4,2,1,7,5,2,0,6,2,2,2,6,7,6,6,1,7,0,3,6,2,0,1,7,2,5,2,4,7,5,4,2,6,6,4,4,5,7,3,5,4,5,6,4,4,5,5,4]"
"[2.57088635,4.5432343,4.79087255,5.62079714,8.27702468,8.96686625,11.39678183,12.48323422,13.71467611,13.89886035,14.39946902,16.38152543,17.60856866,17.71722364,18.10418825,18.38076696,18.73791625,19.17846089,19.58418741,20.1013854,21.47005192,21.49859404,22.33562014,22.83231067,22.93590768,28.81234163,30.32105021,33.24711228,48.42690248,58.96616118,62.2816446,62.58613169,62.82141367,63.76671554,63.88809109,63.93532265,64.3338457,64.48474461,64.83657272,65.19007088,65.52530988,65.61598972,66.5160324,66.69334422,66.74817574,67.80529005,68.81618494,70.30544237,70.4584744,70.90892213,73.02398742,73.86510167,78.3565171,81.19307006,81.73136041,89.2154008,90.87927396,91.33947325,91.61080974,92.38538523,92.94593337,96.06150882,97.9603711,99.38531864]","[4,3,7,5,4,4,5,0,4,5,5,4,5,4,5,6,4,6,5,2,7,4,6,3,7,1,1,1,1,0,3,5,6,4,5,6,4,6,5,7,5,5,6,7,6,7,6,6,7,7,4,2,7,2,0,1,5,2,4,5,4,3,5,4]"
"[3.81776979,5.50872512,6.49428537,8.30660536,8.38463047,11.55909595,11.66380608,12.00741574,12.49401501,13.93677463,14.04303507,15.93624482,18.51262977,20.03442677,20.08586252,20.27154752,20.52614573,20.90620679,22.78835273,25.41841683,26.92547031,27.47259161,29.52559787,29.83002574,32.99135525,34.73997664,41.41809387,41.93557887,42.27608656,43.33182949,43.77463271,45.36694673,45.83218201,45.86418175,45.93812896,46.65906974,47.81503442,47.93480113,48.06394832,48.76522508,50.95808235,51.59892945,54.90877944,55.49568234,58.23514251,61.56888112,67.52584893,69.23549929,69.93813599,70.8553753,71.70690772,71.92388459,73.24932072,76.61855199,76.66981778,77.88009892,78.95699162,79.47854287,80.5067917,82.88791795,83.02394498,84.10312602,84.48343476,86.14952999,89.77833707]","[2,5,7,4,3,5,6,4,4,5,4,1,6,5,6,4,4,4,6,7,1,7,3,3,7,5,3,3,3,3,4,4,5,4,6,6,5,4,4,5,4,6,2,7,4,6,5,7,6,7,4,0,5,4,5,7,5,6,4,4,5,4,5,5,6]"
"[2.98604044,14.1688252,17.29463725,19.88288368,20.21803185,21.17977976,21.40664532,22.3081564,22.88593352,23.1561598,23.3604147,23.75611673,24.7403125,25.27228252,25.43013116,27.19359504,27.55167459,27.90200494,30.67853714,30.96525727,31.45271466,33.00382993,33.39742113,33.61415806,34.53676958,35.83342946,37.19924023,41.80069502,42.56122791,46.63203849,47.14057938,48.34015232,54.81072178,56.50253176,58.40671651,58.50705321,59.23191194,59.86386634,60.68527994,65.23974452,65.99346005,68.32020117,75.72283836,76.35251835,76.97162307,78.12877181,78.96703477,79.43512041,81.15301081,85.28469957,87.61615127,89.54359648,89.57205554,93.18054369,93.83399303,104.86609084,106.85114659,107.98167551,109.84350349,110.31587244,122.94476248,128.5570757]","[6,6,2,5,6,0,6,1,5,6,6,4,4,2,1,7,7,7,4,5,7,7,7,6,7,0,2,4,4,1,1,0,2,0,5,6,4,5,6,4,6,5,5,6,6,6,2,3,7,7,3,4,1,7,0,0,2,1,7,1,1,0]"
"[2.17432547,5.76178424,7.502845,15.90734632,16.19736123,20.8141177,25.85908492,26.01811058,26.16731422,27.33334974,31.31677335,31.58707897,32.03303999,32.10744189,32.51982485,32.87716366,33.7626238,34.07995119,35.54216411,36.78400741,37.5513788,40.39254675,46.18826371,49.51238611,49.69153938,50.56302178,51.19293599,51.50798861,52.96462304,55.77965765,56.46599733,56.49617027,57.94360029,58.22276571,63.70144619,67.78991126,68.82507805,76.77318396,79.44792041,84.18935911,87.13385297,92.53933395,95.08115183,96.49760562,96.61499083,97.80907293,99.54580288,101.43297642,104.64741837,105.53483292,106.73181633,109.27862286,112.72635208,113.38764861,113.52890766,113.67912942,114.20342655,115.02476508,115.49248911,116.18063069,116.37006956,116.76374844,116.82442807,117.2962537,118.12737797,118.39277276,118.55805266,118.78966446,120.15760945]","[0,1,7,7,1,3,5,4,6,2,5,4,5,5,3,4,5,6,0,7,6,7,2,3,0,5,7,1,6,6,6,7,7,7,1,5,4,2,0,5,4,1,2,5,6,7,6,6,3,3,5,0,4,5,6,4,5,6,7,5,6,7,6,6,7,7,2,1,6]"
"[5.03965148,8.55936253,10.89126814,12.77577048,14.86584626,15.66855368,16.63451364,16.82792766,17.5115173,17.84182649,18.61994353,18.74455434,18.90726395,19.1659861,20.45625119,24.72088021,25.19381424,25.45952101,25.67559129,29.30291003,31.18526223,31.23010519,31.24934687,31.48558397,31.68633563,32.15141852,32.18892799,32.37146255,32.54024642,32.6477794,32.93874942,33.44316863,34.18176937,34.24734329,34.29355906,34.4820553,35.63272815,37.2188776,39.41882998,39.65497137,41.29916852,41.65303335,41.95047566,42.33190776,42.69844027,43.58608213,44.11140913,44.37740573,45.11536165,47.84200732,50.07459731,50.70167889,51.52693812,52.09754799,52.12067465,52.2486928,52.32075075]","[1,0,4,2,5,4,3,5,4,6,4,6,5,4,6,0,6,7,0,7,4,1,5,5,4,4,6,5,5,4,6,4,5,4,2,5,6,0,5,6,4,7,1,1,6,0,5,1,2,5,1,6,4,5,4,6,5]"
"[4.21133705,6.50469453,7.15536049,13.70367841,14.82126606,24.42052852,28.10395091,33.82099598,33.94946077,42.74580925,43.19792865,44.68720229,44.7021941,45.7173443,45.97729876,50.32882469,54.68050781,55.18106632,57.92277507,58.0617043,59.74145514,61.25515489,62.1461623,63.83299414,64.52135818,64.70402419,66.44236608,72.0631771,73.39386642,74.86479976,76.57853241,77.8505581,82.02142582,84.27816496,85.50665515,89.97463819,93.51642636,95.42388392,99.83490246,108.2814067,111.21580144,113.16881772,118.92194195,119.97638265,125.95989164,134.52198825,135.42405668,135.75919915,136.39816942,137.84027498,139.17483566,139.84501275,140.36785994,142.06396442,142.64980202,145.23367774,145.32321019,145.58203997,151.07603355,151.23288657,152.24390788,154.12643535,154.8502601,155.14464643,155.35128008,159.15224502,159.67603639,160.04909517,162.48383921,162.93690705,163.03110626,165.53925342,167.30705771,169.75442589,173.22973561,174.40871155,175.49428907]","[2,0,6,3,5,5,5,0,2,4,3,5,6,6,0,5,2,1,6,6,4,3,5,4,3,0,4,6,6,7,7,3,7,0,6,1,1,3,7,1,3,5,0,7,7,1,0,5,4,6,0,5,0,1,4,6,0,2,7,4,5,2,4,5,4,3,7,6,7,4,5,0,6,2,3,4,0]"
"[4.02103005,10.68779285,10.75049227,11.04498362,11.63620966,12.36147631,12.44134013,13.22808268,13.37913058,13.65009659,14.24338279,16.77417956,17.16557018,17.50810248,17.74490994,20.75206926,21.4861027,21.6821141,21.75429154,23.00618814,25.12343618,32.06886219,34.16237054,35.41304774,41.70465264,44.28716341,48.93527574,52.93215558,54.04963945,54.07882743,54.16132725,55.1649962,55.22501095,56.10608197,56.45837921,62.17409675,63.53587288,64.83913368,66.05584495,67.86584684,69.45865497,70.04017253,70.09364037,73.87512351,76.36016509,81.91658859,83.05840572,83.98473229,85.1033414,87.81189501,87.98892674,88.54017607,89.3306941,89.4113503,90.69119413,90.86201955,92.13712798,95.58379552]","[0,4,5,6,1,4,2,1,5,6,4,5,6,4,7,3,4,7,0,5,6,4,5,4,4,7,4,5,5,5,4,6,4,0,6,5,2,6,7,6,3,7,1,2,2,5,0,5,4,6,5,2,6,7,5,6,6,6]"
"[4.84175335,6.90986341,6.91337426,7.26981703,7.49994283,7.55570205,8.25043417,8.48696038,8.56026911,9.66443074,9.72101872,10.11920324,11.59752177,13.82772657,14.90794176,15.36731544,23.7237946,24.98939554,29.40886375,36.14795672,36.45617414,36.93660287,37.17250336,37.44022549,37.51995339,38.14550648,38.19674469,38.4431403,38.55111048,39.84610364,40.33592386,40.62027717,41.08753821,42.44368607,43.11208884,43.20713242,43.87317182,43.92948894,44.25596974,45.24739421,46.51877399,46.94261917,47.20502381,49.46214619,55.82105754,55.9974626,58.39934196,63.37260774,65.44958349,66.31391598,66.44048319,66.75960605,67.46369989]","[4,4,7,5,1,5,6,6,6,6,6,0,6,6,2,2,5,4,2,2,5,4,5,5,4,5,6,4,4,5,6,5,5,0,4,5,5,6,6,6,5,5,4,7,4,0,5,0,2,4,5,4,4]"
"[8.54805807,11.35506913,12.35651545,12.92601999,16.98074305,17.58365591,17.73564608,21.14395241,25.29232299,28.53223035,31.4384678,32.35064082,32.36645431,33.84174506,34.85086946,34.95684504,34.98946681,35.33489335,37.63164326,39.9143498,40.43943861,40.79138395,43.00281589,45.00267175,47.39388509,50.13233218,50.72859852,53.72395582,57.26091759,60.89397132,61.53983618,63.37392234,69.93175516,76.01036737,76.09617978,76.39568537,76.42072871,77.29422367,78.83421901,81.318361,90.93421289,93.06259591,93.10244217,94.11859025,100.84310722,101.63947685,101.94654833,101.97309401,102.68788683,103.00524994,103.00624425,105.45459868,105.75923405,105.78842789,108.76685213,110.75362128,111.45288415,113.49312485,113.58784224,114.87444648,117.75726717,122.19017413]","[2,0,2,1,2,7,2,7,7,3,5,4,5,7,4,4,2,0,1,6,5,6,4,6,1,7,2,2,0,6,7,5,0,4,1,5,4,4,2,7,6,1,7,4,1,5,6,6,1,5,2,6,0,6,2,6,7,6,7,2,1,5]"
"[1.62985286,1.76297526,2.13407217,2.48416592,2.96848818,3.28388471,4.30316903,4.71959442,5.14349271,6.51379816,14.10171671,14.12049977,16.23898088,16.37938717,17.3121653,17.70982331,17.73687362,18.22537382,18.68698372,18.76491752,20.88545144,20.93245092,21.40063902,21.43979245,22.10495987,22.27070466,23.53472311,25.58251043,26.11729043,26.45362196,26.4614245,30.00563639,34.28450593,35.18156468,39.56714987,61.82034626,62.06204684,62.62856693,62.85286547,64.2286005,64.34154959,66.35210046,66.9117998,67.11930225,67.48522764,69.75022706,74.83136267,81.92138619,85.09151256,87.22970776,92.06288954,92.50493705,94.01761896,95.01621104,95.06881104,95.09046772,95.18427647,95.22250277,95.92626789,96.13997984,97.27126359,97.49699545,97.93374983,104.71046016,105.78068817,105.9405099,105.94290734,109.26942234,112.4401304,114.61288409,115.24012153,115.76372998,116.57271382,117.26432666]","[5,4,5,6,6,4,7,7,5,5,1,4,7,5,0,0,5,5,4,4,5,4,5,4,5,6,4,5,5,4,6,4,1,5,7,5,6,6,6,1,7,6,7,3,1,4,1,0,5,3,0,0,5,5,4,5,5,6,6,6,3,5,6,0,5,6,6,1,6,4,5,6,7,1]"
"[6.47550561,8.09789284,15.06004538,15.62936922,16.35245389,16.38031673,17.90087403,18.34731278,19.4188622,19.50998074,19.83545723,21.85040162,22.01768501,24.71530163,25.45341078,31.64127216,31.89534687,33.5537891,35.0627141,35.61601909,36.04309322,36.23512334,39.28969184,43.29040361,43.8470665,43.91479743,44.65832946,45.3793479,45.6916317,46.82939799,47.59398475,47.72800262,50.29285299,52.40199351,53.3171635,55.75195426,56.21794346,57.19445231,58.20343094,61.22370798,61.39460945,61.94306539,62.07596643,62.82656258,62.96303056,63.24964439,63.36071524,64.10874834,64.11829316,65.52670479,65.55661448,65.72970566,66.27634222,66.83723401,68.76470358,74.47794183,75.07204959,76.13390785,82.31737777,82.75909729,83.63293391,83.94558397,84.48577905,86.19478306,86.50897636]","[1,1,7,4,2,3,2,2,5,4,1,0,5,6,4,0,3,2,5,4,5,0,4,5,1,4,5,6,4,4,6,7,7,2,0,1,4,5,0,5,6,6,6,5,6,4,5,7,5,5,4,6,7,1,6,6,6,2,5,6,6,6,4,1,5]"
"[4.91339011,5.6686715,6.36540712,9.02895036,12.31915828,13.06382249,13.24195322,13.34246247,13.40870478,13.42149248,13.6062087,13.71469729,13.80401956,13.94902227,14.03014043,14.06457951,14.20084715,14.3989564,14.88834028,16.67955026,16.82535447,17.37115979,17.6876121,17.68921478,17.82807648,18.00476138,18.12313441,19.08486153,19.6976454,19.8781047,20.38527426,20.81464741,20.85178151,21.04063248,21.43100619,21.58863834,21.66220944,22.00415519,22.14776142,22.1584585,22.25890543,22.52054536,22.57454984,22.61947146,22.70165893,22.760527,23.07152417,23.23096517,23.48966031,23.61733381,23.64044234,23.9969937,24.00700549,24.10853054,24.34122117,24.37377999,24.50432499,24.62067243]","[3,5,4,6,4,7,7,5,4,6,5,4,4,6,5,5,4,6,5,6,5,4,5,5,4,5,6,5,6,4,5,5,4,6,5,4,6,6,5,7,5,5,6,5,4,6,6,4,5,4,5,5,1,5,4,5,4,5]"
"[0.04577232,3.51692407,5.92005504,6.70609118,7.78137316,7.99779081,8.84799549,9.01165458,9.05835511,9.78062879,9.80936582,9.81806959,10.05042828,10.07175172,10.29020099,11.02419146,11.37621166,11.38887011,11.45201415,11.59481801,11.66113116,11.8915787,12.11825147,12.21903762,12.44240322,13.64742319,13.88190244,14.42952045,14.86213072,15.45664046,16.57304313,17.04507248,17.8016739,19.2704157,20.29224339,21.99526671,22.35657155,23.06098421,23.99330208,24.30997041,28.7858458,31.53393394,33.49017509,34.59839207,35.67836684,36.71454118,37.45466779,38.98283649,44.09622016,49.13970328,49.18825911,52.25678409,53.0921508,53.89331926,54.17810582,54.64231852,55.072874,55.32128189,55.44719928,55.78203682,56.03064593,56.3173127,56.56917315,56.71103491,57.34758326,57.92586935,59.23908408,59.26356305,59.49628541,59.85318422,60.04944573,60.06617048]","[2,2,0,4,5,6,4,5,5,4,5,2,4,6,5,5,6,6,3,4,6,1,4,5,6,5,7,6,4,5,6,5,6,7,3,5,7,4,5,6,6,5,2,2,0,2,2,2,3,5,4,1,4,2,5,5,4,4,5,6,5,6,6,6,6,5,4,4,4,5,5,4]"
"[5.46952413,7.95762524,10.84996965,18.12765874,19.40424406,19.97924266,20.01348232,20.13459846,20.19635409,20.21029139,22.00745338,29.50437129,29.95364808,34.82936145,35.35462753,37.58124738,40.31114994,43.9144932,44.46625906,45.87512919,48.67262156,49.17267941,58.3954785,58.42168606,61.75192009,63.48381686,63.85384362,64.10675364,64.25885779,64.27462429,66.3029053,72.54107549,75.13472799,75.88663812,76.37319892,76.51017111,76.60672789,77.67377501,77.84317473,78.61422299,79.09858987,79.74759147,80.20150094,80.34453854,80.73663437,81.89778617,83.04806029,83.1180932,88.20335696,90.18614181,94.9249383,95.73300451,96.02595126,96.84876379,97.9003947,99.52030183,99.92709041,100.02465046,100.81664734,101.62526411,101.67568766,101.81364444,102.35371118,102.60917229,103.41754564,104.09760234,104.77566477,104.90290076,105.36748499,107.82017607,108.59758833,111.48370854]","[5,2,0,7,2,6,7,2,5,1,4,7,0,6,6,7,3,7,0,1,5,6,6,1,5,4,5,6,6,6,7,7,5,5,6,4,6,7,7,2,2,7,3,3,2,7,5,3,1,1,5,6,1,4,5,7,6,4,0,5,2,4,4,5,4,0,5,6,5,6,6,6]"
"[0.17258467,2.48193202,4.28865159,8.42308926,8.77045203,9.38045797,9.77220148,10.14281672,10.97219824,11.18503952,11.47754564,12.05774669,12.33893,12.4678019,14.73027426,14.7977715,15.41687309,25.61358559,25.61459707,26.12619325,26.44087278,26.44971173,28.20123453,29.46704822,29.64225284,29.92866851,30.81167648,30.83352038,31.07594746,31.71357821,32.17948859,34.93323279,34.94766436,36.15128949,36.44609185,41.06474425,41.17225884,47.28430262,52.73089003,53.34941582,53.69450109,54.14354251,55.24185846,55.30470615,56.75296149,58.78639197,60.51929381,62.38388503,62.87666754,63.32596995,64.23005041,66.85142414,67.15217569,67.89208834,70.08660123,75.82973784,77.44831754,78.18211105,78.58553858,84.595638,84.95767079,85.02228745,85.78757219,90.78342503,91.94410446]","[7,0,1,4,5,4,5,6,0,5,6,5,3,6,6,6,4,0,0,5,4,6,4,3,6,5,5,0,4,6,7,4,7,6,6,3,0,7,5,6,7,5,1,4,6,5,5,7,1,2,4,4,4,5,6,0,7,0,0,3,3,7,7,0,3]"
"[4.01660377,4.45059217,4.87584483,8.69859783,13.97465655,16.84374392,17.44341325,18.9765971,20.99754844,22.47521165,24.5681861,26.59890862,27.5089968,29.05116498,29.16118304,33.50378057,33.90340582,34.7485969,35.26464194,35.75741739,36.10341898,36.15435689,45.20974611,45.67038874,46.0869583,48.32348026,51.18993487,60.38933097,60.70102479,67.52354911,68.0464029,68.48252041,70.43108235,74.63405264,74.9743537,75.28819112,75.55820645,76.46873778,80.27191666,80.85729509,88.11692471,88.83974759,89.19845317,91.07578554,91.5661276,92.88209639,93.20870288,94.34747529,94.56241903,94.83584024,95.03772573,95.36597497,96.21331918,96.72627176,97.62028875,99.10825014,101.00857646,102.1584283,103.33445794,103.61357504,106.51795104,111.50660804,121.91528457,124.59473697,130.33502374,130.52935534,139.25012025,145.11495681,146.26349316,148.3976697,148.5352668,149.16199771,151.30731933,152.59549585,153.3080672,157.59094388,162.73506895,165.12068764]","[2,3,7,2,6,5,7,7,2,7,5,4,6,5,6,6,5,4,7,6,7,7,7,5,7,1,0,5,6,7,7,0,5,2,6,7,7,7,6,7,0,4,0,4,5,5,1,4,4,5,5,5,4,5,2,5,0,4,0,5,3,6,0,1,5,4,7,7,3,1,2,2,0,0,6,6,6,7]"
"[7.7332767,8.42652751,8.91971975,8.97983039,9.24835322,12.3361397,12.7187586,13.24060557,14.93985022,16.8435519,16.90171165,17.92390099,18.64521965,18.70706258,21.30605995,25.71320515,26.07409052,34.92872122,36.72031709,36.9742799,37.3633567,37.41233686,38.29899632,41.38105714,43.37996506,44.10307563,46.21033706,53.30676126,55.04067907,55.70389615,57.38864369,64.49591488,65.48199936,67.30181717,71.62359736,73.53684838,73.57995037,74.45239192,84.53283411,85.00857855,85.56343058,86.14042249,88.58591897,90.51438209,90.59565752,91.63481661,98.56654057,99.14142821,99.23923554,102.82355235,103.73294595,108.29308966,108.45203583,108.73458646,111.3696074,116.55302474,116.57457424,118.36287039,118.88445777,118.91108535,120.15728869,120.32589031,123.00711202,127.90569423,129.98987596,130.84113193,131.66777897,131.71572832,134.03254323,136.08054561,137.56199134,146.84120287]","[5,0,4,5,5,4,5,5,5,3,7,4,6,7,0,5,1,1,5,4,1,5,5,6,2,6,0,7,3,4,2,2,2,6,7,3,3,1,4,5,5,6,5,7,1,6,3,6,7,7,2,5,6,3,7,4,4,1,5,3,3,1,0,2,4,6,5,4,6,7,2,4]"
"[2.96019835,2.98847154,11.9830387,14.84201825,15.21607884,21.60718673,22.6304239,24.02998624,32.44182687,32.8539276,32.89913507,34.55516895,34.93838507,36.90565468,38.46876722,38.76356977,39.54465277,40.13413949,40.71688437,40.77955939,50.78117875,50.9560627,53.30793019,53.77719153,53.78079467,55.10658538,55.35805663,55.42325741,55.88509376,56.80226103,57.05975711,58.04608916,58.41873809,58.68242097,59.10208153,60.14808249,60.86086836,60.87920336,61.63158383,62.34707813,62.76752875,63.11295609,63.71963267,63.74576297,64.30020577,64.62360476,64.90153692,65.86210912,67.81545838,68.03709265,70.73732313,71.10825378,71.37653705,72.71799514,72.87284651,73.26864868]","[7,1,0,0,1,2,6,2,5,2,6,3,1,6,5,5,4,4,6,7,4,3,0,2,0,5,4,4,5,0,4,5,6,0,6,7,6,7,5,4,5,6,4,5,5,1,6,0,4,7,5,6,4,6,4,6]"
"[2.8315477,3.35561022,3.76605859,3.94781132,4.11869351,4.12193842,4.24080981,4.80610171,5.12711781,5.21736747,5.42918461,5.54088801,5.58473942,6.52445605,7.09992012,9.43434906,9.78865182,9.92336325,15.01525906,15.77533649,16.10266285,17.10334569,17.80301264,20.84601235,22.1700354,22.59468144,24.95697204,26.01724327,29.31483917,31.75528628,32.61235063,32.64153446,34.28060169,35.07430156,37.16806249,40.40536057,44.11827107,44.91069722,44.94438629,45.61994988,48.74012743,48.79916769,50.64430921,52.62784081,55.74698302,62.13853639,62.30208433,62.51310812,64.61025427,64.90990137,69.29963813,69.90683923,70.48881856,71.73750947,72.58174366,73.37459331,73.50765132,73.51596806,73.57559286,75.23292844,76.35706697,76.43744976,77.38429605,77.45565201,78.25859837,78.96917925,79.89814913,81.87537239]","[7,5,4,5,5,6,5,5,4,5,6,5,6,5,3,6,5,6,7,0,0,2,3,4,0,5,5,6,4,0,2,2,7,7,1,1,7,1,2,2,1,1,4,4,0,5,4,4,5,5,4,1,5,4,5,4,5,5,6,5,4,5,5,4,5,6,7,5]"
"[3.01488194,3.62191022,11.15238617,11.66964234,13.09555359,15.74721038,18.9305242,26.25437791,26.28475811,29.57578586,32.03976732,32.15209705,33.19979017,33.65162653,34.00898312,34.07914767,35.10418392,36.45024407,36.46086664,36.70260981,36.88560425,37.20694501,37.6068885,37.6125203,40.06164619,41.81639741,42.5041558,42.95867781,43.22047046,43.37131248,43.61891644,43.64103695,43.77832793,43.93511533,44.07904779,44.55572651,44.83606683,45.14339424,45.18114741,45.25773954,45.48800618,46.35667407,47.02140581,47.22893259,47.24900539,47.26146118,48.29528676,48.29939017,48.39879012,48.42082703,48.49995767,48.58288277,49.12818308,49.22260594,49.65877842,49.69707544,49.78026453,49.81360138,49.89061041,50.02809483,50.03281002,50.05148925,50.18534667,50.25859764,50.31882098,50.47318993,50.53173555,50.54738023,50.62868232,50.66005069,50.81124744,50.85107855,51.03121207]","[2,2,2,1,1,2,7,0,1,2,4,5,2,5,6,6,4,4,7,5,6,5,4,2,4,5,6,0,5,4,5,4,6,4,7,5,7,4,5,6,4,4,5,1,5,6,5,2,4,0,5,4,6,5,6,5,5,5,6,4,5,4,5,6,6,6,5,6,4,4,7,5,4]"
"[0.08190104,1.72929729,7.79742803,11.83335964,13.62598078,17.92212544,18.13569337,18.55219653,18.64580119,19.56651685,20.90018061,22.0277045,22.33014297,23.0518084,23.1442252,26.29867361,31.65360905,32.66133023,32.7484159,33.24208085,34.90622439,35.07491218,36.83931728,41.53764928,44.35931158,53.38132067,53.44137685,53.53357008,54.16483092,55.29106593,55.29182665,57.01306239,58.26155785,58.29949351,58.31339427,58.48565012,59.16473265,60.2127155,60.26323021,60.84122876,60.96112829,61.35113205,61.70144256,62.09167221,62.86919405,64.20284881,65.36422201,66.49234863,66.54842427,67.20371041,67.40972878,67.63295363,70.80163303,71.18938865,71.61106284,71.67441984,73.15818568]","[0,5,6,0,5,4,5,6,4,5,4,4,6,6,7,7,5,4,1,5,7,0,0,1,2,5,6,6,4,4,0,4,4,5,5,4,4,5,4,5,6,4,6,4,7,2,6,3,5,5,4,4,6,4,7,5,4]"
"[1.675846,3.45876489,3.8078003,4.0231532,7.39806763,8.31981384,9.47871611,10.48724766,10.91334326,12.00191145,15.43879744,15.91722563,15.98072979,17.62569384,19.37839357,20.06396557,20.28605108,22.88670001,24.34443872,26.91329643,27.79706825,29.18836236,29.53935417,31.49056542,34.61365943,35.12057428,40.30932891,43.18301204,44.55710815,44.9006454,46.24113969,46.39033164,46.42738665,48.89076532,52.44256148,59.44418427,62.68759992,63.80622458,78.64379463,80.36926144,81.33987498,81.73464094,81.80239218,83.03937349,83.36393283,84.07321419,85.29626127,85.76002385,86.18298036,89.45542506,91.30870284,92.5473549,93.34180671,94.16087461,96.42035711,96.55828955,96.88982349,98.38121612,98.43939975,99.83335105,100.99124856,100.99867268,101.31847678,101.55119026,101.80168721]","[2,1,7,2,0,2,7,0,2,7,2,3,1,5,7,6,4,3,3,5,7,3,4,2,5,6,3,6,7,7,7,6,7,7,0,2,4,5,5,1,4,5,7,5,6,2,1,2,2,7,5,0,5,3,4,5,4,6,7,7,5,4,0,7,3]"
"[10.12312879,15.94763869,16.63022933,17.86174292,23.80724756,29.70656759,29.87035478,29.88289625,29.93817253,30.05654539,30.50802939,30.75988632,31.45411941,31.99893075,39.75035919,42.50885634,42.62349793,46.94854772,49.79237202,51.34978247,51.40222614,52.40316364,54.62174454,55.77971857,57.73510154,57.98540751,58.23989963,62.52882306,64.92908206,66.36641239,68.52601101,72.06458195,73.17563803,74.17921754,74.82808877,79.0059877,79.19893887,79.43349302,80.35799376,82.02483598,84.17533981,85.03793739,88.44546159,97.31859808,100.01484388,100.18551861,106.00507174,106.91533352,107.50289717,111.1220028,114.51468677,115.11844077,115.86644442,116.72361038,121.4294788,123.56081514,124.00373149,132.65187534,139.43192205,141.83999072,142.91206331,148.17919306,151.05313175,151.29137534,151.45154143,151.86616965,151.87570256,155.78954227,156.14635469,156.3550438,157.52170403,160.10407658,161.07521518,161.24603601]","[7,4,5,6,2,0,5,6,6,6,5,6,4,4,0,7,0,7,4,5,6,4,6,0,5,5,4,7,1,3,2,5,6,7,5,5,6,0,4,7,1,2,7,5,4,3,6,6,6,5,5,1,6,1,2,3,0,2,3,3,1,4,5,0,5,4,6,3,0,6,5,2,1,4]"
"[1.61957675,3.38691318,4.72084685,7.98136503,9.13670386,10.83438577,12.2554049,22.78621792,26.65541044,28.00600978,28.51534739,28.57227482,28.76172799,32.90362487,38.38103587,40.91000229,41.15501235,42.32130319,42.43713327,54.60159686,54.85439501,57.13646298,58.01601371,58.46718695,59.09715688,59.36178112,62.07594029,62.3233456,63.21687812,63.3872245,72.83878792,73.0916762,74.68190445,75.37200676,75.47199346,75.72078713,76.09490725,76.20169832,76.54297867,77.24497161,77.45640258,77.66700302,77.72230741,81.29102305,82.15124193,82.18033998,83.23280293,84.57621166,89.78790776,91.37958815,92.10967379,94.02935178,94.08307039,94.97621559,95.15297985,95.38631835,95.38670576,95.44318205,96.10791538,97.34523658,97.54086433,97.6127566,98.44925797,100.51214001,105.11579867,108.72839847,110.16333907,111.37497226,112.30312079,113.40566483,113.56889105,116.42344043,116.5475941,118.29638334,120.91353537,121.6450442,122.17938227,122.33385096,123.05337516,123.14978071]","[2,7,2,5,6,3,2,2,5,6,7,2,7,4,1,2,0,5,1,7,5,5,4,4,5,6,5,4,6,7,1,6,7,4,5,7,4,7,6,4,5,7,6,5,6,6,6,6,0,4,5,5,5,6,4,5,6,6,7,7,5,4,7,2,1,1,5,1,6,6,7,0,3,4,0,1,4,5,6,6]"
"[4.67303243,4.74023324,5.14292599,6.48899058,6.96887341,8.20300136,9.62637909,9.74741712,10.36066866,13.25162664,13.41051072,14.58746316,14.61049057,16.29839865,17.63762252,17.9788734,18.197626,20.87371104,23.0803043,24.7292975,27.9213473,30.90774999,31.51269505,32.95886439,32.97347016,33.32193584,34.74649389,34.80831393,34.82798198,34.97758229,35.04783147,35.09058449,35.46270212,35.92125325,36.43393429,36.83487765,36.88404517,36.9473453,37.02557271,38.82199901,38.90302069,39.05885703,39.33014443,40.59468881,40.73933541,41.73306111,49.32576205,49.45791473,55.95478863,59.16214306,61.30502664,62.24857484,65.90957328,67.01747483,67.02037327,70.85809707,72.04361293,73.24682169,74.20187281,74.20437632,74.68761274,76.70645276,79.03550097,82.64097628,84.88151414,85.59235418,87.2295916,87.38937145,88.34075952,91.1467825,92.83522267]","[5,6,2,0,7,6,7,3,7,5,6,7,6,7,2,1,4,3,3,5,2,4,5,4,5,5,6,5,6,4,6,0,6,0,7,4,5,4,5,6,7,2,6,4,5,4,2,1,1,5,4,6,7,2,7,7,4,1,5,6,5,7,6,7,5,0,6,5,1,3,6]"
"[2.52729161,4.0667797,6.21086159,7.0583701,7.10046085,7.5563519,7.76425113,8.21117291,10.15685927,11.20881387,11.77532383,11.86140591,12.09475632,12.85945579,13.1735733,13.3237212,13.40509501,14.58384146,18.80560308,19.64206737,23.97276388,25.10774362,28.09941774,28.16507564,28.1697268,28.30709837,28.89593983,30.35009489,30.57300442,30.74249704,31.22437319,31.45347653,31.48928074,31.5194179,31.68421316,31.70158739,31.70485237,32.36494567,32.56680505,32.59859077,32.63416458,32.72593308,33.10153452,33.35369914,34.38979869,35.84817991,36.22942444,36.2595594,37.04416765,37.24038969,37.38779318,40.4446086,40.92628937,41.69606022,42.90712574,43.84074675,44.36063203,44.3767718,44.47786589,44.82857005,44.89917999,44.94347573,49.31071088,49.50955411,52.30613206,52.38982814,53.96106856,55.1622138,55.98071426,56.90897798,68.94404119,74.07174524,74.07358262,74.34000704,77.54876136,86.65764061,86.98880887,87.13551877,95.09564921,99.02750555]","[1,5,5,1,5,6,6,6,3,4,5,4,7,6,6,6,7,4,5,7,3,5,5,4,6,0,4,6,7,6,6,5,7,7,5,4,6,4,5,6,6,4,7,6,7,6,5,5,6,6,4,6,5,4,5,4,2,5,6,7,6,7,6,0,6,2,6,5,4,5,0,7,7,1,0,6,7,7,7,4]"
"[1.02035607,7.80178931,12.16109183,12.8296772,15.77953277,18.06799782,22.05684828,24.07927211,26.32049456,26.60768629,35.38503458,38.16941746,40.64266597,40.68421165,41.19424921,41.22402539,44.19250882,52.14637531,54.34890206,56.83226917,57.46057521,58.52459901,59.86623644,64.95509499,66.35696056,72.13357291,74.84855495,77.80811917,78.26187781,78.41149397,78.94083342,79.41195004,79.91521309,79.92929749,81.7813522,83.05335906,85.58190757,87.54863691,88.86735858,91.82582615,92.17715245,93.5259328,94.75547815,102.20841756,102.70938616,104.45850409,105.50454778,106.68196915,117.97310244]","[3,6,2,2,5,4,0,4,6,2,1,5,6,6,7,6,7,6,2,7,5,4,4,0,7,3,3,5,6,7,5,4,4,5,3,0,7,3,3,5,4,0,1,1,7,0,1,5,1]"
"[0.25843454,0.47673137,2.99801598,3.90988649,5.72236274,8.69568262,10.23897383,10.92540734,12.86712203,14.4576152,14.96781252,16.32170174,18.04423135,18.56298158,18.67267315,21.26851777,24.76395598,26.59452586,28.2664965,28.55972567,29.4484632,30.27905458,33.43725369,35.62227407,36.60420081,41.77518581,42.13249107,43.93366242,44.60188816,49.81339888,52.62501441,53.35288352,56.02033136,56.54886944,56.6841384,58.33146153,58.87593572,59.33021541,62.69389682,78.58228292,79.69714231,79.81118532,80.81646402,81.71569754,82.95930296,83.11583272,88.8306404,90.69196236,91.25814277,100.91745034,105.29135089,110.09263492,115.76972721,121.57064879,125.33419424,127.9926265,135.65050094,135.73281298,136.60606398,137.60938609,137.9794888,138.27896465,138.61645667,138.75906821,140.76976673,141.05855688,143.15601681,147.5801584,148.03267106,149.16477141,153.58349903,155.29048385,156.12335232,156.61773376,157.28939342]","[7,7,7,0,3,1,5,0,4,6,2,7,6,6,7,5,2,0,5,4,7,2,7,2,2,7,5,2,7,2,2,6,2,5,0,2,0,5,1,7,7,5,1,4,1,2,1,0,7,0,3,5,6,1,4,7,0,0,6,7,7,5,7,1,4,5,6,3,5,3,4,5,2,6,1]"
"[1.87196293,3.23901391,10.64993076,12.34850491,15.83755651,20.44323833,23.02594952,29.26834268,29.71722104,33.7617094,33.82580569,43.0739522,47.22399588,53.74991186,54.56852191,55.20556407,56.39869599,58.59643367,61.68913431,63.533808,64.16224021,65.20225284,67.72907973,68.21872573,68.50796465,68.84233208,70.61214286,72.01710937,73.09851681,73.32525343,73.65377805,73.92622281,73.96063087,74.20519352,74.76840905,79.61558516,83.21968457,85.78067321,92.51869947,93.60609063,95.48526236,98.97955445,99.96383266,100.40394087,100.45496277,101.06031553,103.05470598,105.93497092,112.54591149,113.51211764,117.5227959,120.46872852,120.92376738,126.0194472,129.36889294,131.09227014,132.17186059,134.18377671,138.18264182,140.012243,142.0140319,143.09611621,144.48301336,146.47297474,147.31674917,148.55024442,148.71114198,150.91353855,151.19225896,151.8239895,151.86493968,152.7185134,160.59892363,163.30705432,163.88315965]","[0,1,2,7,2,3,5,0,0,3,4,5,3,0,7,2,0,1,3,0,1,6,5,4,7,1,2,4,2,0,3,5,5,4,5,4,0,0,7,2,4,5,6,6,7,4,2,3,1,1,1,6,7,6,2,5,4,7,2,4,5,4,5,5,6,4,2,4,5,5,6,4,1,5,1]"
"[3.8731869,4.62864546,4.89695672,5.11104189,12.8971148,13.36845496,13.52146496,15.72656604,16.32552262,27.29506854,27.68319681,27.78418077,28.53921831,33.33048586,33.67689191,44.3340739,46.3006871,46.46096139,46.46137376,46.79037486,47.0096508,47.53909742,47.94486022,49.6590829,49.91180577,63.79620653,65.42120387,73.37882225,74.76845518,79.72256316,85.77290896,88.4376575,89.50609555,101.81710205,102.62827624,103.77665776,105.35378142,106.05540181,106.10066183,106.71727455,106.74242597,106.77400949,106.80108869,107.53420617,109.33141754,109.81651933,110.18759532,110.40012682,115.27187054,118.82477746,118.95605918,125.78721356,129.57906209,131.12220851,133.96723606,134.01509229,134.19311879,135.19465331,138.70311313,140.96549295]","[5,4,4,5,7,4,5,6,1,0,0,2,2,7,7,0,5,4,5,5,4,4,4,6,5,0,1,5,6,5,3,1,2,2,4,2,5,4,5,0,5,5,6,4,0,2,5,7,1,6,7,0,0,6,4,5,1,4,7,6]"
"[3.39705166,20.64012165,22.13546942,22.59422211,22.78596321,23.83961243,23.91268299,24.40339616,24.57653582,24.9375086,25.38015478,25.48937099,25.6217856,26.16996276,26.22231315,27.27859983,27.45926834,29.39589151,29.54677873,31.11152677,34.98510439,38.06915329,40.85363114,42.53413459,46.78894286,47.2479531,47.73190462,53.87935267,55.82360294,71.64939464,86.93346307,88.04092407,90.09673007,96.41125791,99.97481652,102.51380506,102.57664556,102.82947401,103.20313998,103.37227483,104.82112058,104.98828708,105.1498627,105.15550331,105.66984269,109.22143846,110.43823012,115.0243548,116.13760332,117.26315202,122.6090724,123.05896099,133.69387466,133.921311,134.699722,135.01788077,135.47347059,135.70887952,135.87835858,136.5671288,136.58154965,137.25447822,137.28716173,137.31734171,137.52964842,137.53630946,137.56739314,137.75629063,137.95324036,137.95766054,138.66025464,139.22559333,139.59496622,139.61268317,140.6548574,141.23007987,141.56847796,141.76918945,142.03816988]","[2,6,4,7,7,4,2,0,5,6,4,6,5,5,6,2,5,2,0,2,2,3,5,2,2,0,1,2,0,2,0,1,5,6,4,5,4,5,6,5,6,6,6,4,7,6,2,1,7,0,0,2,5,7,4,5,4,5,5,4,4,5,6,3,4,5,5,5,5,6,1,6,6,4,6,4,5,6,2]"
"[0.0698604,0.55843437,1.72423144,1.7890441,1.84261145,2.20079475,2.29155471,3.04376128,3.26449951,6.56408303,7.70902072,24.92425686,25.33560417,25.76196449,25.80602255,26.21279572,34.71776364,37.42489714,45.41251666,46.11085654,50.09733695,50.22345045,51.19216122,52.73506842,52.74261251,53.6600638,56.20504725,58.17808673,61.34431806,63.49741414,66.05148651,66.43241007,67.42866808,68.52353553,68.63067057,70.31641705,70.62730324,72.24273423,72.55267826,72.98295262,77.13383992,78.16134769,80.77835244,83.15455019,84.31523129,87.34655951,95.43439311,105.56300111,107.98123176,112.23037479,113.94430214,114.56030842,114.92910888,114.97509817,115.13059677,115.50126545,117.10103763,120.63682204,122.02614427,122.25017382,123.96286472,124.68491692,124.74940092,126.16658081,127.36606465,129.25815191,131.17578527,139.15892814,140.14242506,144.23842768,145.41708647,147.14767593,154.70841296,155.25006404,171.4048688,172.01124541,173.38806924,173.83379101,176.01573651,176.20260708]","[4,1,4,5,0,4,5,2,6,2,2,7,7,1,7,1,7,0,4,3,4,5,6,4,6,4,2,0,1,7,5,1,4,4,5,7,4,5,6,4,3,5,4,5,3,1,1,3,2,7,7,5,5,6,6,6,6,5,1,4,1,2,5,0,1,5,2,2,7,1,1,0,0,7,5,4,6,7,5,4]"
"[2.00857757,2.13544506,3.02056211,3.64557871,3.97560011,4.32303932,4.51467493,4.65095637,4.75038037,5.08055522,7.01950432,7.53662986,8.30059356,8.45139612,8.51978831,8.55854626,8.67415795,8.77109428,9.17065391,9.33828003,9.435432,9.55761098,9.66007437,9.75313165,9.96810409,10.17006244,10.6214739,10.87774653,10.90564261,10.91559219,10.92701233,11.21865759,12.57472024,12.89507526,13.88407437,14.38239899,14.93163858,15.17060776,16.38617005,16.69634472,16.70078016,16.7597063,17.66955316,17.73481496,17.79032639,17.79813332,17.83066208,18.62618396,18.70220781,18.75763111]","[0,2,4,5,0,2,5,6,4,7,4,5,7,7,4,6,5,6,6,5,7,6,4,5,6,5,4,2,4,0,4,4,5,4,6,4,7,4,5,6,4,4,5,7,5,5,6,5,6,6]"
"[1.35635531,5.66129518,14.73620063,15.07479062,15.30804042,15.35171196,15.67897873,16.15366521,16.80418908,17.85570311,18.42070699,18.94090388,19.01895637,19.79876382,20.46817728,20.55714972,20.72933689,21.31378113,21.61555715,22.44027458,22.51995743,22.53781578,23.80895519,24.23559004,24.75612036,24.79467252,25.03496672,25.28521915,25.66675529,25.66914403,25.9854576,26.1043036,26.21452767,26.55851653,26.59219724,27.1555889,27.5815327,27.63892552,27.75389945,27.81432212,28.85541608,29.16447083,29.22643143,29.24944877,29.68829617,29.96311942,30.1429065,30.31220408,30.31676895,30.34532058,30.67445313,31.02793506,31.09098293,31.33421875,31.57949417]","[3,2,5,4,4,2,3,5,6,6,5,6,6,5,4,5,4,6,6,7,5,4,5,4,5,6,5,7,5,6,4,5,6,4,6,4,5,7,5,1,4,6,6,4,4,5,4,5,7,5,7,5,6,4,4]"
"[1.10681342,9.06241753,9.71316155,13.92721645,14.92831734,15.2785188,16.66806069,18.14956855,18.61532397,19.58344885,22.46685749,27.86792679,29.83044177,30.52394153,34.49495144,38.60085801,41.22460105,43.99341019,44.59162353,45.66642073,47.6293653,51.69610705,52.82469152,55.70650115,56.06548348,58.79196005,59.44362675,59.70417925,62.68910737,66.83585402,67.94815134,68.03641121,68.62604405,69.5288548,70.14397818,70.17552708,70.46071673,71.28333698,72.12213253,73.17909626,73.5736623,77.06745231,77.38015768,77.62595348,78.9880371,80.36554521,80.41927581,80.95806773,81.22246332,81.83441033,82.5054429,82.53908402,82.97762785,83.44874596,84.34667308,84.40286549,86.12533547,102.28041158,112.31965069,113.07678323,114.27251196,117.90142713,118.24425894,126.1887564,127.41478563,128.33783443,134.98984276,135.18910125,135.76830924,136.93125987,140.17339371,145.11126995,145.2889057,145.88448062,146.78181155,146.78859794,146.88524072,147.12564285,147.14792065]","[1,6,1,6,7,2,7,0,1,2,0,6,7,0,3,2,6,5,6,6,7,3,3,0,6,0,2,2,0,4,2,5,6,0,6,5,4,4,5,0,4,5,6,4,5,7,4,3,5,5,6,5,4,2,6,5,6,0,0,5,1,1,2,1,2,0,1,2,2,0,7,0,4,5,0,4,5,4,4]"
"[2.54199039,3.19992441,3.64853277,6.3699951,6.66950384,14.68978657,17.26564832,25.30912383,26.57200001,28.16848673,29.58415127,31.97256524,32.9616641,33.46444119,34.19896593,35.87831581,40.37302559,46.31352101,47.2437387,48.39771313,48.43161366,49.30028569,50.01190688,50.17619874,50.55099571,51.26039862,51.30200892,51.66223413,52.01056066,53.14856246,53.48562491,54.67740949,54.89242639,55.03051738,57.50978484,61.21652521,69.53628222,69.89843365,71.65542886,77.8599512,84.47201788,85.25309097,85.32642485,85.46036242,85.56329157,85.86457898,86.55425851,88.56164613,93.44000747,95.25076595,96.01496433,96.05185614,97.91873487,99.58458709,100.02601988,100.20650107,100.50299894,100.66387046,100.82103326,102.46878825,105.05935566,107.40831023]","[7,5,1,7,6,2,1,3,5,1,4,3,5,2,3,2,1,7,0,5,4,5,1,4,5,5,7,6,4,6,4,5,6,4,6,0,5,6,2,5,5,6,2,6,6,4,7,1,0,6,6,2,7,6,1,5,1,4,4,5,2,5]"
"[2.77751933,5.11764607,9.70119683,10.2191526,12.4235414,12.47152421,13.96374573,14.05902775,14.11033574,15.77204335,20.54153344,21.33191463,23.53481681,23.7748815,24.53554748,25.98808222,30.28713889,30.75359301,33.33220302,37.9223488,44.18156082,44.50038419,48.69029869,48.783917,49.6776752,53.28543056,55.22651094,63.25117668,63.81172743,64.58825876,72.68233367,72.80327904,73.47140711,79.90281949,83.16383479,83.84202231,86.08940985,88.76866987,89.50738565,90.86369908,90.96319086,91.34637995,92.34429106,93.08403616,96.8531618,101.46494758,114.67821245,116.2321178,117.38731263,117.58290974,118.12835041,118.27974468,121.73184556,123.18920431,123.1987647,123.42601779,123.563064]","[0,5,0,4,6,7,6,5,6,4,3,2,5,6,6,7,3,3,5,2,2,0,2,5,0,7,5,6,2,3,5,2,1,4,5,0,4,5,5,7,4,1,0,4,1,3,3,5,4,5,4,5,5,4,1,6,5]"
"[4.10906969,7.24366573,7.78711192,9.93551056,12.22372729,12.25658277,13.37625632,13.39922954,13.61780902,13.9628011,14.73232545,15.26754527,16.89069904,17.8359839,20.13914811,20.31738363,24.90118098,38.95113396,39.31438869,43.81237553,44.95936657,44.97881313,45.41414965,46.17734551,47.34030213,53.02267099,53.61575782,54.59845659,54.82497793,55.41249465,55.63631003,55.8727615,56.21351561,56.50765497,57.54485233,58.20468678,64.20432947,64.43111402,64.50267043,65.06926381,65.64206699,72.85712592,74.83007907,75.11375713,76.88725215,78.88542178,80.47982209,82.94334305,83.67925089,92.64998775,93.01352372,96.84156988,98.16648661,99.81586267,109.08550398,113.72576454,117.21444065,118.50986712,118.74251412,121.99569992,122.94126699,124.71849854,128.23357428,133.78884569,134.7925337,137.07424165,137.3060328,138.5255925,138.57925332,138.65957974,147.83756061]","[2,5,6,6,4,7,5,5,7,5,4,5,3,3,0,1,2,7,1,6,2,5,5,6,6,2,0,4,7,5,4,5,6,6,3,6,5,6,6,7,6,7,4,6,5,4,6,5,6,2,7,4,3,7,6,1,5,0,3,1,1,6,5,1,5,3,3,0,2,7,2]"
"[1.00893669,5.30909886,19.10621167,21.41329461,22.93022491,23.30049161,26.25949805,26.83884374,27.07490763,28.30096844,28.33086165,28.39497306,42.23890446,46.46120199,47.30692858,47.46859112,47.74868085,48.22338502,51.03263676,51.98470877,53.73230042,55.92207446,56.85578268,57.01717044,57.16024467,57.57679576,60.20243753,60.87372211,61.25594829,61.7705278,62.07949173,62.68887022,62.8472811,64.5046354,65.20342937,65.24100514,67.67012788,69.54651549,69.80054682,73.75508216,74.98418512,77.16238045,78.35414931,79.38195562,82.69213208,83.47924021,99.22191586,99.80850908,100.26494165,101.23870486,101.70189336,101.81696535,101.85543046,102.23213855,102.85394685]","[3,3,1,4,5,5,6,7,6,5,6,6,5,2,4,6,7,1,7,3,2,5,4,5,4,4,6,4,4,5,2,0,6,2,5,6,6,2,4,7,7,0,1,7,1,3,5,4,5,4,5,6,4,4,6]"
"[1.51812285,5.23495615,5.80885847,6.02572452,8.34643713,8.61230979,9.30040527,9.93720768,9.98835111,10.15064224,10.67729589,11.44669516,11.68070558,12.42419041,12.60733369,12.80043933,13.04668332,13.31094485,13.50234995,14.24235619,14.43455551,14.60999601,14.6670346,14.68304206,15.31737937,15.33174526,15.73984275,16.14842369,16.19057301,16.21152238,16.36193248,16.42813714,16.46885342,16.51188146,16.60227257,16.6144955,16.65305047,16.81744563,16.89646043,17.07538241,17.21951361,17.26253992,17.53577977,17.82190537,17.8251035,17.93162539,18.25018437,18.76931502,19.12285101,19.21860167,19.26137801,20.17904894,21.20575321,21.61198729,22.14566356,22.91771984,23.42464219,25.19086088,26.89178147,27.22590355,28.34194406,29.80275726,34.15394516,41.90532265,44.43443761,46.83674336,60.96886088,61.38634304,61.90926897,62.23097204,64.01061901,76.52953021,78.58992676]","[6,4,4,5,5,1,5,4,4,5,4,4,5,5,5,4,4,4,5,5,5,5,5,5,4,5,6,5,2,5,4,5,6,4,4,6,6,6,4,2,6,5,5,6,6,5,4,5,6,6,7,5,3,1,6,6,7,7,6,3,6,4,7,0,5,6,1,1,3,5,5,7,7]"
"[2.99957832,3.34325525,4.03755524,4.37185803,5.03347422,5.35036672,5.80294872,6.66494418,7.06412394,7.29998125,7.68817538,7.69458647,7.75277955,8.32700274,8.37000336,8.52631415,10.22376703,14.70395511,15.08699558,15.10266265,15.87521657,15.95802376,16.28704982,16.50977327,16.76957402,16.87087973,16.9851779,16.98926886,17.12053152,17.38071216,17.44551281,17.49836848,18.07397895,18.18200351,18.70479497,18.72575234,18.75573435,18.87040601,19.01612131,20.25147931,20.43301114,20.81955997,21.44737862,21.50476666,21.87085034,22.34109388,22.55493902,22.86709417,22.89339036,23.04156478,23.31531955,23.42809774,23.8043139,23.84268907,24.17541882,24.29582373,24.32836444,24.72500737,24.79601326,24.93436914,24.97776473,25.18310691,25.20292738,25.63781852,25.84825886,25.87404798,25.89296837,25.96018581,25.98131507,26.36112044,26.52413825,26.60334834,27.10458872,27.23762251,27.97373349,28.71905359,28.91039356,29.40663182,29.41691809,30.04556933]","[5,4,5,4,4,0,6,7,5,5,6,6,4,6,6,5,4,5,4,4,5,4,5,6,5,5,6,5,4,4,4,5,5,6,6,4,4,5,6,4,5,5,6,6,7,4,5,6,4,4,4,1,6,5,5,4,4,5,5,5,4,5,6,4,4,6,6,6,4,5,7,6,5,4,4,5,4,5,6,5]"
"[1.5245422,5.3930864,6.03307895,7.91977335,14.60552295,16.06742254,17.83607467,34.70915468,38.54716118,40.89948241,41.56669263,44.62937576,59.55056452,66.22656683,67.20756849,69.18886344,69.36961862,69.47308136,69.70192567,69.85003824,70.04885288,70.09973632,70.19328204,70.30196557,70.51196723,70.82826208,70.83975684,70.95640373,71.29543404,71.43928357,71.658363,71.82113479,72.02598029,72.20557971,72.38646907,72.43648467,72.59708973,73.91039308,73.9917215,74.19077805,74.21614085,74.60457265,75.27411897,75.79843205,75.97945736,75.98469873,76.0573883,76.13939174,77.87147286,78.13580531,78.34798515,78.3816769,78.85656451,78.899535,79.73022775,80.50087844,80.92392615,81.03274644,82.39159722,82.79967102,82.88405557,82.99682118,83.05219186,83.62745927,83.64174732,84.21563735,84.43036015,84.61173338,86.00626852,86.02878011]","[0,4,5,4,7,1,7,5,7,1,4,6,7,6,7,4,5,3,6,5,5,4,6,6,6,5,6,7,4,2,7,7,6,5,7,4,7,6,7,2,7,4,5,5,2,4,7,4,0,5,6,4,5,6,6,6,5,6,5,4,4,4,5,6,4,3,7,5,4,5]"
"[6.52804972,7.21209452,9.23925761,9.40747804,9.42073858,10.91989987,16.54926468,17.93875473,17.9952209,28.71125554,31.4198966,35.06672868,57.35110094,57.83727059,58.09761312,60.65342818,62.31365498,62.9052661,63.32299889,70.25370124,70.49708691,71.11081761,71.53038466,72.32385854,72.9369941,73.67976691,76.91246971,78.83121158,82.43175131,83.36689268,85.11041544,85.54573772,86.8957088,86.9828603,87.05481982,92.14084969,93.22502634,93.29867783,93.3898406,94.59181915,95.62817153,95.90717855,100.04829626,103.97750795,104.85381697,105.52716292,106.27772121,106.78703326,107.22501616,108.60989165,110.53748362,111.59270704,115.98813834,116.7347598,118.68019841,121.52338652,121.59455333,132.12868985,135.44615202,136.03376594,136.06592335,139.48875048,141.32980114,143.69251639,145.15591345,146.33576695,146.65117339,149.47038367,151.73431756,151.92934935,151.98530355,152.38118249]","[0,3,5,6,7,0,3,6,0,3,7,2,5,7,6,6,1,1,7,6,3,2,3,4,5,6,5,7,1,5,4,4,0,6,5,0,6,3,4,7,6,0,3,2,0,5,5,6,2,4,6,1,7,7,7,7,1,1,7,3,2,2,5,7,0,4,5,0,6,6,1,6]"
"[0.53126132,0.62621357,2.38692613,2.48017307,3.24203067,3.26363781,4.83782816,9.47966772,10.81816157,10.96154173,11.97042683,12.07233726,12.1980101,13.27089666,13.74876454,14.24391522,15.10564294,15.6460932,16.76074726,18.23744561,20.5315937,26.04833247,27.71202332,36.42766919,47.43786369,47.62042733,48.52828506,48.53054871,48.75577901,48.8414758,50.01513977,50.14264693,50.24312759,51.44126785,53.00612315,54.58811512,54.90809877,55.17453963,55.77893124,56.58755482,59.27880279,67.87892851,68.07431327,69.4691693,70.06313083,70.1687584,70.27381348,70.34654091,71.16353079,72.66647029,72.77816945,73.06207564,73.33106775,74.738289,76.30049415,76.54243311,76.6330479,76.77424395,76.89791212,76.92765255,77.02313178,77.24127096,77.76479384,78.10456134,78.41104557,78.80623495]","[2,3,3,2,3,1,5,2,4,5,5,4,6,5,6,0,4,7,4,5,2,1,1,2,3,7,5,4,6,7,6,2,5,4,6,2,4,4,6,5,4,4,5,2,5,2,5,2,6,4,5,5,4,0,5,4,5,4,0,4,6,4,6,5,6,5]"
"[4.97317388,9.14185895,14.73071286,16.93331896,19.65574673,20.53540295,23.09915863,30.71410283,31.97544828,32.09189566,32.2952911,33.89748189,36.54178841,37.01608191,38.15125775,38.15670391,40.01739086,41.2696015,41.91836786,43.06850546,43.96243425,50.03002631,51.66376668,52.82974226,53.30947939,53.36408798,53.4392298,53.44968243,53.49596842,53.62627885,55.7466855,56.31571044,57.19913416,58.38380007,59.0635685,60.38427319,62.85930046,64.37287191,66.08484024,67.21473107,67.63284816,67.75280271,67.96971357,68.20259513,68.37186974,69.29188035,69.84419297,70.19669592,70.59210693,72.11120917,72.22558893]","[0,2,4,1,0,7,5,4,5,5,2,5,4,1,1,3,3,0,6,5,6,4,5,4,5,5,6,6,0,1,4,5,5,1,5,4,4,6,5,5,6,4,6,5,6,4,6,1,7,3,5]"
"[2.60971365,4.03633497,8.51138986,11.5904719,13.76829175,15.02132312,16.79184844,17.48448141,19.56207514,24.8456636,25.36611127,27.11989526,28.57191382,39.16395199,42.49640053,43.43465296,48.30390777,49.97639319,50.4710369,50.81232676,51.61393472,51.893705,52.91202398,53.78013949,54.26617326,57.70184017,59.33780066,60.36546033,76.4049418,76.47861495,77.08272566,77.7740154,78.21092102,78.7478664,79.60705357,80.21854149,82.83456888,83.02220926,85.02324132,95.9885949,96.12669754,96.27413991,96.91559122,104.04918928,104.88964323,105.01309545,105.61418872,105.98247398,106.69635172,106.84136004,106.88478331,107.82360532,107.97609205,108.6637219,109.09603276]","[7,7,5,6,5,6,6,7,1,0,4,5,6,7,2,7,3,6,5,6,2,6,3,7,0,7,0,2,3,3,3,2,7,3,5,4,7,5,4,7,2,3,1,6,4,5,0,6,4,5,4,0,6,5,6]"
"[0.96369569,1.96163364,3.09581533,4.70922156,4.91539303,5.37060767,7.90570432,11.8110554,12.87896652,14.5799298,20.53006966,20.78928207,26.84599784,27.403974,27.9016631,30.70960252,32.28150431,32.76655836,32.79305092,37.6060812,37.92158197,38.35986724,42.41911925,52.29415081,62.46162153,63.20922752,64.14261685,64.34878695,66.2917712,67.4563082,67.57955341,67.91395975,68.63314992,69.09357156,69.54340141,69.59071351,69.68484411,73.4822259,74.10809583,74.35283457,74.47466,74.97212092,75.24698824,75.49325415,76.30672694,76.78181692,77.57982067,78.02090315,78.21758512,78.24205244,80.1354208,80.51853372,80.86203288,81.07568533,81.18081955,82.32266749,82.52072171,87.81140039,89.49246889,96.34059455,98.75858139,100.51070866,102.92941347,103.57098348,103.64340674,103.8916981,105.05196859,106.98424758,107.48464018,109.60946192,109.67820036]","[0,7,1,4,5,5,3,1,0,1,7,5,6,0,5,6,7,6,0,5,4,6,1,7,0,1,1,5,0,4,2,0,5,5,3,4,6,4,5,4,6,5,5,5,6,6,4,5,6,4,5,5,5,2,4,4,6,7,1,2,6,5,3,4,4,5,4,0,3,5,5]"
"[4.36073709,9.5725697,14.53998633,14.75581773,18.75826583,21.75765997,22.1321899,23.09563434,27.44897772,35.05285993,38.05999209,40.6418847,42.13810669,43.01291103,44.64934928,45.6037369,45.70021086,45.77114286,45.98367625,46.08146681,46.3244376,47.23682551,47.95137599,49.63980228,50.42138931,50.6267862,51.95587333,55.79394908,58.97711753,60.74280187,69.87375277,73.17788183,73.65723508,74.60098949,77.87456206,79.30254814,80.84125005,81.43243759,81.72895543,82.42125465,84.29498586,85.60273116,87.96126162,95.11673716,95.50385393,95.81858398,96.04123018,96.30185807,96.32907424,96.59092157,96.6142654,96.62254665,97.12710243,97.24090953,97.68709324,97.73782756,98.71457696,100.16473744,100.46586583]","[2,4,6,3,0,7,5,4,0,5,2,2,7,7,7,4,5,5,5,6,6,4,5,4,0,1,3,3,2,1,2,4,1,2,5,5,4,0,1,6,5,7,7,5,2,4,4,4,5,6,5,6,5,6,2,4,5,3,5]"
"[3.85067221,9.94610589,11.89432574,17.84068291,19.98981067,20.17071984,22.85230989,22.99429146,23.79495956,24.74184912,24.77226418,25.09242243,25.10739114,25.13968902,25.53297411,26.10710765,26.37029409,28.85480462,28.9293242,32.10414751,36.45046931,36.67681552,37.32619515,38.30215556,38.82263104,39.84172948,40.83359544,41.56589623,45.23343231,48.81369973,51.93821503,61.95682753,64.42658239,65.50428272,66.2821778,67.78405369,68.36087641,68.75713117,68.760038,68.76300575,68.8093037,68.8518634,68.93373285,69.41369223,69.45141731,69.49888137,70.63966163,70.65287378,70.6672799,71.00067507,71.25432331,71.99598673,72.21126992,72.24159818,72.95765837,73.328003,73.48519417]","[2,5,0,7,2,6,5,2,4,5,6,6,6,6,6,6,4,5,4,7,5,6,6,7,6,7,1,7,0,7,2,2,5,4,1,5,6,5,6,4,6,7,4,4,5,6,5,2,6,5,6,5,7,7,4,4,5]"
"[1.32239093,6.26130048,6.36380087,6.51671277,6.54491219,7.35445751,14.93352633,15.43091114,15.69843284,17.19536726,17.7744515,18.09895829,18.19814035,21.86304397,22.6596481,24.16567826,27.05753015,35.59901845,37.86568871,38.09640836,39.10537085,44.25654744,44.61615245,48.43542061,56.73990336,62.44759242,66.40394815,67.37044769,67.68429065,67.71412551,68.08738305,68.39328113,69.9476476,69.98542455,70.55981656,71.72220781,72.12306229,84.87683935,85.12894736,85.21883922,86.29873148,87.20940489,98.99573968,107.06907307,107.13024179,108.45678642,110.11027754,110.31956911,111.57105978,114.91585906,117.431825,119.29069078,125.233115,130.01804126,132.15400603,132.57201625,133.10027697,137.06747053,139.03470532,140.16221721,145.2744881]","[2,5,6,7,6,7,7,5,6,4,2,5,5,7,0,3,1,5,2,4,3,0,7,7,4,5,2,5,6,0,6,3,5,6,5,4,4,1,1,7,2,4,2,5,4,5,4,5,1,1,4,2,6,6,3,7,2,0,1,7,0]"
"[4.13329786,5.29752684,5.79382924,6.5338736,8.92899053,12.84525086,14.42309898,14.85669005,19.61869824,25.12097829,27.13181208,28.42732121,29.6728438,30.42032985,39.25114394,52.04408583,56.94336248,57.22666061,58.48864692,59.52359034,62.92617027,63.28075837,64.47325124,70.43581517,70.92043618,72.371027,75.79491636,76.26805575,81.14330869,81.53715689,81.90007934,82.07138992,82.73183965,86.58608179,86.71726237,86.72297597,87.54851753,87.64890567,87.67575473,87.72686838,87.96064366,89.28282006,89.62428821,93.6083851,93.77483526,95.16320031,96.18534541,96.21706377,96.54704489,97.0129468,97.23523479,102.27833213,102.99956012,104.33630539,105.47091579,106.18298729,106.86313423,107.51914274,108.64526295,108.84845475,108.85096506,109.2643213]","[3,6,7,0,6,5,5,7,6,1,2,4,7,5,5,2,6,7,3,7,0,7,3,6,7,1,6,6,5,6,6,7,2,5,4,2,5,4,4,5,4,5,4,6,6,4,5,4,5,1,0,5,4,4,4,5,5,5,2,6,4,5]"
"[1.15364922,3.9743078,4.07007668,6.02746303,6.26343667,6.28944973,8.01243878,8.6211779,12.37161142,14.80729959,15.68516135,16.53860854,16.98305056,19.22155041,19.26646852,20.53368561,21.90576135,22.80851454,24.2205977,24.55455979,26.13456499,30.1795446,32.99434943,33.44974815,36.44928765,37.11135902,37.70318981,37.74666385,41.79838323,42.04325828,42.78667013,44.79080834,45.3806049,45.74847158,46.30205644,46.33781046,46.91892986,47.2465845,47.92462918,47.92617167,49.37092607,49.64305163,50.03803925,50.31822661,56.47311658,61.70670388,62.2701699,64.4882915,65.48597245,70.31713578,72.6082137,74.35020611,74.48600554,83.59456556,91.11697164,91.18034058,91.32423069,91.78908223,92.81971309,93.0835833,93.31282918,93.36828196,93.52585151,94.03099067,94.04341709,94.09829645,94.26451873]","[0,4,5,5,5,6,2,6,2,2,2,2,2,4,7,4,7,5,3,4,3,7,4,5,4,3,5,6,4,7,5,4,5,3,6,3,4,6,7,6,1,7,5,6,7,1,1,1,7,2,2,7,7,2,5,1,4,6,5,5,6,4,4,4,6,4,5]"
"[1.70531476,3.97704922,6.73782485,7.67177408,7.82773545,8.25640031,8.70866015,12.8216252,12.87325493,14.50861778,14.62023511,14.73821485,16.05105547,16.36550841,17.42082672,19.88094293,20.08819031,21.95308215,23.87919242,24.32510755,25.56738785,26.33194854,27.00107538,27.5149695,27.83995496,29.07495973,29.15614745,29.1992161,29.29965408,30.04969708,30.36481652,30.60269465,31.67020418,32.44015576,34.7303673,35.29276293,37.73317069,41.82660892,42.85230464,43.61982432,45.35751641,46.06308619,48.72608527,50.27647175,51.38847363,54.14472318,56.27344447,56.77089981,56.89101912,59.47071406,59.52190657,60.43139116,75.1427832,77.19455041,81.58492389,87.19291684,90.97931734,94.7304839,98.46394191,101.92885768]","[1,7,5,4,6,2,7,5,7,4,4,5,6,6,7,1,5,7,6,7,6,4,5,4,6,4,5,5,4,4,5,5,5,6,4,7,5,6,1,2,2,1,0,1,7,0,3,2,7,6,4,7,5,6,4,5,1,4,3,0]"
"[2.9720229,5.85468189,7.61947321,7.75080069,8.52882179,9.17886453,9.39137638,9.45156775,9.61393872,9.73196419,11.35827352,12.00249609,12.69145764,12.9774529,13.70111199,14.04119508,15.0414855,18.34234763,18.4423931,19.49020212,24.68085577,27.13228065,29.80627802,30.09942019,30.12134578,31.25338898,33.84496364,37.2312038,38.72607757,40.30097626,41.92588355,42.96948519,43.41403859,43.64342118,44.15735734,46.11670417,46.84673413,48.09254932,51.98913682,56.9290533,59.25540546,64.66625928,65.68129635,68.6051242,69.25663061,69.33152597,70.25284472,70.67619542,70.77694404,70.88313215,71.15739153,71.60567387,71.68498159,72.15447378,73.1978523,73.34185154,76.87113137]","[5,6,2,1,0,5,7,1,4,5,6,6,2,5,7,6,7,4,2,7,7,7,5,4,4,1,7,0,7,3,0,5,1,6,1,1,1,4,5,1,2,1,1,4,5,4,4,5,6,7,4,5,6,7,6,7,4]"
"[5.27200511,12.51654321,16.03739763,16.85556696,18.53179946,22.65762191,24.30581205,25.59228313,26.47899325,27.21501123,28.29523961,28.42710227,30.00677171,31.94376606,36.10644712,38.15052362,39.22367774,39.40815925,39.74567081,39.79524278,39.85024573,40.11554149,40.4386892,40.93132947,44.40429811,44.54564803,45.58012103,46.52916001,48.10356065,48.39087732,49.74808849,57.00823085,58.57614452,59.76687134,63.29959487,67.91645089,69.36795021,75.83364038,76.4365586,76.57660209,77.65707344,77.7061581,78.52303219,79.26969283,80.05085476,80.49190574,80.63954615,80.642562,80.78557287,82.8623557,85.02232947,85.4135959,87.1705398,88.55195783,91.00353301,98.50222903,99.97882576,100.20662019,101.15307976,101.16928023,101.2346295,101.71145863,102.18502717,102.84380659,103.74336163,105.16873632,105.49970379,106.03748817,106.13250198,106.4179907,106.58976462,107.56249191,107.69289281,107.75463212,107.90475351]","[2,2,4,5,6,4,7,7,7,3,3,7,1,0,4,5,4,5,4,6,5,4,1,5,7,6,1,2,6,5,4,3,1,1,4,7,5,1,5,7,4,5,6,6,4,7,7,1,7,5,4,6,7,2,1,2,5,4,1,6,7,4,4,6,4,5,4,5,4,3,4,5,3,5,0]"
"[1.03268758,1.10984304,1.18279183,1.5074543,1.50937317,10.83412544,11.35370522,13.33730395,14.40837689,15.51614952,16.24734287,18.64765775,18.65750795,25.94798273,27.02812058,29.86591749,29.97445627,30.08298299,30.61477604,31.40975376,31.41121121,31.79073973,31.8627618,33.30835317,33.89802961,35.52187033,37.37562346,37.63294757,40.17169707,41.01174851,42.15401903,45.26018786,45.64438475,50.91466622,50.93637974,51.76892178,53.25146187,53.3568769,60.73232211,61.19383414,64.54175461,64.88879887,66.1213314,72.64898551,73.81676036,73.93393526,74.02850178,76.38707572,78.29029078,80.1357116,81.85717744,82.12305686,86.40991597,88.56703817,90.94456167,106.15414963,106.19052262,107.30491613,109.92357331,110.56804832,110.89531838,111.29163446,111.70882782,112.12538333,113.80621263,113.85843989,115.10767991,115.76994421,117.85602444,118.19102815,118.41728221,118.56167334,118.63348635,118.96844378,119.1809874]","[1,5,6,7,6,1,7,7,1,7,1,1,7,4,4,5,4,6,1,5,6,5,5,5,6,6,5,6,2,5,6,0,4,7,1,5,5,4,7,6,2,2,2,0,0,5,6,2,4,5,6,7,0,2,4,3,2,3,7,4,1,5,4,6,5,4,7,1,5,4,4,5,4,5,6]"
"[2.08932651,3.58078841,8.99938675,9.22185066,9.90287503,12.27753583,14.13582096,15.03431676,16.14429903,16.33519712,18.15164985,18.54981862,22.40875309,27.83713565,29.65604656,29.8158172,30.33205722,30.40064818,30.53282915,32.2847975,32.9822003,33.08859618,35.58687348,35.88335172,36.02335362,36.15478052,36.58704158,36.87897805,36.90296095,37.18579742,38.67741772,39.23733474,39.65980647,39.73595984,39.9842194,40.09307213,41.01371739,41.87145277,41.9317608,43.30315894,46.82230842,48.07824403,49.10900314,51.03596041,52.77604946,53.1040787,53.63305305,61.58601272,62.04460434,62.45985626,63.68028477,63.92193444,65.10140316,66.45976939]","[2,5,6,0,3,2,4,3,4,5,4,7,7,3,5,6,7,6,6,5,4,5,2,5,4,5,6,5,6,6,7,7,5,7,7,7,7,1,2,1,1,3,1,5,4,2,0,6,4,5,2,5,7,4]"
"[0.6101483,1.50740119,3.16760369,13.02765083,13.98312413,21.1386219,21.37033941,22.51172261,26.87119275,27.00322533,39.11716411,48.98783243,50.24253819,50.82033395,51.15305116,51.21961224,51.31108915,51.9684876,52.27212486,52.43954069,52.565799,53.48522014,54.00720785,55.86656958,56.79399345,56.86480043,57.01219823,57.11494463,57.89020046,58.42741256,62.86659653,63.77529335,69.62797302,82.69764459,85.20359841,85.68600324,85.78490404,88.31697152,89.31751606,89.47865321,93.93567943,93.99424193,94.55832738,94.65537444,96.0896759,96.47501488,97.11878901,97.69667435,98.19408225,98.62158071,99.46679132,99.52191329,100.27609191,100.28384623,101.11142724,102.74228267,104.16181636,105.13192714,105.2610273,105.3748631,106.310517,108.34506765,109.46144975,110.36001481,111.19164764,111.32025344,111.78923327,112.53309172,114.58727449,114.81325641,114.82244423,115.56500969,116.01721444,119.11672253,123.97928378,124.00073138,124.21083845,124.85530421,125.78885017,126.31890365]","[2,0,0,4,1,1,0,3,5,6,7,4,5,5,4,6,5,0,6,7,4,6,2,1,7,5,6,0,2,2,1,2,7,7,1,7,1,5,6,2,0,1,3,1,7,3,6,2,5,7,5,4,4,4,5,4,5,7,4,2,0,1,5,5,4,5,0,5,6,0,7,4,7,7,5,6,7,6,1,7]"
"[1.19267832,2.8693062,5.12304349,5.84529628,6.37061843,7.07797807,7.16044181,16.0179108,19.46802914,21.1125651,22.54041796,22.62907872,23.10133805,24.06211725,24.74463787,24.81691469,24.88157627,24.93911134,25.09234367,25.4125822,25.84728727,25.94516599,26.02461675,26.26773782,26.3964585,26.40402318,26.73589526,27.45032535,27.66231408,29.01725333,29.42968967,29.74530969,30.3251971,31.10707943,32.28570381,32.8755631,34.59574344,35.05837489,35.48031239,35.65429039,35.84176669,36.85670765,36.89219663,37.40792662,38.6587349,40.90926586,45.81493688,46.82842955,49.56265991,50.17503275,50.73542596,51.86958499,52.28424921,53.32629907,53.37901628,57.2293762,57.57014539,58.14814621,58.60319697,59.07003711,59.5100178,59.93532804,61.24506483,61.42466994,62.2120751,62.33166614,67.57684548,67.60532088,69.83067255,70.4249434,71.89714053]","[2,4,5,4,3,4,6,4,2,2,4,5,5,4,5,6,5,6,6,6,4,5,6,4,1,4,5,4,7,5,3,5,6,6,3,4,5,4,5,5,6,0,5,4,3,7,7,4,5,6,6,4,7,5,6,6,7,4,7,5,6,6,6,1,6,2,5,2,5,6,6]"
"[1.80745392,5.99822122,16.8648233,17.91633391,18.63262049,19.29074436,19.3175991,22.02062329,23.21094287,24.63358806,28.73035778,29.70034605,29.83145713,30.36815127,30.8927901,31.20972278,36.83726238,38.30554216,41.01432709,42.75362987,43.2918527,43.48431271,46.74640104,47.6739864,50.08960737,50.15214278,50.22211781,56.55067402,59.58081574,62.68328494,63.29487821,64.44921886,65.39706614,65.40592201,65.62937261,66.52473916,73.6170452,74.14058131,74.30022309,74.72631042,75.01684983,75.228265,75.7143458,75.80705735,75.86128559,76.06163549,76.20256035,76.23551473,76.27023012,76.50353148,76.8885784,77.02103664]","[1,0,5,6,4,6,2,3,6,5,7,5,6,2,4,6,7,7,7,5,6,6,2,5,6,6,6,4,1,1,5,4,5,6,7,6,5,4,5,4,5,4,7,5,6,5,4,4,6,5,4,5]"
"[0.98651608,6.45668638,6.96037522,14.01659026,20.83285205,21.24669317,21.58043831,21.97667684,22.07291272,25.54619518,27.54246541,31.57411229,33.34787751,37.85550168,38.29932034,40.6507457,42.30984659,49.80308529,50.06493963,50.74505639,57.0285513,57.0463026,57.27366322,58.68565118,62.13459805,62.54803458,63.44468388,67.28608213,68.66918138,70.0575441,71.53275489,74.71943747,76.22734431,81.02540123,83.66607708,85.59972305,87.11858249,89.44435658,90.21272427,90.27667194,90.59503947,91.36628891,91.52810234,92.79644259,93.53845735,95.98728049,99.58248585,102.38946229,103.81115936,120.15815975,120.36849367,124.52681643]","[2,0,1,2,5,4,6,6,6,7,4,2,1,5,6,4,7,5,5,4,4,5,5,3,5,0,6,2,4,4,2,6,5,2,4,7,3,4,5,6,4,4,6,1,3,2,0,1,7,1,1,0]"
"[5.17287521,6.83644586,9.25797786,9.4577643,9.61358625,10.4238572,11.35873006,14.7985151,15.2706428,16.36261954,19.29870448,19.43582132,20.34688716,21.59424115,21.77450088,22.82791326,23.14166399,23.55809648,25.62691446,26.29151183,26.32609118,26.41875998,26.73820782,27.76133683,28.18714317,28.71672491,29.18842494,29.24648224,29.38619407,30.29645044,30.53355612,30.65593612,30.76567564,31.47263716,31.50784116,33.08960701,33.51260453,34.89380541,35.44830421,35.77403159,38.9852726,39.29913951,44.43360739,46.25107749,46.41168536,46.53082875,48.33543825,49.18940283,49.56560659,50.26081683,50.30426865,51.05208735,51.30752042,51.35623361,51.40434649,51.67701836,51.7454213,51.77473672,51.85688405,52.09858542,52.58203589,52.90069084,53.43745161]","[7,0,0,7,2,6,0,4,7,0,4,5,6,4,6,6,7,4,4,5,5,6,5,4,5,5,7,5,6,1,4,4,6,2,6,1,6,6,2,7,6,0,2,4,5,6,1,5,5,4,6,5,3,4,5,4,4,3,4,6,4,5,5]"
"[4.07024642,4.76645242,5.88991258,6.11689099,6.240066,6.64102742,8.30911309,11.72466396,15.08018323,15.90515356,17.17870725,17.1974346,17.71328986,18.94135617,30.20618837,46.09506367,46.19428905,47.06411272,47.44820311,47.62361481,47.66699951,47.93262521,49.56287047,49.68851473,49.90004965,49.95189806,50.02308182,50.42214775,50.54821757,50.6886255,50.74546754,51.26244105,52.33476236,52.41597415,52.49773631,52.64347507,53.90700983,54.21768339,54.38901288,56.44058634,56.70836084,57.92854988,58.02786633,59.05807887,61.11307358,66.76581665,67.38305161,72.33960275,73.09487474,73.65489604,78.48693705,78.67467911,80.70822913,80.74996147,83.5406971,83.80178169,83.8425808,85.02388545,95.75786878,97.94785845,97.96623827,99.89005511,101.65946194,109.15363134,112.40328276,113.02724965,115.57425437,120.66746028,121.64273204,122.25546752,125.17516649]","[7,1,3,7,4,5,6,5,7,2,5,4,6,3,5,4,5,4,4,4,5,6,6,5,4,5,7,5,4,4,5,6,6,6,4,5,6,6,6,6,6,6,4,6,1,2,2,4,2,1,2,4,5,6,7,3,5,1,0,0,2,2,7,7,0,6,0,7,1,1,6]"
"[3.25058181,14.8068365,16.8848932,17.08995581,19.81874958,22.22398549,23.05234258,27.2060058,30.93264585,31.93088131,32.18373406,32.56763721,32.76583422,34.34738026,37.86795307,37.88262124,37.90323668,38.78024612,39.86896656,40.05465569,40.78047723,41.02082512,45.32630802,45.92981789,46.89088784,47.17061574,48.42670623,48.55944076,48.99817187,49.31096199,49.47365764,49.57990912,49.68730299,50.50899613,51.34100518,51.49311586,52.00021753,52.11464102,52.72631853,53.83290569,54.31097753,54.65526021,54.89664333,54.93042368,55.53917973,55.85538561,56.62859452,59.0160549,59.33625697,59.60292306,62.23387382,66.44190356,75.34865553,75.98022319,78.27802728]","[6,1,0,4,6,2,7,3,5,4,5,2,6,4,6,4,7,6,5,5,6,5,0,5,4,4,2,7,1,5,5,6,4,5,4,6,6,5,4,1,2,6,5,4,7,6,4,4,6,7,7,7,3,4,4]"
"[2.45807075,2.83501357,6.99392232,7.20033261,7.59064288,8.96879089,19.79120835,22.24057275,26.30109638,27.25770322,27.63857448,28.82127015,30.94552072,30.99391808,31.01158283,32.5674397,34.18068768,36.73858292,38.30500781,41.02121682,44.38792842,45.45263543,46.06215882,47.68376098,54.27895515,54.55080928,56.44984951,58.70429568,59.05984869,59.29648293,59.43788054,59.84388122,60.3153007,60.54303548,61.28525727,61.96358691,62.11584219,65.07142774,65.52748575,65.75391094,66.68939022,67.40376355,69.1257489,74.25350053,76.88208825,77.21528986,80.52556859,80.58833719,80.62231078,80.82816386,80.93876256,81.03653115,83.35858371,84.86751945,92.82065749,101.33494915,103.23890014,103.9985944,107.67016688,108.25829582,109.26444783,110.53262171,112.64688445,113.71459144,115.19271085,115.76528756,119.24461335,119.25631602,120.06600814,122.99168078,123.20125375,123.34616876,124.72390347,125.06089527,125.27891055,125.44573372,125.58420815,127.34746693,127.38612961]","[7,2,2,2,4,7,2,3,5,0,7,2,5,6,1,1,3,5,6,4,7,6,0,2,3,4,5,2,5,6,4,6,7,7,4,5,3,4,5,6,7,4,7,2,3,0,5,6,6,7,2,6,0,6,7,7,7,2,6,0,2,4,5,3,6,7,0,7,2,5,6,5,4,5,6,4,5,4,5]"
"[3.98565912,4.25842251,7.57617488,8.84900202,9.62637986,9.72760462,21.63278884,22.75581249,24.54953493,24.72276353,28.47403614,32.90157233,33.65348513,36.99622414,38.20177611,42.2564069,42.66715982,42.83804102,44.65006265,46.44102674,47.54744168,50.15728678,50.34931996,50.70202132,50.77836357,51.63070245,55.46242634,58.26367948,59.21292677,59.75876383,62.15550741,64.53490434,65.78457801,74.88805514,75.32121522,77.24190264,78.89192958,81.41321596,82.82884313,83.46330602,91.91694439,92.81942904,94.56183565,94.83013209,97.65917443,99.53851878,100.38665177,100.40696849,100.76168069,102.24735917,104.4131577,104.76355581,104.99048204,105.27153865,105.61902745,105.68636095,105.77900022,106.18151012,106.37366143,106.97200032,107.34711618,108.13235816,108.19368271,108.83829431,109.35896506,112.57368401,115.89342416,119.56526459,120.41538254,124.73964664,127.85901293,129.87646997,133.08344932,133.52770563,134.26902506]","[3,4,5,4,5,6,0,2,5,4,5,0,1,6,4,5,4,6,5,4,3,5,1,4,4,4,2,5,4,2,2,2,2,3,6,3,3,7,5,1,1,5,4,6,5,6,4,7,5,5,4,5,6,5,4,4,5,4,6,4,6,5,5,4,4,6,6,1,5,7,1,1,1,5,4]"
"[3.5791085,7.21039177,8.07390279,12.67470118,13.7135062,14.17798388,14.74569524,15.85110264,18.43440511,19.28009065,21.55311709,22.3115026,22.94811023,23.34929066,26.78237254,27.0164096,27.2823206,30.51598547,31.3702805,32.70921414,34.72326219,44.99434417,45.23136269,47.31649491,47.8284456,49.8799438,50.69677871,50.97869158,51.39399156,51.89927872,53.22354838,53.55504082,54.51059584,55.14889728,70.20099865,71.04063394,76.37410604,77.80732456,77.95607856,78.51785627,78.99001184,80.30570621,81.36100057,81.64203229,84.15510459,84.32277764,84.68004002,84.97288644,85.37758877,87.53706859,90.79390489,91.18264116,91.48208698,92.30004706,94.7703465,97.03827901,97.33889682,98.1808078,98.54889591,99.64786713,104.52707998]","[2,1,2,4,5,6,5,7,4,5,5,5,4,1,6,4,6,1,5,7,6,0,5,4,5,5,4,5,3,5,4,6,7,4,1,0,7,4,5,6,4,5,0,5,5,6,5,6,6,4,5,6,7,6,5,4,2,5,4,6,7]"
"[8.44121571,8.91760886,11.17076068,26.49597143,27.33112275,27.74654143,28.01798751,28.8874418,28.99409604,29.56765702,31.16584373,39.70504361,39.74001335,39.90334755,44.30809018,44.87246662,45.14096505,47.89750582,52.85195759,56.23944439,56.81279744,57.1154846,58.21879758,59.18911726,59.39307305,59.46322223,59.93231885,60.10873115,61.30959974,61.6106913,61.90352565,62.98004363,63.41366697,63.72561161,63.73257864,64.81987207,64.82036302,65.01390881,65.12042152,65.28899161,66.34283355,66.37555703,66.66984587,66.98202232,68.36474275,69.75231716,70.35193171,70.98393428,74.00757061,76.76963382,78.03557223,78.13742567,78.99197823,79.21529252,80.65971909,81.11015186]","[1,7,2,7,3,5,5,4,6,7,0,0,7,1,4,3,6,3,1,5,6,4,5,1,5,4,4,4,4,5,6,2,4,1,5,4,5,6,6,5,4,5,2,6,1,6,0,3,2,1,0,5,1,6,6,0]"
"[6.9121099,7.47641298,12.66877145,13.14392711,16.61924536,20.53035435,23.18352897,23.72924665,25.88491201,26.15870137,26.43799346,30.53644893,31.13050786,39.9536257,41.53762949,42.67761781,45.9751538,48.38890128,50.67063376,52.29105317,58.41380224,64.06650919,64.47677541,65.03956464,66.26884545,69.46544114,77.15467032,88.54492498,91.42913099,93.12913158,93.89488204,93.91251331,94.29643052,99.73390083,105.73489516,106.14176159,106.3084089,109.02722372,110.44311019,110.82312222,113.58027457,114.42388064,114.58642095,114.75742743,115.78395505,117.90726173,120.09670833,120.74711558,121.56437791,123.78396597,124.41275972,124.67374975,125.45182577,126.68221544,126.8098991,126.97148367,127.50602095,129.40850846,133.15134641,134.3372631,143.39553857,143.40863433,143.86290871,144.43759109,145.23817598,145.26542245,145.94465514,146.15896512,147.71263651,148.82355072,148.90799942]","[6,2,1,7,6,2,6,1,1,7,4,5,0,4,6,0,7,2,1,7,0,5,6,7,1,7,7,4,5,4,0,4,5,6,2,5,2,4,5,4,1,0,5,6,7,5,3,4,5,4,5,6,6,7,0,6,5,7,1,1,7,2,4,5,1,4,5,4,7,5,5]"
"[1.17221624,6.96875789,8.245314,8.82308686,10.81243912,11.00519107,11.09752645,12.41897839,13.59270357,16.24787497,16.77724234,18.22867713,18.40852412,20.95437441,23.06693871,25.49401766,26.61177939,26.87306879,27.10319624,27.32739393,27.78477772,28.72181781,29.87418454,30.24297235,30.40415325,32.1601547,33.38089062,34.79343442,35.24405775,35.48527655,38.74357473,40.18924583,40.5328038,42.39445355,43.15034357,44.18300266,44.29975721,46.63035622,46.79995025,57.8821403,58.85329725,58.93650645,60.38134439,61.59260795,67.70221202,70.42412084,71.21327613,71.43026814,71.91475768]","[6,2,5,1,6,6,5,4,4,5,5,4,6,1,5,5,7,4,5,5,6,5,6,6,6,7,7,5,6,5,1,6,7,2,2,6,6,5,7,5,4,6,2,0,6,1,5,6,2]"
"[2.15613575,4.45471881,4.84431383,7.13937583,7.76124631,8.65537803,9.16109063,9.3239061,9.41461958,9.46475379,10.16475633,11.07602648,13.54084286,13.97437288,14.03748937,14.82811733,15.89679148,21.27470246,22.26606638,23.41740332,25.65977762,30.3908152,32.37776657,37.50178034,39.03986502,41.97717953,48.15837543,55.99875987,69.62799212,72.69530377,78.15053388,80.36619099,81.40216518,85.37923924,85.9478704,86.29109564,87.59197843,87.8278158,87.85039667,88.97368798,89.74567237,90.28947705,90.36640444,91.8238918,93.34248811,95.74756189,96.42342603,98.53947201]","[6,7,5,5,6,1,7,4,2,7,4,5,4,5,6,6,1,7,6,5,6,6,5,7,2,6,2,7,1,1,7,6,2,1,4,1,5,6,6,7,4,7,5,2,5,7,4,5]"
"[1.21871822,1.31863982,1.99072915,6.80023284,7.45248554,8.12063206,8.93101707,9.54717794,10.94929581,11.29730772,11.3179489,12.10699647,15.37758904,15.63463804,15.77650498,15.99967284,16.22810687,16.28322632,16.37626523,16.60167034,18.73401332,18.95860828,19.09395895,19.42747145,19.52137911,19.56503745,20.32741421,20.37084516,20.41380737,20.6015542,20.77223312,20.85787464,20.98013757,25.20131952,25.68543324,26.87110921,26.96101226,27.58817219,28.05804251,28.55189125,28.8523479,29.81712248,30.05229422,30.29122533,30.55400261,30.84672045,31.15813852,31.5071995]","[2,7,6,4,5,5,6,4,6,5,4,4,4,5,5,6,6,4,4,6,4,6,5,6,4,7,6,5,4,5,6,6,2,4,4,5,1,6,0,5,7,5,4,7,2,4,4,5]"
"[2.58189319,6.45736965,6.82988261,7.39989324,8.08299189,8.57417744,10.24020509,21.59209322,22.211581,23.95499533,24.6967625,24.9481858,25.69325242,25.96962763,27.31049944,28.04462151,28.45641368,29.65865032,29.73144112,30.61642341,33.62431557,38.50161791,38.5238001,39.59027105,40.08518636,43.36895548,47.34706317,48.81878226,53.43566149,60.34156979,61.64001678,64.53637147,65.21967491,66.87560534,67.32927061,70.21213037,70.41531322,72.14288431,72.24345349,72.26149519,72.40390278,72.50532223,72.58272883,72.9521338,73.11305118,73.17536452,73.83098103,73.86526847,73.91757242,74.70192029,75.42984246,75.65333415,75.98690851,77.18705212,77.35823207,77.69452201,78.02828539,78.6030629,79.0247255,79.22792585,79.33315867,80.19015469,82.36523883,82.71221916,82.87591032,83.16612168,87.55523751]","[6,4,5,2,5,0,7,1,1,1,0,5,1,2,5,6,4,7,4,5,4,6,7,4,3,6,2,5,6,7,2,6,2,7,1,4,5,5,4,5,6,6,6,6,5,6,5,6,7,6,7,4,1,7,5,6,6,3,3,0,4,0,5,0,0,4,7]"
"[0.52656483,2.43125251,3.19518706,3.8257262,10.84634885,11.39855453,11.64026515,12.42747394,12.70169276,13.39289414,13.68809888,14.13240732,15.64549607,15.77741446,18.78931262,21.39864333,21.5431406,22.82869912,23.00733013,25.20785487,27.98406603,28.00109895,32.65509528,33.26150432,39.32143625,39.75526577,40.31913243,42.18974008,42.86366475,45.30552581,45.36041688,45.67967607,46.77558043,50.13303209,61.70710027,64.83287321,70.12004898,71.52918686,73.08278042,76.87140294,83.55665268,85.46357964,88.15332095,90.55422222,100.0925774,101.25059725,102.01359371,104.29207842,109.57332987]","[5,6,4,5,5,6,4,4,5,5,4,5,6,6,7,2,4,4,5,5,6,6,1,0,1,7,3,5,6,5,6,6,4,7,2,0,3,4,7,2,3,7,6,4,6,7,7,1,1]"
"[2.24477606,4.10047344,4.17329419,13.14069318,13.25113681,13.6524326,14.40301343,14.54545536,15.0880058,15.28720482,17.1911024,18.47246502,20.23479781,30.16325866,33.13684383,33.55306333,34.19933668,36.53637004,37.46068855,39.83180543,43.03787217,43.45692233,43.63456952,44.80796358,44.97359542,45.43459745,45.51745522,45.56088361,47.22998744,48.55656957,50.52208238,50.63753673,51.74078832,51.80428556,57.33494359,57.41384897,57.64308865,58.34219184,58.70027766,58.93536142,58.94715554,59.04289179,59.32042977,59.36010555,59.60817705,60.18906615,60.58214627,63.40401273,72.31856084,79.27265341,79.36616502,79.81465296,80.53847408,81.48147141,86.75130285,88.11045084,89.81048714,90.12474647]","[5,6,1,5,4,5,4,5,6,4,6,3,2,0,3,3,0,0,2,0,7,7,5,2,7,6,7,1,4,5,6,7,7,0,5,6,4,4,2,5,5,3,6,7,5,4,3,1,2,3,2,2,0,3,7,7,4,6]"
"[3.34267351,3.50402314,8.22142997,9.94345403,10.48223248,15.57825314,16.49822352,17.56508999,18.9952347,19.38908123,19.63539559,20.49369397,26.24961478,27.07324793,31.32735419,33.46453484,35.3692457,39.22667582,39.44001333,50.14520261,51.80951277,51.88674431,52.63493968,54.08500054,54.33780695,56.49406517,61.04965656,61.91351197,62.60158404,69.00233922,69.81160252,78.18677946,84.02177546,85.29865361,87.23738557,89.71599033,92.85703677,94.25660264,94.72349174,97.41157817,101.21104975,102.88485976,103.78095837,103.80882745,104.09765009,104.36488099,104.45151797,104.66134402,104.89780752,105.14282254,105.38477326,105.54038039,105.65503797,106.10747238,106.384288,106.83106846,106.85886882,107.191981,107.4424312,107.73103908,108.3916301,109.28736837,109.46993086,109.82494481,109.88393656,109.98121095,110.60093571,110.83453664,111.14338576,111.21933583,111.27577725,111.35891665,111.86605509,115.61405337,115.6798009,116.13948037]","[6,0,7,2,1,6,2,5,7,7,4,6,1,2,6,1,2,0,1,2,7,0,7,1,1,6,2,7,1,0,7,3,4,5,3,2,7,5,6,4,7,5,5,6,4,4,5,5,5,6,6,6,6,4,6,4,4,5,6,6,6,5,4,4,6,5,6,5,6,4,6,6,4,0,5,6]"
"[0.58160436,1.79849882,2.07080453,5.98979489,7.5566003,8.92492003,9.25291781,9.48265317,9.56256256,9.65033483,9.72615281,10.31860537,10.85737913,11.49499709,11.66092623,12.03235499,12.24352886,12.28628257,12.33675899,13.11536172,13.20859683,13.6922701,14.62345686,15.40664381,20.44004261,22.6234436,22.77909329,22.83936578,23.60075471,23.83881583,24.65070728,26.41497744,27.04781984,31.45414311,31.81818808,33.14069213,33.23460284,33.38455675,35.25941895,37.01436284,39.69177713,40.56506775,41.59255108,42.40332233,44.56478753,44.70295108,45.95617274,47.54826941,48.01524224,48.6914156,50.00351511,51.29216892,52.70541425,54.55158411,56.57216477,58.52680564,61.66390743,63.92581728,66.13463102,70.00024353,72.03175815,72.5386132,72.65100717,73.37947629,73.64058066,74.22394962,75.25442225,76.47304203,76.89031196,77.01025047,77.63496145]","[7,5,4,5,4,6,0,5,4,3,4,4,5,5,6,7,6,4,6,2,7,6,6,7,1,5,5,6,4,4,6,6,6,6,5,6,6,1,2,2,1,7,5,2,7,2,4,5,5,6,6,1,7,1,1,1,2,1,7,2,5,3,6,7,6,4,7,2,4,4,5]"
"[2.76481926,2.92299092,8.82187158,9.02541779,13.42807519,15.34261855,18.10938501,24.94523582,25.17424603,28.00184195,28.48145111,28.94885013,29.01246199,29.64506369,29.70145098,31.89875041,32.97391346,33.25978416,33.83382169,34.56699267,34.93141819,35.99065432,36.22224567,36.54105605,36.9070525,36.95728776,37.3855078,37.43202704,37.44292653,37.53806773,37.74506099,37.77312435,38.33083809,38.5225142,38.77209264,38.8198969,38.94958146,39.07574118,39.95613983,40.3726846,41.61916135,44.14096681,45.44647882,45.73096995,50.38021577,50.7822099,52.92171636,53.86947459,57.93377026,65.51926737,65.93722288,66.16896551,66.70805791]","[2,2,4,5,3,3,4,1,5,5,6,4,5,6,4,6,7,1,6,3,4,5,4,4,7,7,5,6,5,5,6,6,4,6,4,7,5,6,4,7,4,6,0,2,7,1,0,1,5,5,6,3,6]"
"[12.58162898,17.77404603,17.77677764,17.98650995,18.57314328,20.18942696,26.59138082,30.6689354,30.93139271,35.66145196,38.0463257,38.26000891,39.68557426,40.17942919,40.4839861,40.97941495,44.33380685,45.92202105,46.57285661,50.95287,51.2256859,54.29348298,58.06821929,61.37798709,61.65912379,61.6910717,62.68892281,63.31276913,63.66730624,63.68697463,64.79983831,65.0884868,65.18732178,65.73791572,66.83495098,67.05241828,73.75132662,75.37475386,76.91973744,85.93624971,87.24568993,87.49216002,87.53273172,87.89774331,87.92255741,89.20192836,89.36100265,90.43766665,90.76153464,90.89884961,91.89695913,92.44023436,95.64089389,104.75582491,106.54768361,107.65178019,109.84350506,115.77272861,116.66101032,117.31796019,118.18809305,120.8624857,121.46770861,122.41603469,127.92808042,128.51016461,128.63742719,128.9046775,129.01075234,129.48874847,129.49883004,129.80074762,130.06126144,130.86224986,132.83340125,133.7188315]","[6,2,7,0,0,4,1,0,0,1,7,2,6,6,3,7,7,2,0,2,4,7,4,4,5,6,2,5,6,5,4,4,5,6,5,7,0,6,3,2,2,3,4,5,4,5,4,2,6,7,5,4,2,7,7,2,1,5,5,6,1,4,3,5,2,5,4,6,5,4,1,6,4,4,1,5]"
"[1.26959393,3.75224275,14.04410028,18.23147777,24.17193063,25.60782969,28.71050321,31.15338679,34.30562488,41.79147327,43.68830202,44.16844289,47.07301111,53.15458165,54.11848554,55.99679964,61.13455542,62.39678929,71.08936239,79.01628458,81.61320088,89.96149437,90.14724802,92.46711766,92.53686797,92.78951752,93.61140495,93.61765272,93.68326069,94.09212922,94.55748558,95.51384069,95.66174178,96.88677836,97.08996099,97.43395723,99.9972918,103.57507929,103.86877955,118.66578936,119.13046741,122.04489964,123.52811153,129.87472214,130.56538363,131.09035996,131.79755299,131.8211579,133.48304604,133.49326531]","[7,0,0,6,4,0,7,2,2,0,5,2,4,4,5,5,2,5,2,2,7,5,6,0,2,2,4,5,5,6,6,6,5,7,3,6,7,1,7,3,7,2,1,1,4,5,5,2,5,4]"
