event_times,event_types
"[1.7526319,3.96858819,4.39211047,5.80203883,8.19321074,10.23620325,10.55300753,10.69800919,12.03083716,13.80141218,16.06366317,18.81941786,18.884646,19.01114226,26.29696584,26.58720631,26.79053527,27.74479031,29.2204693,30.66240868,33.81160564,34.23554311,37.4331237,46.91837299,58.54846818,61.9239024,64.04716199,65.6050923,66.42398968,66.88493856,68.06889624,68.12589064,68.571637,69.40106819,69.78779888,71.03064102,71.04769987,71.92076092,75.07415455,75.49221411,77.34823799,77.52725476,80.76659061,90.89534254,91.55888916,94.1276818,95.56028758,95.59249078,95.96253609,95.99019168,102.2493059,103.61857209,103.83899214,103.87041268,104.52047826,105.55609073,108.48883138,108.75878228,108.88280501,109.43212446,109.53608283,109.56325931,110.16733496,110.21380064,110.97710823,111.29825532,111.94244427,112.52010189,113.36503449,113.98658671,122.90298999,126.57226931,128.09146082,128.50339815,128.55242011,128.94077886,129.26489856]","[2,2,5,3,2,7,0,1,3,1,0,2,3,7,2,1,0,0,1,1,7,5,7,3,5,5,3,2,3,0,0,1,3,0,4,2,1,3,1,1,4,6,3,3,7,5,2,3,3,3,0,1,0,1,1,0,5,1,4,0,1,0,1,0,0,1,1,5,6,1,4,7,0,1,0,0,1]"
"[1.03730774,11.49794861,26.12085446,27.59642597,27.82336611,29.66995379,33.18799881,33.63355826,33.85918056,34.21472187,34.95899769,36.04881666,36.33807145,36.46885353,41.64143113,42.28010019,44.43052103,47.62394515,49.97756836,50.21208065,54.44779114,55.11236537,58.15120363,59.11558287,59.28684813,59.61116539,61.28014634,63.70903195,71.10421092,74.29024302,74.30328419,76.11653261,76.81341458,78.74992868,80.36439469,80.49018269,80.55305365,81.07987805,81.3061015,81.5207323,82.62210779,82.80395006,82.8437505,83.17842512,93.73704644,95.94422441,97.16483607,102.30326195,103.26945871,106.5379861,106.61740098,106.72258398,107.63491281,107.91660614,107.95618074,108.26590171,108.31322934,108.75459229,109.37102921,109.6480181,111.23798943,111.71316154,112.13744155,113.08073493,113.09200009]","[4,2,7,0,1,1,0,5,1,0,5,1,0,2,7,0,4,1,7,1,2,6,4,7,1,0,2,7,2,1,3,1,5,0,2,3,2,1,0,1,2,2,0,3,6,1,0,3,7,6,2,3,2,6,3,7,6,2,1,0,3,2,1,0,0]"
"[0.55589636,1.00124166,1.09121154,2.21162554,5.97713832,7.17035767,10.37058655,11.7422859,11.84285014,13.9876049,15.06115388,15.32143894,15.52853814,15.6057111,17.22920569,17.27945577,17.49321959,24.03836108,27.29610937,28.1272735,28.55566781,28.58367732,29.02828193,29.89023774,34.61269323,40.9771122,45.52841095,46.87890912,50.54465255,51.05661053,53.17042471,54.8974828,55.00428032,55.26315953,56.22189846,57.21568638,57.74661257,57.96033454,61.63327166,61.91781782,69.26281248,72.3742618,73.69633735,80.17712945,86.79237343,87.84495016,89.40271577,91.43611289,92.54832297,94.01448153,95.29575465,97.90248352,100.33709632,100.76624101,102.24408652,102.81500268,103.2155972,103.81454837,104.89189344,106.77702238,107.04767136,109.16252515,111.90732462,114.23000741,115.75131256,116.48030116,119.53140218,119.93279906,125.7806421,129.99860793,130.29302706,133.58048118,137.44477865,138.04052907,140.65195653,145.6660595,147.10780613,151.66922323,151.93634505]","[2,3,4,1,2,3,4,2,2,3,1,0,1,0,4,0,2,7,1,1,0,7,0,0,7,2,2,4,2,0,1,2,3,7,6,4,3,3,0,1,5,3,0,5,2,5,7,7,7,7,2,3,7,7,2,3,5,6,6,1,4,5,5,0,5,0,1,0,7,7,6,0,0,1,5,2,4,4,2]"
"[3.51582547,4.52366403,5.72437315,6.91195362,7.0362203,7.32710156,10.09214159,10.1186106,10.49917255,10.82564902,14.67710517,16.00786331,16.5267757,23.11202218,23.27137553,23.34306517,23.80684514,26.61904632,26.98400888,31.237215,33.65372566,34.66046508,37.75370973,38.78815004,39.49637893,39.80763922,40.22558324,41.0678916,42.61097434,42.8134707,42.83167437,44.46770298,45.22676552,46.53483362,46.62628407,56.04025184,56.27681619,56.78182011,56.97530158,57.0707539,57.20007786,58.01583397,58.98516392,59.83810811,60.32166071,61.46553178,62.91108453,66.95638012,67.33409991,67.36050484,68.71697487,68.9216023,69.18162745,69.5414992,69.7112025,69.79851394,72.59497373]","[3,2,4,3,2,2,3,0,2,2,5,2,6,0,1,0,5,0,7,7,4,7,1,7,0,1,1,1,1,1,2,3,1,7,1,1,0,1,1,1,1,0,0,1,3,0,1,1,1,0,1,0,1,0,1,0,1]"
"[2.94825683,9.38029379,10.37624741,10.93134996,10.94764433,11.0781682,15.23263428,16.68986,16.97829294,18.71697293,25.93002181,27.00327093,30.12366168,31.01671221,34.15362061,34.22119363,36.76665204,37.37176049,39.01555091,44.78224614,47.55114413,47.88565671,48.16426157,48.37943004,49.33442071,49.77713977,50.2630227,50.3775677,50.58682251,52.13659615,52.71628351,52.89980419,53.60201045,55.05552582,60.23914576,65.24810714,67.38901549,71.33265881,81.89816639,86.38154551,86.90103774,89.56676872,97.96909783,98.18459884,98.34519295,98.41334122,99.22515224,99.38448743]","[7,5,0,1,2,4,0,5,1,0,2,2,0,1,6,6,2,3,2,2,7,7,3,6,4,4,1,2,3,0,5,1,1,0,1,7,1,0,5,6,4,6,3,2,2,3,2,5]"
"[5.59979696,5.63713181,7.55237652,9.912766,11.4742651,12.48059616,15.99135377,16.5410693,22.37412185,34.84387624,35.53454529,35.89285804,36.43457183,37.80210301,39.27899146,39.37948047,41.02792865,42.01022499,42.86298521,45.7920882,46.45104229,47.35484351,47.68102424,48.89878569,48.93820275,49.23212363,49.93684408,50.26414286,50.97583316,51.19103649,51.53988879,51.86995093,52.39767965,52.58476153,52.98045326,53.66954384,54.26134378,55.88676383,58.01437834,60.56832715,66.0146942,66.8553163,71.91381707,72.30544643,74.69950691,74.81786385,75.97877949,76.59863173,77.47485706,80.14229608,82.14892768,84.29478663,92.2641109,92.85159501,93.81894197,94.69748837,94.72654393,97.93268754,98.20783474,98.23481432,98.52037638,106.92305633,106.93018375,107.67146726,108.03749975,110.11505936,110.85237118,110.89701501,112.26970711,114.60492057,114.69665099]","[1,0,1,0,3,4,1,7,5,0,1,7,3,7,1,0,1,0,0,1,6,6,1,4,0,2,1,6,0,0,1,1,1,0,1,1,0,5,6,1,4,4,5,7,0,1,1,4,7,0,0,1,5,5,6,5,5,3,2,3,4,7,1,0,5,3,1,0,7,7,1]"
"[0.8308279,2.76513472,3.60401412,10.22215122,14.55992258,15.04614713,15.65723134,17.5532142,18.13463474,19.20904126,20.07543823,20.57348932,22.17222536,22.18392331,23.65177819,23.75186604,24.64410286,25.48271366,25.54451378,25.65381372,25.66352485,25.67760438,25.7475268,25.91565715,27.30663522,27.99692682,28.29142377,28.42346388,28.4900366,28.66042361,28.85960424,28.94295118,28.98622683,28.98871684,29.23955776,29.4146612,31.69783258,32.35097075,33.4659161,35.40967872,35.8810982,36.02931848,37.40091823,38.42210089,38.63512198,39.29411252,39.54682393,40.39207445,40.86427878,41.33183721,41.58787665,43.70643662,43.87942177,44.92705415,44.97982905,45.09808867,45.26661208,45.3280743,45.59467163,45.69867235,45.77951925,45.8364442,45.89282651,46.24927473,47.24453307,47.65735599,47.85450166,47.93970088,48.31738626,48.52444355]","[2,1,3,4,0,7,4,3,1,1,3,1,0,1,0,1,0,1,3,0,1,1,0,0,1,1,0,1,0,0,1,0,0,1,1,0,1,0,0,3,1,5,1,0,1,5,3,6,1,0,0,1,1,5,1,0,0,1,0,5,6,1,0,0,0,1,0,0,0,0]"
"[0.74154458,3.78501573,5.15423871,8.79974212,9.15375814,9.35118797,9.4951176,10.07252307,10.33560891,11.89719485,12.05839924,12.34485037,12.53439695,14.21257776,14.39825313,14.59424259,14.71758426,14.94934896,15.10238204,15.5071468,15.69866586,15.90160878,16.10733584,16.34441679,16.43583113,16.60449741,17.29645304,17.83515647,18.01137849,18.18853556,18.20259721,19.88139937,20.47628728,21.53696247,22.0468521,22.07499578,23.68979977,24.17375134,27.18675653,27.24117094,27.25387601,33.0262834,34.0552792,37.59491473,37.75104652,38.48141466,43.073886,45.7266246,46.47940772,46.9168969,47.71453548,47.88211499,48.58466005,49.00279396,53.28569683,53.50544271,54.17584128,54.71760837,54.76920987,55.8840444,56.20679556,56.3833883,56.65931626,56.84436725,58.54265034,58.80653923,59.79173241,59.79359319,60.00522686,60.64038416,63.23759126,63.26027711,63.29151309]","[1,0,2,1,0,0,1,7,0,0,1,1,1,1,0,1,0,0,1,0,0,1,1,6,0,1,1,2,3,2,1,0,5,0,1,1,1,0,1,0,1,1,4,7,6,6,2,0,1,2,1,0,1,7,1,0,3,1,0,3,1,1,0,5,0,1,1,0,1,0,2,1,0]"
"[0.62560326,0.84284034,1.77328869,2.36108339,2.37804342,2.4384813,2.50874243,2.99448541,3.03059782,3.5469142,4.61916477,7.41711155,10.67687119,12.37116452,13.20732862,13.22202399,13.65673543,13.96929865,13.9988196,14.07564585,14.2585336,14.74748378,15.00195134,15.26013039,15.53729132,15.5866962,15.6107738,23.43059826,24.05654092,26.76947693,27.84443579,28.7176778,31.78537606,31.84070775,35.170348,35.34238392,35.80484982,35.83425555,40.48061982,42.79144956,43.34667967,43.60117801,43.94924044,44.37672788,45.18651164,46.11051254,46.18365215,46.43037065,47.32286025,47.39174857,47.61305122,47.64771108,50.16200789,50.8597431,51.13449361,54.02438946,54.82198515,55.02640473,55.51983999,55.86042367,55.91129716,57.31338058,58.02439088]","[3,2,2,2,2,3,0,2,1,3,3,0,3,0,3,2,7,1,3,1,0,2,2,4,0,4,4,6,7,0,2,3,6,0,4,3,2,3,4,5,2,5,2,2,5,3,3,2,4,3,2,4,7,3,4,1,1,0,1,0,0,2,3]"
"[4.36294196,6.16496022,11.23376052,11.95654811,15.30961533,15.37020253,17.09069332,17.50543263,17.76711187,18.52508984,18.6081632,19.09132887,19.30520187,19.95815406,20.90758063,21.41362051,21.57516151,21.70788031,21.8234193,21.97511231,22.25313227,22.45288975,22.92924864,23.27814339,23.76166004,25.14694014,26.26614416,27.00516339,27.04253662,27.53427483,27.64039514,27.67440428,28.25031951,28.95490061,29.16229357,29.26059106,29.45239074,30.04293394,30.05316059,30.22006914,30.24743143,30.26480712,30.38864132,31.29980213,31.70936343,32.34946163,32.38741917,32.45681729,32.53538312,32.69374915,33.09125624,36.53002137,38.71142328,40.48754167,40.79801055]","[2,3,4,2,1,0,0,1,0,1,1,1,5,1,0,0,1,0,0,1,2,1,0,3,3,3,0,3,3,0,2,1,1,2,2,0,5,2,3,3,0,1,4,1,3,0,3,2,0,2,2,1,1,0,5]"
"[7.83405837,9.4342111,11.01996292,20.146307,20.70512794,20.78830554,23.33129984,24.17529138,26.3032148,26.31928109,35.55009596,36.58425319,37.0318822,37.93009811,38.07672858,38.61836833,38.88014927,41.71585138,42.03797976,43.33905557,48.91880881,50.29408214,50.9004117,51.44244897,51.81882504,53.72900336,54.4345616,56.21389572,57.68493618,58.55883179,67.15691669,68.6363613,69.11165538,69.91289083,70.13237096,70.91836489,71.11839608,71.23939997,71.32560308,71.4981537,71.55717715,71.77551058,71.85822344,72.01835626,72.75091832,72.7947537,72.82863922,73.03146644,73.50210244,73.56354087,74.54035654,75.29766501,76.76296948,77.36144214,78.09297902,78.16166569,78.45125243]","[4,1,5,3,4,2,0,1,7,1,2,7,6,3,4,3,2,2,7,2,3,1,2,0,0,0,0,1,3,3,1,0,0,1,1,0,2,1,0,1,0,0,1,3,1,1,0,5,0,0,1,1,7,0,7,1,1]"
"[2.35815329,4.32595686,4.97798214,10.58461961,18.23542992,21.92278361,24.00250137,26.1765954,27.14076447,28.66553161,30.15841846,33.94111305,34.1814163,36.88815431,44.96736989,48.39115461,50.17748151,51.03678424,58.40652512,62.87043418,65.53686578,65.81435561,67.46644533,74.04157641,81.09662839,83.60481046,87.84262259,89.83477237,92.06249602,97.01795311,97.46707566,98.17989954,100.08923178,102.75689189,107.48252509,108.20803977,108.34305111,108.65042221,108.74156924,111.02078121,111.35722505,112.32942606,112.36894339,114.54942224,116.64124226,118.7408459,122.30290508,123.50822204,125.28394451,126.68691671]","[0,4,3,5,3,7,7,2,3,2,3,2,0,3,7,2,5,1,5,2,2,5,4,5,5,2,3,0,5,1,0,1,6,7,0,1,0,1,0,6,4,1,0,3,0,3,2,3,2,1]"
"[1.35601678,4.32031505,4.70024046,5.53433666,7.38871231,7.39438393,16.920295,17.13920902,22.98249512,23.5288392,26.34835324,31.30721844,38.42021796,39.79201455,42.49260116,44.03048221,48.2423628,50.46514854,54.23084835,54.44984386,55.02272793,55.66124051,56.01361097,56.0508417,56.57527032,57.39171882,61.43040286,61.57514862,61.91176386,64.27626376,68.15253171,68.25292591,68.43056225,68.45250603,69.93675263,69.99160801,70.20091963,70.61099945,71.2922397,71.43616758,71.87390897,72.64713792,73.31380827,74.13622512,74.31654886,74.36869699,76.57576565,77.64786744,80.81585967,81.07527239,82.11704802,83.47729764,84.46472004,85.5614661,85.73626451,86.81882988,87.78767247,90.1048707,91.83737479,92.47688512,94.99632142,95.94996561,96.2446246,96.55104236,97.17409471,97.32418803,97.32554521,97.54828966]","[6,0,1,0,6,1,6,5,0,7,6,2,6,4,1,2,4,7,0,5,1,0,2,0,1,7,5,4,1,0,3,7,1,3,7,3,0,1,0,1,0,1,4,0,1,2,0,1,4,2,0,0,1,1,0,7,1,1,0,1,0,2,1,3,2,2,3,1]"
"[0.5350077,0.84946543,1.07240485,9.24096134,9.26908004,12.11881701,12.18010367,13.08836723,15.55112705,15.8722052,16.27012203,17.39220715,17.49625253,18.61256642,19.36463826,22.40009679,22.77484556,23.22415015,24.1376241,24.54007251,24.72179503,25.17629598,25.43742147,26.1376176,26.2783332,26.51845983,26.90219956,27.47100483,28.21462006,28.61517304,28.70927257,28.73052082,28.87297028,28.9877812,29.31549709,30.23224779,32.23778069,36.89411607,36.97642413,37.08613925,37.6115024,38.69126645,38.82715597,39.75535695,41.25919378,41.26453733,44.50197368,45.20329561,45.31987564,45.35652422,45.62905983,46.2951553,47.14009059,47.52874189,48.66491838,49.24400699,49.48455832,55.52701484,56.03885748,56.39159113,56.56678828,57.50116084,57.59843429,57.71700345,59.4359191,62.38773959]","[6,7,7,1,2,3,3,2,7,3,5,7,2,3,1,1,0,1,1,1,0,2,0,5,3,5,0,1,0,1,1,0,0,0,3,0,0,0,1,0,5,0,1,1,0,0,0,1,1,1,1,0,1,5,7,0,1,4,0,1,5,1,5,3,0,2]"
"[1.73158039,2.75467065,3.0669057,9.34274919,10.76246608,12.89241976,16.27940735,17.15183429,17.16479041,23.03000719,23.83000866,24.09023962,24.5087589,27.81465822,28.18587582,31.71781436,32.14213678,34.82795136,35.02016405,35.3347117,42.15741284,44.22059762,45.18161374,47.2530656,54.52877428,61.80791064,64.65041623,65.91332094,68.29228377,68.7571839,69.84060735,69.89595007,70.33879991,71.11955184,73.56971526,73.88938452,74.41426397,74.8212058,74.87290938,75.16219958,76.00204996,76.32054218,77.57720095,77.83182569,77.9354488,78.84520297,79.06287812,80.58049119,81.26210866,81.4092584,81.61716803,81.99112703,85.50625807,85.85596719,87.74686199,87.89858054]","[6,2,3,1,0,4,1,7,0,3,0,1,0,1,0,2,3,3,1,0,0,1,1,5,3,7,1,3,5,0,2,3,3,2,2,7,2,3,3,0,2,2,3,3,3,2,2,1,5,3,3,0,2,7,1,1]"
"[0.07532812,1.06606551,3.99920061,4.80865211,6.69499917,7.62092455,8.77487146,16.01053194,16.17625123,16.24954573,17.11770476,18.02417741,22.40639852,24.12263385,24.2283862,24.3015397,24.31182388,26.97009622,27.16595564,28.15149636,30.28794712,31.34340411,32.19454165,36.15305506,37.04945461,38.10088635,38.60134025,38.95120109,39.21534135,39.78742557,40.10601804,41.56693436,44.39993977,45.23819588,48.73934959,49.70563214,50.55057125,53.85094196,59.37016609,65.79639477,66.56854601,66.64892628,68.46333264,71.79734603,72.80371646,77.09722868,77.92463633,80.91548999,86.62860053,87.23630981,88.00186569,88.16936766,93.0368876,93.16279169,99.90449077,100.14454063,100.16782136,100.48427444,100.84765268,104.91064563,106.8193186,108.45016645,110.55335731]","[5,3,5,3,2,3,4,6,0,7,5,1,2,3,2,2,3,3,3,2,2,0,1,0,1,0,1,5,0,4,1,1,7,5,1,0,1,2,5,1,0,1,6,6,1,0,1,0,1,0,1,0,0,1,3,4,4,3,0,7,4,3,4]"
"[8.70468855,9.76504323,17.21110267,20.42448468,20.91233308,26.55542167,34.00128701,46.79692142,50.38727475,50.89153651,55.07514644,61.11796426,65.83405533,70.90992447,71.59040719,80.51301594,80.72715696,80.75077302,85.58279125,92.33220758,92.4489163,95.33625381,100.04171551,100.28570713,104.00213594,108.50188121,111.52635797,112.2622456,112.60257863,114.55773639,114.84827746,122.60076779,126.71796602,127.230241,127.52968526,127.9919118,129.21608451,132.89491205,134.24268926,136.59771964,138.25357606,147.46452463,147.52869177,155.39377748,156.87746818,157.46746851,158.40360283,158.44390863,158.6937563,160.30243506,161.0836212,164.02429616,164.87872445,166.54433072,167.75443337,168.94674181,169.38870279,170.20015578,171.06676716,172.65613887,172.68291509,172.93797276,173.39991298,173.7872364,174.13253991,174.93135361,176.58436092]","[3,7,5,2,3,0,5,0,4,3,6,7,3,4,5,7,4,6,7,1,7,0,0,1,7,6,1,5,7,3,5,6,6,2,3,6,3,5,4,1,0,3,2,7,1,0,2,3,2,2,3,1,3,2,3,3,6,2,0,3,2,2,3,6,6,3,5]"
"[1.38017521,1.65073439,3.78595164,10.61360407,17.56241451,22.39868124,25.94239185,26.03902044,26.19706897,27.32015835,27.8262704,27.93168521,28.4793893,30.0093228,30.12657713,30.50403461,30.52514318,30.63521245,31.10861047,32.04460958,34.98823407,38.52154139,42.24623625,42.66119042,42.79281089,44.20231679,44.83762452,54.72646788,55.44053662,59.63366584,63.74364002,63.9185551,63.94447485,64.44701898,65.89370252,66.82285512,70.35711173,70.79097894,70.79933508,70.94098952,73.46252934,77.25652146,77.68868376,79.5471982,81.52871068,81.89317277,82.01998033,82.26088337,82.81552274,83.19948693,83.3301287,83.43666828,85.09681396,85.74893022,86.10426917,86.57249963,86.76738227,86.82516742,87.53015039,88.98030307,89.14680042,89.72650828,89.95997835,90.18008349,90.25982391,90.37344067,91.29341481,92.04245842]","[1,0,5,7,5,5,1,2,5,7,5,3,4,2,3,3,4,2,3,7,4,2,2,4,6,6,3,4,5,5,2,0,0,1,0,3,0,1,0,0,1,1,0,0,0,1,1,0,0,0,1,1,1,0,0,1,0,1,0,1,1,2,0,0,1,0,1,0]"
"[0.29024811,1.29691791,1.41349234,6.63143462,6.8937222,7.36539921,7.99161609,8.27065035,8.88455175,11.08464034,11.16923996,12.44599475,18.0299034,18.90191887,21.45462838,25.23797706,28.54486801,32.36161668,32.44063692,32.8107905,36.64563157,37.81430329,38.80835268,40.19132189,40.94152084,42.52722903,50.12891156,50.7472516,53.26807944,55.75404978,56.49998663,57.13090741,57.57382651,57.76527029,58.95374944,59.38535692,65.1883705,65.38847016,65.68608309,65.81313778,66.09729242,67.53388801,67.61896962,67.86459579,68.81876866,72.27312902,73.93005808,77.50938517,79.07412581,79.31170377,92.61765574,97.12153403,97.16270164,97.39108812,97.71536484,98.11276691,99.70932933,100.27365711,101.80586671,104.15129507,104.67598524,105.18222174,106.38267989]","[2,3,3,6,1,0,0,1,0,0,1,2,3,3,2,7,5,5,0,1,7,4,1,5,2,2,4,5,6,6,7,1,4,3,0,5,4,0,1,1,0,1,1,1,0,0,7,6,2,4,5,1,0,0,1,1,0,1,1,1,7,0,1]"
"[1.10926107,3.30896052,4.86709353,5.52626253,5.73336488,10.56586528,12.57155981,13.21361557,16.68259747,19.20320522,23.05036253,25.20100361,25.22980744,25.49918821,32.10421634,32.58432083,32.95333506,37.09948324,41.51988216,42.88417593,46.27957684,46.99823367,51.24894063,56.62628478,59.04150653,60.53913546,60.63984929,60.67990862,61.16057959,63.32947758,63.86755193,64.61658712,64.96896369,65.9227933,66.35007769,67.11672212,67.27879536,68.29785853,68.37910476,69.45395375,69.55759783,70.15621193,70.46616166,70.79440046,71.80774528,71.82329905,72.20281559,73.23939499,74.13605918,74.42244784,74.96843792,75.29947561,75.68026819,76.93991857,77.11720499,77.52783471,78.26378576,78.62510172,79.99745928,80.38973288,80.55281461,81.36330065,81.96435095,82.18670227,85.06887664,85.46543849,86.24167878,86.27317791,86.2920508,86.47532054,88.57832233,89.36880159]","[5,4,2,6,3,5,2,7,4,3,0,0,1,1,0,1,4,5,4,4,1,0,7,5,2,3,6,1,4,0,1,0,0,1,1,2,1,0,1,0,5,1,1,0,3,1,2,5,3,3,0,0,1,5,3,0,1,1,5,0,5,0,2,1,4,1,1,0,5,2,1,0]"
"[2.1891776,11.26582774,11.4080213,11.88879107,15.14487764,18.64752951,19.29428002,19.69475176,20.13955591,20.27464604,20.41906985,20.97342647,21.19646096,21.36981084,22.55689238,25.15740385,26.41274454,29.13360545,30.0268798,30.58004478,30.96361712,37.15731808,37.80312527,38.76921968,39.07331488,39.20494323,43.08039841,44.54553063,45.76614473,45.78161681,46.67252216,46.86620483,47.04879966,47.47070767,48.15867405,48.19891441,49.02222131,49.1703079,49.78784417,50.93002959,51.74807167,51.81310503,52.19572293,52.64688103,53.05111537,63.22052734,64.73349431,64.94407909,65.72711884,66.83369097,66.8852712,67.16392382,67.1735018,69.27785567,69.80139145,70.12076703,70.32930941,70.54910773,70.93484862,71.23354841,75.00483551,78.60948915,81.96052488,81.99177231,83.60117081,85.58303658,85.73157255,85.76127034,97.47464596,98.8893259,99.16022204,100.53339965,104.58567289,112.00323041]","[5,3,0,1,7,1,5,0,0,0,5,1,1,0,1,2,1,5,1,1,0,0,1,0,1,0,1,7,7,1,1,0,0,0,1,0,1,0,1,1,0,0,3,2,3,3,3,2,6,6,0,1,0,5,1,1,0,0,2,4,4,3,7,4,5,1,5,7,3,0,5,2,1,0]"
"[0.80841774,3.02157468,3.79131803,6.43522578,12.77997238,15.97042315,16.66992784,17.1446499,17.40901165,17.42978943,17.5797226,17.70174841,17.89913188,18.15442533,18.3471431,19.43565587,19.44918248,20.02514191,20.46838596,20.54476627,20.83300448,21.90434537,22.27717932,23.03902221,23.57656083,23.65756844,24.8220085,25.25738407,25.44417369,26.10739598,26.29240929,26.50199776,28.69862615,30.64746401,30.946601,31.73422301,31.7450943,31.80126205,32.63872032,33.76486202,33.7662946,33.80217681,34.45458511,35.80811132,35.89189101,37.23258494,37.91770173,38.39666898,39.07662297,40.42235764,40.71077297,41.5444677,42.27536386,42.89012168,42.95123214,44.19354634,47.13408619,47.87797569,48.34154961,48.38528477,49.67006962,53.54616437,57.24694384,58.92603333,65.99025676,70.73460694,78.85198226,84.56279031,84.80597912,93.61757345,93.74178252,94.26890176,110.08216473,110.87292087]","[7,1,0,5,5,1,4,1,2,0,1,6,0,1,1,0,0,1,2,1,1,0,1,1,0,5,2,3,5,2,0,3,3,1,4,0,1,1,0,0,7,0,1,1,1,1,0,1,6,0,1,5,7,0,1,4,0,1,0,1,5,7,5,5,1,2,0,1,5,0,1,1,5,5]"
"[0.88517779,2.92922651,4.84497491,4.91641666,4.99529646,5.27308226,6.45362883,6.55214795,6.85821195,6.9440844,7.52174907,7.5383176,7.62967391,8.01620989,8.04316747,8.83540625,8.91416527,9.21955974,9.30134693,9.50229596,9.86768993,10.232463,10.33263969,10.3487162,10.5375957,10.69681113,11.37165045,11.44491305,11.58669891,12.08773026,12.181418,12.8220363,12.95475067,13.70881639,13.90499664,13.97796496,15.42500598,15.72353345,15.74030716,15.77084316,15.86016794,15.94938309,16.20402552,16.23819704,16.40207139,18.41774003,18.44730351,18.6062479,18.90573765,19.15621961,19.70211821,19.86955896,20.15054642,20.29227083,20.75736016,21.10503598,21.36456799,21.47347049,21.93507508,21.99699162,22.21720958,23.89633703,26.49560982]","[5,0,0,1,5,1,1,1,1,5,1,2,3,0,1,0,2,3,1,0,1,1,0,1,3,0,0,2,1,3,5,1,5,7,0,0,1,0,1,1,0,0,0,0,1,0,1,0,1,2,0,1,4,3,1,1,2,2,3,2,3,3,5]"
"[3.30575296,3.40564961,4.36339395,7.10031996,11.22446812,11.8360057,11.97214564,12.1013489,12.42217174,12.4710553,12.81513247,14.23402781,15.47223375,16.22404969,18.74552668,20.04510629,20.37737411,21.08696744,22.56541528,23.15909034,31.23777583,34.08594243,35.28831122,36.49898874,41.30341811,44.98896375,45.69415539,45.99455118,46.42507647,48.91564808,49.54456056,49.80121327,50.75880243,52.69032637,53.06851324,53.87548324,57.01388277,59.09500691,69.26579443,69.65664495,70.08299952,71.25479976,72.11250165,72.77640047,72.96960597,73.39139821,73.67851408,74.64587991,74.66327843,76.16933903,76.65851889,76.82532043,77.07219828,77.24678881,77.25779017,77.63795654,78.1032976,78.48221133,83.05474522,84.75911766]","[0,1,0,6,1,0,0,1,1,0,6,6,5,1,0,0,4,1,0,1,1,1,0,3,1,1,0,2,5,7,2,1,7,1,0,0,4,5,7,6,2,7,1,7,0,1,0,1,1,1,0,1,0,3,1,0,1,5,5,4]"
"[1.53942209,2.2246197,3.98191875,5.17216583,6.39125647,8.8187579,12.93910558,13.56927373,13.7889911,13.96506491,15.77694295,17.32258895,17.62379772,19.88631735,19.89347695,21.17184857,23.84175212,28.93044094,29.45027876,29.65896607,33.13549859,35.72479468,36.28466662,37.52042122,44.75080652,49.30569399,52.08157821,52.23340107,53.81114224,67.74984466,70.10982715,76.99448706,78.62370249,81.77907008,83.04860271,83.82550292,84.05580314,84.4069328,84.66062821,85.58108375,87.276906,91.58180706,98.59665495,98.64194801,98.68416705,98.78678219,98.79364974,100.20315288,100.47915681,102.11762479,103.52499483,106.18649333,106.92379096,107.11377721,107.97207182,108.1822372,109.07271761,109.74935551,111.01592472,112.14739302,114.79487167,115.65561515,116.03680971,119.47889782,120.80169439,121.06734401,121.35147089,121.58940067,122.03095708,123.52052494,124.29730699,128.17714103,129.76321009,129.79876378,138.65152128,140.7512155,141.15176629,143.26667883,145.49674016,147.12500374]","[2,3,0,5,0,5,0,1,0,1,0,1,1,0,1,1,6,5,3,4,5,3,6,6,7,5,5,7,2,6,2,2,3,2,3,3,2,7,1,3,2,2,2,2,3,1,7,3,2,3,0,1,7,1,0,1,6,1,4,1,2,3,1,2,0,0,1,3,3,1,1,0,6,1,4,1,1,1,0,1]"
"[1.61953826,7.2034382,8.15976371,18.40244622,21.21664883,24.34957396,24.90829366,25.4269282,25.44188458,25.99125476,26.54890428,26.70058753,29.0734759,29.94210172,41.0801656,44.10311345,45.72365429,47.27452476,48.88398615,49.25814248,49.27403095,56.23867058,59.62912291,60.9971764,63.25569778,64.49157947,64.58548608,65.46336416,69.25923522,71.58881472,74.85220489,75.91546405,78.32930983,79.49328345,79.5664469,80.09319046,90.06077221,94.47513423,95.51280409,95.80620234,96.39688092,97.1987256,97.26537695,97.61247641,98.36792799,98.42752751,98.84592681,99.42392687,99.49724,99.60864424,100.49118325,100.72802402,100.77446249,101.17754506,101.22991416,101.39804103,101.51275993,101.88121003,101.91184464,102.05720659]","[3,6,2,7,5,7,0,5,1,1,4,1,2,1,3,1,0,0,5,6,7,6,6,6,5,6,3,7,2,3,7,5,2,7,3,6,0,1,0,1,0,0,1,0,1,1,0,0,1,0,1,0,1,0,0,0,1,0,1,1]"
"[6.02121631,6.78564719,7.73509344,10.16095852,10.50266305,12.58433317,14.41368278,15.5230844,16.73466456,16.76690302,21.15870988,25.00484055,25.82274533,27.30102454,28.34518567,32.63875179,36.69174582,37.50368479,39.72614494,40.68298476,41.29624065,42.03064591,44.77914608,49.10296145,49.1843459,49.2696739,49.45590154,49.82432567,50.79943775,51.32475052,53.05816347,53.21439825,54.2105343,55.03638019,55.11818459,56.36888638,57.25257571,57.33470403,58.86686777,61.45147682,61.72132685,73.48129559,74.06930589,77.66560463,82.22653512,85.67147771,88.09178832,89.55934221,90.29064455,92.41989356,92.80615309,93.18235037,93.94284132,94.42634993,95.09709855,95.23720975]","[2,3,3,4,2,3,3,7,4,5,7,5,0,4,7,7,5,0,1,0,1,3,1,2,3,2,3,3,0,3,2,3,7,2,3,1,7,0,5,6,3,4,2,3,3,2,6,7,1,1,0,1,0,1,0,1]"
"[2.31928625,11.4746536,14.21570213,14.69618186,22.67658647,22.97422567,25.16434099,25.51030197,25.84898748,26.06898655,26.11208994,28.24670063,28.40732648,28.73176557,33.15283708,33.83186003,34.24654315,35.36946005,36.34875636,36.83787756,37.04167303,37.45222434,37.75022881,38.46897781,39.84523889,39.93643151,40.28292199,40.51633486,40.5797688,40.99504883,41.08753499,41.19914715,41.34206949,41.41854537,41.47506024,41.66487633,42.09680769,42.32314296,42.54486395,42.9759694,43.19061892,43.214086,43.61405025,43.73694013,43.89639434,44.00604472,44.04047645,44.25241245,44.69907815,45.02465976,45.24995095,45.43076289,45.43573154,46.04399983,46.42366055,46.53406951,46.58715001,46.63438175,46.63732905,49.22593221,50.37953301,50.43739545,51.02760946,51.26745867,51.30729789,51.80991486]","[5,7,2,3,4,2,1,0,0,1,7,0,6,5,6,1,0,0,1,5,0,1,0,7,0,1,0,1,7,1,0,0,1,0,1,1,0,0,0,1,7,0,1,5,0,1,1,1,0,0,1,3,0,1,1,1,1,0,0,0,3,5,2,5,4,4]"
"[9.7297938,9.86172825,9.96286007,10.58712689,10.89737727,10.97146596,11.6393903,11.97425627,12.51362363,13.04455037,13.7242191,14.41239205,14.60494438,15.02858462,15.15833763,15.22147959,15.40094079,15.72372196,16.3503345,16.5574208,17.15876575,17.33158141,17.83850055,18.72590932,18.73021614,20.27649421,20.60937283,20.67337984,21.47551148,21.62315642,21.65132023,23.02072851,23.27349183,24.91628154,25.23443747,26.02718636,26.22463386,27.34218998,27.43411236,27.80224429,28.34128836,28.41304595,28.71059728,29.20865539,30.07978142,31.52876822,31.54980126,31.61388622,31.81327388,32.00692274,32.16160284,32.29148885,32.74762423,33.34163975,33.37900776,34.52162256,34.85732629,34.93361317,35.61731176,35.83217993,35.89244671,35.90273011,36.41936022,36.84836526,37.07570178,37.42460063,37.45590094,38.00041488,38.16039465,38.60349924]","[2,3,2,4,4,3,1,3,0,2,0,1,1,0,1,1,0,1,1,0,7,3,1,0,4,7,1,0,0,0,1,0,1,1,0,6,7,1,1,5,0,0,1,1,7,1,1,0,1,0,1,0,1,2,0,1,0,1,0,0,0,3,1,0,0,1,2,3,0,1]"
"[2.55299213,4.10543638,4.26301838,6.55761935,6.79385805,7.1466392,10.53780015,11.12623339,12.75305873,12.77509329,13.15359413,14.92744056,15.91373316,22.31276134,27.06653774,27.52614457,28.80293625,30.49295557,33.13655812,33.76783418,40.57681393,41.59831212,41.6481903,41.6670573,42.03280395,42.13388916,42.20882181,42.27260494,43.27435514,43.83665982,44.47668183,44.73117513,45.01074828,45.76549371,47.31728508,48.85271786,50.05723147,56.71087044,58.6685145,59.83128623,70.71313167,70.85545808,70.94413414,70.96256489,71.33934585,71.5399175,79.67458807,79.90491984,80.10429157,80.58815492,80.62699798,81.41148096,82.76565587,84.24785398,84.46065149]","[7,0,0,1,5,5,1,4,2,0,3,3,7,3,3,7,5,4,2,2,1,0,0,1,3,1,2,1,0,0,1,0,3,0,1,0,0,6,5,4,7,5,3,7,2,3,0,1,0,0,1,0,5,4,0]"
"[0.02623945,1.42218328,9.64971072,9.9139262,13.01030565,13.60897856,14.01828147,29.03415885,30.2350661,30.6936687,38.6681927,42.19955677,42.37167776,42.73473181,43.56755672,43.77018524,43.9094401,44.36925337,53.91502049,56.8580166,65.21505545,68.76873883,68.85174005,68.85591118,68.91268305,69.1173045,70.10623605,70.35728256,71.70816527,71.77271276,72.78629676,73.77833371,73.92294217,74.29573226,75.75417402,75.90582093,81.77408208,83.32588088,83.39210559,83.94799983,84.01566681,85.4931385,86.71193678,91.34942423,93.00983309,116.87231581,132.98317142,134.17029964,134.92627889,135.68197931,136.57058531,137.1163129]","[0,7,3,2,4,2,3,5,3,4,3,2,0,5,4,3,4,3,5,2,0,6,1,0,5,1,3,2,5,6,1,5,3,3,0,4,1,3,7,1,7,0,1,1,6,5,1,0,0,1,0,2]"
"[5.40507426,6.42683239,6.53180319,6.54125766,8.53400695,10.53456964,12.30879447,12.31245082,17.24572668,18.09320323,20.8768276,23.05613876,26.98005329,28.82209827,29.41525981,30.11024727,30.63148095,30.92355976,31.9154897,35.91657626,37.18317374,37.52840337,38.07379297,41.6928047,42.2363199,44.42227247,45.04279785,45.17370747,47.27640392,48.13032023,48.53838423,53.58237578,53.840727,69.7067159,73.73572717,83.81146646,83.9800419,84.55535419,94.75379863,95.36460552,95.43397774,95.98697835,97.09611521,99.04153478,99.18849496,99.80581381,99.95507222,100.4887343,100.6842464,100.70615593,100.74334925,101.34091797,101.89567991,102.73683871,103.00056319,103.01520983,103.07730947]","[6,6,3,1,2,2,7,3,0,1,1,5,1,0,5,1,0,0,1,0,2,3,3,7,2,3,5,2,3,5,5,1,2,3,3,3,2,5,1,0,1,0,1,0,1,7,0,1,1,0,0,1,0,1,0,0,1]"
"[3.19742022,4.32973556,5.047394,5.07789639,5.25018714,5.4060559,6.02490425,6.27424058,6.35232633,7.37271297,8.49677562,12.11326681,13.84155039,16.73735188,17.92932396,20.45386322,20.6371923,23.61681034,24.17591231,24.45580794,24.49248021,24.66444585,26.75241148,27.65321087,27.69844516,27.81636458,27.91141281,30.44667675,32.67017262,35.36054566,35.81054875,37.3047092,38.0530147,39.04385746,39.17274894,41.46392583,41.46904251,41.81081445,43.03389165,47.30520598,48.93078486,49.75051161,51.26001031,67.17980957,71.30693236,73.5120649,74.11871497,74.29009832,78.4182102,80.18521448]","[2,3,3,1,2,0,2,6,3,4,5,1,0,7,1,0,1,7,0,1,0,1,5,4,2,3,2,4,0,6,7,1,0,0,5,1,3,3,7,0,5,2,2,1,1,4,3,2,7,2]"
"[5.43381408,6.90800724,10.09475218,19.63471655,20.00816909,20.651414,21.3002817,23.21328346,23.8155355,24.58861087,24.62655382,24.74114301,32.36159162,34.27035223,36.2731567,36.6197626,39.16401015,42.23264994,44.30785651,52.10677678,54.21928132,58.37340187,63.53986571,63.86768796,65.47311337,66.25715883,66.30179432,66.41565576,67.02748222,69.70379059,69.73874905,70.95255223,72.69405587,72.90146659,73.4045543,74.29452927,77.56642369,82.21699687,91.59867986,91.84749321,97.72540895,99.55059439,100.44802534,101.33016653,101.85011266,101.86121807,103.73277172,109.83185911,118.08233277,124.41409662,124.77865574,128.64552547,128.6626427,128.96738605,129.28660507,129.32544041,129.61558186,129.88122238,129.93308912,130.08599969,130.17447477,131.42953554,132.80365642,133.45573881,135.83502338,136.15924826,136.82884548]","[7,7,2,2,7,4,4,6,5,5,6,5,4,2,3,2,3,7,0,5,5,0,0,1,6,0,1,6,0,1,7,7,1,5,0,1,0,1,6,2,3,3,0,1,0,3,3,6,7,3,2,2,2,7,3,0,3,1,1,0,1,1,6,0,2,1,0]"
"[1.49878826,1.8567369,2.04135519,2.53901545,2.74947897,2.85093973,3.83026119,4.65256151,4.85462053,5.31642203,5.94830908,7.58625479,7.64371715,7.97694864,8.71203278,9.03082741,9.39587798,10.14900807,11.49822968,11.65643843,11.88624944,13.6699075,14.45884151,14.72585247,16.89406418,17.08873936,17.2064631,20.02175855,20.89724071,20.97097234,21.48268913,22.23043782,22.56458062,24.20099966,24.45047861,26.05989448,26.14116696,26.39284801,26.87302547,30.39739175,33.02540427,33.81760504,33.96525908,38.17086249,38.38047969,40.97386738,49.54625245,53.34067507,54.06835949,54.71681946,57.34103312,57.72175859,58.18047344,58.25358248]","[0,1,0,5,2,3,2,3,2,3,0,2,1,2,3,5,1,0,6,0,3,0,5,2,6,1,7,0,1,0,1,7,1,0,0,1,1,0,0,1,1,2,3,4,7,4,3,0,1,1,1,5,0,5]"
"[4.2082043,6.23345101,8.22960239,10.37788314,14.72076329,16.56818651,16.98203456,17.11408592,17.42108702,17.51707718,17.69942543,18.95026245,20.27228886,20.34268386,20.41331817,20.73340988,21.77816225,23.22084517,23.93517146,25.1293532,34.71717608,38.89996513,43.94458169,45.08327698,45.96135234,46.35465459,47.51143695,48.17666351,48.20107887,48.44872269,49.15318041,49.58789051,49.784701,50.00569283,51.96532565,52.81857261,57.28327163,58.56948366,60.29964983,60.83383875,60.84415236,71.44798324,72.22969948,72.29118249,72.34353249,72.55037154,73.63446177,73.67985714,73.93935107,73.99190814]","[2,3,4,5,2,3,7,2,5,2,1,3,2,1,3,3,0,2,0,4,0,3,2,7,5,3,0,1,0,0,1,1,0,1,0,0,7,1,4,2,3,5,1,5,0,7,1,2,3,1]"
"[1.76065851,1.82791317,8.11670276,8.93158749,19.73129358,21.02117021,24.36188376,25.14381151,26.69548832,28.58356013,29.96324696,32.73748386,33.32342723,34.90008943,34.98384501,35.34106027,36.15638521,36.80858004,36.87730839,37.49452731,37.88779596,38.41581284,39.22322836,39.23553922,43.55813064,44.39739729,44.62806112,44.7912102,45.63414729,46.27358566,57.08613266,63.71537327,63.74927963,66.69086138,72.88550104,73.11646972,73.64006515,74.17519694,78.88793837,79.28640616,80.21933407,80.58937718,80.89228065,80.9189771,83.01774146,83.14658939,84.46821105,88.23549488,91.99010412]","[5,7,5,3,1,4,3,4,7,0,1,1,5,5,3,2,3,4,0,3,2,3,3,3,1,2,2,0,3,2,7,6,4,1,7,5,4,2,1,0,5,5,5,1,0,2,5,6,3]"
"[2.7883441,3.39571457,7.59450776,9.08341188,10.26017487,11.37367817,11.76284729,12.4621743,13.8216783,15.84937223,17.21214659,17.59577407,18.46365326,19.80962005,25.27831,25.29297926,30.36258926,33.13571823,33.4948941,33.73529171,34.14846226,34.99544361,36.63246721,37.37765234,37.93983755,38.00163581,42.10090527,46.30991774,46.69650254,49.68154587,53.32127124,53.35614941,53.84017361,54.77501965,55.69726529,56.08635438,56.40662538,56.49197141,56.52785661,56.98108972,57.11642414,57.36084271,58.78759342,58.80333261,60.52475841,61.73958356,62.22229644,62.38536401,63.52396683,65.93546452,66.07341323,66.39534756,66.45047116,66.94727185,67.03597023,67.0703334,67.32187613,67.90270219,68.3476731,69.04135745,69.19285359,70.1210759,70.29623523,70.67245355,71.06713564,71.87361462,72.27790775,73.21629666,73.52938136,74.18592825,74.41295575]","[4,5,0,4,1,5,0,2,3,6,3,3,0,7,1,0,4,2,7,3,3,3,2,3,3,4,0,3,5,5,0,1,1,0,0,1,6,1,0,0,5,1,0,6,2,1,1,0,2,1,0,1,1,0,1,3,0,0,0,1,0,1,1,0,1,0,0,0,0,1,0]"
"[1.87983502,7.85003758,8.79423544,18.23572676,19.12818678,20.75654159,21.25624525,22.08168319,22.22786035,23.37002277,24.80512118,28.4197791,28.52927035,33.13323358,35.09536764,35.28247995,35.32332162,37.14571004,37.15689546,37.88831935,38.26475069,38.92417578,39.50645088,47.91970988,48.29419212,49.42304233,51.49444332,68.24676625,69.94656555,74.53591381,83.40959119,84.99494613,90.9293102,92.69071997,100.10973114,100.75128389,105.82065936,107.2446319,107.99413623,111.22692226,111.88350706,112.80800149,114.59277502,115.27494078,116.65987212,117.95841905,118.45574264,120.07173643,125.08021165,126.59471005,126.75901603,127.24053536,127.45985149,128.64968179,131.22656515,132.08415411,133.06786868,135.3842007,135.44803369,137.93788562,139.23955055,139.60850931,140.97699689,143.1501029,145.84706127,147.64256801,147.69804376,149.41916171,149.94454784,159.49300578,160.01901208,166.55717451,173.74272914,173.81914469,174.2857353,175.07981129,176.69619635]","[1,0,7,4,1,3,0,1,0,1,0,5,0,3,2,3,2,2,3,3,7,3,2,2,7,3,1,0,0,3,7,2,3,5,7,1,6,1,3,7,0,7,1,0,1,0,5,6,7,1,0,0,1,5,0,1,0,2,3,2,7,5,1,0,1,0,5,5,1,1,6,3,1,0,1,0,6]"
"[1.00978457,1.22779669,3.96197104,4.05198399,6.18077673,16.27125608,17.21611311,17.39164477,20.63794153,21.43166474,24.05169262,25.15274141,26.3000745,26.54981254,26.62976208,27.09663598,29.21491511,29.2693456,30.25015267,30.50147001,30.96430273,31.54873017,32.0008883,34.27172335,35.08998656,35.55116083,35.69698582,36.48224061,38.01957087,38.66640694,40.51881623,43.47998565,45.75882386,47.18434148,48.58192165,49.80118264,59.62792292,61.97584514,63.19035903,67.42737747,67.43858724,67.50484353,68.36961886,68.82398668,69.10755882,70.3954737,71.23195258,72.42448684,75.92249589,80.95390187,81.07692579,81.23884994,82.01018188,82.08521913,82.10114428,83.33019514,84.14771389]","[7,7,1,0,7,5,6,7,0,3,2,1,5,0,1,3,4,1,0,1,0,1,7,2,0,1,1,0,1,1,1,0,6,1,6,1,2,0,1,7,1,1,0,1,0,0,0,1,7,1,0,0,1,0,0,0,1]"
"[2.60629496,10.10326969,10.11391733,10.78779331,11.54674799,11.8625066,12.44783881,13.6235485,13.77442734,14.69123006,14.9424429,15.03307239,15.04101594,19.19025011,20.0254986,20.57689394,20.70896606,24.85810497,31.6897001,40.74302553,40.98224518,47.2827916,48.9080869,51.26615153,51.36777958,51.86500653,51.94875028,52.14130169,52.7829652,54.26178179,54.68564277,54.7036986,55.03958109,55.0632835,57.63410512,61.11974654,65.81776441,66.31268017,73.53383491,76.64626151,78.23086025,79.32579378,79.71975958,84.59989343,87.10308169,89.40579896,89.62754201,99.52133724,99.54923984,99.87960226,100.04946468,100.40412286,100.55279255,101.83217095,106.11271559,107.35160122,108.04612531,108.4766988,108.50986116,108.78484366,108.8151493,109.3047349]","[5,1,3,2,3,2,2,3,3,2,3,3,2,3,2,1,4,3,4,0,3,7,5,1,0,0,1,6,1,1,0,0,0,0,2,5,2,3,7,1,0,5,1,0,0,5,3,2,3,2,3,3,5,7,0,1,0,0,1,5,0,0]"
"[13.30805368,17.19081425,17.66125229,20.27777689,20.73573518,21.45201384,22.71565392,23.9005394,24.03553492,24.28644513,24.32118846,24.76756465,24.91908938,25.39486109,27.16665971,27.25921589,28.56391658,29.18102473,30.37769461,31.12323881,36.1075169,37.1758738,40.53811825,42.35369196,42.44231715,43.70568521,49.25767617,51.68778317,51.76185426,52.48377901,53.92447281,54.05230419,55.61956803,56.93847528,59.72703759,60.66005807,61.93651921,62.58226828,66.37255245,66.41510596,66.73002719,67.17743478,68.51133408,68.89786163,70.9938993,74.17735377,75.22981995,75.32049175,76.64978219,78.12149487,78.39676081,79.10928096,81.01980803,81.3951035]","[3,0,2,5,4,3,2,3,0,1,0,3,2,0,7,4,1,1,0,2,0,1,1,0,0,5,2,1,0,1,5,1,0,5,1,2,3,1,0,1,0,5,7,1,1,0,0,5,5,4,3,2,5,2]"
"[0.69406768,2.97466613,5.76384679,6.89063729,7.31728431,8.02133977,8.42968245,10.28775523,10.96352219,12.13814222,13.00651199,13.14637967,13.58653313,14.35557726,16.09837909,23.38311291,29.05728919,39.59637151,41.06713346,41.52961979,43.07323707,48.88492191,51.03960193,51.10172186,51.18390083,53.7753976,55.0494278,61.37279618,61.58174622,66.73565722,68.09443334,69.22973094,74.96168715,75.66021234,76.04033015,83.42680911,83.80176767,84.69246521,84.89528493,85.62346905,86.15494545,86.29211925,86.78781368,87.36887294,87.82595435,88.55495634,88.74625358,92.1127797,95.91212234,101.41097515,103.53606078,107.17349861,107.18413739,109.50049408,109.61977888,109.62221708,109.78540835,109.80402744,109.97722877,110.69332304,110.92607766,111.31836524,113.00653257,113.38611436,113.90475388,115.75584374,115.82153817,117.84785307,118.19903398,120.5738019,121.3453696,124.42617776,131.20908638,132.73868692,133.50376319,143.63581236,143.72814682,143.78122831,144.90615785]","[1,7,7,6,2,1,3,1,3,2,3,3,2,3,3,1,4,7,5,7,6,7,1,2,4,2,2,0,7,1,3,1,2,3,2,2,0,1,6,0,1,1,1,0,0,1,0,2,5,5,3,4,0,1,0,1,0,4,1,0,0,1,1,0,1,1,0,1,0,0,1,4,5,6,7,7,2,2,3]"
"[0.70741924,0.9868951,2.63673586,7.09381998,7.54168503,7.91819621,8.19187387,8.70922295,9.17040498,9.21512139,9.34471337,9.52933812,9.82154698,10.64193602,10.7009708,11.13587254,12.52297709,13.00771298,13.32601055,13.63988508,13.96132299,14.8697581,14.92809493,15.11084333,15.48044534,15.60416371,15.84961875,16.56299581,17.33315903,19.96039947,21.20596955,21.63250471,21.73648372,21.92306853,22.59045773,23.21172856,23.743754,25.83606993,26.14415238,26.9723654,30.63241734,31.12884476,32.5755665,35.98773078,36.06935237,36.17883715,38.80788556,41.86818934,42.7539133,44.03466393,44.88536334,47.20180679,53.61922171,53.78669168,58.75270716,59.53777341,59.99040549,59.99162447,60.29030978]","[4,6,0,1,0,1,1,0,0,1,2,5,7,0,1,2,1,7,6,0,1,1,0,0,0,1,1,1,1,0,1,1,0,4,1,0,0,0,4,1,1,0,3,3,2,2,7,1,3,2,1,5,0,1,7,2,3,1,0]"
"[4.26023111,5.46790903,9.23875338,12.26560407,12.27613871,12.54811804,13.77484486,15.80310317,16.65173498,19.60305813,21.10190025,21.74319641,21.93317839,23.74484172,23.74538326,23.86552405,23.92373862,24.16425185,24.33212406,26.34791109,27.63092746,31.11860932,31.26581613,31.92024697,35.81763194,36.66683386,37.08665939,37.22788224,37.32351704,38.50408534,42.65868053,43.72767733,43.94047142,44.87666903,48.42436863,48.70766622,49.82613949,50.84480959,54.14374364,56.62531133,56.86822573,60.48688889,63.14009654,66.30808499,69.93668836,78.48617856,81.63070697,82.66610458,85.36860684,90.35658576,91.36561842,92.76598746,93.10326634,94.8640658,95.76649417,96.03899818,96.66544509,97.90201737,98.89896958]","[0,6,7,3,2,2,5,2,3,5,7,2,3,0,5,3,4,2,3,3,2,2,3,3,0,1,1,0,0,3,7,1,0,5,7,2,6,6,7,0,1,1,7,2,4,4,4,7,2,0,1,0,1,2,1,0,3,3,5]"
"[2.58722376,2.63038692,4.27232428,4.81326318,5.31015445,8.16742513,8.42030088,8.88390861,9.48284944,11.13891764,12.77858462,13.03284169,13.7164062,16.74094287,18.34224382,19.10458883,19.15924561,20.67716434,21.36756245,21.65614487,23.20614658,24.35772743,24.54304869,27.8906509,28.04206412,28.11275897,28.21285141,29.42621967,29.97596811,32.02300656,32.68125942,34.1819899,35.40075164,36.17558545,37.93971252,41.33699682,41.59779281,42.36597188,42.50272776,43.88603304,44.62453445,47.70855054,48.13293293,49.05228758,49.15444554,49.1893447,53.20535307,53.91169966,53.9799473,54.3868144,56.54172582,56.55875051,59.06436468]","[4,3,3,2,3,1,3,0,3,1,2,4,1,1,2,0,1,0,1,0,3,4,1,2,3,7,3,5,5,4,2,3,3,3,2,3,3,1,1,1,0,0,1,2,1,3,0,3,4,1,1,1,0]"
"[0.94104327,1.26528369,1.61258078,1.74421841,1.85665676,2.03753349,9.07048988,9.14484338,9.67871113,9.75117896,10.40876422,11.31909011,12.69460678,14.83264881,16.18785494,16.54328064,16.56937386,17.07132343,18.92709875,20.50650701,21.73916226,21.81696056,22.46886706,23.21899254,23.4301992,23.8846976,24.09205914,24.7640339,25.0101085,25.22921149,25.50682362,26.57595246,26.79394657,26.89022672,28.06246874,28.07972987,28.35560384,28.798271,28.92169139,28.94711709,29.53863144,29.637799,29.77833907,29.81768372,31.73373058,32.00548957,32.45101526,32.92293086,32.98102243,33.25228362,33.51921485]","[3,3,2,3,1,5,0,7,2,3,1,2,3,4,0,1,4,0,1,1,0,0,1,0,1,1,0,1,0,0,0,1,1,0,5,0,1,1,0,0,1,1,1,0,0,1,1,0,1,0,1]"
"[3.89374824,4.77932061,4.95010364,9.69288235,10.45844949,10.65337065,10.66917462,10.78346832,15.32317234,16.19481642,16.84484324,24.70467087,25.6795365,27.67851882,29.75237277,29.8023248,29.9447543,30.35125644,30.96840695,34.12926609,44.45415373,48.03911949,52.01442856,56.10806437,56.6338135,63.46121108,64.66896617,66.26595597,68.09915715,68.55489308,69.40572011,72.52163996,74.18150754,75.35159498,76.42071128,77.32776714,77.38174364,82.47068359,84.19314963,92.41514167,96.64217726,100.03301048,100.30777745,105.52188735,105.83085829,108.40407482,119.76371802,122.92954535,123.57956233,125.40154458,125.91391828,126.06262611,126.2128077,126.24996457,127.05627827,127.99477233,128.03940202]","[1,2,0,5,1,1,4,0,7,2,2,3,4,4,3,2,3,3,2,2,0,7,5,2,3,5,7,2,1,0,1,0,1,7,0,4,3,7,5,2,4,2,3,2,6,2,3,1,0,2,0,1,3,2,1,3,0]"
"[6.63693847,7.44436565,7.59976966,8.28793652,10.87572777,14.85157496,15.05912177,16.76792847,17.09143058,17.24354294,17.87219731,18.003607,18.05870254,19.39102412,19.53761504,19.56118021,19.80213047,20.46500746,20.83704347,20.86775346,21.2985827,21.55079743,26.94344566,27.35701827,28.63124006,36.30665103,36.31938182,36.87406909,37.35794943,37.83121882,50.85858248,50.90931617,52.19237893,52.2755951,53.34089097,53.53500573,54.16874437,56.84066966,60.86727374,61.29535566,61.65831665,61.76506131,65.68037509,66.85407214,67.49413459,68.53428455,74.96284452,81.05780857]","[7,7,1,2,0,1,1,0,0,0,1,1,1,2,0,0,1,0,1,1,4,0,1,5,0,1,0,6,5,6,2,7,3,3,2,3,2,3,1,2,3,0,4,1,1,7,2,3]"
"[2.80765467,7.0644793,8.1638322,8.27153246,9.14377081,10.11874774,10.16675428,10.19812645,10.87045204,10.94757336,11.78133936,12.00219475,12.55876003,15.08067723,15.23192834,17.06562523,17.14150346,17.75232816,18.6842623,19.95767967,20.35758015,20.506886,20.74691652,20.87974198,21.21345624,22.16087661,23.28427731,25.5368801,26.691315,28.26972405,29.34789606,35.25470804,39.52063585,44.52927634,47.09492674,47.22521491,47.45577776,48.61012462,53.03881422,53.33197019,55.29652239,66.54514759,71.97739097,72.60983108,73.48273414,73.88705212,73.92664971,74.42680023,74.63936558,74.94741635,75.98196326,75.9969341,76.53794317,76.57278511,77.07818069,77.44477109,77.55066429,77.74826278,78.65746884,79.19124946]","[7,7,1,0,1,6,2,0,0,0,5,1,5,1,4,7,4,1,0,7,2,3,2,3,2,3,3,2,7,6,5,0,0,2,1,3,2,7,7,2,3,6,6,7,3,1,0,1,5,0,1,0,1,0,1,0,1,5,0,0]"
"[2.84101542,13.23940131,14.80280436,18.53170643,19.53776885,25.20283087,27.26036137,28.40880837,28.56767012,30.87626823,33.70136683,35.07695672,36.0022201,38.56276862,39.07225673,49.69826899,49.7781448,52.82490435,54.54911535,55.65399558,56.28327995,56.58257948,63.19634573,63.22353875,63.55260712,75.83706112,80.59893552,80.62151984,81.53494338,81.82185241,82.54768383,85.2050423,85.226815,85.46047531,85.72055806,87.25314907,87.61786312,92.01323479,100.22180126,101.46200657,105.0160207,107.43079636,109.05725853,109.82134796,110.78009173,110.78717713,111.0909436,111.35142729,112.68108855,112.72391921,113.66887996,114.07639682,115.60436607,116.12731878]","[4,1,6,7,5,6,4,3,3,5,5,5,7,2,3,5,2,1,7,2,5,3,1,0,4,0,5,3,3,2,4,1,0,7,3,3,1,2,3,7,2,4,3,6,0,7,1,1,1,2,1,3,2,3]"
"[3.52349503,4.8800169,5.93715284,7.09356137,7.22929973,7.68872214,7.88114646,7.98151731,8.42177915,8.4446393,8.59486095,8.89433312,8.9745931,9.22694041,9.23553277,9.37214164,9.38480569,9.45086677,9.61392476,9.72183506,9.91207673,10.00685858,10.41869369,10.44675944,10.68054169,11.1277857,11.19333182,11.20286879,11.44950547,11.79951217,11.84480345,11.98471892,12.05545357,12.53929195,12.91744083,12.97455919,13.04393886,13.47335804,13.53580908,13.56690364,13.62647503,13.69656747,14.9047026,15.32311274,15.782825,15.78973372,16.32628599,16.63922233,16.91924615,20.72139289,22.64364216,22.83427764,36.91400027,37.57480967,37.84754187,41.21599846,41.51126662,45.19905527,45.30100739,46.43682258,47.83660362,48.42187803,50.91273562,52.39199724,53.14820186,53.2098415,55.78157015,56.08205595,56.65727912,58.06226373,61.039553]","[1,0,0,1,1,0,1,0,0,0,5,1,0,0,1,0,1,0,1,0,7,1,1,1,4,1,1,0,1,0,1,3,0,2,1,3,1,1,0,5,2,1,0,1,1,0,3,0,3,1,5,3,7,2,3,3,3,0,6,1,0,1,0,1,2,3,6,6,1,4,6]"
"[13.9018376,15.42396871,16.36236162,16.74580097,21.64938808,21.79190349,22.25814489,26.31628774,30.43976901,30.47363464,30.59800912,31.84200936,34.7013882,38.64340376,39.19790658,42.11899673,44.04085695,44.38299852,44.54703246,44.58251634,44.87759155,45.48933071,45.51334237,46.11149634,46.41853691,47.26165586,47.57755298,48.05994017,48.34647569,48.73172004,49.64048407,51.13216958,51.16460847,52.03752435,52.22983766,52.32794398,52.65917073,52.76770195,53.0628186,53.75115806,55.69352104,56.48052478,68.39569338,76.57662547,82.5278544,83.82720983,88.48924542,90.77461283,90.94227114,96.32557291,97.47104103,98.85540342,100.00305734,100.93642839,100.96068169,101.82745447,102.30350032,102.39493446,102.68500803,104.48391516,105.1470778,105.73050779,105.75398781]","[3,2,2,3,3,3,0,0,2,5,1,2,0,1,2,0,1,1,0,1,0,0,0,0,1,5,0,1,0,0,1,0,1,1,2,0,3,1,2,2,0,1,7,1,1,7,7,4,2,0,3,1,0,0,5,2,1,0,1,0,1,1,0]"
"[4.04244939,4.86527747,4.93571558,5.16532072,5.54604022,7.23886022,11.44140035,12.8448117,13.53340282,19.52652111,19.53868682,26.00312668,26.13070161,26.9873831,28.8842388,32.78166747,32.81272195,33.03265265,33.11791334,34.24874056,35.97755451,36.99816535,37.36551231,37.90010688,38.12978726,38.14141736,38.69638107,38.97978725,39.45813675,44.6055081,47.72287295,47.82945982,49.1006058,50.31812108,55.73781826,56.12320123,57.02758606,57.43661719,61.1753332,64.19218207,64.69302439,66.76438619,71.44623826,72.15427087,76.04809589,79.44167265,80.45319841,80.64343482,83.10413438]","[7,7,1,3,2,4,6,6,5,0,1,0,1,2,7,1,0,0,1,1,0,1,2,1,0,1,0,1,0,4,0,1,7,1,1,0,3,0,0,1,0,5,5,4,4,1,0,3,0]"
"[6.88749565,9.71896167,13.93912631,17.00678857,22.54895995,27.8907861,30.01375936,31.06078181,33.4957619,33.56146682,34.3216162,36.21203575,36.36330581,37.61005852,38.37871557,41.64983864,41.85871608,42.15521169,44.90373051,48.43770344,48.47858707,48.73798728,48.99824211,49.15356477,49.36850195,49.50543073,49.59032927,50.41887346,51.0020537,51.20058903,51.51345747,51.83127595,51.87506143,52.79998099,52.9046115,53.53923279,53.75019744,53.89545646,54.63502951,54.97077219,55.01819872,55.22650866,55.42699527,56.35313975,56.65798454,56.69276969,57.09338902,57.31619428,57.4013772,57.44655281,57.55550888,59.06139346,59.76555358,60.00785458,61.77192283,62.66595238,63.3135177,66.90168135,67.56821666,70.49492946,73.84865844,74.00104819,74.20986574,74.81530095,75.19425611,77.34582551,89.34127631,93.31702142,94.85364312,108.90825458]","[4,7,4,0,5,5,3,5,6,1,1,4,0,4,1,0,5,1,6,1,0,1,0,0,0,1,1,0,4,0,7,5,0,1,1,0,0,0,1,0,1,1,0,0,1,1,0,7,7,2,1,3,0,3,4,2,5,2,1,6,1,2,1,5,3,3,5,4,5,5]"
"[0.84883999,0.8890891,1.17956803,1.46329242,2.33678249,3.06312169,3.28493436,6.49655195,6.98152392,10.9114979,14.79468722,15.58979428,15.78162692,16.91620149,20.51048591,23.09345323,24.79045436,25.36435497,25.61032136,28.53051944,29.03368196,29.26630175,29.40121894,29.49101971,29.5072418,30.57775921,31.03055383,31.26759541,32.51744925,34.53852506,35.58317674,35.59203429,36.03229843,36.94570672,37.20375226,37.6436639,39.3520961,43.33573378,45.74696071,48.06392178,52.16940425,54.3673549,55.62230458,57.38414067,59.32062321,59.41763277,65.88473203,67.85552117,68.50408722,74.52711723,74.82924499,75.61202723,77.23189794,80.47821577,80.59950894,82.78179959,83.37509297,83.92603552,83.94921706,88.6255751,89.86176559,98.53656408,99.64573488,103.03600279,103.45515724,105.25768471]","[2,3,3,5,0,2,6,0,1,6,2,3,3,3,2,3,2,3,3,2,6,3,2,5,3,7,3,2,3,3,2,6,2,7,3,3,3,3,2,4,2,1,7,7,3,2,4,7,2,0,1,1,1,5,2,7,7,7,7,2,3,5,7,2,0,1]"
"[0.45673193,5.21267103,8.38946588,8.43806,8.61641011,9.50559839,20.00429271,20.30156585,29.31799356,29.57631047,29.8396642,31.52422216,32.13443838,33.64469801,40.03169922,43.05227765,43.13518262,45.64772544,46.1745814,46.52177944,46.99032372,47.09107673,47.62858222,47.64969199,47.68195649,48.27041333,48.51687434,49.17415958,49.5823045,49.66981428,50.41970873,52.62666272,54.33598468,57.99127126,60.23439781,61.64834627,63.24980217,63.51045005,63.74566269,66.38530979,66.42107182,68.08108906,69.94721682,70.75570956,73.64685584,73.99752665,79.408611,83.13760738,84.20750128,84.55843738,85.18848261,85.29757515,85.74071186,87.59637716,91.74040181,94.22603501,94.8427172]","[7,6,1,0,1,2,0,1,2,3,3,2,3,3,0,0,1,1,0,0,0,1,1,1,1,0,0,7,1,0,5,1,7,7,0,0,3,6,1,1,0,1,1,4,5,0,2,1,0,7,1,7,7,5,0,1,5]"
"[0.01698528,0.45142617,1.57752196,1.8852471,2.64768627,2.84947839,3.85937794,3.95212396,4.25892476,5.53693474,6.04231168,6.25801572,6.59430344,6.63046533,6.70035472,6.82697453,7.16632208,7.31615022,8.07482315,8.08864667,8.24523793,8.57578082,8.58682372,8.65160409,8.95095461,9.05033261,9.09635449,9.72549573,9.99415704,10.09073633,10.11024001,10.59561221,10.61610483,10.64299956,10.98022449,10.98069097,11.08783186,11.13018311,11.53327602,11.60167789,11.69507595,12.08632841,12.32526315,12.62715031,12.63682581,12.65475814,13.00896661,13.13007647,13.21903197,13.61508275,13.82632054,14.69555565,15.29295298,15.48513766,15.86316947]","[1,0,1,0,0,2,1,0,1,1,0,1,0,1,1,1,1,1,0,1,0,0,0,1,0,0,1,1,0,1,1,7,2,0,0,1,1,0,1,0,0,1,1,0,0,0,0,1,5,0,1,1,1,1,5]"
"[1.61756221,4.03684125,4.6183825,8.34202767,9.42735495,10.80798999,14.75868053,15.78873389,16.05036139,16.08958154,16.17822944,16.56629287,16.8021476,22.65292791,25.94671685,31.0641142,31.15732406,31.48286549,34.78094543,35.34625575,35.4188055,36.78487459,37.69605176,38.09939138,39.41095415,39.51664615,41.1927483,44.75455436,46.10090981,46.3033695,47.88607607,48.27661574,48.61636158,49.3506995,50.1189054,52.00814241,52.27233143,52.59768601,54.13784953,54.19939134,54.36198726,54.61647711,54.87111636,56.08981305,56.21805813,63.99568871,64.88289145,66.04532533,66.39334758,66.53031064,67.42276281,67.48837701,67.8493776,67.98187668,68.53043651,68.6584964,69.88095177,74.83747667,75.97538972,76.69780489,83.24958629,87.46494608]","[3,0,1,3,5,0,1,5,1,0,0,1,1,7,0,2,0,3,6,3,1,0,1,0,3,1,7,1,3,4,2,3,3,3,2,0,2,3,3,2,2,1,3,3,4,0,2,3,6,7,2,2,5,3,4,3,3,2,7,7,5,4]"
"[1.39307169,2.6811363,2.88313617,6.74005612,14.1810367,14.51118404,15.04599578,16.23124538,17.08679708,17.66447179,18.22840606,18.32461731,20.34385613,20.56117403,22.30188013,22.53794152,29.07551572,32.56526922,36.00477813,36.10825722,36.42488558,36.74210306,37.36995403,39.6847451,40.02303754,40.34403051,40.39409741,40.72519757,41.08912905,41.24327757,41.30928906,41.44301079,42.03769495,42.98089464,43.08533847,44.47862204,44.85179841,45.87746694,46.56761357,46.64127126,46.77990639,46.95854217,47.44975086,47.58459697,48.35245879,48.45156897,48.65466201,49.0647783,49.09918569,49.34967137,58.72813307,59.56512055,60.1556383,61.99428435,63.02301349,63.65829388,64.230564,64.252984,65.31003785]","[4,4,4,5,1,0,1,1,0,0,0,4,1,1,4,0,2,7,2,3,4,0,5,1,0,4,1,0,1,0,5,0,5,1,1,1,0,3,1,0,1,0,0,0,2,1,1,1,1,0,5,2,7,3,3,2,2,3,5]"
"[0.62834922,2.41357736,5.01714729,5.89602438,6.53790647,12.22543016,13.40610151,14.26437615,14.39825636,14.51082782,16.13123818,17.03404066,18.79879207,19.73191719,25.52691319,29.542082,30.34110706,34.83264537,35.07169484,36.63831369,37.72998385,38.7829385,39.20815049,39.44459279,39.96448136,39.96879349,41.25782166,41.41685708,42.17527173,42.17912426,42.77672454,43.05045141,43.24075082,43.43984554,44.8186414,44.90197824,47.51754022,47.74322873,47.8276423,47.93611941,48.06660355,48.10871579,48.26685963,48.26823879,48.94057695,48.97923475,49.67910715,51.86739693,56.62201202,59.75727401,63.42527209,64.90668168,64.95684067,66.05565178,66.80214534,67.52677782,67.91586709,68.68501494,68.70576735,68.77775858,68.91876398,68.95404199,69.17209371,69.42376397,69.71300717,69.89810985,69.98593226,70.08170542,70.35323279,70.49371563,70.55981386,71.06704486,71.23893725,71.7194607,71.97761539,72.05208245,73.08711165,73.39175197]","[5,2,5,4,7,2,5,3,2,3,7,6,1,0,1,2,3,2,3,6,3,6,4,7,7,0,1,0,1,0,0,1,1,0,1,6,0,1,1,0,4,0,6,0,0,1,4,1,7,0,4,1,0,1,0,0,0,1,1,0,0,1,0,6,0,1,1,1,1,0,0,1,1,0,1,1,1,0]"
"[0.1109771,1.45821473,2.96925283,3.18225602,3.52364464,3.60022935,6.28081375,6.42637428,11.44254933,11.66693267,15.98373806,26.5380939,37.62292588,42.49007238,43.0741242,44.9394544,45.24196498,45.67547149,46.03614809,48.67546469,48.78397257,51.58498568,52.74951094,55.67960763,56.2156533,56.8432797,58.12577001,64.32857574,71.26100741,71.48869136,71.90634096,80.04784746,82.07511906,82.0854247,84.01225268,87.30776453,88.7719935,89.91283912,93.25043362,93.42018236,94.67475451,97.08097407,98.53691628,99.04820968,99.7397514,99.9321689,101.22880077,101.25928098]","[3,4,0,7,3,2,5,3,1,5,0,5,1,7,1,1,0,1,0,2,5,0,1,2,0,1,0,4,2,3,5,5,1,0,0,1,4,7,0,7,6,2,1,3,5,0,2,6]"
"[9.98340196,10.80082,10.94616691,12.44818988,12.89503713,13.15658773,13.3593546,13.50644734,15.73449748,17.08736111,19.52160583,19.7443507,20.7923383,21.07800285,21.59282567,21.72294491,21.75558464,22.01666696,22.10708863,22.41019834,22.60083669,22.7177901,22.88770738,23.0099574,23.55482846,23.63637462,23.68538807,23.82996539,24.25233425,24.87100962,25.018719,25.37706287,25.68825575,25.86744938,25.96810501,26.70307893,26.70969273,26.7742017,27.10984735,27.15226494,27.46141205,27.87813375,29.06608246,31.8825148,33.12634635,34.48743382,35.39046789,37.51681644,38.09308882,39.57975535,40.73298749,52.54777401,53.83364127,54.82065827,56.5886584]","[2,3,1,3,0,6,0,1,0,7,4,2,1,0,1,1,1,0,0,1,1,0,1,0,1,0,1,0,1,1,0,2,6,1,0,0,1,0,0,5,3,1,1,7,0,6,6,6,1,2,3,1,0,3,1]"
"[4.93510459,5.66808012,7.21592602,11.73875122,11.85783763,12.29128298,13.65887832,17.3365818,17.9802469,19.58473535,20.63233439,25.5620038,25.77841008,28.03471493,28.13024395,33.03482267,35.89087308,36.51094523,47.32503276,48.67978914,50.23665605,50.58901094,51.92628023,55.85169039,56.96123877,57.50474887,60.40543011,60.89853606,62.40178853,62.69561089,67.2134281,71.75607911,74.76084638,75.56775267,77.38424542,77.96538843,78.0793063,81.78161186,82.87632274,87.30156443,88.75595047,92.42555748,92.94869924,93.32801305,93.81405591,95.52642059,96.89047049,100.66604564,102.14371971,103.03399873,103.26061543,103.36333844,103.48419891,107.72687891,107.78890838,107.97743888,108.07871103,108.16844926,108.76911718,109.36092914,109.68037324,109.85076433,110.75066218,110.7908225,110.95862015,111.36488215,111.72233066,111.93014349,112.0886131,113.93254861,117.03656129,117.33168152]","[3,3,5,3,3,6,4,2,3,3,4,7,5,2,3,7,0,1,2,4,0,5,7,7,2,4,4,4,7,1,0,5,3,1,5,3,1,1,2,5,4,2,3,4,3,4,0,0,1,2,3,3,0,1,3,0,0,1,1,1,0,0,1,0,1,0,0,6,1,1,1,0]"
"[2.42394345,3.37096242,3.54560884,5.40236643,5.4598219,6.31652036,6.73013574,6.99608385,11.67000243,18.31725776,18.53807031,18.91914716,19.12718523,20.83099908,21.44774618,21.70955381,23.48213969,23.56602932,23.97071639,24.78572099,25.99196025,27.32550056,27.47876895,33.94699723,34.7626513,44.29653752,45.89133872,46.24399161,46.33872145,46.91335103,47.14604967,47.15514186,49.53910712,50.70000344,51.46995003,53.9246033,54.19761711,55.72002079,56.14474234,56.69698439,59.71962499,60.56687899,60.94387533,61.28888264,61.62290744,61.79908528,63.0565786,65.3972181,66.1049994,67.80945367,73.80033474,74.20730014,79.32165802,79.3775701,91.42211311,92.06677151,95.29158819,95.33777235,96.16585011,96.81914596,97.01796239,97.64149872,97.66869579,99.9712701,100.36310263,100.82618008,101.04891628,101.17660963,101.95349086,102.10736314,103.1736757,103.34484175,103.66761711,103.79282732,108.05627214,108.61749453,109.35167676,110.79347584,110.83006019,111.72228906]","[3,7,3,7,4,1,1,2,5,1,0,0,1,0,1,0,3,1,5,1,0,1,1,4,7,3,1,0,1,0,1,4,1,0,3,1,7,0,0,1,4,2,2,3,3,0,3,0,3,7,5,4,5,1,2,2,3,3,3,3,5,0,3,0,1,1,4,1,0,0,1,1,7,0,0,1,1,0,1,1]"
"[1.29906339,2.29781285,4.47759249,5.19929474,5.50521423,9.84804559,13.09739408,14.52094135,19.97293271,21.66095402,24.22160047,24.95180942,24.96971686,27.30291553,28.18751617,28.54862728,30.34100816,30.90625792,31.69911629,31.94285523,31.94923532,32.06927672,32.07302328,32.25613503,32.7856726,32.81971262,33.08921862,33.44114086,33.54856037,33.68646388,33.77157764,33.86378232,33.93504788,34.53856231,34.77646554,35.00782429,35.50105967,35.54385675,35.90631709,36.16679956,36.30536949,36.39617959,37.65375942,37.78677077,37.79251064,40.3646357,41.08806428,41.62175937,43.01483128,44.30928461,44.41306718,44.76836343,49.18563797,57.30929822,64.03522957,64.65454185,65.80567155,65.99139824,68.01655308,68.11874486,69.95698545,73.26200007,74.39615889,75.54167546,76.03034248,76.22550815,76.52216695,77.07510737,77.57944087,77.84994165,77.89329949,79.01164453,79.10737667,79.81357373,80.21744684,80.90565778,81.10604465,81.6729488,82.48483517]","[1,7,5,0,5,6,6,1,2,3,4,2,3,1,3,3,3,2,3,3,1,2,2,4,3,5,2,0,3,2,2,3,5,7,3,3,2,3,0,3,4,3,3,3,2,2,2,3,2,3,2,3,3,7,0,6,6,1,0,1,2,4,3,0,0,1,0,1,0,5,0,1,2,0,1,6,2,1,3]"
"[3.75585724,5.1556807,5.4805198,6.90153652,7.74801383,8.29939799,9.93581637,13.46526475,14.2258647,14.51276479,14.76332525,14.81969809,16.24083015,17.64870014,17.84440986,18.22648645,19.1287348,29.3102391,29.67571937,32.50058441,33.51574907,33.59918848,36.93773484,37.21231221,37.31394491,39.00559414,39.86049401,39.87313021,40.76659613,42.19541193,42.35112421,43.77284774,45.3740476,45.38541245,45.99269726,49.37491146,49.38810725,49.65847228,49.96380769,50.28065251,50.43669618,50.66925347,51.75676779,52.69738493,52.80381498,54.5899735,55.93484835,56.18212251,56.78193926,58.73152429,61.57568476,63.44562163,63.65727903,64.22836456,64.24255336,66.60180705,68.19491752,82.17392542,83.08319085,83.27994485,83.85677702,85.12319945]","[1,1,4,5,2,3,6,0,1,0,1,1,1,0,1,0,0,3,1,7,2,3,3,1,4,5,1,0,1,0,1,0,4,0,1,0,1,0,0,1,5,1,1,0,0,1,0,0,1,1,0,0,1,2,7,1,6,1,2,4,3,3]"
"[0.988199,1.52011004,2.58718437,3.74698407,5.30871394,5.61711916,6.08942455,6.40851464,7.1283966,9.32364368,10.35773715,15.66384066,16.02580354,22.17629187,23.80055932,24.58931707,24.80407461,25.36175916,25.55018396,26.92055273,27.27750646,35.6994995,36.84411004,37.30897042,40.65208575,48.95978765,50.61450121,51.05033833,51.25458697,51.89065272,51.95259382,52.18201279,57.50623233,59.61230802,59.6528995,59.88342073,60.3740873,60.43853381,60.48228604,60.73653887,60.91640794,60.97044527,61.19336909,61.95453101,62.42651549,63.00370166,63.12891351,63.55538203,64.25554976,64.42852367,64.448426,64.75970139,64.79909606,65.33296371,65.48951897,65.95132824,66.06256827,66.51897238,66.55161938,66.63444584,67.02831888,67.18822965,67.32746666,67.56531705,69.56184016,69.60822607,70.91225259,70.96364836,71.0064977,71.89604756,72.07777828,72.2371371,72.35988871,72.5839661,73.27729365,73.30058869,73.56088844,73.67070947,74.24249118,74.42555049]","[7,6,7,2,5,3,7,2,3,3,3,6,4,3,3,2,4,0,4,3,1,4,5,1,7,3,2,3,2,3,3,3,1,0,1,1,1,1,0,1,0,1,0,2,1,1,1,0,1,0,0,1,1,0,0,1,0,0,1,1,0,0,0,6,0,1,0,1,0,0,1,0,5,5,1,0,1,0,1,1]"
"[1.80537827,7.15768609,7.67102385,9.56170926,11.26389346,12.52987047,13.16351891,13.35063101,14.13878328,14.62268501,15.36606786,16.72777768,19.20181735,24.3570681,25.99923609,29.71621347,30.12475724,30.25224717,30.49761857,31.63049582,32.63650827,33.30514783,36.88356702,38.15661522,38.44870505,39.59773271,40.31470046,42.42960697,49.27747931,62.6136374,63.32786271,63.76840207,67.19575932,68.51662878,69.15532799,74.92798999,78.47082091,82.03872359,83.44512051,83.53650685,83.71582999,84.98083924,85.30667117,85.71246855,85.84814621,86.2147288,86.22603863,86.27374974,86.52060713,86.93364941,87.19639786,87.3976294,87.49065976,88.1610994,89.89376099,90.81881939,90.84010379,91.5436945,92.14605485,92.40578335,92.42676409,93.26953532,93.3045819,96.14014737,98.68909406,99.83842189,99.87133741,100.07990027,100.75811385,101.4228176,103.1386687,104.66055757,105.07089715,105.12638332,105.20010013,106.05579255,106.11775772]","[2,7,5,3,3,7,1,0,1,0,5,1,0,0,5,1,0,1,0,4,1,4,7,0,1,7,5,0,3,3,1,5,7,6,5,0,1,0,1,0,0,1,1,0,1,0,1,0,0,7,0,0,5,0,2,5,1,1,0,1,0,0,3,2,1,0,1,1,1,1,1,0,1,1,0,0,2]"
"[4.07088722,6.23328518,9.14000776,10.01624256,10.95739436,12.87312138,12.97501245,13.18070871,13.81112173,20.97251298,23.24155317,27.39443086,30.00764102,35.15235802,35.38822768,37.06731261,37.12464092,38.88566694,41.19312029,42.4412039,42.59629655,47.09504335,48.23376407,54.72261417,58.23587092,58.32175399,58.49993766,58.75562444,59.61890246,60.41352854,62.6413826,66.66403673,71.44039851,75.29529189,78.88773646,80.36991586,80.72483162,80.98206643,81.01351144,81.4596127,81.55604228,81.64768664,82.71782543,83.71042806,84.64442433,87.70967125,88.90924384,91.25049251,91.6645549,91.66990288,92.0619862,92.60513959,93.07672059,93.17079494,93.19465497,93.76143833,94.23813556,94.37049588,95.00605826,95.22153154,95.90072711,95.94037603,98.12113829]","[6,2,5,3,4,0,5,1,7,5,5,4,6,3,3,2,4,3,6,4,5,7,0,7,1,4,0,1,4,0,7,7,7,2,7,1,0,1,0,0,0,5,1,2,1,0,1,0,1,0,0,1,0,0,1,1,1,0,2,3,2,7,1]"
"[3.88987172,5.3649219,5.7989208,7.40237836,11.64407551,19.856357,25.07436649,25.46950951,29.66665631,30.75642675,30.93093396,35.39986008,39.4285874,39.61297503,42.14687287,46.14738466,51.34532843,52.4358765,57.11245933,59.25993456,59.82765536,60.73674823,61.39429931,61.44554135,61.59031813,63.62245338,63.63812857,63.89144257,64.30655202,68.0578791,69.20564397,69.75624873,69.90647115,72.91973085,77.96043264,78.73531902,88.25841106,91.20139552,91.29814395,91.42623673,91.81509953,92.17503113,92.42117638,93.0708747,93.63306789,94.64311389,94.66703736,95.46020255,96.26593208,96.48765271,96.94310562,96.97097312]","[5,7,3,4,6,2,6,1,3,2,3,5,7,5,1,5,5,5,2,5,6,0,1,6,6,7,1,0,5,0,5,7,7,5,0,1,0,7,0,1,4,5,3,0,1,0,1,0,5,1,0,1]"
"[0.02907556,2.27380984,5.32018697,6.16187608,6.94854376,12.35357755,13.03177365,14.35361488,14.56980044,15.3897857,16.23854195,17.36375876,18.70499861,18.7870719,19.92276302,19.94261098,20.59927364,20.71087017,21.75639114,21.90286694,24.96317459,25.11380754,26.03176093,29.71367934,30.43746873,31.72691647,32.50715913,33.57842728,33.79701029,34.11475398,34.34702199,34.7170407,34.81178447,34.83639616,35.15603392,35.78068659,42.66810768,44.6601652,44.98801525,45.07277365,45.24494926,47.29058786,54.27496146,58.85579388,60.60506102,61.0778716,61.88901071,62.04401792,62.30184108,62.30506643,63.15465266,63.41381248,63.49856246,64.03478216,64.31381123,64.61799331,64.99957694,65.27744635,65.45627281,65.68129076,65.73640365,65.90189378,66.0232134,66.14113941]","[5,3,6,6,5,0,1,0,5,1,0,1,0,1,2,0,1,0,1,3,7,4,1,7,3,0,1,2,3,0,5,1,2,3,2,3,6,5,1,0,4,1,1,1,1,0,1,0,1,0,1,1,1,1,1,1,0,0,0,0,0,1,1,0]"
"[2.56534108,4.75193055,4.89743088,8.53482413,12.8872754,13.02862311,18.18677834,19.67320851,20.08099241,20.42610353,20.81431933,21.33964547,22.97668917,24.42844263,26.47969799,28.93878051,29.18063933,31.03208926,31.38510552,31.94990004,32.29454577,32.40109991,32.43919506,32.94216582,35.53045705,35.81937688,37.23870978,37.98395098,38.70864903,39.27245463,44.05480166,45.38214185,45.90777765,46.75118829,46.99323585,48.26069443,48.97220373,49.19390017,49.33826711,50.71348578,50.7386707,50.74313029,50.83612077,50.92878767,51.41612657,51.49292684,52.0387763,52.70997966,52.74218709,53.39074406,54.2019424,54.35539266,54.6983665,54.78079609,55.31553842,55.34789627,55.77537785,56.07908016,56.15740067,56.62510596,57.2131713,57.63783386,57.68107051,58.01810387,61.28103444]","[4,2,3,2,7,7,5,2,3,7,2,3,1,1,3,2,4,3,0,6,3,0,1,2,7,2,1,0,2,3,5,1,0,1,0,0,0,0,1,5,0,1,0,0,1,1,0,0,0,1,0,0,1,1,0,1,1,0,0,0,1,5,1,0,0]"
"[1.50019738,5.9537499,6.54133551,6.54870214,8.2427019,9.16632565,17.74921575,18.60948092,19.23295701,19.82563568,19.92652468,20.21109461,22.39299707,22.50877693,23.69651872,23.86973692,24.00567541,24.08861969,24.90834491,31.8298996,32.18261229,32.6539969,36.64074679,40.3042524,41.7106394,46.68324693,53.50964696,55.56449271,59.34713637,59.34850858,59.56077862,59.7529373,60.68678329,60.88099588,60.93808802,61.39220135,61.86609731,61.92091673,61.93658128,62.49382394,62.81873055,63.48539347,63.51267054,63.53778261,63.55389228,63.89314304,63.91215826,65.01052198,66.79405032,66.84787205,67.45569801,67.5943223,68.80874348,69.27940702,69.57187162,69.7181688,70.19031572,70.5369756,70.95221571,71.26693608,71.61034508,71.89584956,72.04381278,72.45647239,72.68512354,73.44134486,74.19928461,75.56078851,75.65299572,76.72603986,77.90662581,79.74563181,80.03624389,83.55622837,85.62745193,88.07329565,88.52228147,90.39574014]","[2,1,0,1,1,6,0,1,6,0,1,7,0,1,1,0,4,5,6,0,1,1,1,0,4,0,3,5,0,5,1,0,1,0,1,5,2,0,1,1,3,0,0,0,0,5,1,1,1,0,1,0,1,0,0,1,0,1,0,7,1,0,0,5,0,1,3,2,0,1,0,1,7,1,5,1,1,2]"
"[0.26585909,1.43492856,2.1701214,2.63996061,3.53591826,9.93660362,14.5716107,15.6459814,17.90754885,19.30134445,21.61623674,29.82273346,33.78415476,38.79023275,38.89986727,39.2983428,39.30191766,40.35564582,40.52632218,41.63471695,41.99477585,44.05190829,44.54189025,45.12124044,45.63135286,47.47758581,47.70086041,49.53249938,51.7191564,52.40912716,52.79680376,53.14945945,53.45760948,53.73389633,55.35482769,55.59993725,55.78237255,58.85310914,59.7631766,61.30387403,66.45558464,67.40100447,68.47342234,75.29981398,75.76779768,76.04001539,76.0827678,76.9160669]","[1,3,3,2,3,4,6,3,0,4,5,4,7,0,1,0,0,1,2,1,0,2,1,7,1,5,5,7,0,6,1,0,0,5,1,0,0,4,1,4,3,2,5,1,1,4,0,1]"
"[0.96767904,2.70525103,2.88043532,3.61561603,3.97984455,5.17093777,5.84699453,6.72384536,6.86335136,7.21993734,7.72052536,7.72862581,9.86750148,10.69421262,11.41308099,12.6446845,15.2290968,15.75204258,19.35013824,19.76461273,24.74122894,26.68062767,28.49497601,28.97618712,29.38866406,30.92406886,31.42185809,34.65650172,38.39777724,47.66758552,48.84526224,53.56820217,58.98559061,61.33998328,65.74236766,67.33987294,70.69005316,74.40651269,79.14200699,81.58406616,82.02163844,83.70673089,87.51876371,88.04731973,88.9183162,90.14042329,92.96071716,93.5521301,94.20044667,96.39981651,101.09292367,101.45988188,102.43078378,102.82651712,105.50058827]","[4,1,0,1,0,0,1,3,1,6,4,0,7,1,0,1,5,6,0,1,0,1,2,3,2,3,4,3,0,4,7,4,4,5,7,3,2,3,2,6,0,4,7,4,1,5,0,0,0,5,1,2,1,0,1]"
"[1.35241349,2.99200716,3.84789236,3.90035808,3.91996107,4.03735699,5.07966331,5.52639636,5.56530433,8.76450529,9.53208464,11.99577159,23.57513519,26.33749987,29.09087354,29.24652848,30.65772457,30.85207064,31.17689835,35.68316806,36.95671227,37.52625512,39.15941535,39.45970856,40.17039002,40.87682532,41.16607756,41.48130296,41.50460551,42.02021852,45.4334133,47.81727698,48.49954455,50.54672317,52.09930581,55.22356186,56.72622596,60.14413452,62.33164182,62.7637081,69.22142777,74.07107079,76.29468123,76.30534577,80.17833099,81.4243367,83.88722353,86.57612352,100.2197668,100.59507289,101.50793431,103.38457129,104.47351766,106.38324368,119.05565344,122.17376553,123.34567435,123.79093331,125.95027757,126.34283973,128.01061216,128.51697431]","[7,2,3,5,2,3,2,3,3,2,1,4,2,4,1,0,5,7,4,3,2,3,2,3,4,2,1,3,3,3,5,1,2,5,7,0,1,3,2,4,5,0,2,5,7,7,2,5,0,6,7,5,6,5,2,3,2,3,2,2,3,0]"
"[2.3604217,2.68928506,3.00592374,3.81834713,4.16272884,4.21376871,5.05696758,7.02451667,8.33943615,13.93829335,16.68048432,19.62341188,21.87447702,23.66171969,26.2289552,26.50184913,32.22174961,44.56980288,53.0488272,57.14465239,57.28478219,58.44991729,59.29660683,59.79372858,59.94184689,60.22851072,60.38320523,61.51388695,63.08693248,68.69735208,70.39859549,71.57461057,71.89637924,72.1339768,72.9636632,73.42615597,73.71877123,73.752081,74.36512956,75.25569366,75.75364023,76.28375091,76.82878699,78.64268021,78.78784897,78.88716018,79.38201007,79.45624152,80.36688817,80.39302053,81.94753616,82.11422853,82.30445822,82.49183663,82.50066889,82.83563978,83.09615126,83.68126033,84.38800485,84.51807746,84.98106413,85.66766488,85.90798877,86.30603287,86.4036968,87.4997465,88.6159248,88.61936195,88.74110321,89.2076252]","[1,2,3,0,3,1,1,0,1,7,7,0,4,7,6,6,6,5,4,0,0,1,1,0,7,0,1,0,7,1,0,7,4,4,1,1,0,0,1,0,1,0,0,1,0,1,1,1,3,0,0,1,2,0,0,0,1,1,0,1,0,1,0,0,1,0,1,2,1,0]"
"[0.61259035,5.03909898,11.51305747,14.82406899,15.61419781,26.36776996,26.69233982,26.70002766,29.7629869,29.91579078,30.15969336,30.43850815,30.63797639,30.88220644,31.40201967,31.66798039,31.8427065,32.13020996,32.58520716,33.39148298,33.45162197,33.61493686,34.36306216,34.39875936,34.51634157,34.94775664,35.16133143,35.73530135,35.84480537,36.14971704,36.25239109,36.65643557,37.24566495,37.67963845,37.71755186,38.65988586,38.90415799,39.02059633,39.50498556,41.65800899,44.9704413,45.79968515,45.80061443,45.90097283,46.9702684,56.44170054,56.86356676,63.5163917,65.5916981,70.71440724,71.71115395,72.76189247,73.69827011,78.92907572,79.54405635,81.73751442,84.78427488,89.30123882,92.8686573,93.63513142,96.76575011,96.93293232,97.3854253,97.48370809,98.84084429,110.90430199,118.02859461,118.76118362]","[3,7,3,7,0,1,0,5,0,1,1,1,1,0,1,1,5,0,1,0,0,1,0,1,2,1,1,0,1,1,2,5,3,0,1,0,5,0,0,1,1,7,2,3,5,5,1,2,3,6,6,7,4,2,3,6,1,2,5,5,5,4,2,7,1,6,5,5]"
"[2.6639247,5.48034861,5.62738428,8.07701667,13.82297584,21.09682242,21.55161296,22.14586581,23.27464175,23.44113144,23.65419125,23.67569533,24.49325181,24.59613976,25.37670289,25.87395688,26.22474388,26.3048505,26.61305294,26.6709409,26.74625627,26.9578821,26.97403562,27.19350361,27.30966986,28.69964636,28.87007592,29.06093817,30.15112161,31.15027247,31.20777234,31.29779988,31.33393421,31.50409887,31.81978635,31.93933077,32.30741192,32.71461174,33.14094726,33.16657297,33.26413288,34.51295431,34.67533995,35.19698732,35.27379054,35.29947303,35.37279245,35.91401191,35.9306154,36.14562616,36.55027197,36.84357437,37.21724446,37.4020422,38.24847407,38.50189787,38.62880703,38.78994542,39.21394921,39.23040746,39.56146345,39.9357205,42.68112521,42.97585907,45.05235593,46.93512338,48.76173215,50.40147467,51.08494558,54.17797931,54.48720279,56.2023307,57.2680981,57.37079125,57.50521337,58.29506771,58.90291059,59.48121727]","[1,5,0,1,7,6,1,2,3,2,0,0,1,2,1,2,0,3,3,3,3,3,7,1,0,3,0,0,3,1,7,1,1,1,0,0,1,0,5,5,0,0,0,2,2,2,3,3,2,3,1,0,2,2,3,1,0,0,1,1,0,1,7,0,1,1,5,1,6,7,1,0,0,1,1,1,6,0]"
"[0.84572552,15.30567231,18.74592853,19.85808332,20.26907087,20.84137511,21.20444776,21.44366051,23.54051801,28.4842162,28.70732894,29.86696087,30.04819142,30.15749812,30.52962956,30.64274054,31.10057143,31.12721706,31.21173713,31.52873802,31.69534292,31.88617907,32.56551508,32.85810286,32.91127601,33.44609948,33.51120688,34.12330793,34.79537668,35.52164918,35.79767216,38.14740582,43.87166812,45.04557923,46.93650221,53.766576,56.38958856,56.97256038,57.83816021,61.48857523,68.4846376,73.38246619,75.15376816,75.34366664,77.49436594,78.15731481,82.05633033,83.06566443,83.89708498,83.96462626,84.43360572,85.3573065,85.39745898]","[2,2,0,1,7,2,1,0,7,0,1,1,0,0,0,1,1,0,0,1,1,3,0,1,0,0,0,1,0,1,0,1,4,7,2,5,0,7,1,7,3,2,4,5,0,3,0,3,2,2,1,5,4]"
"[4.17800821,5.95414601,9.29914144,9.48450526,10.27734405,11.78285234,12.44650438,13.48166042,22.11989333,23.07921629,25.37727186,28.36309921,28.47847627,29.28638506,30.23779824,31.33708961,31.6520133,32.03035406,34.01285935,34.44141112,35.42287875,45.99132975,49.28371701,51.52786065,51.79393907,51.9304143,52.25079534,52.35902532,52.501604,52.88601844,53.2329136,53.3066901,53.34184409,53.50644599,53.60114392,53.76290097,54.49133437,54.56881585,54.81093517,55.29709965,55.52454525,55.85400592,56.15201454,56.61663518,57.43960329,58.30152643,58.50164038,59.92227332,59.99976319,61.69909971,62.74752136,63.06848803,63.50996315,63.98004232,63.99710229,64.30281246,64.31640529,64.3719647,65.35683131,66.1937818,66.66325704,66.76588071,67.39568642,67.89604982,70.44960086,70.54387791,70.92886619,70.96565993,71.54603688]","[5,4,1,0,1,1,0,1,0,1,7,2,3,2,1,0,0,0,1,1,5,7,4,3,2,1,0,1,1,0,0,0,0,1,0,1,1,0,1,2,4,0,0,1,4,0,7,6,1,2,2,0,1,0,1,1,1,1,1,0,1,1,3,0,2,0,1,1,1]"
"[4.71863661,14.20501055,18.82112384,20.00875343,27.07091374,27.40857153,28.79661244,31.06904748,33.73061258,33.89890874,33.91659507,34.05411633,34.52228844,34.80810882,34.84309442,35.1678635,35.47605424,37.30807454,37.80077548,37.97796228,38.14056619,39.52139644,47.31506789,49.04396766,50.1772517,50.91909943,52.87404287,53.51118898,55.20217737,55.41438098,55.43260307,55.63853693,55.64318359,55.71425943,55.9577171,56.09956949,56.10373465,56.1178948,56.96247359,57.57768775,78.14970556,82.93863554,84.17157761,88.22728964,88.89367004,94.9981741,96.63471836,97.52358273,100.23495314,109.52351466,110.79290597,117.18102747,118.38950259]","[5,6,7,4,2,0,7,7,2,0,1,3,3,3,2,3,3,5,2,0,3,3,6,6,5,1,0,1,1,2,0,0,1,3,5,0,7,1,0,1,5,7,5,4,7,4,4,5,0,5,3,1,0]"
"[6.48546966,8.18259674,14.54368798,14.54977525,15.46765145,17.9544094,21.36081282,30.04791538,31.83533095,34.13319803,34.81931771,35.43412203,38.11653096,38.12901975,38.40123392,38.99603506,39.23160191,40.32244103,40.62448311,41.26961585,41.292875,41.47557186,41.683782,41.69873031,42.28372214,42.43720941,43.15404877,43.44531978,44.01403646,44.36292474,44.89967615,44.95624654,45.00196895,45.18093401,45.39069059,45.80745509,46.68965484,47.73906997,49.04980159,52.43641389,53.8559701,54.09278537,55.43502065,55.99592715,59.28552788,65.23500246,66.49392832,68.65949114,68.80776283,71.17452772,72.74634539,75.47424584,76.27606802,76.90170844,76.92343678,78.43288852,78.61772605,78.74845887,78.82591523,79.32675417,81.80693763,83.50526042,84.3231058,85.38988655,85.99972016,86.16828765,86.67251024,89.60917654,90.61229929,91.8688774,92.1748682]","[7,3,0,1,7,4,5,0,1,0,1,5,3,0,1,1,1,2,3,2,3,2,0,0,1,0,3,3,3,1,2,0,1,1,1,3,0,7,4,4,3,0,1,0,4,1,2,0,7,3,2,1,0,0,1,0,0,1,1,5,1,7,0,0,0,1,1,5,0,5,1]"
"[5.13015521,6.64304394,7.65682647,9.75765686,10.11300144,10.47567621,15.05060512,25.20892939,26.04723138,27.27843774,32.39245681,39.26960987,41.28165784,47.98023366,53.65341707,53.66685952,57.73608755,58.74338916,59.74350022,60.72155307,61.03207586,61.07601432,61.62059676,62.51844895,63.06568783,63.14602329,63.18144966,63.26978436,64.96796243,65.30577907,66.94183679,69.16104666,69.50207407,70.49353045,71.63580185,76.64654417,78.92277002,82.44471695,92.58610432,94.75201479,98.02024961,99.03883203,99.40893895,99.95116264,100.66571361,100.83546824,101.26716777,103.03961622,111.04658711,111.56627309,111.79046963,112.87870186,113.36380114,113.80541618,116.07243921,117.8597853,117.94273289,119.07856181,127.77971816,130.72494281,131.32101492,133.48546564,133.62434136,134.5958173,134.85726421,134.96921897,138.70897224,139.25338438,139.9847228,140.08294345,140.36019465,140.52272026,141.89161323,141.98085699,142.90434763,144.54158805,145.71486067]","[2,2,3,4,4,6,4,2,1,3,4,7,7,6,7,1,2,0,2,3,1,3,4,2,1,3,2,3,3,2,3,5,4,0,3,0,5,2,5,6,2,3,3,4,4,5,2,1,3,2,3,4,5,0,1,0,3,4,4,0,5,1,1,1,0,5,0,2,3,1,3,2,3,5,1,3,5]"
"[3.59022959,7.42833756,8.61289118,9.9514355,10.23403892,11.64014722,12.0236049,21.24841053,21.34114899,22.29860195,22.29980075,23.42812593,24.30960803,25.56968058,31.86258038,35.13913196,40.87998675,41.69404468,43.70968411,45.38118372,54.61805811,54.98200019,56.70420019,66.66522456,70.87015082,79.250846,79.27542238,80.03590041,80.80610427,81.45532715,82.07856382,82.26785861,83.77353771,84.55760981,84.99428165,86.86387243,87.5927691,90.81378354,95.37403753,96.44628695,96.59216387,96.68036026,96.78160047,98.6551329,100.11218429,100.28988263,100.40446092,100.95326885,103.73246972,104.15106869,109.22509305,111.17019882,111.60690703,112.23002799]","[6,7,4,1,0,0,0,5,1,0,1,0,1,0,7,3,7,0,3,2,2,1,0,3,1,0,1,0,1,2,1,0,1,0,1,1,5,1,5,2,0,1,1,0,3,2,2,3,3,2,1,1,0,0]"
"[1.6153506,2.65470863,5.85131883,8.39007844,9.52454538,12.12867248,13.49427633,13.57250846,14.85041733,17.4403183,22.78151027,25.08593788,25.09551174,25.28575133,25.43902372,25.50096816,29.98242872,31.79514416,33.87660727,34.3486699,34.36837062,41.02398235,41.87282968,46.33552251,47.49549154,48.63623219,52.51316204,52.57389262,54.98461451,55.25098638,61.97895399,69.98365272,71.52291387,72.15012731,73.8161517,74.38051351,74.61402234,77.88067409,79.08861268,79.31239071,79.60837548,80.45221811,82.71447937,83.49848637,84.13469718,86.9899611,90.65873815,90.97909529,91.56704426,95.05330491,95.51110895,95.91585657,98.00816848,101.24040618,101.30709998,101.66095557,103.47240921,103.52789865,108.94757394,109.63283563,109.87399484,109.89816145,110.2537004,110.3235844,110.87941326,114.71405321,115.38091268,115.95884814,118.26116259,119.29465548,119.51079824,119.89114155,122.68765987,122.95623289,123.0499183,123.13417866,123.45150085]","[4,2,5,7,6,5,1,0,1,0,1,6,6,3,6,7,6,2,4,7,3,0,5,2,6,0,0,1,4,5,6,5,1,4,0,0,0,0,7,1,5,1,0,2,2,7,3,0,5,2,3,2,1,3,1,4,5,0,2,0,1,0,7,1,0,0,1,1,0,2,5,5,3,0,2,1,3]"
"[1.72779951,2.54522289,3.66688468,4.15123727,4.95118153,5.38171556,6.32660674,6.77230044,7.45584528,8.40208411,11.68820289,11.99608656,12.26813397,14.81010316,15.81404761,17.56557546,21.77561172,23.65424653,24.20358323,25.47142287,31.74178884,36.88785644,37.53669595,38.25096396,39.4398011,40.19925923,40.38683627,44.01447407,45.80663323,46.38748097,46.58051155,46.70877159,46.99752737,47.09239888,47.5450494,47.61984892,47.73034817,50.34881749,51.95551721,52.00835654,52.59722988,53.14420438,54.09749626,54.48675083,54.58579795,54.63373686,56.29268735,56.88266982,59.20085079,62.86954866,64.13295138,65.01760887,65.67195993,65.68745495]","[2,3,2,0,5,2,3,3,3,2,0,1,0,0,1,0,7,2,6,4,5,2,3,6,7,7,0,1,1,0,1,0,1,0,2,3,1,2,0,1,7,1,7,2,3,2,1,0,1,4,1,0,2,2]"
"[0.79371237,9.04997901,9.27432246,10.16302815,11.36217674,11.56797754,14.96000166,15.40815476,16.02684666,16.29191765,23.01018547,23.66700035,23.6913423,24.62933072,24.98040062,25.0953245,25.1130214,26.11903954,26.16050722,28.97362179,28.99405627,30.44977539,31.06880637,31.79207064,33.24378376,34.74155415,35.58785632,35.60135546,39.11067038,39.4211313,40.08269696,40.4668472,41.29533386,42.58103109,43.31143864,43.7556655,45.41212078,45.51578294,46.7604003,47.374365,50.54838427,52.83104253,53.27955436,53.56161961,54.03118428,54.08736745,54.1033101,55.18712203,63.33138119,63.67555494,67.75123191,68.15819602,69.73403586,70.39001354,70.46419055,71.01837971,71.13042891,73.50278238,74.23159964,75.68741303]","[7,4,2,0,3,1,0,5,0,7,2,3,7,3,3,3,2,3,2,5,6,7,5,5,5,2,3,4,0,4,1,0,0,4,0,1,1,0,4,5,3,5,1,7,0,1,1,1,0,5,2,1,1,0,5,0,2,1,0,1]"
"[1.27577215,1.89252933,5.21370248,11.04982982,16.05917309,17.89569632,22.54613696,25.27093355,25.6824897,26.68631511,27.62096024,27.62566206,27.68641032,27.75818227,28.12221992,28.69644804,30.10268387,30.15020847,30.16941799,30.73438167,31.30462059,31.84166231,32.18285609,33.98144923,34.09829482,34.34809072,35.84330966,37.25632091,38.76040471,41.60522724,41.75463195,42.36321689,42.38969045,42.46750101,42.56893309,42.68734736,42.73219864,42.75122046,43.28337202,43.98304262,44.02575524,44.26669034,44.33655777,44.62867431,44.99253083,46.33085249,46.85581582,52.97732674,54.61829017,55.21985487,56.25533881,62.29872193,62.80428365,63.16109157,64.37158807,64.89917768,65.46177313,65.51282105,65.86012698,66.43259829,67.92762939,68.21615929,68.27727135,69.04562636,69.27345033,70.03623912,71.88547954,72.41213537,76.15702775,76.95770433,77.44279349,77.50307804,78.23164292,80.32464764,85.1954861,85.63345491,86.0701544]","[7,6,2,4,0,7,5,7,0,1,0,1,0,1,1,0,0,0,5,0,1,7,5,2,3,1,3,4,4,7,0,2,3,2,0,1,3,5,0,3,3,3,3,3,1,1,0,5,7,5,4,0,2,1,0,1,6,3,0,1,0,1,1,0,1,6,1,7,0,5,1,1,0,0,4,1,7]"
"[7.30917172,8.58230053,15.37790331,17.61580666,18.06193675,20.63002029,23.3443198,26.50989858,28.72839701,34.32759271,34.49258252,36.02886044,36.5897875,36.87979335,37.01449932,40.19365786,40.19922694,40.77923816,40.85140212,41.54104163,45.26332504,46.32452969,46.35772681,47.26403144,47.57515138,50.2141997,50.96281158,52.82160958,53.18639946,53.85318998,54.23532191,54.39938038,54.80102502,55.65222387,63.27769938,67.45686644,69.51499085,69.78986607,69.84733772,72.88164068,77.92101869,79.68909342,80.66291016,84.36295116,85.27223029,87.39421321,87.78084592,90.02877833,90.33703305,91.22601989,94.70668078,105.46726728,105.93351509,106.27256473,106.94526727,107.10759499,107.14697274]","[7,4,7,6,4,5,3,2,2,5,1,0,0,1,1,1,0,3,2,0,7,1,0,1,5,2,3,2,3,6,0,1,1,0,6,7,7,3,7,6,1,5,4,5,4,2,3,7,1,0,2,3,1,7,0,1,0]"
"[1.00644246,5.81422446,13.49931431,14.74489784,16.97483509,19.6805481,21.5580338,23.32156264,26.06009509,26.51387326,26.69756479,27.65292354,27.75604639,27.92819833,29.32753466,30.90674781,31.32390579,31.32588732,32.5082227,36.88975149,37.8299152,37.98865759,38.69229188,40.22641159,41.20261417,42.06664329,42.0782193,44.49011698,44.71537432,45.54540578,46.31721084,46.45369844,47.16263027,47.30292918,47.46663893,48.01696799,48.96397971,49.124666,49.19871682,50.10061276,50.82164356,51.03842446,54.47859198,54.49893892,56.93637104,59.1500536,59.69109026,60.26875334,65.59509594,69.90719196,77.08301666,78.23679076,82.02501552,83.22729302,85.54796961,87.01493059,88.57351306]","[7,5,5,5,1,5,6,0,2,3,3,5,4,2,1,3,2,1,2,1,0,1,0,0,1,1,5,0,0,1,0,0,1,1,0,5,0,1,7,0,1,4,0,4,5,5,1,5,0,7,6,7,2,6,3,7,6]"
"[0.25736484,0.39738346,9.36741876,10.65814313,15.67376042,21.78568513,27.42849397,32.35369363,33.22857985,37.23803748,37.90067053,38.16285212,38.59005654,38.71752478,38.82003899,38.8502596,39.28413897,39.58881829,39.62832589,40.06574274,40.67036182,40.76293205,40.90522624,41.7277173,42.89159004,43.62523846,44.12610883,44.47909148,44.5470713,44.69849913,44.96705254,45.40056736,45.56663681,45.87139743,46.26595824,46.89095232,47.22958534,47.39585617,47.46263831,47.49388814,47.67899977,48.11243171,48.20319965,48.29915255,49.14091492,49.14836019,50.42652494,50.53298043,51.18596308,51.41583971,52.28978436,56.11264761]","[4,5,7,3,1,1,6,0,1,1,0,7,0,0,1,1,0,1,2,1,0,0,1,1,1,1,0,1,0,1,1,0,1,4,1,1,1,0,1,0,1,1,1,0,5,5,4,1,0,1,0,0]"
"[2.48361322,3.18589363,7.57874706,10.23035662,10.28573439,10.80548862,11.21650353,11.62139669,13.21200114,13.44687542,13.54743967,14.36570854,14.68807272,14.78977146,15.0500629,15.59861798,16.34478919,16.57243388,18.15537325,19.72516903,21.68818346,21.95933907,22.05358765,22.13835404,23.42452369,24.7761577,25.04572541,27.29842638,30.60432478,31.47873338,31.74642373,32.81627105,32.96567164,33.20867303,35.46651434,38.28692341,38.65776367,39.38678638,41.94618057,42.59661928,46.6516039,51.15198886,54.10128081,54.10803887,54.97053282,55.63475588,55.65855094,55.6790532,56.57891533,58.53522181,58.68588803,59.30082062,60.20622455,61.71343242,61.78751785,62.04502698,62.98633567,64.42116496,64.86075906,65.78968549,66.49958598,74.69537483,76.72581738,76.73952717,78.20728259]","[2,3,0,1,1,2,3,3,4,3,1,2,0,0,1,1,7,3,0,2,2,3,2,3,3,3,2,0,3,6,3,2,3,3,3,3,2,4,2,3,4,5,6,5,0,1,1,0,7,5,0,5,1,1,5,0,0,0,3,5,7,0,7,2,2]"
"[3.80792657,5.89088541,6.41414424,7.03068357,7.19829119,7.33759779,8.12988379,8.45584291,8.95575921,9.10748221,9.65165309,10.58651496,10.80298412,11.66617837,12.20234945,12.92071024,13.62988945,13.63976212,14.36855602,15.19442739,15.97398827,16.97689601,17.79832821,19.36591281,20.66008029,20.88405711,23.32172127,23.75380445,26.02282281,27.58232273,27.68138414,27.78976092,27.88515972,28.12758989,28.30425575,30.18877276,30.26678059,30.30935408,30.78495516,31.78077632,31.89629824,33.55804719,36.37016983,37.68314815,40.69535501,40.90647614,43.23881043,51.40854179,53.3494682,53.90428087,54.41595764,54.59037546,55.80709507,56.15786329,56.289203,56.38212775,58.3850696,61.36314401,62.71277651,63.47969518,63.68875894,64.5742407,65.04581843]","[7,0,1,5,1,0,0,1,1,0,0,2,1,3,2,2,3,3,2,2,3,1,0,1,1,7,1,0,2,1,3,2,3,2,2,3,2,3,1,2,3,2,5,1,0,1,1,4,7,1,1,0,0,1,0,0,0,0,1,5,1,0,0]"
"[4.61732948,5.57348635,5.70198964,6.95549507,8.06326845,8.48547687,8.73560155,8.94764023,9.0535799,9.55513087,9.56213961,9.70867453,10.06981411,10.17415474,11.19814249,11.30235727,12.90180278,12.95655189,13.35757486,13.53071679,14.17538659,14.26544808,14.54893124,14.90369082,14.95226745,15.17616261,15.82614843,16.53884923,16.9618656,17.05189407,17.62779743,18.87855127,18.90945528,25.21521682,25.80819179,26.41108655,28.01656151,30.66249211,35.45533262,36.39228879,37.81085522,38.20044056,38.74075697,39.00103113,40.98937465,41.48539294,44.19877773,45.1762877,45.58425485,46.35366917,46.65658054,47.68335889,50.2752106,51.40470287,56.18416099,58.67700616,59.15806887,61.69578626,64.41824077,68.26233214,69.88875664,71.70244727]","[7,0,1,0,0,1,1,0,4,1,0,1,0,0,0,1,1,1,0,1,1,1,0,0,1,0,5,0,0,1,3,0,0,5,1,0,4,4,0,1,1,0,0,1,1,0,7,0,1,1,1,1,0,7,7,7,2,2,5,4,3,2]"
"[8.42576727,12.02232439,12.90697241,14.305007,14.88440838,16.40058231,19.45947801,20.25762212,21.94325951,26.43281074,28.47975987,29.28147576,30.02940435,30.83812612,31.79240401,31.98965776,31.99067514,32.49117545,33.18353218,34.64946959,34.98322126,35.43745101,35.53491411,36.31190411,37.46770601,44.47124672,44.80145261,45.7701453,46.13350435,46.81542456,47.82184757,48.93073379,50.08611095,52.00543509,54.41305219,56.72758599,60.05304149,61.30137146,61.7485313,70.31934014,73.37168179,74.85022894,75.33112884,76.50754519,82.93475017,83.02887803,83.06468259,83.33648602,83.91004449,84.02142737,84.18451345,84.42159659,85.76110992,85.77910435,86.95042345,86.96039476,87.21777634,88.13368855,88.38830101,88.4027681,88.76551346,90.02906349,90.71508278,91.28698075,93.34412303,98.89951986,99.3342453,99.38262017,99.48738759,99.79787484,99.84478093,99.86346629]","[7,0,5,1,1,2,1,7,5,3,0,3,1,0,0,2,7,2,3,2,7,5,2,7,7,1,7,0,5,0,1,0,5,7,0,2,0,4,2,7,7,2,3,3,2,3,2,3,7,2,2,3,2,1,2,3,3,3,2,3,3,2,0,1,3,6,0,1,0,2,3,0]"
"[6.48648064,7.22453531,7.95347393,9.05947143,10.16983985,12.38488832,14.55117358,14.88393909,15.51984902,15.63679503,18.38301244,19.43897091,19.61158432,19.70183742,20.07612049,20.61973446,21.49611233,21.91394063,23.74787867,24.07960801,24.85346054,24.92777332,25.73906867,25.90401578,26.12433991,26.36013455,27.31863337,30.6550222,31.5861088,33.23352269,36.60436731,38.32476741,38.56734781,43.17048751,43.97304657,44.5673271,46.53655388,46.61606588,47.38780763,48.12331727,48.56915699,48.79563739,48.88817822,49.0635151,49.08489875,49.41058998,50.91576273,51.11977664,52.32603582,52.47842051,52.50702795,52.97932309,53.76090691,54.34104235,54.36894054,54.45081895,54.81141946,54.83537196,55.05982086,57.2891477,58.0933565,60.73607954,60.95669883,62.75424971,63.06093975,70.59691779,72.75312432,72.76395162,74.55575309,74.83100395,82.18825701,82.21810349,82.79268896]","[2,3,3,1,0,1,0,7,0,0,3,2,3,0,1,0,1,0,3,0,1,2,3,2,6,1,0,1,5,4,5,1,0,2,3,2,0,1,1,0,0,1,1,1,1,5,0,1,0,1,1,0,3,0,1,0,3,7,1,2,4,0,6,1,2,0,6,3,5,5,0,5,1]"
"[2.52620513,5.46400936,7.14624597,15.37848933,15.40963857,16.49419973,18.71603781,19.97364463,19.97695338,20.47064708,21.73437557,23.57157742,25.81179725,28.27928283,29.23886368,37.97367734,50.85637277,51.42318625,52.78142714,53.04718891,54.74173851,56.59090687,56.99689945,57.08506757,57.29020173,57.37926534,58.79615757,59.22429186,64.6022292,64.94785876,65.00092312,66.66437432,67.38594286,67.90410612,68.15864145,68.9065585,69.58175077,69.69115297,69.89838946,69.96571634,78.38030142,80.36169673,80.48172851,84.06700186,84.59596639,84.86025382,85.00512338,87.08256106,92.30152314,94.19802894,95.31587387,98.60854958,102.09448051,103.31370997,106.6140189,107.65827321,109.97101363,115.13929847,116.33753536,117.00635629]","[1,4,0,2,3,3,3,0,1,0,0,2,5,1,4,4,0,7,1,4,7,7,1,3,4,5,7,3,1,1,0,3,1,0,0,1,0,5,1,0,2,0,1,7,2,0,3,0,7,1,5,0,0,0,5,1,0,1,0,1]"
"[7.22214371,7.35200744,7.47432881,8.71699094,9.58971916,9.90713019,10.24677565,11.05004429,11.47885888,12.53900052,19.23384123,20.9804255,21.46209928,24.01964918,24.11303571,24.54256623,24.73248278,25.08001333,25.60337888,29.40348428,32.80995232,38.73232924,40.79026435,41.61753662,41.93081825,43.000529,43.56583488,43.75052792,44.52250899,44.5563031,45.1273064,46.33060886,52.47026741,52.67657972,53.13307766,53.77986226,53.82810064,53.90750439,54.05510359,55.52288518,57.84602966,58.75835,58.9160045,59.00664492,59.26740627,59.4419891,59.69718769,59.80324384,60.26990345,60.82437551,60.97669825,60.99346483,61.20299679]","[1,0,0,1,0,1,0,1,6,5,0,1,1,0,1,1,0,1,0,6,5,2,5,5,6,0,1,1,1,3,7,2,2,0,1,3,3,2,1,3,2,3,2,1,3,0,2,2,1,0,0,0,1]"
"[3.37520215,4.17690273,4.93761389,6.20600466,6.26183526,8.20681408,9.00008332,10.41966918,10.64050023,14.12531766,14.27949146,15.46948921,15.73695404,15.7690168,15.87745358,18.71550217,18.86578649,20.54396495,21.96270665,24.79817999,24.82483703,27.12285562,28.41545264,29.32707815,29.32821339,29.68492484,30.34548081,30.39962233,30.81326796,31.83677383,32.25442319,34.16160026,34.98742852,35.94018019,37.09537308,37.85614855,38.33219972,43.87057894,49.13270655,53.16304762,65.49316647,68.58508683,72.95584501,74.52007502,74.96517027,75.87166777,76.88824009,77.98551204,78.24747939,78.76593602,78.96680659,79.20011472,80.76798225,81.12461906,81.13868551,81.14008091,81.31369956,81.31980425,81.80058325,83.06041736,83.42318872,83.90489563,84.77340553,88.45750172,90.05489764,90.48305277,90.56907412]","[4,5,0,2,3,1,4,4,6,7,0,5,2,3,3,7,0,1,1,7,5,5,1,0,4,0,3,1,2,2,2,3,3,2,3,5,4,0,5,1,0,1,0,1,4,0,5,0,3,2,2,1,3,1,0,1,4,0,3,1,0,0,1,7,0,1,0]"
"[0.43988982,1.20448771,1.29879413,1.52021743,2.33204236,2.77723089,3.3754677,3.56948278,6.68524026,7.30262548,8.87175451,11.80814774,12.70069653,13.55351771,13.55976407,14.58145263,15.36392537,22.28643648,22.31688903,22.52012476,22.57419715,22.80637737,23.67248483,23.6912604,24.13800196,24.90515619,25.07633428,25.81284145,25.88866521,26.612735,27.07674333,27.27715174,27.75032578,28.47905077,28.6371976,28.67475203,29.18129397,29.87026785,29.87090982,31.37842535,31.88351173,33.28958291,35.05589706,35.19750208,37.43423339,37.43770293,39.27179666,39.28638593,41.05057147,52.87750953,59.86133787,61.46967044,67.07632652,67.86118651,70.59021042,70.82260033]","[5,3,5,4,2,2,3,3,3,6,2,1,7,1,0,0,7,1,0,0,3,1,3,7,3,0,0,1,1,5,2,7,0,0,1,0,0,1,1,0,0,5,5,0,1,5,3,2,1,3,4,1,1,7,1,0]"
"[2.94219431,3.25256388,6.8314607,6.92675508,7.30020442,10.30288397,13.66993529,21.22348892,21.51168685,23.56022447,24.19381177,24.44281175,24.84255939,24.93270511,26.70441569,29.79570355,34.05379329,35.14271041,39.68439491,40.52590878,41.12367901,41.94073096,42.07791585,42.51166702,42.89765875,44.21942411,44.70821714,47.50822801,47.57524848,47.90685905,48.38739511,49.20656099,49.89510129,51.66388463,57.36020233,57.49381905,57.61965917,58.62532072,61.30354501,63.19256358,64.38524377,64.86196516,64.88570856,65.86368903,66.69863367,66.8602547,67.00800141,67.80007402,72.28459916,86.44215799,86.57280902,87.13531063,87.24301352,87.94422921,88.42843375,88.66487837,90.53567868,94.28609067,95.70674729,96.3355176,98.72189677,103.16003497,103.83952474,104.06964423,104.75360102,105.36100232,106.72906747,107.89209527,107.89985559,107.99890924,108.21205099]","[7,7,1,0,7,6,2,2,3,2,3,2,3,2,5,0,5,1,0,1,1,1,0,1,2,0,0,7,0,1,1,4,0,5,1,7,0,1,0,3,5,1,0,0,1,1,5,0,4,6,1,7,6,0,2,5,3,6,5,7,0,7,0,1,7,2,7,0,1,1,0]"
"[4.79580664,7.69608218,9.02462346,9.8753027,17.45505762,17.92613777,18.89216003,20.03287733,20.16885205,20.23785726,20.46118039,20.47163961,20.67603631,20.88644238,21.1451769,21.4443479,22.51814779,24.22064737,27.99442052,28.18048299,28.57734414,30.12205432,31.12562552,31.83784377,32.0388621,32.96620439,33.59520767,34.49634915,34.7782067,36.88255168,37.00682002,37.1738213,37.43372945,38.0994979,38.24344229,38.25150952,38.96195088,39.40161112,39.55679831,39.77787166,39.81165712,40.07339716,40.7821188,40.88510802,41.29319026,43.11594872,43.28425686,45.73745333,45.84879063,49.82476447,52.2986058,54.60322647,55.00092505,55.21348441,55.22549688,58.3015928,58.48123511,58.77426299]","[7,5,4,7,0,2,1,0,1,2,0,3,1,3,0,1,2,1,5,4,3,0,1,1,0,2,0,3,3,0,1,3,2,0,1,2,2,6,1,3,3,3,1,2,1,2,3,1,4,0,5,1,2,3,4,1,3,3]"
"[2.426793,8.03640461,8.51668225,8.60307386,8.9110085,9.74106659,9.87307858,11.4379404,16.60144542,18.14144555,18.77447223,21.9962498,22.02945363,25.6432656,31.2157163,32.22920092,32.72480838,32.7706064,33.05011212,33.09287759,33.24375441,33.36771257,33.67142422,34.02766763,34.13613884,34.4419918,36.3355347,38.40510074,38.95154331,38.97899882,39.07991725,40.42890194,42.10834711,45.92209786,49.40012009,51.90681167,53.0479949,53.10776225,53.48582176,53.49566398,55.39958202,55.62949721,64.83859646,65.21244722,71.42155495,72.19101499,74.05246117,74.46341255,74.75960086,75.66080735,76.39879606,77.85363788,78.32136087,80.00216985,80.21333618,81.26990949,85.80701808,86.13847791,88.59984602,89.02331503,90.70602218,92.56897782,94.0659568,94.45401973,95.11166031,95.32245543,95.36756947,96.50992928,97.0848514,97.31714915,100.98060288,101.25134703,102.42312673,104.67107822]","[6,5,3,4,4,5,3,6,3,4,4,5,4,7,3,7,2,5,3,3,3,2,2,2,6,4,3,7,2,3,2,3,3,2,2,6,3,6,4,3,3,4,3,7,1,0,1,0,0,1,5,1,0,2,3,1,5,0,0,1,5,0,1,3,4,2,3,0,1,1,7,1,0,7]"
"[0.26057369,3.98534983,6.69555519,7.03062002,7.69083892,8.48521403,8.58439926,9.36803213,9.69751719,9.86751142,11.65459506,13.15965404,13.49815967,13.67067361,13.72921238,13.94513786,14.81159351,17.58054195,17.5984988,18.28956491,18.41424326,18.62060108,19.2194316,20.01637728,20.16691903,21.58577465,22.30039895,22.92160803,23.2865441,23.86465089,27.51374806,28.75721618,29.3431164,29.74409705,32.43044514,32.8689062,37.00554293,39.46253505,48.53884997,50.88076337,50.97141979,51.78207132,51.97251234,52.05838199,52.85533561,53.09692011,53.34955569,53.81428737,55.59364754,57.51037115,59.21170478,64.08394331,64.38773208,65.5062026,67.47832756,69.53444871,71.91047454,74.40044723,74.64748661,76.53230568,77.29034134,77.7965283,77.83237134,78.09998038]","[7,2,5,5,6,4,1,2,3,6,3,3,2,2,3,4,2,3,2,3,0,3,1,0,1,0,1,4,3,3,0,1,0,1,1,0,1,2,7,2,3,3,2,3,3,3,2,7,2,3,5,4,3,5,0,7,0,3,6,0,1,1,0,0]"
"[0.24753508,1.01055849,1.42140089,1.53910972,1.702818,3.06433926,4.04059171,4.48872632,4.60496232,5.26003615,5.28870517,5.37912811,5.5792443,5.65248808,6.77610313,14.74119112,15.16622342,18.07767554,19.04673155,19.34951077,21.33467445,22.58560874,22.59732106,34.8229565,37.83750935,38.44347305,39.99712115,40.17429469,42.3740933,44.44164411,50.23964798,52.07136618,54.55651999,56.48357385,56.90697993,58.0998867,60.81703532,60.96503004,61.04297181,62.47830438,63.55568965,64.07876374,64.67671956,64.75188924,65.19801694,67.32856301,70.78575538,75.76023099,76.67702412,81.01135509,83.02026981]","[0,6,1,2,7,0,1,0,0,1,5,1,1,0,0,3,6,2,3,3,2,3,3,1,1,1,0,1,0,7,0,7,7,7,6,3,1,0,1,5,1,6,6,0,6,7,2,5,0,1,0]"
"[3.55501264,11.98999435,12.09574255,14.8838266,15.14710901,15.43040001,15.5336869,15.96534967,16.98485836,17.74146868,18.87471575,20.28696417,21.36479926,22.84661969,25.95010843,26.84943475,28.70443707,28.82550105,28.90900592,29.45729443,29.8714689,29.88991034,30.37175224,30.74971097,34.24378583,34.73056434,37.19878141,39.63831975,44.67758866,52.56544117,52.91350771,53.06344558,53.09681845,54.27876201,55.25694293,55.47202981,55.67463946,58.58800326,58.84714746,61.32665453,61.63273462,62.03108996,64.50428583,65.85620474,66.1652626,67.61088186,70.53240641,75.42478175,77.39326664,79.08017827,79.80029272,80.47561045,81.19282384,81.51148167,82.35249268,83.99744385,85.87949188,86.05296064,86.05878789,87.04497139,87.46060289,87.76160868,88.47657838,97.76241979,104.39053048,109.44028357,112.3855479,112.40981983,115.53399787]","[5,2,3,1,0,5,0,7,1,0,4,4,6,1,6,2,0,1,0,1,1,0,2,0,2,3,7,3,5,2,3,1,2,3,2,3,2,5,5,3,2,2,2,3,3,1,0,1,2,3,2,3,4,1,6,3,0,1,1,0,1,1,1,4,0,4,0,1,5]"
"[1.17623322,1.39456504,10.31171433,12.51471942,12.70569636,15.60333302,18.17364286,18.45695073,18.77549036,19.09264888,19.41096949,19.47321685,20.25164693,22.0366912,23.15485994,23.51011697,23.83301812,24.60819559,25.69399755,26.23446776,34.96282661,35.80776274,36.32535815,37.21604503,37.6814783,43.00790558,43.30027967,43.66845961,44.48604844,44.96128076,46.4797338,52.60076799,53.78432079,54.16281721,57.56915813,58.06035039,58.52491854,59.59926431,60.63539629,62.28705626,64.06652047,65.69457176,65.79090237,66.68868008,66.82555583,67.38717698,67.96900729,69.24982572,72.77486569,73.15187775,74.53309308,77.81283187,78.41662895,78.48050197,78.52746015,78.60068563,78.98678498,79.06782337]","[4,1,2,1,1,1,1,6,0,0,0,1,2,1,6,0,0,7,5,1,5,2,2,3,4,0,1,7,0,1,4,6,1,0,1,7,5,4,5,0,2,3,0,2,4,2,3,1,7,1,5,0,1,4,7,1,0,1]"
"[0.80876261,0.9444388,1.05726463,13.13002272,16.76247355,18.59726661,22.82057739,23.12029746,23.32308789,25.07343779,27.61421917,29.86669725,33.49073697,33.64661742,34.689611,35.36553709,35.37929894,35.43353928,35.48568541,36.11595229,38.64631021,39.07090267,39.08582445,39.65770359,39.67006923,40.66216362,41.60364064,41.67659394,43.38591234,43.81932903,45.32488413,45.66951573,46.21826563,47.38356079,48.55990061,48.75093177,51.78025802,52.05784972,52.56803249,54.22922058,54.32416405,60.8943897,61.19372776,62.55960936,64.05410071,64.79764372,64.99206422,66.77168516,69.67133259,71.12702146,72.68631066,75.86304011,78.48683321,78.53021788,78.78845019,78.79730083,79.58574439,80.69015139,81.51031003,82.00863816,83.48149324]","[6,2,6,5,7,0,1,0,1,1,7,4,4,1,0,1,1,0,0,2,1,1,0,0,7,1,1,5,3,0,3,1,0,2,1,0,3,3,0,2,7,7,5,2,4,7,3,4,5,5,1,0,7,1,1,2,0,0,2,7,3]"
"[1.3044494,2.61628513,3.36873894,7.63020886,11.94127342,12.07232285,14.99909541,18.33361366,20.44443939,20.99764424,21.02681902,21.71534876,25.77556056,32.9485604,51.24307183,51.31968367,51.52353492,53.99884049,54.57699611,58.59196879,58.81933854,59.06089572,59.49143595,60.23395856,61.05874607,61.29735713,61.79152641,62.01518777,63.54316222,65.55136677,66.90684136,67.32775746,68.29186199,68.36455753,68.41133188,69.09388466,70.63493696,72.96589447,72.99214938,74.19812703,74.35558411,77.15576763,79.49756164,80.42254292,80.5150545,80.65046949,80.94947339,81.97445853,82.32624785,82.44186766,82.81270982,83.04047633,83.51274442,83.76496109,83.78709103,83.96774934,84.17338106,84.35657601,86.13027288,86.2349438,87.64253609,90.63242304,91.61636014,102.9863684,110.56464812,110.70179561,110.95756827,111.1115,111.98055863,112.59096231,112.64919385,113.12324842,114.10039767,114.9649223,115.53469901]","[7,6,6,5,5,3,6,5,7,2,3,3,4,7,3,6,3,5,3,2,2,4,4,3,3,2,3,2,2,3,3,2,3,4,2,3,2,0,0,5,0,2,3,1,0,2,0,1,2,3,3,1,0,0,1,0,7,3,0,1,1,3,2,4,3,2,2,5,0,2,3,1,3,1,0]"
"[3.15717644,3.45842977,6.75873885,7.59460318,12.04409331,12.29605577,14.64248007,14.93318425,15.11322179,15.31175589,15.36193074,15.71780521,15.76106021,16.34057665,16.74366427,17.67859985,18.01934829,18.03214014,19.14196842,19.73703092,23.75057561,25.1771942,25.65467597,26.22698322,27.37987672,29.87716585,33.00566187,33.16159493,33.59995511,33.63166097,34.48955266,35.31161692,35.55915566,35.62264175,35.79787434,36.75943156,37.19472938,37.40082783,38.59589728,38.93964296,38.98092455,39.26508479,39.2995351,39.36314871,39.52129052,40.13300662,40.56162285,41.36950525,41.40202638,41.63684535,42.15011512,42.19405703,42.53947824,42.61341524,42.8408587,42.98178041,43.2565729,45.60019392,45.9643066,46.94969646,47.78735358,49.80000557,50.19898353,50.24833042,50.54380714,52.23713542,53.62841348,53.78089756,53.88306118,54.76536711,54.94731548,55.5143781]","[2,3,7,2,7,1,0,7,1,0,0,0,1,1,1,1,1,0,1,1,1,1,3,1,0,5,0,0,1,1,1,4,0,0,1,0,1,0,0,1,5,0,0,1,0,7,1,1,0,1,0,0,1,0,0,1,1,2,0,0,1,1,0,0,1,1,0,7,1,0,1,4]"
"[0.07805833,0.48072738,1.08757173,1.35047079,2.39054097,5.31273269,6.07015365,7.85263843,18.55854029,18.80164843,19.81064678,20.19376777,20.62306351,26.12269886,26.20807391,27.07530738,29.45225784,29.91948095,31.51681108,31.68518507,31.70118307,33.89900696,34.23004871,34.74539537,34.87803536,35.35052871,35.52765664,35.60460742,35.6275123,35.67040343,35.98565144,36.00260898,36.01141598,36.18373856,36.23770146,36.55400229,37.16315261,38.27344008,38.56919438,38.76276977,39.07123135,39.36371273,39.6403995,39.97553739,40.2297157,40.26406762,40.37808265,40.57633934,41.61959717,41.91669267,42.0406401,42.18663823,42.85080046,42.9867531,43.60323872,43.762824,43.86097196,43.92354938,44.49435369,47.26650208,47.2856969,47.46612201,47.65481722,48.61965809,48.88412102,48.95633546,49.57491807,50.62263155,50.90546165,52.04370835,52.18419194,53.40558897,53.42026446,53.88267756]","[3,1,2,6,7,7,4,3,6,4,6,6,6,7,3,5,2,2,7,3,2,1,1,0,0,3,2,0,2,0,3,2,3,1,1,3,3,3,0,1,1,1,0,2,1,3,2,5,0,0,1,0,1,4,7,0,1,0,2,1,1,0,0,1,0,0,1,7,1,0,4,0,1,0]"
"[1.32057842,3.78639701,3.83295603,5.38767373,6.1369198,6.66079387,7.46725295,7.59676176,8.48040573,9.53771608,9.67861138,9.89345837,10.06008534,10.71385771,11.68140662,12.01423018,13.63023966,14.09137084,14.24657748,14.71202663,15.27646327,15.95880828,16.47631595,16.67028991,16.82786544,16.86339349,16.91585317,16.96327838,17.64367357,17.82454694,19.12316318,19.62169068,19.74577623,19.80181894,19.92015464,20.32323318,20.44862871,21.05681086,21.26603921,21.31660426,22.95164722,23.33667271,23.74830155,24.31363147,24.40743255,24.53653198,24.88166698,25.00140882,25.59185245,28.24768308,28.67639903,28.82726987,29.15534811,29.65959225,29.77030011,30.33287561,30.58236891,30.58514909,31.11795732,32.63312633,33.97807598,34.0527933,34.87341205,35.13652479,35.23089989,35.52893782,35.83438666,35.96469996,36.9449276,37.00015496,37.14241274,37.1894798,37.42181683,37.44656754]","[5,2,3,4,5,1,0,5,2,1,0,0,1,7,0,5,2,1,3,2,3,2,1,0,1,0,1,1,1,0,0,1,3,1,0,1,6,0,1,0,1,1,0,2,0,1,1,0,0,0,1,0,1,1,0,5,1,1,1,0,0,1,1,1,0,0,1,1,0,1,0,1,7,0]"
"[1.65335846,4.07137269,7.72611146,9.04838749,9.17228515,9.27657949,10.7547981,11.6828745,12.56573126,14.5227183,21.52536056,23.73817147,24.22499515,27.79405793,36.44913866,37.53262394,37.86986465,38.08967311,38.97967975,39.06081253,41.71818557,42.11452408,43.5665818,43.58287903,44.38325835,44.58503749,44.58932498,45.69530793,45.84303349,45.99846822,48.39165643,49.17679917,50.89322993,51.48332384,52.95102153,54.84126829,55.53029497,56.11427527,57.88531673,58.39213379,58.42783649,58.77748971,59.4994939,59.55516657,59.72432515,60.25751998,63.65715415,63.92883748,64.23557901,64.24505222,64.28103515,64.6032025,65.18939454,72.56283165,75.02324247,85.00348067,85.60853899,86.77037244,88.39251207,88.62296888,90.3088649,90.8905768,91.42080532,91.54445628,91.77711087,92.84629112,93.88924395,94.12528089,94.25499072,94.37288785,95.41661521,95.62554734,97.35939711,97.67443658,98.74314135,99.3753821]","[1,2,3,0,3,6,7,5,3,2,6,5,3,3,5,5,0,0,1,0,1,0,5,0,0,4,1,0,1,1,1,2,3,0,2,2,3,3,2,3,2,3,2,3,3,2,3,4,2,3,3,3,4,7,7,2,3,7,1,0,1,0,0,0,1,0,1,0,5,1,0,6,1,0,5,1]"
"[2.73125797,4.40334611,6.10799392,7.51571684,16.12603919,18.28504631,20.41047555,20.69484743,23.96845703,24.26457818,24.58670987,25.26093773,25.31982968,25.42329995,25.4868254,25.80376639,26.61278697,26.72935036,27.34611144,27.6081019,36.45833192,44.16622511,44.41124342,49.37961062,49.64269602,51.7070272,51.97425167,56.22191065,57.87605937,58.96271004,59.56702332,60.29564094,62.2970511,62.33671678,63.50079487,63.51304191,65.72165168,65.80508356,69.9167071,71.04012573,71.8451492,73.34750162,73.99007438,74.51577604,75.10475709,76.03206195,76.04978017,76.62549615,78.42710061,79.10609349,79.28188976,79.48835502,79.69308329,80.19654743,80.25866422,80.34538939,80.37257587,80.59409211,80.96796986,81.13972635,81.15835554]","[3,7,6,4,7,1,0,3,0,1,2,1,2,3,3,1,3,4,0,0,5,2,7,7,2,5,6,0,4,4,7,1,4,0,3,2,1,3,0,4,5,1,0,1,1,0,1,2,3,5,2,0,1,7,1,0,0,1,0,1,1]"
"[0.26982489,1.07220217,11.72220854,11.80485142,11.93348116,12.8126964,15.88644525,17.49595813,17.83229814,17.91751233,17.93395577,18.39891149,18.90316609,19.02099606,19.28176822,19.3078595,19.62710938,19.99934095,20.53798205,21.32201828,22.02062406,22.04503348,22.11388752,22.7743906,23.72205975,24.06314399,24.27598473,24.30143672,24.9036524,25.84340701,26.01686776,27.84002755,28.21546661,28.95362672,32.12340184,33.34332205,33.63264081,33.97623118,34.30001007,34.72522598,37.68981498,37.74398221,39.61285806,39.70593812,39.82229801,39.93772456,40.53259061,42.68070751,45.65689639,49.00741612,49.71819148,49.96757731,53.79179747,53.80633582,55.14405812,55.16198609]","[6,5,2,0,3,5,2,1,0,1,3,2,0,1,3,4,0,5,7,1,2,1,0,7,0,0,2,3,2,1,1,0,3,1,0,1,0,1,1,1,0,0,0,0,1,1,0,1,0,4,5,7,0,5,1,0]"
"[1.69057484,3.03694827,4.35999424,6.07159852,7.02777326,8.07954704,8.81772099,9.31869891,9.96726735,15.51380555,16.2233797,17.62341572,21.83267155,22.60560721,22.69616068,24.6104853,25.36586613,25.59760795,26.38516888,26.66853885,29.16513817,29.45616757,29.49632866,29.91652574,30.1155007,31.10803908,32.11854117,32.70998546,33.16936535,33.55301885,45.0647395,47.73263358,47.82598504,50.83736299,55.69209645,55.7697846,56.10799696,59.02795028,59.42144725,59.71733458,59.87622028,60.19428613,61.9949586,63.46351607,67.81482737,69.7688548,71.09389082,74.46090182,76.77998165,82.34975956,86.15471611,86.49190757,89.53476872,91.15994102,95.98393436,97.90084094,97.94900204,99.97607808,100.49073001,103.5863039,103.93369843,104.52651017,104.63230621,105.33888705,105.37509843,105.41502415,105.77380498,106.51247127,106.81588833,106.87550446,107.42096572,109.37354689,110.20148452,110.39111155,110.97785502,111.32284067,111.78500324]","[7,4,7,0,6,1,0,1,7,1,0,2,0,4,1,0,0,1,0,1,1,0,1,1,0,2,0,5,0,1,5,7,5,7,0,1,5,0,0,1,1,0,1,1,3,0,6,5,5,2,7,5,7,2,5,1,6,5,2,2,3,2,2,3,3,3,1,0,7,5,1,0,0,0,0,1,1]"
"[4.88747659,5.0970638,7.04591504,8.08644912,8.3497999,8.41242919,8.56844306,8.64633703,9.91924401,12.31223577,13.0430418,13.15676615,13.28608747,15.81529172,16.76107996,20.92477161,21.22678174,23.32070303,23.43252446,24.17356883,26.66284551,29.90726054,30.13868811,30.86015817,31.75944604,32.69973884,33.62754262,33.77299976,34.24564918,34.8639511,35.23810551,35.35614379,40.44759708,42.6566416,46.57019041,47.2329547,47.69105801,48.2083442,49.30819024,50.21052335,52.34327395,54.10709384,55.33576634,58.22984228,58.29670404,59.03374323,69.45063342,70.04717741,71.50751055,73.98115499,74.00180294,75.05086543,76.43910975,77.09169219,78.74370432,79.31347,81.0166412,86.8240807,92.25608599]","[2,3,3,3,3,2,2,3,5,7,2,3,2,3,3,5,7,7,3,2,1,1,0,0,7,1,7,1,2,0,3,5,5,5,0,1,0,1,1,0,1,2,3,2,7,7,1,0,6,6,3,1,0,1,5,0,6,1,4]"
"[0.75775741,2.41752088,5.20510698,6.72770772,6.75997891,8.01845258,10.40101265,10.73383934,13.40520639,19.6574086,21.49029007,22.73879635,25.36288887,25.4740562,26.34541032,26.62216254,26.63778689,27.71275936,28.20635096,30.88442468,32.41335022,32.75343568,32.85404551,33.10987713,33.54381532,33.69593784,34.03771795,34.12011439,34.68200022,35.16855366,36.41034177,37.50482634,37.88082183,38.18229532,38.45746082,38.99181495,39.19848024,40.62090851,41.23544878,41.48758587,42.00305828,42.05451886,42.26282141,42.33181054,42.35760492,42.50859772,42.63119639,42.76330099,43.10998116,44.29913676,44.68947027,44.77122387,44.99527677,45.86298755,46.14080759,46.24030935,48.35548412,48.42332395,48.50332298,48.89848847,49.16871178,49.61000918,50.26184119,50.49879427,50.99343076,51.12449618,51.22984868,51.3878151]","[5,3,0,1,3,1,5,3,1,5,0,7,1,5,0,3,1,3,2,0,1,1,7,0,0,0,0,1,1,1,1,0,0,1,1,1,0,1,2,5,1,1,3,7,0,0,1,0,3,3,0,1,0,1,0,4,0,2,1,1,2,1,0,1,3,0,2,1]"
"[8.69498005,11.97252905,12.84471819,13.77491423,14.92282208,17.4757726,18.7504118,18.75310255,19.54696933,19.60274482,19.98612958,21.14463552,21.33636921,21.47596759,22.91424559,24.33411513,27.69189342,29.83614024,34.43947483,39.53193344,40.55618949,40.5816565,41.46528024,42.61657773,45.57335002,46.1889009,47.04203844,47.1462043,48.7226362,49.63420009,50.35430723,50.67037169,51.90763823,52.06163634,52.98885159,53.00363884,53.19585447,61.10647153,67.86097145,71.30992428,75.59359787,76.55873761,76.81006041,81.69450101,82.07947076,85.04464925,92.37675592,96.77061262,98.41431684,99.38065253,101.12411149]","[0,1,0,1,1,2,7,1,0,1,0,0,1,1,0,1,0,1,6,1,7,6,3,2,1,5,0,1,0,1,0,3,0,0,0,1,0,7,4,2,2,6,6,6,3,2,1,4,7,4,7]"
"[0.13325387,7.96026027,8.13878005,8.5364382,8.75907241,10.57884303,11.52148948,11.72818836,12.77131513,13.03182957,14.27594413,15.24701218,15.45856122,16.37140568,18.11521896,18.98624817,20.48921404,22.54127668,23.44642851,23.72539129,24.13296951,24.36890201,24.39364073,25.1268724,25.36292914,27.81925891,28.74598394,29.1877704,29.24203435,29.25705068,30.05820685,30.31367052,30.57850647,31.30171333,32.36348884,32.44596543,34.27066951,35.06853289,35.10691068,35.36854935,35.4037681,37.34254277,38.25466174,38.70222598,39.69637998,41.51554229,42.36606118,43.00478117,43.33068419,44.13553127,44.40276964,50.03950796,51.04739542,55.20413232,55.47470856,58.09965339,66.88503662,68.17458797]","[4,3,6,2,3,3,3,0,6,4,7,0,3,1,6,1,0,4,0,1,0,1,0,1,0,1,0,1,0,1,0,0,1,1,0,2,3,0,1,1,1,1,0,1,0,0,1,1,0,2,1,0,1,7,0,1,1,0]"
"[1.60664833,2.26848444,2.28433294,4.7852789,7.11572896,8.40383329,9.69024945,11.86174676,12.30135161,12.88222976,15.58252341,16.56615711,17.98734766,18.13534288,19.62256515,23.86284623,27.95324669,30.96269738,31.66093974,40.36229823,44.9538595,49.59807217,52.56317409,60.02265753,60.66273257,60.90801562,64.09995532,64.81070288,64.94707249,65.4987367,67.95158999,68.27666325,81.49015861,82.51307373,82.95141655,83.08978474,83.1849942,84.57821829,86.03151047,86.90569926,92.37840638,92.69163898,93.07462155,93.7656452,94.17487188,94.68940127,95.90108216,96.11956578,100.14378538,103.74329156,106.27739855,108.27983953,110.0178599,113.70401134,116.65663614,117.02880703,126.88368593,130.22377603,130.26371259]","[0,7,3,7,7,2,3,3,2,7,3,5,4,2,4,4,1,2,6,2,4,2,3,1,0,1,0,0,1,1,1,0,0,1,0,1,1,0,0,1,7,2,7,0,1,0,3,0,0,6,5,5,0,2,7,3,5,1,0]"
"[1.44412708,2.74345601,3.90089256,4.16090124,5.319762,5.40431488,5.96717234,5.98025167,5.98544123,6.25314063,6.40224207,6.45654162,6.5799617,6.71366836,7.10903333,7.35644088,7.53418222,7.55801538,8.56801601,8.90219186,9.17159882,9.22522382,9.25127891,9.62727866,9.6441786,10.08844675,10.23408142,10.54378904,10.61312124,10.98997624,11.22941143,11.43263731,11.56382975,11.65980754,12.16867751,12.22686024,12.68248744,12.73636521,12.76148907,13.12019698,13.12462801,13.3093477,13.41722619,13.48600699,13.5933082,13.60359309,13.60516443,13.64101504,13.79735961,14.05716567,14.12771521,14.22840016,14.28109497,14.47170196,14.51466738,14.54791295,14.7255957,14.75740429,15.28921294,15.35862187,15.77287356,15.83585617,15.92013819,15.9809972]","[1,7,7,0,1,0,1,0,1,1,0,0,0,0,1,1,4,0,6,0,1,1,0,1,1,1,0,1,0,1,0,1,1,1,0,0,0,0,0,1,0,5,1,0,1,1,1,1,0,0,1,0,0,1,0,1,1,1,0,1,0,1,0,1]"
"[6.52586631,6.69802527,7.02716678,7.04884642,7.36869516,8.32010042,9.97942048,10.02546023,11.25451294,12.1696003,12.77957294,13.08311185,13.58856767,14.52437692,14.58579452,15.78064854,18.03435229,18.37530484,20.64720691,26.59570457,28.42538458,28.57901471,30.6647882,30.74115517,30.76667635,31.05338465,31.29184133,32.02381567,36.43626525,39.55153051,39.55734902,39.89962386,39.98834182,40.56993315,40.8400526,40.94992055,41.86579889,41.99991408,43.01725608,43.23963247,43.39915019,43.66959589,43.68916487,43.73630696,43.98108589,44.01245408,44.25095059,45.27466855,46.62625223,47.28138001,47.57832373,47.63147446,48.32247465,48.84483788,49.03565987,49.72564977,50.15129141,50.25070791,50.53773719,53.00919546,53.24492466,55.01284176,56.25609176]","[0,1,1,0,0,1,1,0,0,2,1,0,1,4,0,7,1,1,1,0,3,5,1,0,0,0,0,1,4,1,0,1,0,0,0,1,3,6,6,2,5,2,3,2,3,0,3,2,1,0,1,2,1,0,1,6,0,3,3,3,3,0,1]"
"[13.62353595,17.13594781,17.14211695,18.5577967,21.43778889,32.74431474,42.09553099,46.52505208,47.87164977,48.45410195,49.79391835,52.38144483,52.5384318,52.75185691,53.02245004,53.23950937,54.8527937,55.18148377,55.53376927,56.04623894,59.3035949,64.10172486,64.12417169,72.87606585,74.10837092,75.87545719,80.99439275,81.78973134,83.35921768,107.87645451,108.11112166,110.29824042,111.00265324,118.24495534,119.59913963,121.11309255,122.86291042,123.20182027,123.61253256,124.52335664,124.89902983,125.12057902,126.61520858,127.00153284,128.20130343,128.676816,129.16432418,129.26557164,129.30574788,129.4121654,129.60829333,131.25192048,131.40688205,132.28436328,132.4325608,132.7750893,133.44893808,133.68303424,134.54149372,134.97798308,135.68071,136.95678896,137.07043741,139.19883874,141.4295274,143.47965032,143.72955769,143.87132799,145.897262,146.53359355]","[6,3,1,5,4,5,7,7,0,1,1,0,1,0,0,0,2,3,3,0,3,0,1,2,3,7,5,5,0,7,0,5,3,6,6,7,6,2,3,3,2,3,0,3,2,3,0,1,1,5,7,2,3,1,0,2,0,1,3,4,3,1,0,2,5,5,4,0,4,7]"
"[5.03371095,5.36781767,9.15565179,9.46752733,9.57320584,10.65308194,11.12307214,12.97554737,13.96533324,14.20900496,15.74560528,16.23063004,16.49320736,17.07350964,17.84640771,17.85515611,18.32089312,18.46706448,18.47256619,19.04010472,19.17183578,19.2109878,21.16542503,24.81890794,25.01697648,25.14919298,25.99329807,26.30994576,29.09325364,31.16779709,31.46524331,33.25747214,33.97628786,40.6136992,43.45212567,45.26003421,46.68724246,49.02397258,58.20610211,58.42852466,58.46152087,60.47282008,61.49097371,63.77013322,64.26918929,64.55466251,65.28424621,67.59694491,69.44442115,70.33633179,72.82762893,73.57312959,74.63772066,74.82223883,75.59370022,76.72182833,77.13748542,77.73766239,78.29812552,78.47310566,80.83953441,84.8894911,86.2265643,86.84976567,87.7408075,87.94811563,88.34639493]","[6,5,0,1,0,1,0,1,0,0,1,1,0,1,0,1,0,1,4,0,1,0,1,0,1,0,1,1,0,1,1,6,1,7,7,1,1,6,6,2,3,2,1,0,1,0,5,6,7,5,4,3,2,1,0,5,3,2,0,5,2,1,3,2,3,3,2]"
"[3.23082884,6.34457814,13.02827642,16.03698792,16.54573665,17.35798022,18.47893423,19.3133417,19.76407446,21.31951884,21.58639048,23.48317262,24.40116228,25.24885606,26.61754584,26.90535731,28.88688746,29.46896375,29.61335892,30.84981883,31.09785764,31.62828742,31.91610526,32.35910508,32.44229382,32.74591986,33.42316609,33.69705191,34.39370273,34.68168642,35.2361456,35.65500567,36.03829891,36.31081881,36.72110007,36.79758972,36.94488941,36.98501288,37.22640662,37.24361069,37.42423771,37.54008514,37.58113168,37.68753576,37.84895064,37.87607483,38.19675825,38.32309771,38.37472147,38.39249853,38.58457945,38.68228153,38.74790825,38.77942686,38.86854577,38.88039531,39.01160928,39.045771,39.20726576,39.80837317,39.95134663]","[7,5,3,5,4,2,5,1,5,6,1,0,5,3,6,5,6,0,3,1,1,0,1,1,0,1,1,1,0,1,2,0,3,3,1,0,5,1,1,0,2,1,4,3,0,3,4,2,0,0,1,2,1,2,3,0,0,1,0,1,2]"
