event_times,event_types
"[0.01784672,2.37131558,2.87007686,6.73559269,7.18934939,7.92111072,11.92925397,15.20792277,15.26366432,18.25252547,19.43160798,21.90656312,22.26231787,23.75135252,24.84888436,24.9375781,28.12201178,28.60458455,33.85049155,35.08649095,35.86212725,36.8232875,38.08396353,41.01529869,41.67710287,42.22846734,43.01027225,43.81232023,43.89963471,44.1882893,47.39834195,50.22780558,55.9128881,56.03316179,57.77160977,59.14165065,59.59240239,61.57177764,63.68152925,63.97452825,67.74101135,79.8297352,80.1545955,80.18934464,80.32147752,80.48464026,80.59371062,81.42895349,81.77468619,81.78537053,82.21050482,83.96286083,88.46872785,92.56595196,93.39400274,94.14250151,97.6973548,99.55326124,103.52004536,104.78120731,105.59609457,106.94005305,112.82620857,116.27781836,116.58691709,118.86950362,119.00678194,120.96682519,122.32646191,131.08294156,134.24498135,134.30393116,134.71239894,135.04723677,135.75072986]","[5,6,2,6,5,3,1,0,2,4,1,6,7,0,7,2,1,5,1,1,0,1,4,0,1,0,1,1,2,3,1,4,0,0,5,0,4,5,5,3,1,3,4,3,2,2,3,5,2,3,5,2,2,0,1,7,2,2,7,1,0,1,6,7,6,6,5,0,4,6,2,5,0,6,1]"
"[2.77867216,3.74492153,4.10020977,5.01428209,5.19813213,5.76165633,6.0164712,6.47849578,10.27923283,11.50828673,11.94275011,13.38701548,14.20793484,17.12620127,17.52890691,21.42331695,21.68202553,22.03344362,23.10667932,24.34307385,24.59837584,24.64257498,24.94448259,26.61960299,42.55249147,48.65675925,50.33154819,50.51302625,52.92984382,53.41101086,54.20960138,56.13084944,62.16269488,62.26266031,62.47081739,62.95483317,63.06517602,63.43098093,63.91399121,64.07940063,64.32176217,64.43540892,64.50185651,64.81733076,64.83380644,65.22678638,65.6866773,66.1030611,66.12509969,66.31933068,67.21901583,68.30070059,69.09193749,69.21105268,69.70007949,70.04905541,70.09841436,70.59346537]","[2,3,1,1,3,0,1,0,0,1,1,0,4,4,6,1,5,0,2,1,6,1,6,0,2,2,3,3,3,2,3,7,1,5,0,0,1,0,0,1,1,0,1,0,1,1,0,1,0,1,0,0,1,1,0,0,1,0]"
"[1.32034242,5.68487874,5.74328038,8.4737145,8.84446794,8.87281474,9.15779199,15.49598829,15.56432663,18.75855777,19.34709792,20.73948123,22.79424984,23.48405067,26.19267848,26.2733802,27.5114001,29.43719731,29.86263971,30.23271399,36.58888542,48.99873409,49.26123311,49.43125294,49.56358856,49.75082789,49.8260507,52.76781421,53.11368518,53.40705428,54.07703292,55.57333661,56.47899004,58.16277547,60.89612487,62.19238721,62.51148631,67.50849029,75.66678103,76.29518022,77.07439444,78.84698505,80.82696245,81.13790118,82.97582079,89.20950131,92.26921375,96.53321116,97.30062454,98.0157186,98.22661972,99.54964495,104.92018977,106.47915336,110.70276687,111.50584668,111.60919702,113.14538464,113.95718359,115.84211753,116.13313914,116.74892431,118.74201143,119.42824091]","[2,1,0,7,1,0,5,4,0,5,3,4,7,7,6,6,7,7,5,2,4,5,1,0,0,0,1,0,0,4,5,1,1,1,0,5,3,7,7,3,3,0,0,5,5,1,7,2,3,3,2,3,1,5,4,2,3,2,7,2,3,5,1,2]"
"[0.87988235,9.59624339,10.94620764,13.07284697,14.41704476,14.60579567,16.46680396,16.98429754,17.15288669,17.37121566,20.72388153,21.86587069,21.97773684,22.34953622,24.83026241,25.74515273,26.0225204,26.07267651,26.19724497,26.47285224,27.2127766,28.00221829,28.46451073,28.81059884,29.33213139,31.47635207,33.86009609,34.76709882,34.76942453,35.04488923,35.12653583,35.24973896,35.43658198,35.52710095,35.64169221,36.19166962,36.39243491,36.97445312,38.83041467,39.08594817,39.32077851,39.60467578,39.71756387,40.09801197,40.82604902,41.91018972,42.0464315,43.25657393,43.53336694,44.17187413,44.57580692,46.6060947,47.086985,47.55624069]","[2,0,1,2,3,1,0,2,3,3,0,1,6,0,2,1,2,3,0,1,0,0,1,5,2,5,5,1,0,0,1,0,1,0,1,1,1,1,0,7,1,0,1,0,1,5,0,1,1,0,0,1,1,1]"
"[3.71586358,3.75670934,5.87707212,6.67733465,8.64743731,9.22230367,11.46822876,13.34660506,13.82153736,19.70793968,19.89443154,20.54738159,21.43817478,25.01283351,26.88135579,28.72500442,32.60827124,32.6565472,32.77198167,33.05133816,33.71128807,36.26051443,42.61793589,46.33594671,50.50350869,51.43896781,51.69798017,51.79794452,52.37530976,53.33642534,55.22775695,56.52188928,57.95475142,58.49408525,58.59028451,58.610118,58.85117738,60.51867381,61.55714823,61.57169673,61.65578671,64.17073813,64.76487238,65.69607096,65.87981863,66.12717086,66.50905421,66.52525137]","[2,3,2,2,2,5,3,1,4,4,2,3,5,5,7,2,1,0,5,0,1,7,5,7,3,6,2,4,6,0,6,0,7,1,1,0,1,5,0,1,0,5,0,1,0,0,1,0]"
"[1.66166133,3.6046042,8.51050065,16.52939407,16.55760074,18.65605901,19.80962636,22.37927013,24.81949016,26.05044913,26.61050139,28.459317,29.00135947,29.35376198,29.55462418,29.72345778,29.89968587,30.74595767,31.40946252,32.0801673,33.20290431,34.17277468,34.71440465,35.01925451,36.12740593,45.04790883,45.17567121,45.59571091,48.91152996,49.52239647,55.94971512,57.23542628,57.85195829,59.42225343,66.93236533,67.41010004,67.94542199,69.88493354,70.2936693,70.39120108,71.32468765,71.38164278,71.51779099,71.51969347,71.68711037,72.38413243,73.32438861,77.25973259,77.51928582,77.86883012,78.43414677,78.58352515,79.06345318,79.43905352,80.12871889,80.88569911,81.55840837,81.57147018,82.3164563,83.0662229,83.43486552,83.63146788,85.09289994,87.58287164,87.79724065,88.6080381,96.60934059,99.89265834,103.56260093]","[5,2,7,0,7,4,1,4,1,2,3,0,1,5,0,0,1,1,0,1,1,7,1,1,0,4,0,5,7,4,2,3,2,3,2,7,1,3,5,0,1,0,5,0,0,0,1,1,7,0,1,0,5,1,1,0,1,5,0,5,1,0,1,6,0,5,0,5,5]"
"[3.42446081,6.2504441,6.3264692,7.87348496,9.87738398,18.50474437,20.1236606,23.59799515,25.20340397,25.80303456,31.05579501,32.24468145,33.0895395,33.78335043,33.83286499,34.22515889,36.61817175,36.84525184,37.50301998,37.93195758,39.13279655,42.63691499,43.79168863,52.32401872,53.21254356,57.03770557,70.18486262,76.19506097,79.3442577,80.03784986,84.38267407,84.54437034,85.12886179,85.51070388,85.73209144,86.32828164,86.85181395,87.02948743,87.2474025,91.23353304,91.40089191,91.5558795,98.43000876,98.93741323,99.08509024,99.36593288,100.26259804,101.31722202,101.94508739,104.82644823,105.81561085,109.76735149,113.7922617,118.23034025,118.57556643,119.19283518,119.92014213,131.20802076,132.66837743,141.02482851,141.53431968,142.30596537,142.58186611,142.67414628,142.72726256,143.10301549,143.43498806,144.49314082,145.01000328,145.08103397,145.57756298,145.88057556,146.6110248,146.90738868,147.48849195,148.25815186,148.55907493,148.6830691,149.07350451,149.13604921]","[5,6,5,7,2,3,7,2,7,1,3,2,0,5,0,7,2,1,1,0,1,5,2,6,6,5,2,5,0,1,1,0,6,1,1,5,1,0,1,4,0,7,6,0,1,1,1,0,0,1,1,7,1,1,5,0,5,4,3,2,0,3,2,0,3,1,1,1,0,0,1,0,1,1,0,6,0,1,1,1]"
"[0.41765192,0.58187857,13.27775479,13.5569998,14.13726816,14.27781518,15.01396625,15.84255283,16.43507177,17.92753524,20.73149701,21.6489482,21.86658142,22.61824927,26.29236733,27.06972087,27.72153911,28.26003577,28.49055412,28.63145827,29.1783622,29.45790737,29.71139777,30.36877722,31.16726401,31.46075405,32.45684008,32.68987471,32.97664161,33.0076762,33.64398026,36.67224719,36.73045293,36.95551654,37.19162532,42.3604149,43.82463252,44.15927668,44.87137555,52.56287016,56.61144495,57.51073962,58.44350563,58.7257289,59.64079044,59.7592849,60.26920509,61.70691517,65.87816793,67.96577353,68.36375663,70.00613125,70.7091021,71.2584326,71.87225488,72.03302709,77.13295913,79.14862739,79.95938541,81.90689715,82.88935208,83.54106755,88.68751238,89.01287886,89.05945675,90.96602489,91.03466209,91.35286714,93.37306247,100.7303947,103.90608631,103.95525513,103.99571644,104.37433504,104.57135748,104.79437339]","[3,3,7,1,0,0,0,1,1,0,3,4,5,0,1,1,2,3,0,1,1,0,0,0,0,1,0,3,4,3,0,2,5,3,4,0,1,5,0,1,0,1,1,0,1,1,0,7,5,6,7,6,5,6,6,2,2,3,2,3,3,3,4,2,3,0,1,4,5,1,1,0,1,0,6,1]"
"[0.31253187,0.83358866,1.09985365,1.21173929,3.7522635,4.98691028,7.59681714,7.76271013,7.8346768,7.90955009,9.18187614,9.61653721,9.9839199,10.16933819,13.75973238,13.7894684,14.36740155,17.69067026,21.07739854,21.482506,21.49249789,22.58232892,22.7585952,24.10669888,24.32823737,24.49422913,24.98600869,27.86417991,28.81571519,29.38460595,29.44516442,30.88458453,31.58213165,38.85584546,43.29044579,43.29743047,54.13699647,62.15983633,62.23744545,63.16476084,66.40727853,66.61186563,68.06990776,68.15419794,70.47331491,72.68077487,73.10301702,74.80275798]","[2,3,3,3,6,0,2,3,2,2,3,3,2,5,3,2,4,3,1,6,4,3,0,6,3,2,3,3,4,2,4,2,1,7,3,2,7,1,4,0,0,0,1,1,1,6,0,6]"
"[8.09438842,9.41312095,10.38728377,10.58672974,10.81019573,11.20579792,13.52761387,14.78374499,15.42305647,16.17511718,16.39696151,18.59805877,18.76725716,18.90049125,19.45699929,20.90022772,25.01271587,26.42734301,29.75827509,30.50486513,32.14157306,34.19788748,36.79221865,37.36400882,38.88000067,41.85871393,42.67227638,44.16824,45.46804528,46.72728325,49.51187258,49.59785522,50.00928892,50.11592578,50.6915112,51.03148025,51.26114084,51.89184217,52.99973044,53.00677209,58.18119883,58.67963384,67.92221393,71.95805865,72.09352841,75.99480192,76.1088325,76.21397306,77.02393641,77.34881006,77.50291664,78.23477267,79.23894025,79.80306693,79.82847804,80.04193336,81.53173803,83.81089456,84.32698214,84.41715695,84.51087998,85.03775876,85.528285,85.79285721,85.98228632,86.11117546,86.69709502,86.70605329,87.4163572,87.42723127,87.51003089,88.69226131,89.63983165,89.77273192,89.8280516,90.347197,90.38055274,90.80647578]","[1,0,3,0,1,0,2,7,3,2,3,3,2,4,3,5,4,4,1,5,3,7,7,2,3,4,1,0,3,6,2,3,3,2,3,2,3,4,3,4,3,1,0,1,3,0,7,5,0,1,0,0,2,3,3,6,0,1,0,1,0,4,1,0,7,1,0,1,0,1,0,0,5,0,1,1,0,0]"
"[3.48544798,4.21718908,4.27778551,4.70284571,7.20282667,12.03100306,12.3257212,17.76136497,23.32429191,25.58101216,28.9742602,30.43635066,31.10371892,32.93029796,34.17780686,34.46759017,37.18905982,38.21278253,40.08645258,45.70978528,46.87754409,49.13855955,49.45951743,50.55364142,50.64451395,51.9906099,53.98942868,54.69321774,55.58330631,56.96094113,61.08765431,61.29141086,61.53364694,61.73500684,63.85205907,64.17497446,64.25191459,66.54686512,73.21397499,79.71129537,80.17921128,80.33108836,81.33359384,82.77440635,83.06592309,83.4092883,83.64605375,84.63470735,85.29941443,85.89883667,86.1926848,86.71191843,87.81705787,90.02042257,90.47071803,93.54289682]","[3,2,3,3,5,2,5,1,0,4,5,0,7,5,3,4,1,7,1,4,3,0,1,1,1,1,0,0,1,7,4,5,5,2,3,3,1,4,2,2,2,3,3,4,3,2,3,2,6,2,4,3,5,5,3,4]"
"[2.79140481,4.38736135,4.42606177,7.48015801,7.95261498,10.85321028,12.23282458,13.20925801,13.47379961,13.69613841,14.02050452,14.54937568,14.7418794,16.87407176,16.87414759,16.94218006,17.76155824,18.08160242,18.09717921,18.18143296,18.31432847,18.75026244,19.02499112,19.30558984,19.52756915,19.99778075,20.38582385,20.40065175,20.42047588,21.01930155,21.60306745,21.81169882,21.94943605,23.01476417,25.08257052,25.26649014,26.58228667,28.54041261,33.95701028,37.98705883,38.10271045,38.24482653,40.06104858,40.66307354,40.66824915,45.06698079,46.44561498,49.69381932,54.00490231,58.13750027,59.11467965,60.73120894,61.02365966,66.3325854,68.30117134,68.85930704,68.90940997,69.34950911,71.00982187,71.14064214,71.58372634,71.80572806,71.83085265,72.01438229,72.26870185,73.42585561,73.46072238,73.52773097,74.84660916,75.06849359,75.08358877,75.8539866,78.71795102,79.22945951,81.55901415]","[5,1,1,0,3,4,3,2,0,1,1,0,5,1,6,1,0,0,0,1,1,1,0,1,1,1,2,1,2,4,1,1,0,3,2,3,4,1,0,2,3,6,2,3,2,3,5,5,2,1,6,5,7,3,7,1,0,1,1,0,1,1,0,0,5,1,1,0,0,1,3,2,3,1,2]"
"[3.72476594,4.0403664,6.65594016,7.91961545,11.05604357,11.46778371,13.75755654,14.76218288,16.32254658,16.65263671,18.2023664,18.27633763,18.71211263,18.76208035,18.80136416,18.81652901,18.99952399,19.41700279,19.42191207,19.7728889,21.10941258,21.79806006,23.10460279,23.70092186,26.1298814,26.76534421,27.34496278,27.59021117,27.71983924,27.80435069,28.15794413,28.31628591,28.38709503,28.4850564,28.56703645,28.57861046,28.70404276,28.76799117,28.78498202,28.94786828,28.99904913,29.38349933,29.4749848,29.71106308,29.76240401,30.34411474,30.48108047,30.65013151,30.68501911,31.17646266,31.22417118,31.3292363,31.37162447,31.64667127,31.86389129,31.91519101,32.00944475,32.22258752,32.87384908,33.56108975,33.83554297,34.96246607,36.11164001,36.5591945,36.87202149,36.96882541,37.97650275,38.03925941,38.23550306,39.01630376,39.33655775,40.02592322,40.47074411,41.80994628,43.64067122,44.50342457,46.94778951,48.45969346,48.80512695]","[5,7,1,4,0,1,2,0,1,0,1,0,6,0,1,1,0,1,0,0,6,1,0,1,0,1,5,1,1,0,1,0,1,1,1,1,0,0,0,1,1,1,1,1,5,0,0,1,0,0,1,1,0,0,0,0,1,0,1,5,1,0,0,1,1,2,2,3,3,3,6,2,3,4,3,0,1,1,3]"
"[3.47729633,7.05534186,9.22292382,10.88702512,10.95439826,11.34871484,11.94392288,12.60603495,13.30397281,14.12772045,18.04076228,19.44667268,20.91230853,23.70454719,25.38118404,27.44235113,29.66661559,30.06943736,31.41196352,32.21811645,33.1925715,35.79695108,36.07587222,39.43527557,43.68652593,44.37829176,45.66599188,46.35600114,49.48458843,50.55376005,50.69357453,52.09485319,52.34380439,53.60766506,53.81657851,54.0565428,54.45760052,55.30414226,56.12530769,56.1473162,56.17224013,58.0256047,58.29331576,58.86989136,59.16209691,64.83971126,70.91542184,71.84643528,71.98964792,72.122083,72.24204245,73.13805434,76.05443093,77.95570426,80.50361629,80.85633059,81.96796732,83.13767566,83.65724449,84.42558707,84.88657466,85.54973312,86.14496457,86.50543397,90.06686411,92.13703127,95.70905352,101.45643859,102.11644758,102.45850202,102.48105557,103.20375254,104.06347915,104.83920608,105.60319627,108.46061582,124.22616105,134.42745226,138.61147553]","[7,7,5,2,3,3,2,3,4,3,4,4,0,1,4,7,1,1,0,1,1,0,7,1,1,2,0,0,5,7,0,2,3,2,5,3,3,3,4,1,1,2,3,2,1,5,2,5,3,0,2,4,5,4,6,4,5,2,3,2,2,2,3,5,0,4,2,0,0,5,1,2,1,6,0,2,1,7,3]"
"[4.12418377,13.65454998,14.78169684,16.79229635,18.47617713,18.69501688,19.39211736,19.64701692,19.69949768,20.14907142,22.51535254,26.17848846,26.22888607,26.93282022,29.13475736,30.0505183,39.79382131,40.72671774,41.25535499,41.29287405,47.73922482,50.14071046,53.43417162,54.05481119,54.69410026,62.11484582,64.19843281,64.57039821,64.71005886,64.95869063,65.84293281,66.64733369,67.6869706,68.01148413,69.02240427,70.7027852,70.96080158,71.43842553,71.76760662,73.7218241,74.84114413,74.8991944,75.13212001,75.4785734,75.90325156,77.32942993,78.3697702,80.4548755,80.71597435,82.6878851,83.73668048,85.34422264,93.16603778,98.19740403,99.42122222,100.11950804,102.82188689,111.0111881,113.58757297,114.06043702,115.19516827,116.09419733,116.93855989,117.85881824,117.92886923,118.95998953,120.64672993,126.47108472]","[4,0,6,3,2,3,1,0,1,7,6,4,2,0,6,4,4,6,7,5,4,6,4,7,2,0,1,4,0,7,1,0,0,1,1,5,0,1,1,0,1,3,0,2,1,3,2,3,2,0,4,7,5,7,2,3,0,3,6,3,0,1,2,1,3,1,0,2]"
"[1.85652028,2.02536478,2.27345086,2.54249684,6.07731167,6.80564411,10.96281337,11.31993134,12.1770252,14.19623834,14.43543948,14.88490689,17.90161795,17.95878093,21.26169647,21.34450912,22.66380501,23.17412914,26.12255424,27.76289955,29.61416344,31.16304081,31.31268689,32.09798644,32.76004456,33.63655385,34.48288038,37.07143761,42.23572041,45.51815058,45.54987487,56.99485941,57.33376379,57.42700945,58.52253353,58.96513229,59.71011679,60.77899392,60.85589724,60.94351058,61.63346359,61.71267531,63.00014594,63.01621863,63.26553115,65.63526357,66.47348396,66.77487111,69.45830635,71.18406708,71.52651604,77.29504772,78.63136615,79.08307876,79.45478197,84.9236505,85.80979583,85.96223254,86.48141588,86.53181145,92.51001901,92.63591628,92.99435706,93.74162784,93.82581316,94.79726351,96.05328334,96.75093179,97.12589538,98.3189155,99.10914622,100.29323186,101.88460525,102.26933722]","[1,0,1,0,2,3,5,3,2,0,1,0,5,7,0,2,0,7,0,5,2,1,0,1,1,0,1,7,2,2,5,0,5,1,1,0,0,1,1,1,0,0,1,0,1,4,0,1,1,0,1,4,3,3,4,1,0,1,1,5,3,1,0,5,5,1,3,3,4,2,3,4,1,7]"
"[1.01952759,3.67699746,6.46735489,12.09945287,13.28020339,14.08806219,14.83480584,16.7198668,18.8634513,22.00826618,22.54219542,26.61189871,27.59801678,29.36724345,29.88127454,30.73116865,30.95350528,32.08929427,32.84471802,33.65590899,34.6093432,34.78639012,34.93711536,35.47031556,35.58460457,36.01919418,36.61953039,37.43393732,40.00082595,40.47545033,45.72686199,46.51063687,48.08006156,50.07330675,51.16539452,52.90096975,54.72904284,67.16681274,70.00050118,70.67134963,70.92586651,73.94038099,73.98259445,74.48480721,75.33161075,77.9216395,78.79039745,78.93617929,80.33026409,80.51163297]","[4,2,3,7,2,5,3,5,5,1,2,6,0,1,7,1,0,2,1,0,3,0,5,2,1,0,0,0,5,1,0,1,1,0,5,0,4,1,5,5,7,1,1,0,1,2,0,1,1,2]"
"[8.97830022,9.68409073,11.39659993,11.43253228,12.21302751,12.26531051,12.97626053,14.2086056,14.31937345,14.56034189,14.63863902,14.89139408,14.96525259,15.36562614,15.79841736,16.17297008,17.27055105,19.05770637,24.03831395,24.82641324,24.93302468,25.32845468,25.64658471,25.73820667,25.93619389,25.99193692,25.99658301,26.16944842,26.73617508,28.23668726,28.38269585,28.61111317,29.49098521,29.6235666,29.65974804,29.70154655,29.76500305,29.90845331,30.09087221,30.28954761,30.45412294,32.04486302,32.27794402,32.59887165,32.93519834,33.13533601,33.269993,34.30824826,34.55730904,34.85149546]","[7,5,1,0,0,1,0,0,1,1,6,0,0,1,0,1,0,4,1,0,1,0,0,1,0,1,6,1,0,6,5,5,1,0,1,1,1,0,1,0,1,0,1,0,2,5,3,1,1,1]"
"[0.13448436,0.45125997,2.53578954,2.7734041,2.85688664,2.90011352,3.45588724,4.49458465,5.05842345,5.14896547,7.30406142,9.74014758,11.3610641,17.22626653,21.08859836,21.44862401,22.54041766,26.1552764,26.26278213,26.45486529,27.39654238,28.75922282,29.63497488,30.32292309,32.35868713,32.4219682,32.79813343,33.57767344,42.89026973,47.81213209,48.55832205,49.40172035,49.62782252,49.64910724,49.79861314,49.9941595,51.08453783,51.59292044,58.42729907,59.97885478,63.99835023,64.12154693,64.99068557,65.75039874,67.46541535,68.08777507,68.16889207,69.31473346,71.51620636,76.51621498,79.13711576,79.24789444]","[6,3,2,2,3,5,2,3,1,7,1,1,6,7,2,3,3,2,3,3,7,3,0,5,1,7,6,1,6,4,0,2,1,2,3,3,0,2,3,5,1,0,1,0,1,0,1,0,1,5,0,5]"
"[3.7500677,8.26319383,10.29667503,11.06563036,12.58311397,13.83356839,14.84854625,16.79444136,17.41743461,18.38331745,21.34249842,24.18804051,26.37142223,26.54707297,27.43167331,28.78343322,28.85110906,30.23582381,37.57167251,38.19729801,45.33047638,45.96036958,46.72931485,46.94212832,49.30997428,53.85229549,56.65604106,57.35315915,57.86002211,57.92937586,58.29667086,58.975862,59.04925867,59.66439306,59.73239412,60.49860719,61.16818927,64.05570132,66.17957163,71.74224809,72.4933085,73.11789737,73.94063757,75.49520339,79.83517863,80.58385858,80.63758437,81.33628759,81.80006669,82.00570211]","[5,4,6,0,7,2,3,2,5,3,2,5,2,3,3,1,0,2,4,5,1,1,0,0,1,4,0,1,0,1,0,1,1,2,4,3,0,0,7,4,0,1,0,1,5,1,0,6,0,1]"
"[1.20730576,1.35233739,2.24170448,8.54170412,9.75291233,11.23680078,20.4543733,24.56655625,27.15725036,28.38637662,28.46242886,28.9732374,36.22198131,44.47470862,50.2461949,52.7998576,53.91349413,55.46392471,56.30711966,56.55352733,58.98656042,59.06645267,59.0992248,60.29203226,63.35415815,63.72503523,75.59920371,75.94509891,76.05403974,76.35099657,79.39346385,79.61423558,84.33260121,85.62063258,85.97037135,86.45846676,89.16405274,90.58941306,91.35819721,92.14924295,97.4792356,103.01335442,103.03583536,105.12810984,106.99532783,110.26112882,113.36516927,117.76804002,118.15315619,123.05138882,124.39486974,126.1429168]","[4,5,2,2,4,5,4,5,1,0,0,5,2,7,0,3,1,3,2,7,7,0,1,3,4,0,5,0,3,1,5,2,2,1,0,7,6,3,7,5,5,2,2,3,4,5,2,0,0,1,7,0]"
"[0.30528805,0.82562071,8.51148202,11.43872484,14.43527477,16.18671759,16.27383021,16.54758871,16.76483436,17.81907674,18.07140851,18.56486487,18.95756073,19.31576728,19.8287226,21.3858614,21.42941128,21.78519924,23.30136646,23.34906703,26.81866669,27.4515583,28.26235485,28.71675063,34.94099622,42.21854854,44.0366849,44.90422478,49.99116009,52.29986091,56.87249763,57.45177263,73.88533652,74.2781266,76.22953333,76.62358594,77.11804796,77.94755939,79.38686271,80.11767879,80.26099872,80.91808064,83.47902845,85.57357723,87.72717557,90.65909371,96.22938583,99.04745289,102.31566685,103.01666025,106.68410388,106.91354353,111.19490465,112.16464396,115.61997627,116.52806125,117.69588545,117.87919726,118.24271092,118.46397385,119.16319242,119.40312404,119.54690669,120.45284821,121.02562111,121.02964117,121.40158288,121.51193405,122.35571424,122.42458451,122.47088011,128.1213004,129.31998318,137.19355075,141.65774639,151.42650709,151.87337034,153.405635,154.22433613]","[7,2,2,0,0,3,5,2,3,1,0,5,1,6,1,4,1,2,0,1,1,0,0,5,7,5,7,6,7,7,2,6,1,4,0,7,1,2,3,2,3,3,7,1,2,7,5,7,4,7,7,3,4,1,1,0,1,0,1,1,0,1,0,1,0,1,1,1,0,0,1,0,2,6,6,6,1,0,1]"
"[2.87024367,3.34637619,9.42663384,10.1664586,10.92446304,11.97127435,12.59369266,17.06461791,20.06879829,25.03304673,25.36231745,31.8615153,35.50690303,35.64247957,37.81774672,37.85301122,37.92354141,38.71425926,38.82797475,39.28686023,39.30167902,39.82535523,39.994775,40.44390223,40.79492183,40.85666612,41.45568626,44.07153146,45.63933836,45.66391939,55.24977822,57.57750651,58.53984376,59.92230711,61.7231738,62.13796689,62.34404565,62.40611979,62.85684959,63.03068754,63.34043548,63.4162655,63.49437484,64.58503039,64.66885766,64.77149781,64.91185669,65.51142754,65.84482003,65.87309248,67.23445065,67.58639262,69.27914008,69.42204404,70.62087549,70.79324294,73.9391505,75.10299989,75.21084947,76.61530961,77.96594339,85.46146209,85.49011705,86.65069177,90.3374128,91.08752762,91.38567938,97.09279725,97.95250522,98.26823587,98.28343506,99.38339283]","[7,0,4,4,1,0,5,6,6,5,7,7,1,0,0,1,0,0,1,1,0,1,0,1,1,5,1,5,0,3,0,3,1,2,3,2,2,3,3,4,1,2,3,3,3,2,3,3,0,3,3,0,5,5,1,5,5,7,2,3,4,7,0,5,1,0,1,2,3,2,0,2]"
"[0.33183526,11.442687,15.12684678,16.29070305,21.94595372,29.34132151,29.56763573,30.12731756,31.69134809,36.04632862,37.42673384,39.00906197,39.51982364,44.16218515,45.0261077,45.12123963,46.46894092,46.6813621,46.75333648,47.37460739,47.72047392,49.73867648,50.54328546,56.10412834,62.03810917,63.38043787,63.7700045,63.77890679,64.72203768,65.60248009,74.87139016,75.08323647,77.59274,80.97637913,84.05453986,94.18479977,94.4813586,94.5830836,94.74020632,94.94664831,97.99805876,98.82849075,106.78557906,108.09826197,108.76410795,110.75411518,115.08367338,116.53557252,120.53985107,124.21986135,130.27698244,131.98723132,138.21023107,138.69730363,138.94465934,141.68120322,142.9060368,148.77187798,150.68245216,155.79344025,156.28738072,159.34897909,161.35768127,161.96468638,162.51480561,166.92422663]","[1,5,7,5,0,4,2,3,2,2,2,5,3,1,0,1,0,1,4,1,1,6,5,7,1,3,2,0,1,2,2,6,2,3,5,7,1,0,0,2,0,1,6,5,5,7,4,7,7,4,6,5,4,7,4,3,2,7,5,5,2,5,1,0,1,4]"
"[2.04483144,2.11190684,8.9982414,9.04044113,9.89737937,9.96149183,14.53250891,19.53022881,19.92959459,20.8150953,21.16260742,21.29163202,22.42877046,22.48413666,23.02066898,23.62820258,23.75330831,24.30216314,26.34797258,26.37782705,27.97714087,33.11591217,33.25308192,35.01577333,45.80552959,45.9059887,47.74799175,49.96676192,50.64060339,50.68497542,51.29738743,51.80512312,55.04868032,56.01223377,56.06893355,56.390863,56.55279086,57.51585266,58.04074374,59.55485744,62.15488228,63.95505735,64.36272228,66.22650277,66.54140843,67.18260893,67.27170828,67.99586095,68.47197872,69.20168445,69.59868304,69.90775376,71.66328424,72.21462438]","[5,4,2,5,2,3,3,5,2,3,3,0,6,3,1,2,3,3,4,7,5,3,2,3,2,4,3,2,5,7,2,3,2,3,3,2,3,3,3,5,1,5,2,2,1,1,0,0,0,0,1,2,1,0]"
"[1.54259872,5.33677572,5.55736637,5.77209518,5.90869496,7.34591274,7.42180735,7.77457113,7.89521494,7.9150253,7.93387493,8.34722549,8.4672119,8.47565671,9.36996516,9.53247664,10.09188942,10.96135481,11.0197154,11.13371748,11.25291672,11.79638365,13.92966154,14.48105276,20.94569838,21.206131,23.9509831,30.36662959,38.96915888,43.22738539,48.09351049,48.59576659,50.39442764,51.18957359,53.38923818,55.90712231,56.1756391,58.0852778,59.40725183,59.79263514,61.27117503,61.37371924,62.0461886,63.45575574,69.06334009,69.43019092,69.9071237,73.21580684,73.98987584,74.74159309,75.19176905,77.25200703,78.8684644,79.49971746,80.00156373,80.2414521,84.92929281,86.26984062,86.32876541,86.95043678,88.05220861]","[7,7,0,1,0,1,2,1,0,3,1,2,1,1,0,1,1,0,1,6,1,0,0,5,2,3,6,7,2,5,2,0,3,2,5,5,7,2,2,2,5,7,3,2,7,7,5,2,1,0,5,1,5,4,2,5,5,0,1,1,0]"
"[6.09762175,6.55291397,7.00416234,14.00673627,16.03747741,16.27680529,16.359685,18.16316796,18.82744059,19.13352014,26.28319663,26.42615048,29.90907829,30.26485322,31.48488072,34.08745286,46.10717249,46.11279406,54.53793954,57.34960822,58.20776037,63.24763358,65.79801691,65.90590379,66.06598047,66.27259277,66.30533469,66.43047881,66.66447055,66.87539228,67.72404409,68.1061438,68.43376137,68.49963666,68.64911069,69.08051786,69.61183557,72.24838451,72.28017364,72.4763933,72.91642439,73.17815101,73.23991548,73.92210977,74.11406511,74.4622241,75.31930901,76.24051176,76.40144643,76.5524786,77.06501435,77.17230783,78.97436082,78.98557192,79.92799836,79.96213201]","[3,2,3,1,0,1,1,6,1,1,0,1,6,1,4,4,3,7,0,7,5,0,1,1,0,1,0,0,1,1,1,1,0,5,0,1,7,3,2,3,5,2,1,3,0,2,4,2,1,0,2,1,3,3,1,0]"
"[4.47951674,8.81614474,9.50347253,38.36731041,38.78967423,40.88979869,49.88326089,68.12788241,72.23173708,74.51342607,81.17487948,81.23478989,81.26017879,82.57163141,83.08090383,83.44397211,85.59785666,86.0604208,86.16829015,88.36437822,100.44061513,108.22120073,109.19173492,110.87828685,114.17093363,114.48347666,114.58842349,114.61864815,115.09869421,115.10478937,115.90656689,116.95555734,118.40460929,118.56341455,120.27721333,121.92981625,125.35500289,131.10243918,131.1065385,132.32147197,132.45511246,134.55911641,135.14995234,135.47517589,136.27464985,136.33216351,136.59596312,136.94710556,140.51682033,152.01598856,152.31030465,152.50905139,153.0400137,153.31229733,155.10958775,159.24626263,161.82339868,163.07594774,163.36464459,170.21547545,172.69712507,174.96666453,175.54342095,177.17469189,178.78116066]","[4,3,5,7,4,6,2,5,6,3,0,1,1,3,0,1,5,1,0,4,7,2,2,3,3,2,3,2,3,3,4,2,1,3,1,3,7,1,1,0,5,1,0,1,1,0,0,1,0,2,3,3,2,3,4,2,3,2,3,5,2,3,1,2,5]"
"[6.4750288,6.66914895,11.51434217,15.26736027,15.3383588,18.81905315,20.08635488,26.81821357,31.07044362,32.97940228,33.08946178,36.11225403,39.34998189,39.48293171,39.48905111,40.11412159,40.60558773,40.73101503,40.97922295,41.11129908,42.44094848,42.56757306,42.65660607,42.81128272,43.07173621,43.13221987,43.52433117,45.0775411,45.24887328,46.48355161,47.19524924,47.85512685,49.38737592,49.86769966,50.92644729,51.00391851,51.21188446,51.28785204,51.43288638,51.55489033,51.58149761,51.7588599,52.13559726,52.30506123,52.30531423,52.75694507,53.27314826,53.80786399,53.89344914,53.96003853,54.15088515,54.35324586,55.2281608,55.58274695,55.68776319,56.1735104,56.64901868,63.50784264,63.78625988,63.90064754,64.93916313,65.14392113,65.30067656,65.94390888,66.14031214,67.00833733,67.38110044,67.93659133,68.26062069,68.34555512,68.41674293,69.46419655,71.54233873,71.61124802,72.06853882,72.211978,72.8709241,76.24243049,77.58926867]","[7,3,7,1,0,5,7,4,0,6,1,6,0,1,0,0,1,1,1,0,1,0,1,1,0,1,0,0,1,0,1,1,0,0,0,5,0,1,1,1,1,0,4,1,1,1,0,5,0,1,0,7,1,0,0,0,1,0,1,1,1,1,1,0,0,2,0,1,0,3,1,0,0,6,0,4,1,3,0]"
"[8.34696239,9.43296782,9.61785526,13.196861,13.28228596,13.59450881,22.37475745,25.50638022,25.64088762,26.72779532,26.86428944,28.67884657,28.9994177,29.86475272,29.91898849,30.65332321,30.73393837,34.9967588,39.09604022,39.1449529,39.66731656,40.93619386,41.20522187,41.77070597,46.2790752,50.42517809,53.63559148,53.87100052,54.93282813,57.18309774,59.27139215,63.34354923,63.41970804,63.59675982,64.40654059,65.7896402,66.45383567,70.03979591,71.88706849,81.20664781,82.79455922,83.06591765,84.05085374,86.81142297,89.73134517,90.08658224,90.16115597,90.46973124,91.06557972,95.70844894,96.95298647,98.84069127,100.69770636]","[4,6,1,7,2,7,0,2,3,1,2,1,0,0,2,1,5,4,5,6,2,3,2,2,6,4,2,3,3,1,1,2,0,0,1,0,2,4,5,2,7,1,6,1,0,1,3,2,2,1,3,2,4]"
"[8.73519026,12.11469376,12.3212747,13.2358029,13.26730434,14.29271479,15.19822037,15.36669794,15.97678007,16.33520681,17.31693161,18.378331,23.15729251,24.35807824,25.91439281,26.53622417,27.88611895,28.48826588,29.76394193,30.3734041,32.88692284,33.55688618,33.58267493,41.57459975,42.25292643,42.53894093,44.51773273,44.98217329,45.01195586,46.65206117,49.22295742,49.55018384,50.02450869,51.65264635,51.99034059,52.62574969,52.80404833,53.15109255,53.39729173,53.82505634,54.16982501,54.5123433,55.92969646,56.47636472,57.88183445,58.00052034,58.38843691,60.13294963]","[3,2,7,2,3,2,3,0,3,3,7,2,0,5,1,2,0,5,3,5,2,2,3,0,1,1,0,1,1,1,1,0,0,1,0,1,0,1,6,2,0,6,1,7,0,1,1,0]"
"[1.69469375,4.20487532,12.3946549,14.37651746,27.94318839,29.95453798,30.00493292,31.22056665,34.26606816,35.09204697,35.20912917,36.40628586,37.32872972,37.54630685,38.59108728,38.82616376,39.1250626,39.38370091,39.68077422,40.64497449,40.92389806,42.50613052,43.86463096,44.3008685,44.77782447,47.1300563,48.30970746,48.64915914,51.03858406,53.08346863,55.18605085,56.10965363,56.44822741,58.13540916,59.37683811,59.79638386,61.00859647,63.62282559,63.85597258,64.9392166,65.73734451,66.35012356,66.70256725,67.38547809,67.75435797,68.75004704,69.00746347,71.0725845,71.7001553,72.99936711,73.94743904,75.69972509,75.76072436,76.4048404,77.69971075,79.92765366]","[5,7,7,7,4,5,7,7,1,7,0,0,0,1,1,2,2,0,0,3,7,2,3,5,1,6,5,7,6,7,0,6,6,1,0,1,0,1,1,0,6,1,2,1,1,3,0,7,1,3,3,3,1,0,3,4]"
"[2.55004789,3.22478606,5.24273138,5.57716488,6.13953362,7.76357995,10.96396673,11.37248629,12.80406606,13.61428805,15.51683124,15.66446227,15.68624805,16.19714509,17.08691918,17.67764096,19.86115586,19.86366182,19.8656991,20.47244833,20.49189287,21.12213741,21.14256242,21.57469985,21.67681037,21.94739265,21.97711436,22.01729817,22.0555231,22.46766484,22.5583166,22.65226613,22.66832267,22.7126366,22.80813608,22.85592153,22.89181877,22.91216933,22.95552873,23.21270493,23.39648388,23.44748052,23.75851684,24.12928566,24.98149289,25.13034593,25.21997882,25.27216018,26.12329606,26.1692468,26.94089685,26.97226729,26.97671675]","[1,7,0,1,5,7,3,1,0,1,0,0,1,1,1,7,0,1,2,1,1,1,0,1,0,0,1,0,0,0,0,3,0,1,5,0,1,0,3,1,7,0,1,0,0,1,1,5,0,5,1,0,1]"
"[2.59112393,8.43403735,13.61837301,15.25372283,15.58995514,16.24671706,16.31408404,20.50726525,28.97863297,31.48994903,34.54166048,34.64368998,34.85748172,35.45476772,35.5360958,35.53792513,35.59191122,36.62610767,36.81110414,37.22436209,37.53186304,38.28259823,38.49457942,39.65771616,40.75846147,41.06198116,41.16512421,42.78212948,44.12682814,44.62924579,44.70800832,44.98495285,48.43307253,48.43539953,48.69758921,51.10311804,55.17663248,55.58504313,56.27087512,58.95822663,61.37758121,62.29511907,63.18195077,63.57695841,63.97436248,64.7286626,68.79932676,69.92949466,75.02536656,78.2848065,85.88173709,88.75512699,89.28692457,90.11002591,90.11889756,90.53078335,93.18864693,94.02937536,94.30471518,95.6452264,95.74797185,96.14368451,97.01953909,97.43635091,98.30081163,100.26229443,100.30320037,100.72060972]","[6,4,5,3,0,1,4,1,5,5,1,5,0,0,1,0,1,1,1,0,0,1,5,1,0,1,1,4,0,1,7,0,2,1,2,2,3,5,4,2,3,2,7,2,3,3,6,1,2,4,4,1,5,7,0,1,0,1,7,6,3,1,0,3,7,2,3,3]"
"[2.30806604,4.0009476,4.42518296,5.67763773,7.03819121,9.0850281,9.42760511,17.38713565,17.88633363,20.16181647,20.33073214,21.73002716,21.79269145,22.2404091,22.64961383,23.87256768,26.40057203,35.72103053,36.08577336,36.57465808,37.5988542,38.54059695,38.71912533,38.72554958,41.91455852,42.13872667,43.02020813,43.32183873,43.58952945,44.86375681,47.37556992,48.37532454,48.60268289,49.0854165,49.10573298,49.17637037,49.56317159,50.1327319,50.1823493,50.39741545,50.60489193,50.62909222,50.94506938,50.9921815,51.01515321,51.4105032,51.76067877,52.27148975,52.7236846,53.74706556,53.79428498,53.8987548,54.06808482,54.24645494,54.25855378,55.16114021,55.98789186,56.23442869,56.78625876,57.29284387,57.65646624,58.38820126,59.72186294,60.58209111,62.05187724,62.59690506,64.79387843,66.89303091,69.31266057,70.029544,73.97388994,76.82599861,79.30541772,79.61172883,80.6722904,83.80911644,83.98137717,86.3023295]","[3,0,1,1,0,2,5,3,3,3,2,3,2,3,4,3,4,0,2,2,0,1,0,0,1,0,1,0,5,0,1,0,1,1,0,1,3,0,0,1,0,1,1,4,0,4,0,1,0,1,0,1,1,0,0,0,1,0,1,1,0,2,0,3,2,5,6,7,3,2,3,3,3,5,0,3,3,3]"
"[0.55374814,11.35341056,11.89419738,13.25082448,13.69348623,14.16846539,14.45222076,14.60601607,14.60990127,14.73694561,14.75045255,14.89153028,14.97292352,15.47027071,16.41380475,16.57663528,17.21514688,17.24993433,19.01679884,19.61275208,23.20823555,28.71759093,32.55721448,33.35195074,34.78912813,36.32339747,38.53227469,39.03091476,39.4910301,42.48341817,44.25409844,45.59698823,49.13132667,49.82278324,50.92545797,51.97303238,52.2011681,52.85680131,53.09178413,53.18709194,53.45410557,55.27011181,55.30568313,55.77758251,55.84145009,57.15652857,57.26964529,57.80749337,57.9049602,58.10781787,58.68772451,59.55293123,60.51647907,64.3210117,64.38523643,64.47698673,64.66811833,65.30467617,66.5277759,67.16361827,67.94423512,68.34301863,69.75438663,70.78996123,71.4665478,71.86397885,71.90787652,74.10215719,75.41463357,78.33909113,79.48834365,80.10713043,80.11718504,80.17342906,80.29723107,80.74575967,81.69908766]","[7,0,3,2,1,3,3,6,0,3,1,0,2,3,1,0,1,0,1,1,1,5,4,3,2,2,4,5,2,3,1,5,2,3,2,1,1,6,3,2,2,1,3,3,0,5,4,1,2,3,0,1,0,0,7,2,1,1,3,4,2,3,2,0,2,3,6,2,5,1,0,1,0,0,5,0,1]"
"[5.17556643,5.71484354,5.94525903,6.221285,6.99355189,16.93257306,17.62486613,18.35572528,21.73872543,23.51244455,24.47857092,25.18846921,25.37595354,26.58282941,27.00467601,27.01620292,27.38465667,28.75909834,29.32615789,29.53005149,29.58783656,29.990263,30.11717566,30.35715341,30.8251585,31.65744595,32.15975684,32.81183959,33.07919032,33.58636037,34.26169612,34.29948139,34.9599852,35.32458221,35.34511039,35.58224108,36.03265725,36.30833589,36.85547065,39.63508634,41.2378541,42.53608595,44.55933142,44.76015881,45.04507624,46.34946924,46.58317724,46.62478286,46.79713873,47.59660293,47.82064692,47.89532282,48.67227128,49.81374825,50.00693959,50.78591996,51.56321037,52.51030184,52.7715148,52.80609935,54.75981995,57.5841665,63.06397792,65.63038553,66.69956772,68.63806759,68.99466744,69.80122496,70.34074141,72.53074351,74.93421027,75.54738269,75.73300867,76.6101947,78.22763419]","[1,0,0,1,1,5,0,0,1,0,6,1,0,4,0,1,1,0,1,1,0,1,1,1,1,0,0,2,0,0,0,0,4,1,1,0,6,4,1,0,7,0,0,4,1,0,1,2,3,0,1,3,0,1,0,0,2,1,3,1,0,5,0,4,0,1,5,0,0,1,1,0,0,1,1]"
"[2.25012485,2.99447159,3.5089765,3.7168895,3.73086232,3.99645568,4.38668453,4.61247362,4.74017063,5.33500274,5.85146762,6.70763443,7.0570653,7.09987177,7.87433378,7.8869508,8.40084534,8.99694774,9.89604482,10.06571664,10.32786911,10.3668756,10.67545642,10.70240955,10.8112192,11.01878436,11.04832544,11.54711143,14.13871766,14.45219636,16.35379064,17.35954102,23.08582017,29.00588849,36.20349103,38.06781421,38.65539207,44.58121312,46.70899006,47.16010207,48.16300486,48.51115617,53.51837188,53.71034404,55.20377048,57.76629205,58.94298547,59.16513224,59.27397064,61.01435114,63.64429738,64.47402014,65.00363177,65.02589596,65.23453683,66.05125748,66.69421058]","[2,3,2,3,3,2,2,3,2,0,3,3,1,7,3,3,2,0,3,1,1,0,3,0,2,3,0,2,4,1,0,5,2,1,2,7,5,7,2,3,7,3,3,2,7,1,2,0,1,3,5,6,2,1,0,1,0]"
"[1.80383245,2.43529726,6.79479382,7.77015074,8.74047678,8.85680716,9.20773275,9.53019748,9.56478214,10.90896639,11.15166247,12.45168565,14.93166839,15.08966351,17.1131131,17.20427788,18.51720265,18.89879117,19.16965147,20.06156369,20.51901221,20.95393328,21.23125399,21.35986605,22.37648918,22.66528737,23.29850784,23.31419957,23.92239368,25.25506785,27.74320354,28.13635012,28.55655033,29.07216753,31.0814629,31.29763773,31.69220536,32.58511922,32.70299221,33.53652916,33.72011033,34.37709929,43.32319971,43.9941002,44.85388866,46.73538475,48.75290852,50.38030221,52.97999163,53.56507822,53.65621118,55.94201205,59.14519139,62.3028214,63.08161666,67.30052353,70.20392798,71.36659681,71.72245255,73.67420443,73.91065468,74.03001259,74.20209557,74.6927864,74.93811479,75.37674759]","[2,1,0,1,1,2,1,0,0,0,1,5,5,6,2,3,3,0,2,5,3,2,3,3,3,2,1,4,2,6,2,3,3,3,3,2,3,0,1,0,2,2,7,0,5,7,0,5,6,4,6,7,7,7,4,7,0,1,0,0,1,1,1,0,0,1]"
"[6.10771849,8.82272298,10.24918619,13.92054254,16.12436943,18.99241291,19.04755325,21.29658332,23.18867326,23.65240664,30.74280594,33.10800158,34.02651938,35.81048242,36.37235743,37.25813172,37.4477184,38.43189582,39.05519811,40.55636051,40.57194664,41.64399123,42.05629473,42.29711057,43.56484176,62.38188143,64.0555406,64.60795939,64.71352395,65.27366404,67.77924834,68.13471142,69.0030495,69.06194596,69.3737423,70.81861725,72.97211896,76.01332916,78.5043842,80.54732583,85.2764788,90.6741406,95.20055583,99.62224498,101.41458904,103.15831124,104.84988495,106.05157425,106.86116804,107.00547603,107.25114024,108.27403466,109.30388038,111.17398728,113.2735099,113.47032388,113.51718712,113.56840105,114.73964785,115.47789038,115.51041873,116.15262234,117.27007099,119.28346198,119.64251854,120.79389837,120.82044652,120.91696348,121.02624032]","[1,1,1,0,2,6,0,1,5,2,5,0,1,1,2,1,3,3,1,0,1,0,2,1,2,0,4,7,7,7,2,3,2,2,4,3,0,0,7,0,7,0,3,7,5,5,4,2,3,2,3,3,3,2,2,2,3,3,3,3,2,2,4,7,3,2,0,3,2]"
"[0.38332756,0.65510286,0.80329627,0.99921213,8.26857787,10.41264947,13.94203613,18.11386965,22.94972554,23.26348982,24.33973457,29.99012647,34.61165833,35.67146623,38.22579961,41.38660596,47.5243136,50.93091301,51.0851047,51.33650885,51.71618493,52.09501546,53.38805147,53.91190098,54.26372131,54.49092783,55.33110688,55.84958882,55.88832805,55.93566756,56.20046005,56.21620998,56.28865548,56.89199908,57.3511928,57.79728392,60.6215036,66.37168534,68.48862931,68.80167186,69.07348235,69.19762751,69.58447872,69.59666079,69.63516851,70.58932894,70.72310443,71.14854447,71.4012586]","[3,0,5,3,7,5,7,5,1,0,0,1,4,4,0,5,7,2,2,0,1,2,1,3,3,1,3,0,6,1,3,2,3,0,1,3,4,1,0,3,1,1,0,0,1,5,1,1,1]"
"[4.49743093,8.25792726,10.24768694,10.86678353,11.58691449,12.94516317,13.82214723,15.43653261,19.66358713,20.48062035,23.00639582,27.55727857,27.6111153,29.50385675,29.90842793,30.06967502,31.60676316,31.79704386,31.856728,32.64322491,32.71563501,47.38818978,49.44627656,49.45111825,50.79589899,50.80082988,50.8086738,51.1978235,51.93273147,52.05254723,52.81891928,54.35920006,59.78270694,63.33015594,67.60613564,68.29630326,79.12623979,79.79411005,81.34706467,87.76128982,87.9639772,92.5309966,93.78756894,97.44420111,98.48508961,98.82868876,98.92152222,99.78386201,101.3831596,107.19182334,108.404902,112.45992141,113.47705848,115.09653824,115.09934524,115.74940099,115.93870707,118.72201269,123.71339251,123.91424811,124.8087333,125.8988899]","[7,3,4,0,1,1,2,5,6,6,5,2,5,3,0,3,7,7,2,6,7,1,1,1,3,2,2,0,1,2,3,5,1,0,3,4,5,4,0,3,7,2,7,5,3,4,5,1,4,5,4,5,7,4,5,2,3,1,7,5,0,0]"
"[1.68068958,2.81419847,3.10578691,3.22470062,3.5039043,4.48856038,4.55538856,5.09693321,6.07726083,6.69761148,6.97126346,9.51499292,14.56635393,15.67567352,16.14693473,16.42944397,16.63322628,16.80084206,17.76949692,18.74450717,18.79046536,18.88643737,18.93326961,18.98688852,19.02133499,19.055092,19.50359,19.64682881,19.70412137,19.97243656,20.07260386,20.08329537,20.18455953,20.63578212,21.0606328,21.15481374,21.88067682,21.8963515,21.94187101,22.80707298,22.81283794,23.62444344,23.6826206,38.97682504,40.02430016,43.05073621,44.03810135,46.38359435,46.94324822,48.70929998,49.52001508,49.86654563,53.79905744,53.81315302,53.99802055,54.66052431,55.51191134,55.63411311,57.30921778,57.61896531,57.88901868,58.87794916,58.9418887,59.52873357,59.89104392,60.01531005,61.64482326,61.80217609,61.93819655,62.05832413,62.11528563,62.7550902,62.91414471,63.10307627,63.18099279,63.5480351,63.65123495,63.76100512,64.08578897,64.23833166]","[0,1,0,0,1,2,2,2,1,1,3,3,7,0,1,0,0,1,1,3,1,0,6,5,1,2,0,2,0,0,1,6,5,2,6,3,3,3,4,0,4,0,4,0,1,0,0,4,1,2,3,3,1,0,1,0,1,1,1,0,1,1,0,1,0,1,0,1,0,1,1,0,1,1,0,0,1,1,2,0]"
"[1.61816544,3.05001067,8.74861673,21.04195218,21.80521028,22.03382207,22.09582691,22.32327324,22.43247761,28.31661378,29.76615183,30.14060438,31.18813627,43.71211404,44.72133274,45.27219361,46.52131138,46.70658928,46.74876397,47.23331423,49.87321261,50.53454148,53.41520183,53.59181552,53.79507853,57.30042132,57.54148873,57.88837946,58.10544776,58.5609863,59.32606141,60.57350301,60.90160846,61.30886776,62.30573903,64.68068974,65.03781708,75.24782941,79.43555307,83.49608753,83.68372521,84.555103,84.93136017,86.99386917,88.4869601,89.52014755,92.16349634,93.98761396,101.46204989,101.74003127,102.28662142,102.35990302,103.26713687,103.73580552,104.26206337,104.94585734,106.16131149,106.438905,106.45597937,107.41720612,107.52195592,107.70410649,107.74796921,107.9151285,107.97622761,108.04744665,108.14870474,109.19648459,109.31089298,109.5546632,112.85174613,113.29568189,114.05722893]","[6,4,3,0,2,3,3,3,1,0,1,1,7,2,3,4,7,2,3,5,1,2,2,4,4,7,3,1,2,4,4,1,3,2,4,5,0,5,1,0,5,1,0,1,1,5,6,5,2,3,0,3,1,0,1,6,1,0,0,3,1,3,1,0,7,3,2,3,2,3,3,3,0]"
"[0.82386656,1.75160347,2.87155361,3.55439171,3.73156345,3.94890739,4.40155249,5.79175065,7.98913455,9.40429707,10.4405586,10.4565665,10.68674617,10.87296958,11.20100909,12.21308617,13.99058423,14.89352753,16.73365046,16.81176876,17.16315373,18.47354968,24.89800113,26.06088246,29.25236304,41.44067083,49.65249135,50.12941824,50.71936628,51.22098653,53.6877002,53.95872973,56.8114974,59.21248046,59.5036585,60.05859873,60.28551139,60.3203076,60.52928055,60.96161571,61.28186049,61.3280388,61.62714566,62.23797717,62.93511053,64.89336553,65.85873086,66.49901914,66.5344821,67.3918606,67.43473416,67.76977763,68.35585604,68.60856464,68.77192431,68.88243709,69.87194648,69.89830688,70.30817935,78.60000783,79.90048746,80.11598057,81.42796023,81.47680569,83.1530158,85.6802029,86.8234657,90.91549429,93.20838583,97.1716444,97.2687361]","[2,3,1,4,3,7,3,0,3,0,1,1,1,0,5,3,2,3,1,0,0,1,1,0,5,0,1,0,1,0,1,7,4,2,5,0,2,3,3,3,2,7,3,2,2,5,0,2,0,3,1,2,0,2,7,1,6,2,6,1,7,0,0,1,4,3,6,7,5,2,4]"
"[0.92787781,2.39273205,3.05382563,13.48257521,13.79485525,17.08619409,28.12911762,30.72710803,33.61738805,34.36912981,34.60948533,35.52021907,36.08631345,36.32128911,37.27417414,39.55952798,40.03490688,40.27716715,40.28969085,40.74535184,41.20480482,41.79719383,43.26448305,43.78334385,43.85099432,43.92903514,44.43127182,44.5655484,44.83294833,44.9202441,48.04067869,48.595719,48.91028989,49.25000026,49.93387816,50.31767042,50.52568184,50.66756224,50.73303131,51.98031882,52.37355779,53.14336178,53.18941765,53.90062776,54.57314626,54.58345465,54.85048338,54.85487949,54.86871088,55.28623294,56.06563989,56.36421214,57.48283897,57.62183955,57.66646961,57.99523342,58.06904786,58.38640243,63.10701673,63.20110927]","[2,3,7,2,1,0,5,7,5,7,6,2,6,3,2,3,1,0,1,0,1,1,0,0,0,0,1,1,0,1,1,2,3,0,1,1,0,0,1,0,1,0,1,1,0,1,0,1,0,1,0,2,1,1,1,3,1,1,3,7]"
"[0.05300799,1.70542696,4.06677558,18.54792283,19.16408859,19.24015945,19.7676335,19.96712178,20.66361357,20.73394739,21.17657881,21.30592787,21.3527816,21.3947824,22.71642848,22.86696974,22.94004994,24.9787759,25.13488043,29.53591788,30.07203898,33.12773138,34.12176201,35.90293581,38.64725955,38.74522506,38.84627036,39.12940842,39.95899574,42.63500078,49.65672201,61.06880041,61.4128784,67.62574471,73.74528962,76.30811246,77.3381481,78.70337722,85.43589027,98.77264027,99.54582521,102.0857929,107.9610593,110.01463557,112.06452537,123.60863167,134.67219209,139.3317028,141.00833232,144.8669449,144.92520837,145.41153581,145.54074182,147.63462214,149.66509341,151.42058188]","[3,5,4,1,2,0,6,3,5,1,1,5,0,7,1,0,1,0,1,0,2,2,3,3,4,4,1,4,7,1,0,2,3,4,6,7,6,2,6,2,3,7,7,5,5,6,7,1,1,0,4,5,1,5,3,3]"
"[0.76002899,2.59196213,7.70600293,8.8803715,19.00319296,19.27718599,20.56924455,20.87168964,21.82368599,24.98864554,25.04737088,25.11176999,25.26255119,25.30805495,25.34546148,26.06082503,26.38565017,26.63445559,26.78939437,27.67692492,27.84201528,31.90451766,32.46887649,32.56308081,33.96564388,34.44353257,34.65369755,36.24403655,36.59641825,40.301811,40.41360497,41.46454372,45.07657828,46.79723283,47.37108933,47.84126433,48.07806252,48.56082837,49.68241129,52.51412213,57.15646175,58.81443227,59.07441037,59.21336441,59.64125758,59.65572298,60.41396112,60.91374744,63.49513679,64.12197578,64.46432319,65.19117934,69.52661668,69.70852321,70.05145162,71.04113404,71.23426885,71.30460368]","[7,7,7,1,7,1,0,0,1,1,1,0,0,0,5,1,0,1,1,1,5,0,0,7,2,4,5,6,6,1,0,1,5,1,0,7,2,1,7,7,5,0,1,1,0,0,1,1,2,0,1,4,7,1,0,0,1,5]"
"[0.79418237,2.45652881,3.13962295,5.62665291,10.61310783,14.52159005,16.13677797,16.7790208,17.6515429,20.019361,20.02356075,20.1590548,23.44663486,24.70045873,26.81500739,27.16279924,27.43803896,28.97283217,29.85721493,30.71381023,30.74108032,31.35324503,31.40693008,31.9945591,32.02270729,32.34266521,33.36962172,33.66032469,33.86445749,33.8694269,34.18791851,34.57673866,34.66062454,34.81118394,35.16695084,35.29752652,35.71497879,35.71912276,36.06693632,36.16421847,36.22097595,36.36498365,36.90967528,36.91435062,36.93548197,37.06527412,37.87393953,39.91033616,40.18524963,41.02001877,42.0046811,42.71144084,43.08651182,43.25247759,43.40309079,43.62565644,43.77430532,47.19772244,49.24311005,49.56101055,50.1963506,52.29580648,52.39105129,52.71941806,52.80155419,53.97052058,55.39316137,55.79531029,55.94110745,56.13349977,57.79560048,58.15859464,58.88504806]","[0,3,3,0,7,5,4,0,1,2,3,5,5,4,1,7,2,3,3,0,2,1,0,1,0,1,7,0,1,2,2,3,2,1,5,0,3,2,1,0,1,0,1,1,0,0,3,5,0,0,1,3,1,1,1,0,0,1,2,0,5,3,2,5,0,1,0,0,0,1,1,1,0]"
"[1.17128377,1.70690846,3.18822985,9.15281626,10.83688438,16.90052974,20.59555157,25.83212662,40.82522576,41.44277598,46.13450079,47.83730616,49.12486596,50.28042667,52.48655368,52.98379448,53.25862044,53.36068746,54.2332927,55.0820181,55.21579386,55.69166144,55.98087833,56.38611286,57.29194479,57.73662361,57.86895985,57.99376079,58.16245724,58.53211243,59.06134173,60.92822829,61.63886627,61.86699218,62.82658555,63.83351423,65.55674027,66.75979181,67.14700798,68.3370265,69.66495532,71.39818318,71.82787741,72.6483865,74.51621244,74.69446984,75.50822143,77.1447843,78.74816806,80.23087224,80.31570596,85.66154558,86.46116821,86.62730596,86.87501164,87.27507924,87.44288324,87.58972212,87.81131037]","[5,3,7,0,7,5,1,5,2,2,5,1,7,0,0,1,1,0,0,1,0,1,1,1,0,1,0,1,1,1,1,1,0,0,0,1,0,0,1,0,4,1,2,0,3,0,4,1,1,0,5,6,1,0,1,1,0,1,0]"
"[2.17206462,3.0436508,3.71215107,8.49727069,12.00282817,13.28317134,13.79987407,14.67958089,14.78597324,14.89888164,15.03964302,16.10752725,16.51611256,18.83981061,19.2965201,21.37227912,26.22925775,28.02600237,30.0008939,31.36109893,34.06800916,35.62147414,36.62462446,37.37435439,38.05882629,39.33026817,41.34515233,41.56154415,42.04605891,44.11191442,45.31391928,45.5295393,46.03958017,46.72550361,48.59049747,50.74525063,50.76513018,50.93129673,51.09808641,51.17621662,51.40411164,51.76329945,54.71321506,55.30157839,57.60279046,58.41036167,58.44885421,58.51996258,61.67625719,62.36147807,63.69080174,66.21160093,68.73545623,69.5423168,71.5526154,72.3447513,72.88145291,76.68673743,77.25436142,77.54831024,77.76557939,77.88144604,78.1091627,78.71333951,78.71374974,79.02310031,79.02749255,79.15266986,79.40931868,79.43581933]","[7,7,2,7,3,2,3,3,1,0,3,0,7,2,3,4,5,4,7,5,0,3,7,0,2,3,2,4,4,0,1,0,2,1,1,6,1,2,3,3,0,3,2,3,0,1,0,1,4,4,1,7,7,1,1,0,0,7,1,0,6,0,0,1,1,0,2,0,6,0]"
"[1.6083643,2.90677115,3.0684646,5.49491542,7.76988869,8.80326303,12.6654889,15.07138736,15.10080985,15.81996473,18.42608837,23.83917087,25.05583225,25.35807108,25.48628743,25.68262361,26.16249679,26.70528218,27.39022763,27.80132268,28.40969827,30.3719555,39.08235682,39.81764011,42.69466644,45.01820236,45.21175779,45.24980714,45.39606511,48.85979478,49.74221686,51.82326224,56.27316632,59.12591359,59.88592198,60.88435928,61.00590723,61.38271655,62.3352538,64.56457313,65.74592552,68.67233225,69.35963552,70.22424351,70.29256724,70.60372484,72.40204391,72.97363561,73.00879566,73.31912239,74.67967381,75.34065078,76.38593062,83.0923466,84.46718325,84.71667659,84.88718734,87.15276772,89.62160706,92.61806174,93.56918949,96.57775627,98.04281092,103.5055294,106.52276461,107.87230355]","[0,5,6,5,7,7,7,2,1,3,7,0,2,1,1,1,2,0,7,3,0,3,0,5,0,6,0,1,0,2,3,0,5,6,0,2,3,1,3,5,7,3,2,0,3,3,2,0,3,7,3,5,1,1,1,0,1,0,1,1,2,2,5,5,0,7]"
"[0.62658724,1.48678206,3.97182556,8.76108276,9.14775659,11.70246252,11.74836173,13.19496969,13.58339576,13.71380386,13.80969782,13.99231305,18.82535468,18.93846018,18.97369177,21.30135281,21.45590119,21.87712957,22.76275135,25.80983371,28.24838524,28.29608696,29.43151685,30.62792749,32.77796001,33.95847665,39.20028134,39.61992922,42.13430315,46.335406,46.37917312,47.14253833,50.78619163,50.83620293,53.79226458,56.75406956,56.95384523,57.08504267,58.48228828,60.69710258,61.06565984,61.79128366,62.1331531,64.74522964,64.87405283,65.39789645,65.50211376,65.87948121,66.1153148,66.35881478,68.69618545,69.48996812,71.0202801,76.92837711,78.05898546,78.85443652,83.0505948,83.12755414,85.03072276,85.21368538,85.51681655,87.47616352,88.64755394,89.09424764,91.0723684,92.90921699,93.12139024,93.55450302]","[2,1,1,0,1,0,1,1,0,1,4,5,2,5,3,2,2,3,3,3,0,5,1,2,7,5,2,3,5,2,3,2,0,7,2,3,2,7,2,7,1,0,5,1,7,0,3,1,5,1,0,0,5,3,2,5,1,1,0,1,0,0,4,1,1,0,0,1]"
"[0.15185915,9.71241503,9.82991885,10.48950247,10.49043012,11.24570851,11.61698188,12.03533427,12.23851275,16.5785999,16.81840114,17.81342708,18.89178483,19.9301527,21.03960478,22.61228946,23.1064767,24.70500718,25.24518394,26.33803598,26.37841255,26.96659267,29.38526851,29.4484306,30.83837441,32.13951044,33.66959572,33.94319946,35.66422472,40.9958737,41.84975738,41.98860627,43.2613649,44.28271904,44.66832333,45.68683048,45.88743088,46.05765582,46.67293904,46.99093128,51.91223615,53.5927985,56.9694519,58.26438147,58.95984103,62.27699431,64.17749864,73.38953332,74.85764793,76.79186483,79.43981109,80.07648211,80.62017365,81.00430877,81.6939016,82.04022502,82.4165687,84.15679554,84.55491217,85.10541369,85.37279595,85.43678271,85.59128718,85.69306792,85.74565562,87.0305175]","[7,0,4,5,1,0,0,1,0,2,3,0,0,1,0,1,0,1,0,5,0,7,1,0,1,0,1,1,0,7,0,1,2,0,3,3,6,3,0,1,0,1,0,7,1,1,5,2,0,1,5,7,7,2,3,3,3,2,3,2,3,3,0,3,6,1]"
"[1.34727389,2.22247197,2.61278866,4.52297649,6.22449766,9.26238084,9.83884198,17.41413071,20.32224904,21.60754162,21.97688784,22.44951578,24.15824006,24.37385999,28.03290977,28.58986774,28.81236049,29.21442194,29.60203103,29.89535723,30.68011358,34.00604191,37.96231979,38.96612508,45.00213748,46.07216601,57.07329315,57.8001789,57.929201,58.16831169,65.34593049,66.48331574,66.88532038,68.95789528,71.07771993,71.13412538,71.35434134,71.53111928,72.78110471,73.84004619,75.078096,75.79479778,76.06447367,76.49175609,76.92325444,78.75831162,78.94902883,79.05249005,79.34149108,79.37140214,82.48287576,84.00438335,84.20550633,86.41305103,86.9369338,87.40204303,87.62180904,87.77652274,88.60236573,88.81965426,93.18594508,94.17743919,94.672967,95.30156963,96.91254456,97.48516495,98.61179813,98.64220731,98.68440681,99.09581575,99.46906854,99.71370183,100.81840532,100.85835784,101.69484192,101.88270732,102.01978225,102.23644853]","[5,0,2,1,0,5,1,2,6,2,2,3,3,5,2,2,3,3,4,2,7,6,7,5,7,4,3,1,7,7,1,0,0,5,0,0,1,1,1,1,0,1,6,1,0,7,2,3,3,0,6,0,4,7,1,0,1,1,5,4,3,3,5,4,2,3,2,3,4,3,3,2,7,3,2,2,3,2]"
"[0.23414489,2.67443402,2.83999511,3.50892383,6.39893173,11.50329964,17.13965776,17.20892634,19.16524697,20.95600969,24.05065827,26.50572801,26.96300937,27.7578145,28.67859463,30.61438134,31.45728778,31.98557509,32.48298116,33.16502856,33.23732843,33.42185552,34.22067913,49.71592671,59.27703144,60.57749945,61.34460223,61.77976978,61.83589459,61.83807931,61.93922728,62.33178568,62.34470877,62.61454751,62.70183825,62.76908495,62.94079554,63.49460982,63.84662175,64.14116231,64.33165713,64.41298617,64.52205836,65.26732755,65.40982029,65.44433749,65.74623248,66.27434287,67.43663749,67.75614429,68.02026841,68.2972978,68.53204058,68.76836515,69.15593473,69.48950012,70.04722491,72.78866531,73.38329195,73.6518619,73.79401572,74.11364406,74.25258349,74.32916555,75.86221552,79.13802519,84.76255008,89.51497417,89.58712198,91.28407311,92.24343703,94.23250395,97.127513,100.83306883,105.95071213,108.59521194,110.73667324,110.75285677,110.92433434,111.46893834]","[5,5,5,6,5,6,0,2,1,7,1,0,1,0,2,3,3,1,7,5,2,3,2,0,1,7,0,7,0,1,1,0,1,1,0,0,0,0,1,1,0,1,0,0,0,7,1,1,1,1,0,1,0,1,4,1,0,1,5,4,0,1,1,0,1,7,2,2,3,3,2,1,5,0,3,4,7,2,7,6]"
"[9.66195627,10.42158786,13.112867,13.26943077,23.80635838,25.45613738,25.83617257,35.78412301,36.56186916,37.92291454,40.31951029,43.45607233,47.43782966,47.58728328,49.65419099,54.85703975,56.22152666,60.80184144,62.88321566,63.09664024,63.15124038,65.761776,66.8159627,68.6610004,69.78731828,69.80416186,70.30421412,70.93255542,71.77068602,72.93822111,73.37832524,75.26786108,78.38305749,78.96991257,79.99454394,87.00134315,90.81995012,98.13153926,99.1940214,99.58516475,104.22391377,104.22421963,104.62036683,105.42128124,105.65680665,105.69211311,107.28623363,107.39782215,108.16154241,108.4978591,110.06413274,110.41493244,110.62762,110.97671306,111.39281933,111.4114739,111.88470951,111.91183389,112.38766826,112.75178784,113.83065945,113.94231674,114.01520879,114.58098834,114.6822104,115.47552717]","[7,7,5,4,1,2,3,0,1,0,5,4,3,4,6,1,4,1,0,7,2,2,1,2,0,1,0,0,5,1,0,1,2,7,0,6,4,5,2,3,7,1,7,5,2,0,5,0,5,1,0,2,0,1,1,0,1,0,0,0,0,1,1,0,0,0]"
"[0.27986655,8.63171786,8.90814765,8.99543696,9.08260143,9.11708009,14.30870356,18.5447171,20.02902207,21.97654355,22.5145692,24.60253979,26.33182636,28.45886513,30.4540216,38.87534183,40.14943524,40.22836035,40.59464213,41.54556382,41.80596292,43.03626242,44.34150126,44.49838768,44.64450656,45.67377523,45.91674354,47.05850329,47.80427721,49.74071146,49.78785811,49.88982217,50.84645231,51.08521899,52.17640157,52.8542769,54.28022216,54.61138903,54.65023794,54.83753877,55.36316705,55.96613088,56.01359988,58.65545499,63.80266052,72.53556793,77.64413241,78.11873603,78.26964485,80.37481931,84.23425608,86.18059728,91.31831478,91.35898776,96.4294138,99.36958373,99.92390253,103.65923088,106.07963533,108.61860593,109.9868093,112.41395668,117.49110219,117.5164674,119.81699234]","[7,1,0,0,1,7,7,7,7,4,5,4,5,6,7,7,0,1,1,0,5,0,0,6,1,1,0,1,0,1,1,0,0,0,1,1,2,0,3,3,3,5,1,3,4,5,7,7,2,4,7,7,0,1,2,2,4,0,4,2,2,5,0,1,1]"
"[9.69609417,13.40174022,14.94870161,20.35668493,21.12418874,21.41499766,21.92302548,22.11180507,24.31407133,26.02476239,26.81327118,27.02170819,27.29304071,29.04889449,31.67758945,31.93608943,32.37276198,38.76013975,39.92451433,40.01285561,40.96125268,41.1118817,41.62294027,41.70963608,41.77263871,41.84318906,42.02998117,42.05214278,42.27982601,42.72680326,43.23531683,43.91264855,44.6825833,44.70250155,46.68322073,49.79043498,51.65140859,55.94016402,57.15668504,57.84224165,59.06170268,61.10617965,63.00490948,63.46620271,66.69814502,68.45812606,71.04131637,74.98608662,75.6846745,80.8527292,81.16179468,81.18932577,81.21418247,81.26965872,81.40848791,81.90365779,81.94914521,82.91655006,83.36901696,86.32331629,86.99560181,87.30296629,87.59293869,88.45737889,89.48612968,90.33513757,91.93334289,92.52585039,93.64066502,100.53799112,101.48794822,104.7818202,105.70879124,105.913603,105.97488805,107.00513806]","[6,1,7,7,1,0,1,1,0,0,0,1,1,1,0,4,7,0,7,7,6,0,1,1,2,0,0,0,1,3,1,3,1,1,0,1,3,2,2,3,2,2,3,3,1,2,0,0,5,1,0,1,1,0,0,0,0,0,4,2,3,2,3,5,3,0,3,2,2,1,4,1,0,1,4,0]"
"[7.89248533,9.80008778,9.85286801,10.23011226,10.78606575,11.1249845,11.1844014,12.45930717,13.11906862,13.24275969,14.00124102,14.07173098,14.08376458,14.19240723,14.7091904,14.72264398,14.83338514,15.84440406,15.93652609,16.25317713,16.26566483,16.72299299,16.8314717,17.02852359,17.16847177,17.55150446,17.79643901,19.45840876,19.9532205,20.2269159,20.91493178,21.30228036,23.6065507,23.70888916,23.97027625,27.71995001,27.92127609,27.95257509,28.50628919,28.9234571,30.05062803,30.6326048,30.63513955,34.52454863,34.77275946,36.49502745,36.75400255,41.81454587,42.86263019,48.73162176,49.22326461,49.30516996,49.68019617,49.79762666,50.13297958,50.83286054,50.9276288,51.82375342]","[1,2,1,3,0,1,0,1,0,1,1,0,0,1,0,6,1,0,7,1,1,0,1,1,6,1,5,2,3,5,2,1,3,1,5,1,0,0,1,1,1,0,2,3,2,3,3,5,7,6,4,7,0,2,1,0,3,7]"
"[1.58297595,3.48703911,9.0996717,20.88477433,20.88684582,21.26973865,22.27575238,22.43941416,33.80437159,33.89567484,36.83253737,37.20368212,38.06952923,44.21923908,48.11088724,48.14212975,48.1457886,61.91014609,62.7999815,64.48218973,64.55308867,64.55538745,64.95779559,67.47869609,67.86883311,69.71412165,70.77778418,70.9002559,75.13182224,75.31785393,75.58637861,75.60121897,77.53923342,77.84033457,78.05478395,78.10553711,78.21342622,78.37680975,80.68892581,82.22134164,85.38215879,85.63826458,86.13388851,86.40143415,86.63830408,86.97278138,87.11719297,87.28933841,87.51471809,87.57904229,88.43355255,88.7819991,90.75429197,91.25532668,92.10674638,92.13059458]","[4,3,2,6,7,1,4,5,4,5,2,3,4,7,3,1,0,5,0,5,1,4,0,5,6,0,7,1,2,3,7,1,0,1,0,5,0,1,1,3,0,1,0,2,0,5,6,3,6,3,3,3,2,3,3,2]"
"[7.02298825,7.95133113,9.89034039,11.17611627,15.93738732,16.42333388,16.61358962,16.75864434,18.19316381,19.00642422,23.28370146,25.1257694,30.11323729,32.96950052,42.6254905,42.7486644,43.37992978,45.28010417,45.7378533,46.78844014,46.87329933,47.14982608,47.8850585,49.31704958,50.16776428,54.14990549,54.2223936,55.09326067,55.38049448,55.80337007,55.88128586,55.95208504,56.51005601,57.20509379,57.45558364,58.03933194,58.20355042,58.43775618,58.6422228,59.19805717,59.47685192,61.44025161,61.93299851,62.85325421,62.95940196,63.34941309,63.46386506,63.48826226,63.71814133,63.75213778,63.97247111,63.99942566,64.36851488,66.15591792,66.59917899,67.79964078,68.10249157,68.17988582,72.66785474,73.42807261,75.55466581,81.64999786,82.67107074,82.73537464,83.37914323,84.47058144,87.8800417,88.60215865,90.28000627,90.34413671,90.78045165,91.48265829,94.00892567,94.01899274,94.34266603]","[5,4,7,2,3,2,3,3,6,4,0,2,3,1,2,3,7,3,1,0,1,7,1,0,5,1,0,1,0,1,7,0,1,6,1,0,0,0,3,1,1,0,1,1,1,0,0,1,0,1,0,0,0,5,0,7,0,1,1,0,4,6,1,0,3,1,2,3,3,3,2,3,0,1,4]"
"[6.21287601,7.85370135,8.06446884,14.18031067,17.04528259,18.52588833,19.25451398,19.43395719,19.46429607,19.59099242,19.61900401,19.66663582,19.90745973,20.18347091,20.23354314,20.31219579,20.5601478,20.74770276,21.57919233,21.89294856,22.65188531,22.85733395,23.91725117,28.97028614,29.75330732,30.35447137,31.22981486,32.0991414,34.77946578,34.84673913,36.96747444,38.24916872,42.44058498,47.83254482,48.21465677,48.98382112,52.60437866,53.33410227,55.39286549,59.81738927,61.40315133,61.4456962,62.30964083,62.6126309,63.0340313,63.18908334,64.42636607,64.45222739,66.03878233,67.57930705,68.00006009,69.56736193,69.59157955,75.18084491,81.79408546,86.60057769,94.32367011,104.66550503,105.72267532,106.94203123,121.03534012,121.86484681,127.07173906,127.11319634,129.83398244]","[5,0,5,5,2,1,0,4,1,1,1,0,1,0,0,0,0,5,0,1,0,0,7,0,2,3,3,2,2,3,1,3,3,1,0,1,2,1,3,2,3,4,2,2,3,3,5,1,3,2,5,3,3,7,7,7,7,7,2,3,6,4,2,3,6]"
"[1.75105626,9.48479355,14.36230903,14.5533764,14.72805842,15.16620242,15.22956481,15.71427174,16.72148413,16.72528718,17.34025389,19.42733897,20.47346014,20.69471934,20.85311873,21.97150229,22.45624337,22.94410968,23.80139625,24.93593937,28.94929209,30.98966195,33.02021273,33.66025854,36.59301765,38.65481812,39.46708687,39.47374837,39.66170014,40.12228054,41.85566745,47.62705739,49.65383882,49.99432686,51.48174627,52.15102288,52.74245408,52.78083377,53.00817206,53.53735144,56.16512542,56.83016203,60.21734414,61.45773891,61.72351985,65.07906585,68.65259803,71.47798838,76.1390561,77.01881766,77.78733309,77.99458754,79.74079704,80.35652973,85.38737776,86.29559317]","[4,5,2,3,3,3,2,2,7,3,2,7,3,2,3,2,3,2,6,3,4,2,3,4,7,4,2,3,5,6,4,7,7,1,0,0,4,1,1,0,2,6,3,5,7,7,4,0,0,2,3,1,3,6,3,2]"
"[1.07989986,1.20023468,1.6343004,1.75081035,2.51303377,2.86357807,3.02475631,3.1017736,3.51560973,4.03268035,4.05212372,4.90694813,12.49952421,12.59300947,13.10199986,13.16859526,13.85629661,15.1765232,16.33371778,16.81477495,18.05055118,18.73116296,19.04347595,19.221782,19.52134694,19.68928806,20.70707543,20.83901483,22.95010526,24.26782725,24.33794465,30.21192762,31.51962404,32.09643702,32.10630744,35.46794045,35.48613619,35.48788455,36.55337307,39.30100451,39.34254403,39.90124333,43.06436078,43.50388556,43.50475984,43.92308674,44.22588955,44.44104283]","[0,2,0,1,1,4,0,2,3,2,3,7,2,7,3,3,3,2,1,7,3,0,1,4,5,5,0,1,1,3,3,5,2,3,5,0,2,6,7,2,1,1,1,0,1,0,5,1]"
"[0.35717036,10.0709972,13.82635581,14.99449002,21.32292621,36.48070226,43.05119981,45.08045785,45.32198186,50.96844712,51.02011193,51.44843554,53.57986361,53.98005013,54.26454806,54.55129833,56.96596197,63.33957907,68.96314505,69.1281459,69.75575676,69.77950978,71.07435249,71.70369989,74.81724094,75.56215393,77.01087545,80.29990397,85.31501007,85.33040101,85.4153225,86.0246475,86.18051008,86.30262814,86.72122819,87.05366227,87.65074646,87.90542436,88.15395529,88.60922992,89.38974974,100.53481926,100.91487296,101.67683489,103.12190535,103.36275133,107.0782659,107.61393543,108.23907441,108.30914376,108.5416363,109.54396035,109.79519406,110.0325787,111.0088384,111.17649656,111.30698352,111.56647888,112.10946443,115.23037187,117.20179453,117.80178319,118.57304969,119.29498327,120.29301171,121.46512364,121.46884073,121.74610206,123.67898968,123.80416892,124.31704778,124.33036993,124.55415745,125.03464764,126.09292344,126.66649559,126.67988982,126.72423528,126.85544726]","[7,7,1,7,6,5,1,1,0,5,7,5,7,3,2,3,5,7,1,7,7,0,1,0,2,4,6,0,0,2,3,1,6,2,0,0,5,0,1,1,1,2,3,4,3,5,2,6,3,3,3,4,2,2,3,2,3,2,3,0,0,3,1,7,5,0,1,0,1,0,2,3,1,0,0,2,1,3,3]"
"[6.37572448,6.93558131,10.62448412,12.46109618,12.98262554,13.6382403,14.31502315,15.75641094,21.07997227,21.18751483,22.29689622,22.53582515,23.95232003,24.18678732,24.62970732,24.76834312,25.12765354,25.74664953,25.7992277,26.39514174,27.25422245,28.36156178,29.53328524,29.83530578,32.06585333,32.13871162,35.55074323,37.95660516,38.00087455,38.36753169,38.85619594,40.62316292,40.92245506,41.31303987,43.04757216,43.2952331,44.40333329,46.60713497,47.12134955,50.29441487,50.68785366,51.11732722,52.64086262,52.77350553,61.92371008,62.37427414,63.49643352,63.7455613,64.21527646,64.7009083,66.41736033]","[2,3,3,1,0,5,1,5,2,3,3,5,0,1,3,3,0,2,1,5,0,2,3,7,4,1,7,3,3,2,3,3,2,2,2,3,4,6,3,2,7,2,3,3,2,1,0,1,6,2,3]"
"[0.24850121,0.88773497,1.40140876,1.99487926,4.95538396,13.22707991,14.62517798,14.95253584,18.5460642,19.0609826,19.07276634,19.33698312,19.5643933,19.75740465,20.38559184,20.41680228,20.67363751,21.80419221,22.98893549,23.09846126,23.29348257,23.86237247,24.33555858,24.82282026,24.98570083,26.14852304,26.2401692,26.37786018,26.4189329,26.52676688,27.78900957,27.97645215,28.7962522,28.99965974,29.41421878,30.31529359,30.53092294,30.72989802,31.94561461,34.86533367,34.89129817,35.034829,35.05341747,35.8223308,35.88175845,35.90114178,36.13541503,36.59214101,37.05168114,37.36372504,37.55141274,37.91733272,38.81930183,39.05183282,39.34268241,39.50096831,40.08417479,40.20950306,41.29397179,41.60432467,42.08193057,42.1017007,42.14611957,42.60473949,44.02258719,44.74299531,45.52049885,45.96393886,46.10082326,46.15146659,47.21620464,47.76133078,48.6270353,48.72510272,49.01699604]","[0,2,7,4,5,2,3,3,0,1,0,5,1,1,1,0,1,1,1,1,1,0,0,1,0,0,0,3,1,0,1,1,1,0,1,0,1,0,0,0,1,1,0,0,1,1,1,0,5,1,0,1,0,1,0,0,1,3,1,0,2,3,1,3,0,1,1,1,0,1,0,0,0,1,1]"
"[2.85038242,5.25437365,9.87487479,11.60831374,13.51635954,13.97662229,15.15026112,15.42296917,18.55021838,21.15443993,21.25405425,21.28997013,21.3921451,21.92420228,23.31228714,24.10063368,27.04076707,27.65754137,27.80459811,28.51756634,29.69936599,30.35234423,30.56918062,32.19718129,32.21383149,33.43609778,34.80870933,35.02672196,39.92319423,43.94024174,48.19317781,48.3385069,48.85457576,50.37191773,52.30694579,53.15242521,54.772232,54.92280747,63.46495442,64.03207585,65.05991658,65.70123528,66.25015214,67.44167816,67.44687598,68.11625248,68.42508683,68.62308264,69.56807069,70.17154979,70.68698709,71.46124386,72.64883061,73.16303255,73.21531975,86.86369664,90.84313758,96.66028773,97.02813149,97.17726055,97.5604843,97.64868049,98.12466303,98.55218251,98.56390335,99.03349901,100.1022114,100.30976093,100.95728585,101.22514747,101.42894924,101.51824299,101.52710131,102.25291603,102.85742154,103.07891085,103.27357967,103.32486628]","[1,4,4,7,7,1,0,5,1,1,0,0,0,0,1,0,0,1,0,5,1,0,0,1,5,1,3,7,5,1,1,4,2,3,2,0,7,5,1,0,7,7,1,0,1,0,0,1,1,6,1,0,1,6,1,3,5,1,0,1,0,0,1,0,1,0,1,0,1,0,1,0,0,0,1,1,1,1]"
"[1.46654082,2.11456317,2.7775931,3.40492496,5.46638989,10.37658251,10.6019996,14.39914143,20.42173707,21.51756081,22.25564937,22.47349125,22.54806765,24.31785462,25.35923302,28.13661302,28.64202177,30.16735894,34.26149203,35.29002687,38.77631531,38.88930736,39.46761598,39.79139293,40.10193439,41.07400596,41.34054789,41.74421006,41.86217087,43.47620145,43.7093011,46.20679501,47.71171951,48.08891348,50.44678236,53.03074528,54.79306386,57.57322773,58.34213701,59.13484608,59.59616324,60.81168405,66.76357521,66.93112261,69.31001507,70.27993757,76.32746252,77.72826239,79.09739958,79.30723112,79.41063357,80.73965714,82.41321527,88.6607149]","[4,2,2,3,3,2,3,1,7,1,0,0,1,0,0,7,1,0,4,6,1,0,1,0,1,1,0,1,1,0,5,2,7,1,4,5,1,0,1,1,0,0,1,3,2,6,1,0,4,1,7,7,0,5]"
"[1.49997587,2.73429053,3.940143,5.46941662,13.71714446,14.16643632,15.51523674,15.54146318,16.09794966,16.30039991,20.16989374,25.93276921,26.58923966,30.84297362,36.17504038,37.53597322,39.41616475,39.99051946,40.09586594,40.79751711,41.09323321,41.29583032,42.53800845,47.59951269,52.526373,52.63750076,52.8986664,53.21799107,53.38094098,53.47219298,53.59573651,53.82623132,53.9469854,54.05698012,54.18105935,55.14353587,56.30640547,57.3367134,57.54170302,57.54701131,58.64827272,59.71330222,59.99393989,60.15576689,60.7822822,62.36961053,62.77423258,63.45656281,63.46262252,63.72220534,63.77800047,64.46406371,64.92896776,65.52642399,65.62180174,65.64162542,65.97821253,66.18382939,66.18811413,66.44835459,66.95184122,67.04447535,67.28107645,67.3559558,67.97717778,69.44319912,69.6020141,70.72231561,70.80043958,70.85083502,71.09312306,72.16525421,74.981239,76.94992631]","[7,4,4,6,0,6,1,7,0,1,0,2,3,5,4,2,3,4,2,1,0,2,0,1,1,2,0,3,1,5,1,2,1,0,1,0,1,3,0,3,0,2,3,1,5,2,1,2,0,0,2,5,1,1,3,0,2,0,3,3,2,1,3,3,0,1,3,3,3,3,3,1,2,4]"
"[6.39401689,8.26595355,10.35149774,10.62704711,11.2518262,11.97580727,13.77040175,13.84880237,17.18939409,17.27023055,17.69151424,20.40836354,24.87245307,25.54801668,26.84726703,27.95672934,28.94536237,30.59012539,30.96314267,31.45442934,31.67143466,33.81479447,35.55395622,36.0510254,36.55558015,36.86605653,37.53603495,38.89960703,40.51670292,48.80391735,48.9263675,51.47438228,56.34678192,57.90698476,60.9155638,60.93846527,62.18401273,62.56326883,63.29443794,63.74357992,65.14689166,65.51586692,65.55571258,68.05259404,68.43872398,68.87208989,68.89077795,68.89910515,70.75219424,71.34818313,71.44687806,71.55616299,72.59116251,72.71645035,72.96685748,73.56524616,73.9147038,74.53373088,75.12285632,75.4354085,75.43601089,75.44020722,75.70539111,75.76072213,75.92747321,76.44297718,76.65625598,76.70467034]","[3,7,1,0,0,7,1,7,1,1,7,1,5,0,1,0,7,6,1,4,2,2,7,0,5,1,7,4,3,2,1,3,6,4,7,2,1,0,0,1,1,0,7,3,0,1,0,1,0,1,0,5,1,0,1,2,0,3,1,1,3,0,0,1,4,3,1,1]"
"[0.26709742,4.3247988,4.58041721,4.93180318,6.51151974,6.89346585,7.13619992,7.25322463,7.59000945,8.62614811,13.75613938,14.42880075,20.12915487,24.49626802,28.73801748,29.02138049,29.38566025,29.55367284,29.61075203,30.13987649,30.39198943,32.23076429,39.95488854,40.18927116,41.48561391,42.13718546,42.44615342,45.79651078,47.05053903,47.67600868,57.78752743,59.87224893,65.31280252,65.92275824,66.10902272,73.52629265,79.3215568,79.40131341,79.60933156,81.0716483,81.26071768,81.99138956,83.71330171,84.39014023,84.74348789,84.95911156,85.24800565,85.56739955,85.87067069,86.56103107,87.08147421,87.10552078,87.18692332,88.33871301,88.76002536,93.05224166,99.3184647,103.26103963,104.82063033,108.27856841,109.20758694,109.51166948,110.95861481,110.96724563,111.28661065,112.2744727,112.35675008,114.19659686,114.42379945,114.82895626,116.28908949,118.60562565]","[2,5,0,1,0,7,4,7,1,7,5,3,3,1,5,0,1,1,0,1,1,5,5,7,2,3,3,6,6,4,7,2,2,2,4,5,2,3,3,3,2,5,1,1,0,0,1,1,0,0,1,1,1,1,0,0,4,7,5,1,2,0,1,0,6,4,1,1,1,0,1,0]"
"[15.72509656,17.17766394,18.57622593,18.87053727,20.33075455,20.51153695,23.39634044,24.69258235,26.12409045,27.80453133,29.60458261,35.9088995,39.6688825,41.62154823,47.09139166,49.61357801,51.11741024,52.17143236,52.23404411,52.55145591,53.69953597,58.39928551,59.77129093,67.20238821,72.64449195,75.11148195,75.1427492,76.51721938,77.89471227,78.84117193,81.04457477,81.17800331,83.3694057,83.74415828,83.94191181,84.25784534,85.37539995,85.89855871,86.1390032,86.71978343,86.83092151,87.55647717,87.62791662,87.76130722,88.05832987,88.0587786,88.34907066,88.36892146,88.59853107,89.55138625,89.57447775,89.83185694,89.83270356,91.12215844,91.25430563,91.58966155,92.23775822,92.71269859,96.09460802,96.60538672]","[3,2,5,3,2,3,3,2,3,5,4,4,5,7,2,4,0,3,3,3,1,1,2,5,1,0,1,1,1,0,1,0,0,0,5,3,1,1,0,0,0,0,1,1,1,1,0,1,1,3,0,0,1,1,0,0,1,0,7,6]"
"[1.95518195,2.62889712,6.45994211,10.64419701,12.57265841,13.36076587,14.04481214,14.3987197,15.67485565,17.82613905,21.7738467,30.07702615,31.43335361,32.34808269,32.93196611,35.7764037,37.24174946,39.07053924,52.1134727,53.85090242,54.44666729,59.61334753,63.79113982,65.04495798,66.92475405,68.41235088,69.14758896,73.23741263,78.90205641,89.4732802,91.02650208,91.66578307,95.3236942,97.10460253,97.9466505,100.19215157,100.28241149,100.44417189,100.57794161,100.66032495,100.81379677,100.85277122,101.45011697,101.70203098,102.57470447,102.84147701,102.85679905,102.91254108,102.93342625,102.95080911,102.98699664,103.00360308,103.14680396,103.50447077,104.05311592,104.86834679,109.21977554,110.38286988,111.54629295]","[7,1,0,1,2,0,1,7,0,5,3,5,2,3,2,2,3,5,1,4,1,5,3,3,2,6,1,7,5,0,0,1,3,2,3,1,0,1,0,1,0,1,0,0,0,0,1,2,6,3,1,0,1,1,1,0,1,7,1]"
"[6.60975747,6.78946279,7.32656074,9.8447496,10.06176844,10.58408869,10.80409991,11.05695798,14.59732165,14.85883413,14.92204445,14.95056068,16.69167976,18.23310667,18.51844372,18.64685836,19.62339451,21.3938993,21.45648451,22.09231985,22.76780788,22.9435308,24.33927626,24.72485361,27.03551013,27.06351017,27.72279003,28.51523685,28.71573204,29.39506897,30.12095677,30.18822725,31.2189325,31.33686418,31.74348265,31.99157862,32.97557986,33.08126905,37.19559163,37.55676908,37.96615139,38.65662051,40.34103284,40.4031724,40.44613513,40.46458816,45.27526334,46.83369374,49.88569191,51.59053935,53.46691758,55.29884269,55.3045934]","[2,0,2,1,3,2,3,3,4,2,3,2,5,3,3,2,4,3,4,3,2,2,3,3,3,2,3,1,0,1,5,5,0,1,3,1,0,1,0,2,1,3,2,4,3,2,2,7,3,6,4,0,3]"
"[1.87453852,8.18051031,8.22196714,12.6944808,12.69768048,13.9709034,13.98461167,14.15324985,14.80545283,15.34397968,15.97654998,17.65156838,18.16698544,18.87308053,21.43452575,21.56810108,23.97648647,24.75952711,28.09354894,28.73764112,29.30873388,31.82889325,32.03025019,34.12808531,35.80931414,36.64924004,37.24174519,38.08362528,45.90198578,47.15905449,48.29720624,50.73765104,51.83571091,52.55557838,52.85985363,54.25572256,56.15934339,58.84471816,60.02944561,60.98607903,62.10295524,62.79261198,63.04916854,63.83206502,63.94149118,64.07090877,66.6908907,66.72111622,67.93780579,68.59380378,68.76657255,68.98697174,69.47876998,70.83456124,72.58601921,72.73694324,72.98385787,73.00587517,73.16254452,75.05136358,76.29861547,76.39223753,77.23040944,77.4950714,80.10667501,81.05368341,81.56107523]","[5,2,3,3,3,1,2,3,0,2,5,1,6,2,3,0,2,5,2,2,3,2,7,3,3,0,3,3,0,7,1,0,0,1,1,1,1,2,0,0,1,0,2,1,3,1,0,1,1,1,0,2,5,1,0,0,1,6,1,1,2,0,3,5,0,1,1]"
"[1.15296664,2.11035077,3.35160241,6.11313594,11.05135808,11.68669213,14.46727312,15.27410837,16.5963692,19.45511692,19.62851599,22.75723156,22.99088643,24.2511474,24.26262763,24.34452741,25.18582283,25.80628461,27.85729631,31.5223226,32.08110343,32.79214857,34.71809383,35.55539102,37.24910109,40.80710878,41.61538176,42.20245047,48.99978469,59.59968055,59.86520386,59.92232458,65.23520973,65.53296043,68.3025132,71.60294486,72.65485558,75.56211549,77.60192715,77.7422303,77.87512613,77.93146217,78.00172826,78.55265154,79.26957897,79.65742094,80.66111543,80.72170316,81.05499324,81.2292579,81.69730845,81.8201684,83.59214086,83.74548004,85.41994865,85.94271963,86.69098792,88.45602385,89.54421388,92.28756298,93.42542657,94.97918512,96.38798858,96.75446752,101.32520875,101.33594327,101.85797078,102.04579202,102.28414046,102.30081204,102.62189868]","[4,7,6,0,2,3,6,1,0,1,4,6,1,0,1,0,1,7,6,0,0,1,5,5,5,2,5,3,5,1,0,0,7,7,7,0,1,2,1,0,0,1,0,1,1,1,1,0,7,0,1,1,0,1,1,0,0,1,7,0,0,3,7,0,1,0,1,0,0,1,0]"
"[2.78545316,3.32685602,4.21848195,5.65461095,6.00564181,6.55059849,6.7030098,7.67784136,9.23458351,9.46419383,9.63502935,11.23234016,12.34547968,13.24428913,13.47720645,14.10765917,16.40984957,23.97590046,25.75490005,26.98928543,28.99208598,35.06565815,36.49987557,36.98951523,37.38815892,42.07490624,42.89435637,45.43832573,45.90976716,50.12138808,51.45351129,52.07898027,53.20010198,54.78002462,58.27124685,59.05533931,61.35828286,61.9978166,62.10452752,62.6859658,63.31186156,63.55346807,64.65384364,66.60181261,67.15956154,67.62049305,67.67784576,69.08366383,70.44975936,70.73129258,70.73496694,72.42471631,73.3909927,74.04438609,74.57080707,75.77665153,76.25210354,77.55385693,82.43156382,91.21690473,91.97512349,95.47402445,95.70232955,96.11453103,99.01129798,99.40797778,104.73008024,108.26980013,110.14151141,110.81692367,112.02298056,113.61419254,120.61708332,120.92344038,121.05038619,121.30848173,121.34303593]","[1,2,0,0,3,2,0,1,1,0,1,1,0,1,0,0,1,6,0,1,5,6,2,3,3,5,6,7,0,2,1,0,6,7,7,4,1,4,6,0,1,0,7,2,0,3,1,0,0,2,3,1,1,2,0,5,3,2,7,6,7,2,3,3,3,4,5,5,4,2,3,7,7,2,3,0,1]"
"[1.15630321,1.6058248,1.65191357,2.017955,3.69832307,5.22621842,5.88925618,7.24261909,7.35787119,7.81145173,8.22125544,8.57041746,9.01779571,9.13508751,9.18200153,10.15250579,10.19105663,11.52539836,11.85363256,12.38356189,13.51759528,13.59880509,15.16841331,15.38513127,15.63379059,16.16297038,16.36598218,19.53129379,21.55021488,26.17241312,26.48118381,27.7100437,32.39261458,33.5147929,34.23642048,34.56924559,34.86605936,35.19522164,35.30664837,35.31033852,35.61442505,36.81809593,39.13839444,39.52385541,39.81818328,39.88541653,40.44172584,40.49746838,41.66819872,41.93664138,42.40587404,42.44351812,43.38636419,45.25046551,45.40728495,48.91828132,50.14889679]","[1,4,0,7,4,1,1,0,1,1,1,3,1,0,1,1,2,0,0,0,1,3,2,4,0,1,1,1,3,4,0,1,3,2,3,3,3,3,3,2,3,4,3,5,2,2,3,3,3,7,2,5,6,6,5,1,1]"
"[1.79810535,3.8512096,9.64384923,13.5184757,17.50124413,18.98041141,20.12148912,20.45026761,21.42759864,24.64445319,28.47898645,28.50788427,29.65373126,29.77340552,31.16601124,31.93952005,33.17995068,34.23975655,36.22853991,39.37634526,39.71328405,39.77539069,40.10446813,40.49193066,41.75670886,42.58812405,42.82856216,43.65439271,45.03901805,45.36054187,45.49639703,47.50723983,48.16699241,48.38477741,48.85859087,49.16364195,49.98111886,52.2631728,52.72631788,53.02837744,53.2607903,53.29035636,53.45328466,54.96379255,55.10321793,55.1383164,56.08285812,56.35826432,56.6300992,56.7837049,57.09145664,58.05805665,58.10437833,58.27616474,60.06352665,61.41306646,61.47965176,62.18604699,62.24026581,63.15788185,63.7542402,65.15909117,66.80631857,68.07672708,68.88933746,69.01291589,69.33428959,69.69816322,70.49934942,71.5675607,73.66013104,74.12135144]","[5,1,4,1,1,7,7,0,1,2,3,2,3,7,4,2,7,0,1,7,2,3,3,1,2,5,3,0,2,3,3,3,2,6,3,3,1,1,5,0,1,0,1,5,5,0,0,1,3,0,5,1,1,0,0,1,3,0,0,1,2,1,0,0,2,3,4,3,2,2,2,1]"
"[5.50649919,7.19294309,13.77584728,13.96840191,16.66986973,19.93181277,20.43593529,20.49389541,21.13724422,21.27115154,21.48605158,21.53325798,22.16863084,22.4497302,22.56162928,22.7778558,27.45332304,30.46621731,33.5665915,33.67602116,33.9581208,34.06197279,34.98375701,36.17529773,36.38679142,36.61815883,36.71285017,36.83156337,37.24449071,37.65081228,37.762174,38.27527006,40.00567991,40.10772615,40.34267455,40.54016417,40.55961787,40.93482081,42.45610018,42.57484324,42.75479469,43.02951571,43.32072465,44.07409516,44.63820554,44.9256486,45.17324289,45.94076991,45.99223112,46.87479686,47.09909278,47.11424872,49.31950552,50.69102465,50.7334643,50.88356799,54.21993404,55.264794,55.71362792,55.94814331,56.27922365,56.34174695,56.38475477]","[3,2,5,5,1,0,1,1,0,0,1,1,2,0,7,0,3,4,1,1,0,5,1,0,1,1,4,0,3,0,4,1,0,1,0,1,1,1,0,1,1,0,1,0,2,3,1,5,0,1,7,0,1,1,0,0,0,1,4,0,6,1,6]"
"[2.88152011,3.22901656,4.36655351,4.57231018,5.0705303,5.34356918,16.56665522,16.80943982,19.02235509,20.98095526,23.97612437,24.25050169,29.21342384,31.27859836,31.54842631,32.74340748,33.57755577,43.08552609,43.44163974,45.7337764,46.09310519,46.23141133,46.28473513,46.36130965,46.3732735,49.2887431,54.49167493,54.94417577,55.66237244,64.8360935,76.48720017,77.93830595,84.43449957,85.05721141,85.97859239,87.1943111,91.79541004,92.78099199,94.13403591,95.02298823,96.72791829,100.40328706,102.9396217,104.59658671,105.9734806,107.36543922,108.36311208,110.73252338,111.99317847,112.09242272,112.65848674,112.70184634,114.87658478,115.96963665,117.00955853,117.37931995,118.89719052,119.59964637,122.49324355,128.76664462,138.61857051,145.29069553,145.61499316,145.88730998,148.21145511,151.03033405,151.93293338,156.68305418,158.66552837,163.96946264,164.59895362,164.61023141,168.54932768,168.63255764]","[3,7,1,3,2,5,0,6,1,0,0,5,6,6,5,6,0,0,1,0,1,2,5,1,3,1,2,7,4,4,1,7,4,5,4,2,1,0,1,5,6,6,6,5,1,0,4,2,0,1,7,0,7,0,1,1,2,6,5,5,0,0,1,1,4,6,7,0,2,7,0,1,2,3]"
"[0.84392639,1.49466922,1.6845433,1.87522424,2.54995881,8.11182418,12.34119502,19.21068682,20.76333978,25.37534167,28.76960796,30.59402091,31.16760494,31.46732638,32.20450674,32.49539571,32.83337249,33.39657503,35.00770743,35.71903621,36.92785316,37.49162502,37.62966389,37.66585891,38.16043769,39.755969,45.7590576,47.52830939,53.10380899,58.1047295,58.27928475,58.87112512,59.49022742,59.98780864,61.5133089,63.47134534,63.59057053,64.64793902,68.07140212,68.09257081,73.18070713,78.13667345,78.63893506,79.14757432,80.27149845,85.27547575,85.96864218,86.94435928,88.11229037,92.75632244,92.76099962,94.27159698,94.48606051,95.14065002,95.66774054,97.75885238,97.76799273,99.00725232,100.8183682,105.6856001,106.37972884,108.04684088]","[1,4,2,0,1,7,0,1,5,2,3,3,7,4,0,1,1,2,1,0,0,1,1,1,0,0,0,3,4,2,5,3,2,3,3,3,4,6,2,3,2,1,0,0,7,7,0,1,2,0,7,1,0,0,1,0,0,5,0,1,0,1]"
"[14.74859404,17.33932842,20.15674927,20.51242779,20.56311523,25.5353936,25.72424064,32.86958895,37.55909742,39.52758236,40.4071025,43.19621403,47.58801114,50.3168968,53.74235144,59.5725687,64.31855431,66.06422154,67.24666576,71.38054189,72.01325272,81.78469429,82.31810652,84.47979251,96.4344757,97.38386927,98.94241789,98.96763495,99.07631527,100.73212029,100.83158839,102.25712606,103.26859204,103.73878899,103.97731358,104.4020292,104.62825226,104.63129848,104.7698745,105.31062877,105.52604975,107.27256703,107.64632182,107.7035997,108.26523517,108.72233328,109.47118119,109.81178694,110.87525034,113.3310068,116.96159775,119.50192783,119.82331203,120.29950952,121.00916766,130.00837667,130.2966818,131.28214958,131.8193814,133.31724485,134.64000253,134.75597284,135.2407788,136.58886605,143.21752765,144.77290397]","[2,1,0,5,1,2,3,6,4,6,3,0,1,6,1,4,5,4,7,7,4,2,3,7,4,3,1,2,3,4,1,0,1,3,0,1,0,1,0,1,1,1,0,1,0,0,0,1,0,7,5,4,7,0,1,2,3,3,2,5,3,3,7,5,7,3]"
"[6.98453468,7.37906364,9.77574906,11.08549416,11.27263617,15.5620874,17.43424421,18.32245225,19.11925069,19.47451093,20.4713993,20.99097978,21.13635604,21.51324449,22.42289586,22.96862447,23.2445323,23.2541006,23.25625103,23.347136,26.34052989,27.6984859,29.21341341,29.54564992,30.12017963,30.41991022,32.19090138,32.93885885,33.21559053,33.26665671,33.38574771,34.64896394,36.13269852,49.69506317,52.50293751,54.03671458,64.98173247,73.52637459,74.7586456,75.29414525,75.38851807,76.1417871,76.81148676,77.70858795,78.1823347,78.99242363,82.73691337,83.18917007,83.97449265,84.0653699,84.41195533,84.90241097,85.0302097,85.34504579,87.10334104,89.83253334,91.79773927,95.81475934,98.48997962,98.6169228,99.67636811,100.11445948]","[4,6,0,6,4,2,5,3,4,3,7,2,2,5,3,2,3,3,3,2,0,5,1,0,1,5,1,0,0,1,5,1,7,4,6,5,7,0,0,1,2,1,0,2,7,3,2,3,3,0,2,4,3,2,2,6,6,6,1,0,0,1]"
"[3.82977402,4.76069498,6.82984143,7.3569412,7.42816776,9.20898357,10.10287519,11.23565163,14.34503016,15.59423416,17.14228145,23.85528582,24.7546829,24.91465946,25.08078585,25.44860318,27.22298587,27.2517566,28.02268142,28.10455064,28.49013898,28.85975316,28.99770565,29.64762033,30.05771272,30.22430473,30.81534082,30.95396249,32.63280978,33.63327694,34.04126725,34.34250439,34.85503466,35.08754876,35.51890345,37.03078655,38.02831908,45.785046,45.83689769,46.19078992,48.47677971,61.29458224,71.27005419,76.10917332,76.32535517,76.81051753,77.1227488,78.91737767,81.91255946,83.26745721,85.29899504,85.88171377,85.9989234,86.50215985,92.52848399,92.91359815,102.35747329,103.14310138,105.24850141,113.94919058,115.58554477,118.78406275,122.82058806,123.15548433,128.56426443,130.29871198,133.64723526,133.87045916,134.61163185,135.38204684,135.38995009,135.85268679,136.31428949,136.45606929,136.86885501,137.48226573]","[4,2,3,7,2,2,3,7,3,5,2,0,1,0,1,0,1,5,0,1,0,7,0,5,0,1,1,5,0,1,0,1,1,1,5,1,1,1,4,1,3,3,1,1,2,7,5,3,3,2,2,3,6,6,3,5,0,2,1,2,6,5,3,3,4,4,0,2,3,1,1,0,4,0,1,0]"
"[0.091692,2.34219133,6.51265203,7.18015542,7.25300112,7.53175307,8.66125745,8.83195042,15.55034579,16.95595447,18.09509525,22.24122445,31.7386069,32.15218519,33.9208049,34.35571791,34.51719059,36.33984323,37.48016739,40.61829718,42.75725503,44.9910248,45.63491712,45.82508483,46.00655283,46.05138663,46.1111109,46.44425969,46.83744599,48.22044704,48.35279763,48.88746298,50.02352787,50.21125969,50.73947074,51.27241099,51.70272815,52.52280492,54.3792656,60.16637984,72.42053554,73.15246404,77.70809435,77.90763843,79.07992705,79.54430866,79.60716809,79.99442415,81.26629395,81.31817954,82.55727994,83.97442974,88.05552227,88.4218858,89.90295326,90.91041887,91.03099755,96.36171995,97.25322249,97.60466754,98.39447247,99.77418842,100.36954101,102.13370635,104.16656129,104.69732688]","[1,5,5,1,0,0,7,7,5,5,5,5,1,6,7,1,0,7,3,6,1,0,2,1,6,4,3,1,0,0,0,1,3,0,1,7,1,2,4,2,2,4,5,0,2,3,2,4,0,7,3,3,6,3,2,7,3,6,2,3,3,3,2,2,2,4]"
"[10.45552025,15.43340247,20.69275914,22.37837676,28.44599316,28.68745496,31.1234611,31.54643226,35.4219838,39.01293675,41.62973238,45.39146325,48.43765704,49.71811865,52.84434502,54.18812838,55.42644236,57.24384098,57.94559947,58.08351691,58.1662899,59.37315824,59.65794096,62.44209101,62.68758491,63.6455568,68.41376428,70.95953517,74.87759285,75.72967869,76.57707945,76.65677895,77.39642401,83.10307613,84.83091676,89.92928169,91.99528206,92.23831961,92.73284923,92.85963227,93.05462297,93.691218,96.08074359,96.56806801,97.39593833,101.14753009,103.6890605,103.92682208,104.35418901,104.61403546]","[3,1,0,6,2,0,5,3,0,7,2,3,7,5,2,3,6,1,0,1,0,1,1,7,7,5,1,1,0,2,1,7,1,5,4,1,0,0,4,1,1,2,1,0,1,1,1,0,1,2]"
"[5.40001814,8.53517747,9.02153153,9.63689859,10.81182916,13.3400407,14.17511517,15.27799727,21.13103921,24.21160426,24.83555902,26.18359872,26.2351619,43.96246245,46.72800973,50.49112554,51.82911827,52.50630381,53.21469416,53.78698252,57.83302398,59.93020381,67.13978996,67.72671432,69.62365224,70.95992173,71.61678439,74.30106587,75.41715883,76.56183866,88.89001159,89.87138744,89.98768262,90.09318709,91.05372741,92.4673874,94.1139491,95.22759756,95.47783887,98.60027538,100.78645999,100.86052837,101.09903622,102.2616638,103.23626961,103.93085246,106.4557953,106.874609,107.42947673,108.93615025,111.99856583,115.6529112,115.74305674,116.10421117,117.22614623,121.00703873,122.08625951,122.45332837,123.97218134,130.43823117,138.2288708,138.73981167,139.05488941,139.5785769,139.60960527,139.78779347,146.91659843,150.8870974,153.93884088,155.59855719,156.71042206]","[1,3,5,6,2,2,3,1,6,7,4,2,3,4,6,7,2,3,2,3,6,3,7,2,1,3,2,5,5,5,2,3,3,7,3,7,7,0,6,1,6,0,1,1,2,0,2,3,3,1,5,5,5,4,7,2,2,2,3,2,0,3,0,1,0,1,0,4,1,1,0]"
"[1.76186694,3.63145832,4.39707694,4.4789348,4.54208857,4.90276956,5.72778968,6.98360528,10.41559479,11.23012776,12.11643795,19.58250922,20.03866872,21.83658107,22.5024108,22.9138241,23.7884335,23.99047924,24.44222097,24.5948675,24.83671478,25.0064881,25.20845764,25.23878426,25.4928799,26.08469384,28.82608454,29.09358547,29.44270541,29.79959602,30.07742396,30.57794209,30.82005948,31.45667154,31.87942178,32.23675222,32.23906561,33.63553753,34.20744203,35.72246113,35.74425274,36.58447739,37.07405957,38.25258671,39.22795012,39.56091925,40.01563356,41.76552071,42.36053478,42.80433043,43.98825305]","[7,4,0,1,0,3,0,1,1,0,1,7,1,0,1,7,1,0,0,0,1,0,1,4,0,0,0,1,1,0,0,1,1,0,1,1,0,2,1,1,0,3,3,2,3,3,2,3,7,2,4]"
"[1.33613215,4.82646888,9.59926048,9.8074671,11.43278292,12.88478729,13.06330402,13.50106837,14.77879494,15.19936054,15.72545118,16.11653722,16.1878709,16.61742808,16.64627029,16.66186077,18.21807956,19.67786689,19.70374035,20.29251363,20.34089319,20.4356465,21.5618554,21.62359975,21.80000325,22.09660109,22.19527509,23.68340958,25.59987276,30.0276286,31.38939823,31.67450929,35.19925653,37.49242185,37.56261034,41.9129798,48.69036061,58.77545058,59.79713928,61.73034293,62.19999634,62.49342359,62.64884299,62.97998539,63.14368145,63.16095586,65.94881315,66.6247713,66.90792426,67.37900043,67.72070718,68.53589665,68.60736121,69.23272072,72.31036552,72.38758253,73.02826839,78.97382552,80.30019383,81.68734232,83.10753414,83.64980434,84.02994003,87.15123692,90.31664781,95.32752435,96.89108752,97.2701788,97.2997964,97.56764025,97.87159832,98.29303135]","[1,3,1,0,6,1,0,0,0,5,2,1,7,0,1,0,1,0,0,0,1,1,1,0,1,0,7,4,1,0,7,0,4,2,3,7,2,3,3,1,3,2,3,3,0,3,2,3,2,3,2,3,3,3,3,4,6,5,1,0,0,1,0,1,1,0,0,5,1,1,0,1]"
"[6.64425989,8.15273927,8.15650233,8.60147846,11.47317717,11.7345992,13.29026261,13.39928383,13.79324836,16.38880535,16.55531128,16.83090047,25.39324113,26.97047222,29.46611466,30.2282466,30.7745207,42.57099697,43.43530379,43.9499314,44.05075645,44.84873424,44.99316628,45.00345766,45.31827377,45.76174928,45.8988302,46.03205311,46.04610822,46.0570422,46.19020979,46.58698813,46.62606433,47.68749739,47.86796791,47.87834324,48.18793039,48.33213953,48.42922809,48.52182768,48.86015849,48.88671799,49.12057236,49.19462944,49.34024198,49.72595871,49.75972563,50.172774,50.52324978,51.04834058,51.34224074,52.26859629,52.52446869,52.59280595,53.14420343,53.27615772,53.47447719,53.65015636,53.81151536,53.84292943,53.94556308,55.03092429,55.56439134,55.8667276,55.9029415,56.19414118]","[4,1,0,0,2,1,5,0,1,7,0,5,0,1,5,0,5,0,5,4,1,4,0,2,3,1,2,0,1,0,0,3,1,0,3,0,2,3,3,0,2,1,1,2,1,0,0,1,1,1,1,1,0,1,1,0,1,3,2,6,1,0,0,2,1,3]"
"[4.46620605,4.61762194,5.07026527,16.00454602,20.33589589,21.32456166,23.40513951,23.69288329,24.34919107,24.89351018,25.24073204,26.88167081,28.73190746,29.21150201,30.76638924,32.55892602,32.65452222,35.62489365,37.1537069,39.12972627,39.16923937,39.3093526,40.59075073,40.79935304,42.45684204,43.54299977,43.92145234,46.07421893,46.35527154,48.52090613,49.15415471,50.83718695,51.07908063,52.50423738,53.43428551,53.71317763,54.12695768,54.65642943,54.84756601,55.13270889,56.27713458,59.29777625,59.95956858,60.80436356,60.85491542,62.06770198,62.98501586,63.2997023,63.68888936,64.27931686,64.39848853,64.56261548,65.01440336,65.25974678,65.4498677,65.64607302,65.75756168,65.86550461,65.89518701,66.1166525,66.19415978,66.59042227,66.59707701,66.60855235,68.39951793,69.54947308]","[2,3,3,5,3,1,1,0,0,0,1,1,5,2,7,2,3,0,5,0,5,1,0,1,1,0,1,3,7,1,0,1,0,0,1,0,1,0,1,1,1,1,7,0,1,3,0,0,3,0,2,1,4,1,1,1,0,1,1,1,0,0,1,0,5,1]"
"[10.73308366,13.21224408,15.76872831,15.76968816,16.14647181,16.57142077,16.65201319,17.59169918,19.66568801,20.40492825,22.38176045,27.76555932,46.87738292,47.22718062,48.99784752,49.25484771,51.57989453,51.72376592,54.56667361,59.43334792,62.11026617,62.90276825,63.61176485,64.25796253,66.09201992,67.18215117,68.73071467,72.59281187,73.80146476,74.71821602,80.19109462,80.42739189,83.00769179,84.11596871,87.56731518,90.72933917,95.16171236,95.19171395,97.29150441,97.41249143,97.41839582,97.72269799,98.05567124,98.11309915,99.49613565,100.91449172,101.84773477,101.96939294,103.26840758,110.50737503,110.55623641,111.56641103,113.49901901,125.76256507,127.41230193,127.88525802,128.06874973,128.15054902,128.93838159,128.98327423,129.00887794,129.45124648,130.17867168,130.55965839,131.52900263,132.30207755,132.65390972]","[4,1,1,0,0,0,5,7,5,3,0,0,2,1,0,7,0,1,1,1,1,0,1,0,1,1,7,7,3,0,2,2,3,5,4,5,3,4,2,1,0,3,0,5,1,2,3,3,2,0,5,1,7,0,1,0,0,1,1,5,5,0,1,2,7,6,0]"
"[2.21765529,5.38949015,8.2775994,13.59173659,16.97483611,18.78221616,22.40311819,23.31062394,26.20669142,27.26619817,28.31448851,28.81025598,32.40881731,33.29847688,37.62655113,37.72253226,38.36858949,38.38790016,38.72831115,42.68144658,46.69277079,48.62017712,49.20540731,51.07420492,51.16917045,56.62444814,56.80458891,57.31683382,60.46151392,61.39783245,61.78848817,61.93381464,62.05475863,62.37553296,63.07385365,63.16799435,63.23989515,63.78493833,66.48177827,66.50991106,67.40952298,67.4761412,67.63408776,68.42374115,71.23625688,72.79667007,72.88487425,73.23545417,74.44009087,74.54903124,74.84354652,74.94770357,82.53857279,82.57058335,83.259947,84.42718875,84.44821879]","[7,7,4,1,5,6,2,5,4,0,3,2,2,3,7,1,0,1,6,5,2,2,6,1,6,7,6,1,2,3,2,1,0,1,4,1,1,0,1,0,1,0,1,0,1,2,3,3,2,0,3,2,3,1,0,3,3]"
"[1.67211676,2.39153109,4.11083433,6.36533977,14.10621559,14.14114297,14.35945417,14.50558906,14.52893562,14.96628694,14.99404235,15.72794744,19.27941203,22.43116488,22.44966601,26.87885378,29.2862015,32.3219438,32.74922057,33.12057644,33.4414478,33.85798799,34.044255,35.27229456,35.58844632,35.92187292,36.13928067,36.29082538,36.51349664,37.34935062,38.05521373,38.13892633,38.90670106,39.65649128,40.07001533,42.59245071,42.71009255,42.74825613,43.63369225,45.10938489,45.17660861,49.24935395,52.21699543,56.31329479,56.33830731,57.12908286,58.01925754,58.19231076,60.01459149,77.58398757,78.97192111,79.89908855,80.02463482,91.0610041,92.82486096,97.95344824,100.2394762,101.94569332,102.36563064,102.55790502,104.45379749,105.99116695,107.45190875,111.92417505,112.01316801,114.27871762,114.79235975,115.46628944,116.33044661,117.10259714,117.29745965,117.55626822,117.65214218]","[4,4,7,5,4,3,2,4,4,2,3,1,2,0,7,1,1,0,1,1,7,5,2,1,7,5,0,0,1,0,6,0,0,1,1,0,0,7,1,1,1,0,0,1,0,5,6,2,7,2,5,2,7,3,2,1,2,1,0,1,1,2,5,0,1,5,1,0,1,0,2,0,3]"
"[0.44335461,0.69116466,1.06655139,1.1476159,1.29701004,2.46057936,2.9577169,3.80107557,4.61428658,6.14152624,8.02478848,9.53592884,9.79581923,11.54555107,11.57011738,12.31661101,12.47481956,14.12173881,14.29709388,14.35305654,14.57188621,15.19354515,15.24610434,15.4771427,16.23032781,16.27808381,16.3555202,17.19318677,17.31303711,17.38215215,17.79270211,17.88295584,17.94732118,19.84466272,19.94441527,20.44880826,21.04064762,21.22472006,21.41706893,21.82924645,21.87425134,22.2339479,22.429656,22.68820508,23.1348786,23.76844056,23.83640883,24.02458584,24.78901061,25.54200611,25.59850353,25.70175603,26.59003447,27.00510559,30.80556376,38.19657895,40.50851386,44.46664165,44.63795628,48.43881766,51.46286305,52.76668725,53.42484871,53.65434853,54.42370098,55.33128952,55.68713822,55.73292203,56.52528002,57.48305051,57.55399407,59.63094769]","[1,1,2,3,2,3,3,2,4,5,1,7,7,1,0,1,1,0,0,1,1,1,0,5,0,1,1,5,0,0,1,5,1,1,0,1,0,0,1,1,1,0,0,0,0,0,1,0,0,0,1,0,1,2,1,6,7,0,1,4,0,1,5,0,1,0,1,7,0,0,5,1]"
"[4.84717934,8.29195364,8.69612534,9.30796166,10.24546629,13.0789252,13.88574922,13.9927219,14.0068478,15.75578114,16.28954296,20.66100431,21.17442403,21.53034919,22.80282961,33.99029017,34.63448797,34.74110793,36.8728159,37.10370032,37.3004102,41.51202661,45.10708527,54.98953436,55.31432518,55.32907687,60.0305492,66.48633536,71.62998817,71.81134047,86.69280717,91.01095162,91.79243704,93.3351773,94.99818917,95.74330008,97.01941903,97.27241499,98.35040884,98.89350955,98.98764338,104.32496982,105.75646377,107.89317393,109.53238758,109.61500434,110.56966477,110.81078876,110.81673246,111.73909533,111.78378276,112.47353243,113.61871261,121.58572786,121.89865601,121.9898871,125.45256307,125.4878542,129.61297216,130.6029118,130.82653656,131.09644427,131.85401302]","[2,5,3,2,3,2,6,0,7,4,7,0,1,0,0,2,1,0,3,2,3,2,2,0,1,0,3,5,0,1,7,6,1,6,1,7,6,0,1,0,6,4,3,5,0,0,7,1,5,1,0,6,0,1,0,0,5,1,6,1,1,0,1]"
"[1.76067498,1.97798922,7.71744784,11.97374977,12.2099741,14.37204556,14.44766598,16.58058312,16.95000393,17.18874986,17.39834289,19.11680108,20.8004177,20.80854722,20.82258114,22.16042276,22.66328289,23.05115541,23.26263178,23.35665652,23.51405704,23.76207683,23.98332121,25.17257257,27.67037581,27.81497244,27.99048432,28.15656412,28.51727051,28.54065759,29.71559846,31.01250147,31.46927547,31.5032943,31.57412278,32.32787859,37.18990045,39.76000176,40.45591958,42.76651078,44.63380131,45.16810869,50.23616234,51.08790048,51.47857759,55.13462678,55.33577105,55.38614735,56.01563866]","[1,1,6,1,0,1,1,2,3,7,0,2,3,3,3,2,3,3,2,2,2,3,5,3,1,4,3,3,2,3,2,2,3,2,3,4,7,0,1,7,7,0,1,0,7,6,1,0,5]"
"[3.23143364,4.20733654,9.45677979,13.04276384,15.93620037,17.3666084,19.01494321,19.27805604,20.48635133,21.42958636,23.70278592,24.68888777,29.95647294,30.59280501,31.38718889,32.44490785,35.73008449,40.93876052,52.99465669,53.1157414,54.75787952,55.59057668,56.0263059,57.07091504,57.53194197,58.13190431,59.78389646,61.67527639,63.42031679,63.76306147,74.46500353,78.44077397,86.27971679,89.54375294,90.66745865,95.07385404,98.75431625,99.48026423,99.9713584,101.5439523,101.70917113,104.08848886,106.52052747,106.73779762,111.2209746,113.50688432,114.05783706,116.86185351,119.90675682,125.98671611]","[3,4,5,3,4,7,2,1,1,0,0,4,7,2,2,3,3,5,7,7,0,7,1,2,3,2,3,4,3,5,7,2,3,5,7,4,1,0,3,7,4,1,2,3,3,4,3,2,3,7]"
"[0.77451086,2.03269187,2.35865903,2.53732777,2.87564875,3.27197004,5.34755316,5.37874843,6.68985491,7.4235785,9.78232047,9.99389324,12.10593081,12.40511188,12.83743947,15.11266825,16.1721215,16.58076293,16.7295005,17.29795075,18.98585503,19.67930745,20.01948261,20.74515559,20.79321865,20.80518947,21.05476887,21.10496641,21.39980515,21.42109036,21.42681091,21.43108919,21.62537909,21.91461881,22.07718704,22.32945124,23.15628782,24.44447355,25.69055533,26.00963847,26.03772749,27.29264072,28.77584889,32.66027158,34.91455186,45.00507564,45.42497448,49.11645971,49.83105478,55.29249304,57.11112664,57.69862833,59.25214082,59.48538654,59.59727255,60.07337907]","[5,1,0,1,0,0,2,1,1,0,1,6,0,1,0,1,2,1,6,2,0,5,0,2,1,1,1,0,3,3,0,1,0,2,1,4,4,2,5,1,1,0,0,4,7,4,2,0,1,1,1,0,0,1,0,0]"
"[4.548125,5.19938723,5.57270175,5.80360908,5.93498117,6.46883661,7.14377919,7.67267852,8.16632212,8.17453013,8.82760804,8.97262066,9.78215157,10.09549321,10.29757253,10.45442129,10.88763289,11.10128115,11.53958472,11.69895806,12.49564572,14.26842654,14.99830917,16.16516087,16.26651109,16.45391391,16.59522394,17.38495327,18.27029695,18.41527788,18.51364352,19.64871567,19.73387763,19.86850686,20.42240429,21.59812377,21.95843171,22.66345492,23.71171611,24.49796081,25.2978697,25.35051363,25.41977425,25.4293399,25.65141894,26.47579173,26.61201064,26.80270113,29.75301048,30.58430846,31.06248724,31.26755995,31.95436197,32.54055173,32.83571349,33.31671765,36.37835045,38.08239407,38.12885645,38.60012111,38.73352605,41.78819331,43.14607148,48.69305293]","[2,2,2,3,0,1,3,7,3,3,2,2,2,6,0,1,1,0,5,1,6,5,0,1,0,5,0,5,0,1,6,0,1,0,1,0,1,0,1,0,0,0,1,1,0,1,1,1,1,0,0,0,1,4,0,1,2,0,1,1,0,1,1,7]"
"[2.1588393,13.98089068,20.01220493,21.47517793,24.21356736,28.17818555,33.12482249,37.38508764,41.36176929,42.85028278,43.32011421,45.91779375,45.95232421,47.24283315,49.5086386,49.57527892,53.39327894,62.66850755,63.10875478,63.68390642,68.65345463,72.54702502,74.57640657,75.7079379,81.32763339,82.88291093,83.17847188,86.86540306,88.24568728,94.15425828,96.97621351,99.54594495,101.79058578,106.52993486,109.38191782,110.96981665,112.15434698,113.07044627,115.24623152,115.65275039,115.95841496,119.01930079,120.92909842,124.70745051,125.46018732,125.55138699,126.23640027,126.94194717,127.19796128,127.94664311,128.00194552,128.52325101,128.96069385,133.76384374,133.8515053,136.9681096,137.14207632,138.38486124,138.41870858,138.99241362,139.61504945,140.8685197,142.93958918,144.77342539,145.3425784,147.34715557,152.15071011,152.95884079,154.31703682,155.64186183,155.99006649,156.31875202,159.07776814,160.61207259,161.7340836,164.55033629,165.91317356,169.73764866]","[7,7,7,6,7,7,5,5,2,3,7,3,5,2,3,3,3,2,3,7,7,0,4,2,6,2,3,5,5,1,0,4,5,4,6,1,7,0,1,0,1,2,5,0,1,0,1,0,1,0,1,1,7,7,2,0,3,1,5,4,5,1,7,0,1,2,3,7,4,2,3,2,2,2,3,4,3,2]"
"[2.72154243,3.89684251,4.90193802,5.17895377,5.29870371,6.30631861,7.56026894,7.85184632,8.41424768,8.49331312,8.59858523,8.95147269,9.57104407,10.37343236,10.62749591,11.28290306,11.54646738,11.60801232,11.96889041,12.04654173,12.14735686,12.17261464,12.18173094,12.6542851,12.71091815,12.72438726,12.75417282,12.89931152,13.04930035,13.92615851,14.04814411,14.25940295,14.42599057,14.99893161,19.68918702,21.44298835,21.67030525,22.03138593,22.37341502,22.80137998,23.36106982,23.47117173,25.02254996,25.06723957,25.8901237,27.07588426,27.37284831,28.640672,29.45173494,29.70838379,31.9097793,32.22830644,33.19181648,33.47418858,34.30024731,34.79625768,34.81802965,34.97690982,35.24771668,36.49550815,36.91006232,37.37848007,37.50247937,37.75745914,37.76779075,38.44085479,38.79478696,38.8630408,39.24103952,41.82549822,42.07830746,43.71354147,44.04098075,44.17290318,44.65642081,46.95913802,49.72059492,51.04965319,53.18311924,53.8438401]","[7,0,1,2,0,0,1,1,1,0,3,1,0,0,5,0,1,0,0,1,0,1,0,5,1,1,7,5,0,0,1,1,5,0,4,3,2,2,2,7,1,0,3,1,2,7,1,4,3,0,4,1,6,2,3,2,3,3,3,0,1,0,0,1,1,0,0,1,0,1,1,2,3,0,3,7,0,1,1,0]"
"[1.20118431,2.56707724,4.29888288,4.55396528,11.7227742,12.40230095,13.87435624,14.13858759,14.26478349,18.40206119,20.71381052,21.26968253,21.68788184,24.65614031,25.21633374,26.10268404,26.98067087,27.64801,27.95427612,30.19884311,31.21090166,31.28768841,34.75283739,35.41148182,35.49687672,35.85663309,36.79079428,36.79491736,38.64425295,39.572527,40.6538773,41.56630372,42.54373899,43.26262687,44.91066919,45.21111923,45.2420276,45.27357229,45.96585439,47.2441973,47.94947753,48.5723343,48.60604563,50.00692999,52.31679421,56.35113287,56.63737284,59.41287378,67.91811473,71.04193666,74.05006462,74.82003404]","[5,1,1,5,7,4,0,5,1,1,0,4,1,7,1,6,6,4,0,1,0,1,1,0,0,1,7,1,1,7,0,1,5,0,3,1,1,0,4,1,0,0,1,1,1,7,5,1,3,2,4,0]"
"[1.0947108,2.18488206,2.34133226,2.61766158,3.46217568,3.52695509,11.82127777,22.07865258,24.84649134,24.87333381,24.95916462,26.5531432,26.57742366,29.43069431,29.80429729,31.1633076,32.67706838,32.9045983,32.9890873,33.02575896,33.71807386,34.69034872,34.74679819,35.89035497,37.63413528,39.28655565,39.73899264,40.58453041,40.7990819,43.94212708,44.45914322,45.24700378,52.00478242,54.08366985,57.93897564,59.23192559,59.2408407,59.35908921,59.87580049,60.71831937,60.84285698,61.33609574,62.83685059,63.81567693,63.93195667,64.04920009,64.57648126,64.90159062,71.39329722,76.80416927,76.95041538,77.02608593,77.43857582,77.51991067,78.24456072,79.34281135,79.87047648,80.24706776,81.70397048,82.65461692,85.96621758,92.73494442,96.5331522,103.23326172,105.03813066,106.58490821,107.61194669,108.04930261,109.06680549,110.62714513,111.04161534,111.30942624,111.60905913,111.64466764]","[1,0,3,5,1,2,1,1,0,1,1,1,0,2,4,3,3,7,4,0,7,1,5,5,1,4,0,6,6,2,0,1,1,5,4,3,6,2,3,3,2,3,3,3,3,2,2,7,1,0,3,2,6,7,2,3,3,7,3,2,2,1,3,4,3,1,0,0,4,1,2,3,0,5]"
"[0.09170092,5.17853126,5.3948438,5.51841242,6.05576817,6.20197124,6.81052996,7.28790797,7.69921044,7.76114318,8.44551065,8.79486682,8.98669831,9.44314924,10.47306026,10.47753665,10.53482957,10.70106977,10.88912837,10.96756172,11.06743383,11.48579097,11.62022996,11.70991882,11.82261455,11.99823157,12.18559441,12.19645103,12.4602957,13.86848063,13.87678064,14.15452848,14.24980254,14.38090909,14.3950191,15.36455177,15.42409544,15.95861218,16.28832458,16.52721087,16.54637516,17.47815521,18.33835088,18.70788638,19.17943094,19.4512393,19.62821238,20.39381361,20.41037672,20.59883506,21.39107498,24.00868253,24.40765809,24.9713529]","[4,1,5,0,0,1,5,1,1,0,0,1,0,1,0,1,1,1,1,4,0,5,2,1,0,3,2,0,5,1,0,0,0,1,0,0,1,1,1,0,0,0,1,0,2,0,1,0,0,1,1,0,4,1]"
"[2.73418859,2.79893688,2.90704346,3.55924556,5.60705428,7.49466842,7.98220089,8.89087596,9.27800862,9.94103214,10.44301613,10.71278861,11.5953878,11.73799585,12.07096111,18.10452481,18.48329164,19.49933292,22.47610121,23.83777844,23.98861923,25.6439315,26.7024797,27.07955216,27.14176972,29.11219709,29.84510651,31.20603277,31.53854651,31.94109525,32.57074807,33.61924045,35.40959081,35.9923023,37.02573116,40.48576135,42.25045409,42.40690058,44.81941877,48.53961227,50.95573728,55.94395408,66.81757457,67.00286771,69.94606326,75.15431425,76.22417581,78.1109533,79.46697363,79.62757526,80.84360721,81.067475]","[2,3,3,2,3,3,2,5,3,1,3,2,5,4,3,3,6,5,5,2,3,0,2,7,1,3,0,1,0,4,0,1,2,1,7,0,3,2,1,6,2,5,2,0,1,7,1,1,2,1,3,0]"
"[4.66111809,9.36367016,9.47124275,10.7597587,12.36318167,13.69963551,14.27235194,17.03025654,21.2480969,21.54792261,21.74417685,22.52567252,28.55327094,28.57391789,29.33269194,34.60895245,38.99461824,39.25332747,39.50572541,39.73730043,39.80726616,39.86916754,39.90372884,39.97196001,40.98117872,41.58045813,42.17287313,43.53078579,43.57675079,45.37354774,46.08902516,46.5861482,50.07528951,52.08247254,55.76464813,56.12032846,58.58351231,59.69899968,59.84344666,62.95781049,63.36819857,68.87362555,72.02250493,72.06046661,73.60988462,75.99010808,76.3220893,83.18941678,98.36210425,100.24108012,102.01212786,108.02952787,113.13018286,116.74984271,119.74368446,124.61215897,131.40462284,136.30786239,137.26544134,137.69588297,138.23416548,138.9078274,139.77002685,139.81189792,140.28376322,140.54184969]","[4,0,1,2,3,3,1,0,5,0,1,1,2,7,3,2,1,3,3,3,4,6,3,3,2,2,3,5,2,7,0,1,1,2,1,0,7,4,1,5,6,4,5,5,5,5,5,4,4,1,1,4,2,3,7,2,5,0,1,0,0,1,0,0,1,7]"
"[1.13992415,6.35275548,12.38630045,15.77462773,18.15851362,21.5174215,22.95397444,24.20962835,25.84050282,26.25683746,27.65321016,27.70324018,28.9881804,29.80597285,29.88503912,30.02283089,30.15137657,30.38773407,31.21473088,32.12869333,32.19628166,33.81939587,36.82469169,38.06928735,45.87256672,47.917181,49.90089433,51.61416765,52.43333986,54.26474926,56.10553952,63.81398028,65.88028607,66.74280825,67.1756295,69.44938203,69.49700408,69.51302494,72.10632771,72.50491351,73.19821918,73.29930662,75.09461402,75.9467114,77.04890255,78.13744182,78.38071011,78.45105581,79.4221004,79.6624856,81.21252694,81.22747886,82.25396973,82.47653374,83.21747675,85.24910631,85.35179668,85.43289496,86.60098941,86.72411619,86.94695307,87.60177277,87.66392841,87.83934019,88.01904544,89.73983248,89.78009111,90.50017938]","[5,5,2,1,3,6,4,1,6,2,3,2,2,3,4,3,2,1,2,3,3,2,4,6,4,0,1,0,1,4,1,1,6,6,0,3,2,3,3,5,2,2,3,2,7,5,5,1,0,0,5,1,7,0,5,1,1,0,2,1,0,0,3,4,1,0,7,0]"
"[1.71234416,7.71434615,9.47182377,13.64190129,15.32932758,15.98893643,16.40665238,16.5901557,16.7727613,17.02177445,17.56148514,17.63481325,17.64096328,19.02628828,19.5501276,19.99467112,20.1855575,20.30990259,20.65023613,21.02899375,21.03991425,21.10442228,21.11075652,21.31867727,21.35384686,21.51715699,22.32074287,22.4371942,22.4686223,22.60024804,22.83851305,23.05522224,23.34518541,23.52105702,23.8638669,23.88040132,23.9257777,24.43999687,24.62673761,24.64084705,24.91813168,24.95395518,24.99941492,25.32269659,25.60402293,26.55109471,26.81130773,27.57809458,28.52799899,29.05447063,31.05618224,32.15656781,32.26459162,32.54965895,32.77728792,33.66327149,34.57772496,36.33113904,37.102597,37.3002481,38.19561192,38.47095947,38.93321616,40.34137086]","[2,6,1,3,2,3,0,2,1,0,3,3,0,0,1,0,0,6,0,1,1,2,3,1,2,3,1,1,1,3,1,0,1,0,0,0,1,5,1,1,0,0,1,1,1,0,3,7,0,1,1,0,1,0,0,5,0,1,1,0,0,1,1,4]"
"[3.81537484,6.34966293,17.16775662,20.93102805,21.98511182,25.21188012,25.87125991,27.66905341,27.78957801,30.18142058,30.48104429,30.87382266,31.73045139,31.83095706,33.20350826,35.98175327,37.14075486,42.03133183,42.12115621,42.49735053,42.65635544,43.12449133,43.92381758,44.25721824,44.86485095,47.89110806,48.05757796,51.08688194,51.76235777,53.13813618,53.53326483,54.37370573,54.76551711,54.94756743,54.99443166,58.50609518,63.85922232,64.73588752,65.65755672,67.55041099,67.5755009,68.24785828,68.40910817,68.5344924,68.82338919,69.91399595,70.08434989,70.364535,70.93759399,70.95073783,76.68072264,84.03318157,84.50495966,86.46973027,87.57293327,91.00421779,93.58481206,94.61683747,94.76420041,95.95071969,96.04269681,96.40914381,97.28698828,99.41448134,99.47822923,101.74557439,101.79582587,102.07587921,102.45663596,102.48952678]","[3,7,5,6,3,3,1,5,4,5,0,6,7,5,4,4,4,4,1,0,1,4,0,2,0,5,1,5,1,0,1,0,6,5,0,3,1,0,1,1,0,1,3,3,1,2,2,0,0,6,3,0,5,2,3,6,3,2,3,0,1,1,1,4,1,0,1,1,0,0]"
"[1.89821403,2.61783668,2.67006369,6.22321031,7.68505844,28.28267747,31.82027786,32.25186789,35.7917927,37.23110552,37.34508985,38.74145759,39.26158213,46.67690435,47.71902118,47.80271803,48.12557521,48.2848912,48.57367623,48.93904944,49.4325633,49.44364803,49.57205815,49.67398381,50.58663479,51.14069762,51.2227114,51.58449937,52.41542005,53.24737237,53.56600827,53.67056961,53.82562899,54.03174447,54.75182508,54.9853114,55.41899947,56.20998986,56.66219915,57.23920616,57.35384854,57.61288535,58.40761448,61.43741268,61.74286626,61.92188753,62.55483847,62.8864295,63.22887308,63.23565132,63.24229698,63.90878567,63.93288174,64.29979536,66.116502,66.76033683,69.11155032,70.43059326,70.45437241,71.10661385,71.55318252,71.55705773,71.90397542,72.30051136,72.41275494,72.81670986,73.15403843,74.19925037,74.20027189,75.29191016,75.90582792,75.92496211,77.97537958,78.54686146,78.89701934,78.99621114,82.58382675,83.07274806]","[1,3,0,0,1,6,6,4,1,7,2,0,0,1,4,0,0,5,1,5,0,1,0,0,5,5,1,0,1,0,1,0,0,1,1,2,3,0,0,2,0,5,0,1,0,0,6,1,5,1,0,1,5,5,7,6,0,0,1,1,1,1,1,0,1,0,4,5,0,0,1,1,0,0,1,2,7,1]"
"[0.60618548,0.79309762,1.57574772,3.79308202,3.88687249,4.18471936,4.20433414,4.38163967,5.04676528,8.98003567,9.57868325,9.86243745,21.16593922,23.54252607,24.22663369,25.25775497,25.28566347,25.44239101,25.50619586,26.15405548,26.94144766,27.68515993,27.77455521,28.22451622,28.44247552,29.20788514,30.20959975,31.98280868,32.28407201,33.40969273,33.70527386,34.32479735,35.46221586,35.5266446,35.88207886,36.84297028,36.96513338,38.83123954,39.25619204,39.35139913,39.59931102,39.8494696,41.08597785,42.9089371,43.68876772,44.35056437,44.72359358,48.74478036,48.80438189,51.1949564,58.56585996,63.71515642,63.8041288,64.67560769,66.2670923,69.37855326,70.44772632,70.69225223,71.00892025,71.6598134,72.1345143,76.38907274,79.0972856]","[4,3,5,1,0,0,1,0,1,7,7,5,7,0,2,2,1,3,0,1,0,0,1,1,0,0,1,1,1,0,1,0,1,0,1,0,2,3,2,1,0,0,1,0,1,1,0,0,1,5,7,1,0,4,4,2,4,3,2,1,2,4,6]"
"[12.76400072,14.92505066,16.14969162,16.86592699,16.94648862,18.99179987,22.45100232,28.33812306,30.52453637,31.62324722,32.25626444,38.90553255,39.89304638,40.03830698,40.26763233,40.53440445,40.94761997,41.30315143,41.38069778,46.81006935,55.27511553,57.07661549,70.9293325,75.13313312,79.91996669,81.8947085,85.58022432,85.67502828,86.20999576,93.06916185,94.54372683,97.35790648,101.61710249,101.95327946,101.96941471,105.10486371,105.4004538,105.9644649,108.39367895,113.91206915,114.58675922,116.29285423,117.27725658,117.46696183,120.36120638,128.11250763,128.64269109,129.85020148,129.86822756,130.28860264,130.85768531,131.54898751,134.01354546,135.56752506,137.73174049,139.12749466,144.12259245,144.77833224,145.47816646,146.61180063,147.24376289]","[3,5,4,0,1,5,2,0,1,1,3,5,0,7,1,0,1,0,1,6,5,5,5,3,5,3,1,1,7,5,7,7,4,0,5,7,2,3,0,5,1,4,0,1,7,3,1,4,4,0,6,0,2,2,3,1,6,4,1,0,2]"
"[0.53258449,1.81755893,1.9328532,2.28715283,3.14896212,3.40572707,3.68349641,4.89846868,5.8241382,6.0535978,6.17063411,6.20426751,6.90365923,7.08491022,7.82085739,8.57946161,11.53426012,17.02817097,17.38021592,19.97460215,20.77500471,21.2028585,23.39005695,24.09190499,24.44216194,27.47194707,27.74493996,28.13024811,28.13473145,28.16715313,28.25826939,28.82290212,29.0878187,30.58970211,30.80210039,31.19394548,31.87174015,32.09549042,32.23083221,32.77121734,33.15319158,35.31691168,35.64182038,38.13394333,38.50058099,40.15755923,50.5980639,51.271904,52.69271127,52.95221163,53.40075169,53.63736835,54.15755706,54.21320114,54.25021791,54.46872502,54.73469467,55.00468895,55.01286971,55.15178023]","[2,3,1,2,0,1,6,0,0,1,2,0,5,5,3,4,4,1,0,7,2,3,0,7,1,5,1,2,0,1,0,6,2,7,7,0,1,1,1,0,1,5,0,5,7,2,2,0,1,0,3,1,0,1,4,0,1,3,2,3]"
"[2.27668364,4.31584489,5.59679075,5.8595278,5.88564726,6.50171703,7.12552526,7.50074734,7.6486416,9.28859177,10.09409999,10.20296516,10.22204541,10.78802534,11.09740892,13.96573097,15.17889801,16.71748952,17.79501203,18.08638038,19.68554211,20.57770961,22.15835795,26.16609686,26.52739002,29.60322938,30.91086068,32.11825917,32.37400099,32.56693864,33.10164894,33.81565464,34.28447926,34.87396017,35.49182006,35.52244473,38.59781202,44.16872669,44.74247025,48.34171935,48.95697687,51.65430397,52.66044943,52.97207694,52.98133835,55.16447556,56.04178193,56.14500335,56.23708864,56.8236574,57.15857719]","[1,2,4,1,0,1,3,0,4,0,1,1,0,7,0,0,2,3,2,0,2,5,6,3,5,7,7,4,2,2,7,1,7,4,2,3,7,5,4,0,2,3,1,1,0,0,1,0,1,0,1]"
"[3.86031385,3.87491823,4.2604799,6.21141967,6.36153076,8.51794733,9.28233815,9.41789886,9.61578103,10.31589616,10.7461536,12.02199785,15.96689536,17.73165258,18.73804632,19.41841671,20.25587138,26.12669849,29.99827244,36.81789291,42.0145067,45.89393608,48.3598636,50.81873926,51.03052511,51.72029585,53.1719997,58.27836705,63.01756027,65.69632415,69.88841339,69.90487139,75.32010847,76.96097715,77.08174265,77.30995199,78.70752829,80.38694632,81.90294,82.10453332,84.94607897,85.03795039,91.70300727,101.82499418,102.83437194,104.91931371,112.2853457,114.13728814,115.86732479,116.01276743,117.06961269,122.29557676,123.29618567,125.72871149,127.74262859,128.11733424,128.43210132,131.32950312,133.06619835,133.23333197,134.52738866]","[1,0,0,1,7,1,7,0,1,0,0,1,1,3,2,3,0,7,4,2,6,2,2,2,3,0,7,3,5,6,2,6,0,0,2,1,3,0,1,0,5,2,2,3,5,7,7,2,1,7,0,5,4,7,2,5,3,3,6,3,2]"
"[0.78127416,2.30122855,3.86202353,4.80915039,7.37948859,7.6705989,11.99411007,12.15260288,12.56896172,12.60254005,13.71223647,13.74885096,15.17736999,15.28505908,16.08102053,16.34909225,16.9885578,21.08764059,24.00902859,26.53040944,27.61897014,27.91598991,29.49952756,29.54187564,29.58086384,32.61312505,36.16524873,37.41044167,39.90116764,40.66921028,42.12311297,43.13957914,45.65897199,45.85109068,47.12588224,52.59653641,53.35103679,57.38330208,59.38670529,61.69996061,66.64524895,67.52744576,68.88986699,69.64204859,72.13308594,73.0689153,74.40471979,77.03600451,77.75658105,78.02375003,78.72606144,79.01006985,79.8902419,80.15579598,83.36739117,85.63814899,85.75306248,89.18370638,93.77794382,95.24516551]","[3,2,5,7,2,6,3,3,6,3,2,4,2,3,2,3,2,2,2,3,7,2,1,0,4,1,0,1,0,2,5,3,7,5,7,2,2,5,1,6,2,0,7,5,2,7,3,5,1,0,1,0,2,0,1,0,5,1,2,7]"
"[0.23837833,1.32524954,4.30002063,8.18216908,8.2676581,12.7655574,13.49838178,14.19674195,14.35631351,14.4061606,14.53804767,14.69902891,15.19254405,15.67053695,16.58924035,17.66736332,17.9170177,23.96855563,27.02333631,36.19060825,38.34670357,38.38827665,38.50281792,39.25845555,43.49467277,43.6127402,47.78521583,49.63925385,50.67422238,54.3649718,55.89597033,67.92907893,69.03731854,69.93028916,70.53923227,71.41967161,71.76002611,73.78731251,75.25671441,78.30229874,88.08870657,89.68276131,90.39057979,94.98619496,95.6438273,96.4983383,96.9635748,98.27675493,101.88781646,103.43990986,107.90340546,108.13906506,108.65938018,110.32739681,110.83358027,121.01395868,127.10069364,130.53287531,131.17927998,131.19238185,131.7601095,132.61591523,135.2561985]","[1,0,7,2,2,2,3,3,2,0,1,1,4,3,0,1,0,1,4,5,5,4,1,1,0,1,5,3,7,7,7,0,1,1,0,1,0,3,2,6,1,2,3,2,1,0,0,4,0,6,3,2,3,0,2,7,1,0,1,1,4,0,1]"
"[4.46005975,6.18812884,6.82069247,6.90887904,9.76165035,10.21641072,11.01583359,12.09477567,12.64190029,12.65335385,14.47504252,16.49820471,21.63806493,21.85232622,21.90328514,27.02152023,27.06118551,32.08838163,41.53229425,43.60355298,49.07316248,50.25657735,51.16149039,52.33413847,56.34847556,58.30055566,61.38837033,61.73366426,62.71152196,63.00497833,66.6813244,66.99764177,67.49862778,67.73535129,68.97288079,69.46049421,70.36056816,70.45735235,74.58697891,74.75269976,76.57271065,76.69725741,79.82069392,79.84594757,79.87342197,80.21154812,80.51029868,80.68861088,81.44293502]","[1,3,0,1,5,0,1,0,5,5,0,1,1,0,0,7,1,5,5,1,7,1,1,2,0,1,0,7,5,1,1,0,0,0,3,1,2,3,7,6,3,6,2,2,3,3,4,3,3]"
"[0.62402575,1.52915714,3.5471645,7.75378152,9.75214556,13.574404,14.17828962,14.78683246,15.75100941,18.27945725,18.29435135,18.37436615,19.24308422,20.39479263,20.77302234,21.12211543,21.56473854,22.32262606,23.4744289,23.88133708,26.11137126,27.40331546,27.43020877,27.69949261,28.20749738,28.48865053,28.6772781,28.68544334,30.68361046,31.20484736,31.49602758,31.51161771,33.24327951,36.29712361,36.45829874,36.80943739,37.3613536,37.7362069,37.98191958,38.72005726,39.23110877,40.21244004,40.92619049,41.31181899,42.12348527,42.17626128,47.92927268,48.64453853,49.94078354,50.99934389]","[2,3,1,0,1,7,5,5,6,0,1,0,0,1,1,4,2,0,1,4,0,1,0,0,6,5,1,0,2,3,5,7,3,2,3,7,2,2,7,3,0,7,7,1,1,0,0,1,5,1]"
"[1.94968039,4.92906427,7.64522933,7.71693865,7.93399398,8.18079062,8.29915908,8.63735,9.85922274,10.0588452,10.54971227,11.33462534,11.97017498,12.85270401,14.9169773,16.01946398,16.22553117,17.25286095,17.61050284,18.40636567,19.06313429,25.6612543,25.66734407,26.59308693,26.63993288,27.82165988,27.92153218,29.75874252,34.6035363,37.40069731,40.57854627,40.83981993,41.06952917,41.1397848,41.25016627,41.68238334,42.46033521,44.29528146,44.38817918,44.90961269,45.01935538,45.23375499,45.40595614,46.14988435,48.50659591,48.68405761,48.78618897,56.7772396]","[7,2,1,0,1,1,0,1,6,5,0,1,1,0,0,1,1,1,0,1,1,2,3,1,7,5,0,2,7,0,3,6,3,2,1,6,0,2,1,0,1,0,0,1,1,0,1,1]"
"[2.43318923,2.96473779,4.23714974,5.15734232,5.7763439,6.28833088,6.31180044,10.95742418,12.05514381,15.98950516,18.06990333,20.4022527,24.5113101,25.99178619,28.77191597,30.69746209,31.41822958,31.81092274,31.86011393,36.92557034,38.57847714,46.24339457,46.38084229,47.02967589,47.23408562,47.28554032,47.40364312,47.83159657,48.44159402,48.45941593,49.35901474,49.942067,50.85045094,50.93672775,51.06351238,51.6096829,51.65765399,52.2556708,52.39514788,52.61361603,52.75531526,52.82392946,53.53531415,53.55476349,53.69517055,53.76902439,53.85623461,54.10542374,54.21410153,54.33370662,54.94264579,55.63211842]","[2,0,0,0,1,4,5,4,1,7,7,3,4,6,0,1,0,0,0,1,7,7,2,3,3,2,7,3,7,3,7,1,0,1,1,0,1,1,0,0,0,1,0,0,0,0,1,0,0,0,1,0]"
"[0.97197174,3.99514151,7.56505968,8.40938083,10.09154335,10.95104766,12.89872157,13.08562883,13.37599011,14.54403164,14.77963802,16.55914472,18.64905974,18.7285803,21.49204738,21.96605685,23.27959776,25.50161183,27.99216254,35.22161775,35.4628559,35.53640437,35.8220602,36.77310519,37.01358643,37.28523568,48.22912127,48.24065435,55.57042436,56.18775113,60.47880055,60.72059711,63.21587864,63.50108324,64.49980604,65.24364314,65.46903803,65.52781804,66.08659769,66.29895148,67.72963391,67.73546913,69.59446318,69.94291355,72.98473593,73.69600508,75.85295812,80.85573505,88.89541982,89.13189915,89.13493868,89.26186907,96.29285765,97.20736348,100.69371595,101.89104594,109.25623895,117.74842809,119.36147433,123.97289264,124.15378909,124.35888257,124.45978929,124.7955145,125.28620402,125.29377296,125.43217476,125.55931242,125.95636861,126.07108737,126.46044961,126.64569373,127.27776438,128.63897134]","[5,5,7,4,7,4,0,0,6,1,0,6,3,2,3,4,3,6,0,0,1,1,0,2,3,0,7,1,5,2,6,6,3,0,3,1,4,1,0,2,2,1,0,1,0,1,2,5,5,6,3,5,6,3,2,3,7,5,0,2,1,3,5,3,7,3,3,2,1,3,3,0,7,3]"
"[1.82602019,6.30416856,6.60929883,14.98546608,17.00458874,17.16958522,17.2328664,18.01105599,18.1155122,18.29095045,18.81472016,19.32315614,19.4579962,22.78944658,23.54526923,24.50213564,25.40903674,25.88854739,27.19571064,27.23493001,34.83316104,35.6647102,36.71528007,37.44926144,43.56606457,45.64388352,46.24236868,46.51671252,47.1110764,47.16377163,47.28333103,48.30645923,49.36648608,53.01104921,55.87475138,55.94030586,56.36548091,56.6314202,56.86021917,56.92116322,57.31200074,57.45376602,57.55961878,59.10414951,59.21897111,59.63426436,59.87215212,60.24366864,61.45023748,61.87635809,61.90362434,62.13371078,62.28375357,62.49622029,63.07897321,63.27665537,63.46255976,64.2410492,64.98160564,65.1076139,65.80111517,65.84742179,66.19720299,66.29910818,69.45328015,69.93247357,70.72940319,73.19707559,73.61149602,73.90397824]","[0,4,4,7,0,1,0,4,5,1,0,1,6,7,0,5,7,2,3,1,1,1,0,2,1,4,1,0,0,2,1,2,1,5,0,7,1,1,7,1,0,1,0,1,0,0,5,1,2,3,5,3,3,0,2,0,0,1,0,1,1,0,1,1,0,0,5,1,2,3]"
"[2.38313769,2.8510034,3.06421878,7.33284001,12.95308011,13.72133754,18.39857292,18.5806818,20.74982466,26.64349649,36.3139398,37.00756103,39.00855124,39.11579191,39.3198065,39.94208102,41.62713785,46.87633009,48.96660726,49.17256227,49.41850307,49.80557489,50.39843288,52.95746582,60.85548044,61.52773595,62.34017268,64.64102464,65.93580958,66.8505298,68.12854113,69.2359744,71.02454239,72.03324734,72.6178356,73.10257137,74.69917756,75.00105123,75.90416673,76.11868987,76.36754044,76.62485861,78.97210907,80.72608707,80.80729022,81.34823387,81.99931179,83.63949526,89.80483651,94.42729813,94.7767967,94.98077997,95.86326872,95.86730335,96.84680271,97.64262342,97.74952143,98.0554853,98.41210172,98.65496054,99.22349141]","[5,3,1,4,7,6,6,6,5,7,1,0,5,4,1,1,0,2,0,1,1,0,1,6,7,5,5,5,6,1,5,5,1,7,0,0,1,0,1,6,4,4,1,1,0,1,7,0,2,0,7,1,0,1,1,1,0,0,1,0,0]"
