event_times,event_types
"[1.22508405,1.34696668,3.96160901,5.06610443,8.08001628,10.10096364,10.74691357,13.28238175,13.32461296,16.23454699,20.14608674,23.92701309,28.72063912,31.85972863,33.91072276,34.1026199,34.82936552,34.84070919,35.94924234,36.52457506,37.57634007,39.49219716,39.85548591,39.87718425,40.13253763,44.55616514,47.57942922,49.20007727,49.96822175,50.2737546,50.51577882,50.81141559,52.74574872,59.67806504,64.92860508,68.56797643,69.01662826,70.07108218,71.70442293,73.15284465,73.59749509,75.30406741,78.31792859,79.29013264,81.18827525,81.24176666,82.35922752,85.4100983,86.02190511,86.28034023,86.43837383,86.58837223,87.15228617,87.28217551,87.82187696,87.9904801,88.59795904,88.82563497,88.97440254,91.36153787,91.47062127,92.12719461,92.2131618,92.33336554,92.68276539,92.8458831,93.15410847,93.39828176,93.49544538,93.81201482,93.9384202,94.62147613,95.35994873,96.49424259,96.85658102,97.3241705,97.66509545,98.29278999,98.58358157,99.9248285]","[7,4,1,7,6,5,7,3,2,3,5,5,7,1,0,5,1,0,1,7,1,7,1,0,1,0,5,6,2,7,6,2,7,4,2,0,1,0,0,1,0,1,2,0,0,1,1,0,0,0,1,1,0,1,0,0,1,1,0,0,0,0,1,1,0,0,0,1,1,0,1,1,1,0,1,0,1,1,1,4]"
"[0.8289838,2.76401079,3.22710037,4.278901,4.39263594,4.86802682,5.45287875,5.82784065,6.09013515,6.24268158,6.40160875,6.76420974,6.91029048,7.49526995,8.53930991,9.56338328,9.91487494,10.11144083,11.34627597,13.69549228,14.82493507,17.10780164,18.37781916,18.61421952,18.86321411,19.52829944,20.9296826,21.1537218,21.91655437,22.58058041,23.66555569,24.22652987,25.40856427,25.49060794,26.14923427,27.0424302,27.71643933,28.00972374,28.01172181,28.04764827,28.25660422,28.52640309,30.52754618,31.6841347,31.78391971,31.81962767,32.20629886,32.41887925,32.78677153,32.96576968,32.97870537,33.20891426,34.9546947,35.62592076,35.79088662,35.84126855,35.98087779,37.23920685,37.24189832,37.46280044,39.2663367,39.45019288,40.83382987,40.8546592,43.19005188,45.10925401,45.46927665,46.15993714,46.46301837,46.63797941,46.99749457,47.6734242,47.71383489]","[5,1,4,4,0,0,0,4,4,0,0,4,4,4,0,2,4,0,4,4,5,4,1,5,5,5,1,4,0,5,4,0,0,4,4,4,0,4,0,4,0,4,0,4,0,0,3,2,1,4,5,1,4,0,5,4,5,1,5,0,2,6,1,5,2,0,5,5,1,0,5,1,4]"
"[7.57262995,7.6098691,8.44693509,9.51601836,11.7597926,12.94899042,13.06321241,13.41853459,13.52176564,14.79737869,15.350047,15.40345589,15.87494161,16.19530343,16.36173352,16.47240936,18.28309605,19.13492601,19.99157423,23.60155744,24.60391408,25.04943636,28.52702607,40.59425643,41.38584094,45.77890394,46.01331511,46.10019493,46.92740961,47.05557214,47.81798425,48.37263067,48.57027386,49.35606904,49.48752251,50.37616032,51.05219371,52.68707516,53.0142459,54.63803393,55.85669358,56.35733509,56.71035907,57.53598099,58.29425434,60.07054,63.24713938,63.32768564,64.21002637,67.75521611,69.19156612,71.31044388,73.69926592,76.95690438,77.41875875]","[7,1,0,0,2,1,7,5,2,4,2,7,7,7,2,7,2,7,7,1,0,7,2,0,1,7,7,2,7,2,6,1,5,0,7,2,2,7,7,4,2,2,2,7,2,0,1,0,3,0,7,2,7,7,2]"
"[7.21784385,9.26155171,12.17918422,13.03452139,16.0552416,16.08887727,16.41079072,18.11742155,20.53576848,22.76290413,24.05692259,24.51816177,24.5688012,25.28319063,25.73882999,32.18822819,36.70991605,38.51449555,40.40246017,40.44964012,40.62223167,41.06917748,43.58621867,45.24984662,45.86269999,46.56774622,47.28082657,49.23972039,59.55567961,62.58146354,63.83423158,64.98570343,65.06677017,66.43716782,66.56236662,66.87604621,67.6459354,68.86733274,69.64380434,69.90074051,69.96561182,70.66869845,70.71518964,72.42881707,73.3062355,73.4853765,74.32966932,74.70576376,75.26372506,80.17550962,83.90804081,85.25963568,86.4225001,88.18205475,89.44658489,91.75831612,93.93465413,94.8528876,96.44818063,97.58779375,97.99028084,101.14630501,101.42704695,104.39111655,104.93339052,104.97426084,106.11555925,108.74965718,110.79552301,111.69746507,113.78126536,115.12716957,115.62369271,116.50469779,117.3128481,118.34622519,119.83013672,120.58841686,121.42897906,121.58779771]","[5,1,5,7,5,1,7,6,4,0,3,4,0,1,2,1,0,4,0,4,4,0,1,5,2,2,0,7,0,0,4,0,7,5,1,5,5,4,1,3,7,5,1,5,1,7,1,5,5,1,4,5,4,7,0,5,4,5,5,1,2,7,2,5,5,1,5,5,5,4,4,2,0,4,0,2,7,0,0,4]"
"[2.78285296,2.91050636,3.93722884,5.44879518,7.26239399,8.40959051,11.33861269,11.75211888,13.7729961,17.94642969,18.82055908,18.83535205,19.87065688,19.89346864,19.96301925,20.39796226,21.00171195,21.32364421,21.51286378,21.54875435,21.69675211,23.39318271,23.44043896,23.7301186,23.97836549,25.03039694,25.44881122,25.61335736,25.99044003,26.01354777,26.02573946,26.50641021,26.73913907,27.25247013,27.82384967,27.97943323,28.21159259,28.21631593,28.28212334,28.3149456,28.40604789,28.58101134,28.62267328,28.82646417,29.01355686,29.9829611,30.6024042,30.73691335,31.0841165,31.4788625,32.30665782,32.64539692,35.91739454,37.01999357,37.40404833,39.77215142,39.94137845,40.20823253,41.03440832,41.16316505,41.52513544,41.94713364]","[6,6,7,6,7,3,5,1,5,3,1,1,4,0,5,0,1,6,5,5,1,5,5,1,0,5,5,1,0,5,5,3,1,4,5,1,0,0,4,1,5,4,5,5,1,2,4,4,4,0,5,4,1,3,5,7,0,0,4,4,2,0]"
"[9.21818589,9.9393385,10.31882039,10.66214198,18.48237436,19.1916701,20.34413079,20.52616641,21.18602247,21.35910342,23.36583477,23.47920206,24.02130724,24.03787769,24.52283413,26.39865163,29.54792222,29.66670758,33.26947937,33.88390735,33.92444493,33.9855343,34.15555119,35.47733157,35.70189954,36.14801277,36.83965987,38.48702409,38.91636095,41.90666179,42.06040726,42.18760892,42.34138688,44.03067666,44.23085888,50.55560869,50.6433417,50.65106515,50.99272742,51.27535625,51.36444207,52.20585375,52.40923783,52.87750364,53.58803791,54.00175841,54.31589358,54.86625246,55.60127236,57.54771079,57.5548326,58.83640217]","[6,3,3,2,5,6,0,4,4,4,0,0,5,1,5,5,4,3,0,4,4,0,4,0,5,1,0,0,4,1,5,1,5,5,5,6,1,0,3,5,5,1,4,1,5,1,5,1,5,5,5,2]"
"[0.84680779,1.96325199,5.39385711,7.30412289,11.14987389,13.69795534,18.94352896,22.35453587,23.18677584,24.59640435,25.86438368,27.79383965,27.8915723,31.26404352,31.42169061,33.74802159,34.94513539,34.98120491,35.63394506,36.66766938,37.01944186,37.10841771,38.14394003,39.9158541,43.8720762,43.95502326,45.31626109,45.7591728,52.53696962,52.54548898,52.77797571,53.16946922,54.00015517,54.17114504,54.39915623,54.59035207,55.91166887,57.190774,57.42872342,57.94070855,58.09738002,58.26099649,58.51645676,58.60259577,58.89468092,60.4261797,60.59294711,61.12184533,61.16064382,61.36340861,61.43507366,61.86655998,62.18623578,62.43354023,63.0056883,63.6543979,64.27474443,64.70888852,64.86060025,65.01343062,65.80597378,65.98816753,65.98928938,68.53586676,68.78476313,74.08973193,74.82928551,75.59685946,75.8540381,76.40068071,76.9082463,76.95083048,78.83994223,78.9031817,79.35902485]","[2,4,2,2,5,5,5,1,7,7,0,4,2,0,6,5,0,4,0,4,4,0,0,4,6,5,6,1,1,1,5,5,1,5,1,5,1,5,1,5,1,5,1,5,5,1,1,5,5,1,5,5,1,5,5,1,1,1,1,1,5,5,1,5,5,2,5,3,1,5,3,2,2,2,2]"
"[0.35834067,5.76941303,5.86268159,7.55588367,7.86648824,7.94386281,9.42883215,9.66217019,10.25911461,11.60296253,11.99460451,12.66472028,12.9017514,14.43422683,14.71373474,15.26183746,15.36240574,16.69503186,16.97082041,17.03063261,17.58731913,17.99181465,18.27916877,18.34496291,18.49443769,18.58342348,18.7694628,19.82180558,20.61780059,20.81635962,21.1750369,21.21248466,21.37673402,22.31922469,22.49448017,22.67382412,22.69883769,22.70808144,23.18221584,23.55626428,23.96567445,24.08761326,24.54021531,24.56486067,24.62159595,24.76056586,25.1709514,25.81851503,26.2066883,26.32648879,26.46276877,26.53651641]","[7,5,5,6,1,1,5,1,7,5,1,2,5,5,7,4,2,5,0,0,1,1,5,0,5,1,4,5,4,4,5,1,6,4,5,0,1,2,5,1,5,1,0,5,5,4,5,5,1,1,4,1]"
"[1.94963728,5.12487723,5.2982631,7.00496553,10.06986791,11.01529951,11.22172211,12.44498451,13.51025878,15.00615934,15.07455483,15.22654959,21.15106996,21.52963697,22.34386932,22.55270468,23.211088,24.88030406,25.35331745,25.41075115,25.82450799,28.26842182,31.82063234,35.4503136,35.92140874,36.34543836,48.12194993,48.98894416,50.91182759,54.71993247,55.51263383,55.6046794,57.96406121,58.0875186,59.34438447,60.24242295,60.99434504,61.72325459,61.78799621,65.92725099,68.60400053,76.84032276,83.82337232,85.04147098,85.78860761,86.67574318,86.68776373,86.80248473,96.01618899,97.43660176,103.38468567,111.88462129,113.48855068,114.43212574,114.82299248,117.05099403,118.15533105,119.51933819,119.64192456,121.40127846,121.86000957,121.86850466,121.93162379,125.17046202,132.70814334,135.42396132,136.15069173,137.68604434,139.56994403,140.54408035,140.5478612,140.68538027,140.84269746,140.97440638]","[6,4,1,6,4,0,4,0,7,4,4,4,0,4,4,0,0,5,0,1,3,6,4,5,0,4,0,7,6,1,5,1,5,5,5,1,5,1,5,4,6,2,6,7,0,4,4,0,7,2,7,4,7,6,1,3,4,5,5,3,4,0,4,4,5,0,5,2,6,0,3,4,4,0]"
"[0.8051209,0.914043,3.77104939,4.306103,4.61066039,4.71699956,4.71814549,5.65643996,6.05238418,6.33828839,6.37191474,6.41141185,7.09849484,7.16505804,7.25249253,8.68833196,8.77034528,9.21111527,9.30911624,9.48383721,9.61945511,9.67081174,10.58519858,10.92115512,11.16518841,11.38184597,11.66066738,11.85639868,11.97974655,12.06046518,12.34500187,12.54466077,12.82974603,13.08613459,13.25699615,13.7953754,13.90888116,16.37905992,16.87611636,17.33344588,17.43752413,17.482738,17.61708687,18.98348962,19.52424869,19.58769667,19.59861395,20.58710658,21.4431777,21.90623909,22.5344255,23.54131946,24.14348954,24.31310156,24.90769465,25.2203484,25.31251547,25.35710964,25.38595506,25.80381589,26.01808744,26.19373496,26.66596325,26.73731187,26.84640204,26.86455042,26.9002877,27.17065966,27.27359029,27.51425406,27.74740192]","[4,0,5,4,1,5,5,0,0,1,4,4,0,4,0,4,0,4,4,0,0,5,4,2,0,5,1,4,0,0,0,4,4,0,0,4,4,5,1,4,0,0,0,4,5,4,1,0,4,0,1,5,0,7,4,4,0,4,4,0,0,4,0,5,4,1,0,4,4,4,4]"
"[7.5572278,7.68231659,9.44202764,10.91233217,11.13347218,11.13486679,11.32225497,15.35190781,16.90307513,22.83886436,29.01242763,29.52912357,30.95084578,31.78390183,32.05462629,32.24525556,32.54686339,33.33255449,33.35645678,40.07147118,43.91321177,47.9327265,48.4673264,50.85142978,51.51952141,52.65515471,53.61672147,58.6808903,61.45896758,63.00106275,63.65962745,64.09011093,64.79800385,64.80567338,64.81534084,66.4407523,66.55103982,67.12826224,69.1629532,72.42407641,73.78923412,75.74395963,76.15974946,76.22833281,77.05166868,79.40809792,92.57202188,94.80307437,95.21485821,98.31295796,99.42850597,107.70009409,109.64106451,109.73677592,110.58520811]","[0,4,0,4,0,3,4,5,2,3,5,1,5,5,5,1,1,5,5,7,7,7,0,4,6,2,7,6,4,0,0,4,0,0,4,4,0,4,6,7,5,1,5,0,5,4,1,0,3,6,2,6,5,4,0]"
"[1.63608525,3.86242886,13.8162471,15.66698571,18.79285187,19.77345471,21.88381902,28.82108711,28.9256309,30.27067087,31.0812291,31.75104772,31.83518883,31.89923368,32.01968967,32.30340337,32.8253552,32.95464536,32.96333329,33.03840743,33.20734583,33.32969494,33.48859718,33.73171708,34.15470034,35.3756165,35.52405078,35.85455563,36.40180129,36.49201051,37.03252761,37.24445502,37.31420124,37.61506493,38.0308032,38.27190341,38.83841109,39.55075845,39.97516374,40.27065986,40.4588319,40.92189126,40.93438965,41.07269098,41.07444222,41.47036982,41.61215569,41.67879689,41.72858716,41.74773334,41.78427082,42.07108819,42.11208488,42.86885127,42.89132052,43.04385918,43.08460682,43.13758698,43.17442134,43.73352991,43.87932151,43.90936774,44.03988152,44.06089642,44.27694555,44.91543427,45.05651032,45.20742841,45.32021476,45.469656,45.81359451,46.23599144,47.15827512]","[5,4,1,7,7,7,2,5,1,2,5,1,4,5,1,6,1,1,0,1,4,5,1,5,5,5,4,1,5,1,5,1,5,1,1,5,1,5,1,5,5,5,1,1,5,5,5,1,5,1,1,1,1,3,5,5,7,5,5,1,3,1,5,3,5,1,1,5,1,5,1,5,2]"
"[2.5925518,7.99555586,8.91992906,10.49651518,11.16147648,12.27136175,12.29498542,14.49507937,14.9087967,14.92137866,16.69478081,17.60698061,17.94259008,18.47324806,19.09601283,19.40186024,22.22990093,22.68517388,22.85934996,23.42577709,23.63379546,27.28715723,31.84635431,32.63004077,33.30446206,33.58184971,34.43553757,34.60396634,34.7837101,35.3989033,36.79265996,36.97377176,37.61085003,38.25955682,38.28738867,39.02319052,39.77011266,40.22354499,40.44160955,40.51291379,40.84977575,42.26028895,47.7616667,48.39451856,48.51197734,48.72834331,49.29250185,49.87045155,50.44224591,50.93008078,51.09280391,52.24171398,52.56832562,52.70316897,55.53365714,56.72825933,61.97449947,63.88335163,64.56658585,70.3731215,71.19449048,72.00266949,72.02851895,73.2757345,73.56476015,74.05623217,74.5421601,75.06793202,75.09085309,75.27079414,75.75686294,75.77184691]","[7,1,5,5,5,1,5,1,5,1,1,5,5,1,5,1,0,5,4,0,5,6,5,1,4,5,0,1,5,7,1,4,1,5,1,1,5,4,0,2,1,4,4,6,1,0,0,3,0,1,5,5,4,0,5,2,3,2,7,5,1,0,0,4,0,4,0,1,0,5,4,7]"
"[1.25293328,3.50007111,10.84086236,11.3224865,13.77527925,17.30789889,17.87959054,18.6629272,19.76151966,19.77665849,20.00266956,20.25633538,20.47594954,20.94293814,21.50740043,21.57891384,22.03730764,22.14172577,22.23633553,23.04493831,23.08574905,24.37096903,25.46586359,25.60445133,26.50108409,30.91842092,31.65170591,33.35534097,33.44287288,33.91984726,34.25575841,35.58350271,36.51292463,39.08319505,39.96764891,40.18005973,40.23396469,41.61630731,50.59187926,51.29437018,55.78865207,55.96504554,57.46936162,60.96542561,63.27378235,64.11443093,66.25348557,66.35900311,68.22979768,71.01866142,71.69044275,72.68630181,74.05738396,77.04950242]","[6,5,7,0,4,0,2,4,1,7,5,1,5,7,5,1,5,0,2,5,1,1,0,5,1,5,7,5,3,0,4,5,0,0,7,4,0,0,2,5,1,7,5,2,0,4,0,4,0,0,4,1,7,0]"
"[4.1357199,6.42709756,10.07261918,12.60621061,12.81308075,17.14693628,20.08272031,20.1274694,20.61429535,20.75504672,21.57204681,22.03272403,22.03836519,22.11289458,22.74603742,23.66187671,23.70420376,23.7129392,24.14839632,27.02997703,29.19555323,29.25584757,31.62121952,32.14048357,32.3814497,34.25210965,40.90194656,41.94668731,42.56514353,42.89255963,42.99608153,44.36145779,45.9806715,47.50783605,48.59302464,49.3735447,51.02678336,52.2900432,52.4072556,53.28775637,58.82143822,65.33521775,65.86935001,68.08296302,68.25713033,74.62057309,75.28947959,75.82381042]","[4,3,0,7,4,0,1,4,1,0,0,0,1,1,6,1,1,2,5,7,0,2,7,0,1,4,6,2,0,1,7,2,7,2,4,5,4,2,7,4,5,1,3,1,0,5,3,2]"
"[3.55904902,7.24393324,18.14477775,19.3236761,19.42919981,26.89338276,41.47840309,42.27655197,47.0553944,48.5571856,49.29592155,49.93997108,51.97545164,52.11643648,52.7016487,52.92700043,54.03865985,54.60887237,58.69550911,60.05605059,63.56666514,63.85730916,64.62125464,64.89873871,65.13614832,65.65019644,67.46467822,68.48401361,68.61583863,68.66414654,68.8417363,69.37228029,69.76275674,70.19145959,70.84092176,73.91091716,74.33052831,76.1211824,76.28916424,76.69073937,76.69889245,77.26283406,77.41571404,77.63734074,77.84514537,78.05880455,78.1545359,78.63360965,83.59346439,84.63183383,95.50897378,96.53512755,99.85507149,102.10093457,107.96663108,108.51483815,114.96618874,116.4087457,116.47440798,117.63260747]","[5,1,1,1,5,3,2,5,0,4,0,4,0,4,0,1,4,5,7,2,1,5,1,5,5,5,1,1,4,5,4,5,6,1,5,1,0,5,3,1,5,5,1,1,5,5,5,4,1,2,6,6,2,2,4,7,1,5,5,5]"
"[1.04472324,2.28485587,2.48906054,4.13988685,6.80171613,7.75355709,8.31555625,10.13326368,10.24225344,11.10730971,13.18618682,17.309609,20.97117589,23.63991477,24.73889908,25.67792308,26.25891893,27.33614666,27.5372075,27.98503953,28.26563026,28.9185424,29.44231781,29.85601343,29.89401111,30.06842478,31.16076712,32.40392138,32.69085657,32.92684614,33.28627865,34.92313013,35.74420382,36.75498582,40.16560777,41.55369959,41.81354832,41.85556977,42.22039947,42.37426639,42.71216143,43.15980404,43.57095107,44.17654905,44.53543175,44.68781883,45.56340077,45.64519613,45.84891414,46.21028296,46.41019171,46.80653827,47.22245505,47.22416318,51.53308459,53.34090759,53.44830857,53.60224936,56.75704619,56.86583375]","[4,2,7,7,4,0,1,0,5,0,4,3,0,7,7,0,4,1,4,5,1,1,5,0,4,4,4,5,0,6,7,0,1,1,5,1,1,0,5,1,1,5,1,5,7,1,1,1,1,5,5,1,5,1,0,0,4,5,1,5]"
"[0.16634906,1.61181773,2.0833948,10.80142612,17.81411189,18.51022877,19.51549942,20.13055197,20.96098792,21.18556993,21.20895923,21.35305189,21.52471308,21.74117417,22.01253825,22.72408555,22.79711537,22.88907285,23.02692716,23.45857924,24.06393425,24.53722305,24.89642701,25.55832998,26.28539048,26.43493915,26.73912464,26.7914321,26.80994839,26.89203516,27.82525628,28.30237485,28.51666513,29.01401467,29.84231202,30.02611802,31.37626787,32.3018934,32.36924085,32.64135804,33.0501564,33.19267746,33.23315423,33.32033759,33.63599335,33.89085788,34.11612196,34.15855688,34.40129374,34.43323668,34.54395496,34.57082758,34.82336904,35.02320813,35.36369374,35.9508694,36.44696698,36.66543784,36.84944701,36.97032942,37.2437299,37.27138324,37.43195983,37.47949549,37.68044965,37.72683675,37.8477513,38.12623085,38.13060406,38.45635745,39.36149009,39.61011333,40.04272006,40.20096943,40.37638951,40.43711212,40.55185408]","[3,0,6,2,2,5,0,1,5,1,5,5,1,4,5,5,1,5,0,1,1,5,5,3,0,4,5,0,1,5,5,1,7,0,2,5,1,4,5,5,1,5,0,4,0,0,4,0,0,0,4,0,0,0,5,0,4,4,1,0,5,0,4,4,4,4,0,0,5,4,5,0,4,2,4,4,4]"
"[5.85167923,7.27455018,9.67624405,13.68018598,15.48952729,18.8467202,19.14897735,19.88185732,22.63113548,28.75123987,28.79142863,29.28191841,29.38735276,30.56726425,31.72322896,34.50117486,34.91947032,35.6373039,38.9696648,43.63995719,44.75121926,44.85313047,47.33390096,47.9816489,53.28983659,53.38338924,56.74223844,58.83998629,64.55607616,68.86634772,72.98156737,73.07601017,73.57782935,76.11308383,76.80700393,81.86550905,81.9155153,83.04569835,84.19328936,84.92531636,84.95088009,85.55139812,86.14775054,90.37405941,97.17412366,97.18355755,97.20366348,97.9331564,98.22233094,98.45767931,98.59869357,99.04919154,100.56026494,100.79050801,100.98022,101.24878304,101.4431917,101.73682777,102.99607221,103.09622009,103.33806726,103.57931748]","[0,4,7,1,7,2,2,5,1,0,6,5,2,6,5,1,5,0,3,2,4,0,7,4,0,6,0,4,0,2,1,5,5,2,2,1,5,0,4,1,5,5,5,2,1,5,5,5,5,1,1,5,1,2,5,5,5,1,5,1,1,1]"
"[6.63931098,7.29356571,8.33175542,14.13067579,16.73278333,16.97256189,17.70038085,20.45581065,24.25955114,27.10177928,28.03103635,28.87948347,31.73514304,39.49342716,41.61024536,45.38763683,45.69410436,47.94983435,49.42713197,61.99585523,62.80693451,63.35346005,63.40514091,64.11856723,65.24037662,67.47200561,69.14572223,69.34122202,70.17656176,71.32580525,71.66479477,71.86432275,72.27636773,73.31752396,74.16398109,74.26707284,74.44399208,74.51157553,75.4325747,76.44173159,76.45245012,76.562633,77.38407602,77.54394556,77.77255917,79.05868481,80.23704509,82.05083942,82.39765136,83.10329001,83.72861171,92.79357069,101.70160739,103.52417234,106.4909947,106.84461361,107.36718365,107.50251115]","[0,7,3,4,6,7,1,5,2,1,4,5,2,7,0,1,2,7,4,0,4,4,4,4,4,4,2,2,0,4,6,4,4,1,5,0,5,5,5,1,5,0,1,0,3,5,6,3,5,1,5,4,1,5,0,4,4,0]"
"[0.56973758,8.36305874,10.40044761,14.067295,14.24535025,15.03403947,17.44501294,17.46784874,18.4723561,18.73428272,19.63049293,20.54013643,20.97741162,22.20458127,22.44366211,23.03373779,23.16308255,23.26216374,23.67068812,23.89982351,23.92091484,24.23160659,24.65876211,24.78513359,25.37962568,26.5709292,27.09421122,27.10789517,27.24025209,27.43326896,28.05787437,28.17481685,28.36900417,29.0349947,29.42855549,29.4877485,29.79089593,30.74250917,31.03182993,31.58920126,32.28690733,32.93619275,34.98987129,36.74866761,37.14404409,37.83965011,39.79062459,39.9217291,40.60745006,40.75361593,40.94529494,41.63409811,41.8672806,42.25721786,43.32801412,44.1369769,44.75304309,45.22875153,45.32674637,45.43440009,46.19277683,46.20230595,46.29626285,47.20653145,47.60466652,49.07156507,49.92942995,51.0873363,51.11304159]","[1,3,5,1,4,0,0,4,5,0,4,0,4,4,0,0,0,4,0,4,0,4,4,4,1,1,4,0,5,1,5,5,1,0,0,1,6,5,4,1,1,0,5,5,1,4,1,4,1,1,5,1,5,5,7,1,1,2,5,1,5,1,5,5,6,5,5,1,1]"
"[0.35587162,0.80112169,2.96638354,6.7276861,8.52160039,10.30587912,11.26629599,12.78319716,12.94282323,12.96454899,12.96493775,13.17804709,13.96435644,14.35007196,15.89818024,17.14599296,17.53901917,18.2407014,18.72667489,19.42898696,19.97633751,20.39413478,20.45820133,21.09061104,25.50599096,25.60720123,25.75965078,28.97825054,31.89037619,34.89339607,38.89776852,38.93898399,40.01185192,44.90005144,45.37224032,45.47107244,47.65125204,54.96978993,54.97566469,55.05710244,55.47211979,56.43444716,57.56121145,57.7813911,57.89355276,58.67574656,59.28354357,59.3544883,59.5476553,59.69100437,60.30685572,61.33790151,61.54344446,62.54113701,62.6444938,62.86892446,68.78067917,72.53847654,74.6133868,74.77870547,75.10169887,75.30059272,75.87065207,89.33449885]","[1,5,5,3,3,3,0,4,5,2,1,5,0,1,5,1,1,5,5,2,4,5,1,7,4,1,5,1,3,2,7,7,6,2,1,1,5,1,5,1,6,1,5,1,5,5,1,1,1,5,5,1,5,1,1,5,7,4,0,4,4,0,2,5]"
"[1.70958357,2.80990875,2.92732859,3.19974979,3.27106588,3.55905735,3.87533341,4.01310979,4.18406025,4.30779818,4.85849759,5.45076874,5.48379057,5.94842051,6.16495142,6.76421271,6.84551449,6.93766422,8.78857247,10.14059279,10.73426861,11.24327451,15.25992041,16.98442684,17.32546402,17.33370216,17.35827779,17.66346916,18.22328187,18.4677153,18.89295467,19.709749,20.19953652,26.24144782,28.33190779,33.71701309,34.33680957,34.42693602,35.9942834,38.67935497,49.1734963,49.70594955,54.03805357,56.8233564,57.70208821,57.78945591,62.48451072,65.1034325,66.13950468,66.529807,66.53947436,68.17548589,68.90382561]","[4,0,4,4,0,0,4,4,0,3,0,4,4,0,0,4,5,4,4,0,7,6,5,0,5,4,4,0,5,4,1,5,1,1,6,5,5,1,7,7,3,7,7,2,0,4,7,5,1,5,1,7,5]"
"[3.04758646,5.1324092,10.77693256,11.6144911,13.21781098,17.58337873,18.92331609,20.57105175,20.96346699,23.88370875,25.70949024,25.7810253,26.40054755,26.46173638,26.4930957,26.51940404,27.45363087,28.41428822,28.98448816,28.99976887,29.39176329,30.03778698,30.19725499,30.55601527,30.6110274,30.7534519,30.98043331,31.66105787,32.58914382,32.8100423,33.07518449,34.38670191,35.21686438,35.50431939,35.85862846,36.56289224,36.64493856,37.30645362,37.53107979,44.86071625,46.45502299,47.66842628,47.75372721,48.79243587,48.79844445,52.23450632,52.49583098,53.49101283,54.05454536,55.09322141,55.7277412,57.45308042,58.49216449,61.53860398,61.84251867,63.42702401,63.89095143,64.48795401,64.57860232,64.64118178,65.20986168,67.96193728,68.30563628]","[3,5,5,3,6,1,0,1,4,0,0,4,1,1,1,0,0,0,1,1,1,0,0,1,1,1,1,1,1,0,5,1,0,1,2,7,0,2,1,6,5,3,4,7,2,4,5,6,3,6,7,3,3,7,2,4,1,0,1,0,1,0,4]"
"[7.00396085,7.2773534,12.33578886,13.69143011,14.40945886,14.62040553,16.36843722,18.53904999,18.75132768,18.82894889,18.9268906,19.17178656,20.54902971,21.15418169,24.88002758,25.59536649,34.65580404,36.3501404,36.81255984,44.2491656,44.70071396,46.94463309,49.4132482,57.20045643,59.66534994,64.52311258,65.63900028,66.55549825,80.3667528,83.83597325,83.9582412,86.67677427,91.93543328,92.13406176,92.72608296,102.53901823,102.99450608,104.89972487,106.63484248,106.76162525,111.97399072,112.41372159,114.66396932,115.91279768,117.80337114,123.48626716,124.10445189,126.334026,137.30481695,137.53764721,138.2051689,138.54468,141.08726573,143.6020628,143.93774299,144.30752109,144.56692792,144.62022131,148.68814001,149.06466584,149.60838696,151.30722962,154.99058367,155.91229917,156.90391484,157.48073468,160.6849752,161.6144335,161.66383468,162.09690959,162.18891969,162.64641958]","[3,2,5,5,0,1,7,2,2,7,1,0,3,6,0,1,1,5,7,7,2,0,6,2,7,6,5,7,1,2,5,3,0,0,1,2,5,3,3,4,7,6,5,1,6,3,4,1,7,4,2,3,5,1,0,4,1,0,6,0,1,5,6,0,1,5,1,3,0,0,1,1]"
"[3.53538978,5.28708316,5.63649552,8.28479603,9.0483988,10.70599078,13.90076017,17.90710888,24.03395982,26.99738778,35.42226826,36.79661178,41.09319582,42.18058796,43.73545015,44.41545234,49.46692748,51.0658191,52.06426258,52.92522103,56.08663118,56.50473896,58.87879792,59.59361924,60.10207312,60.2739253,61.43574789,62.85616336,63.40610128,65.08125102,66.51263006,68.28288188,72.38933589,75.83906834,77.13066248,77.31773986,82.26063288,89.37386598,90.18647813,91.97618301,93.72794186,93.81427027,94.27226592,96.00420323,98.16692499,98.73254683,99.03641862,108.63219771,108.80605517,111.29869636,112.84676318,113.01287251,113.73800955,118.57444042,118.6402593,120.15308568,121.08196214,122.9970418,124.12805646,125.24095278,127.81901016,134.99333866,140.64921998]","[3,2,3,7,2,1,1,6,2,2,5,7,6,2,5,7,3,5,1,6,2,5,6,1,5,1,4,1,4,5,0,4,0,7,1,5,4,1,5,1,1,5,5,7,5,1,0,6,7,5,1,1,3,7,1,5,2,0,2,6,2,1,2]"
"[3.14719735,3.84826466,4.31111233,4.97794621,5.41942332,5.58173283,5.71188501,6.06611919,7.10589544,7.44536058,8.15743134,8.51767426,9.17349556,10.20244258,10.22571346,10.75336447,10.77872936,10.78777325,10.84363336,12.27645851,12.40420745,12.67925599,12.76058706,13.18462104,14.16779064,14.28842728,14.35077501,14.57366869,14.57977375,14.84877794,14.86616011,14.97100151,15.11405287,15.12143629,16.10542572,16.27508128,16.37293666,16.56615148,16.69562157,16.80175877,16.85212927,17.02031995,17.26563028,17.39126305,17.671976,17.86681591,18.20395286,18.36161515,18.55851959,18.99303779,19.03666502,19.23989628,19.4596918,20.02066442,20.28037739,20.3161601,20.53326702,20.89509846,21.38964331,21.65883591]","[0,2,3,3,5,1,5,1,1,5,5,5,5,1,1,2,5,1,1,1,5,5,1,1,5,5,5,1,1,5,6,1,5,1,5,5,1,5,1,5,1,5,1,5,1,5,1,5,5,1,1,5,1,3,5,0,7,2,5,0]"
"[2.94752245,5.47313983,6.58980686,7.95648576,9.64085288,10.34420776,11.65116025,13.07992862,14.96234672,16.4491251,20.61639618,21.2070111,26.47750847,26.58107369,28.06296217,29.04564119,29.13218367,29.61839472,29.83089888,30.54761595,30.81349706,30.89652491,31.35414191,31.86039557,31.9932393,32.12003113,32.74641326,33.95222318,34.62572982,35.37159453,37.90400288,38.04457875,38.78550907,42.34595854,44.48721196,44.51717534,47.59413929,47.85214483,49.06264164,51.60345824,51.83491998,52.96514184,54.68365559,66.38495345,71.6795189,74.14494434,76.18729175,76.35551839,76.78727355,77.30534075,77.77441389,78.83838527,81.22048514,81.36505014,81.39938072,81.55948372,81.61124436,83.1352886,84.17345427,89.94097431,90.74103944,90.80661818,92.84368772,94.43784056,94.75245001,94.82467438,94.94547063,95.14793417,95.35086789,95.7031891,96.01398394,96.03739123]","[2,1,0,6,6,5,3,0,2,7,0,1,0,0,1,1,0,0,1,3,0,1,1,2,1,0,0,0,0,1,1,0,0,0,5,1,7,2,1,1,0,0,0,4,2,0,1,6,6,4,1,5,0,7,3,2,3,2,3,6,7,2,6,1,0,1,2,1,0,1,5,2]"
"[0.44044217,0.53708384,8.11880925,9.04912868,11.08772329,11.5318644,12.62982949,13.02381923,20.29607407,27.03921705,29.94203048,32.58788531,33.49854644,40.06147241,40.31350006,40.99718098,45.49490083,45.50347522,45.58130784,45.7967422,45.88150327,47.1428144,47.97936895,48.25011623,48.75941922,48.95575412,48.97010127,48.98526747,49.84096543,49.97291692,50.06208839,50.36197243,50.40357281,50.61183762,50.83573356,51.2176331,51.52172412,52.52052455,53.17802223,53.30431928,53.36825944,53.74116126,54.82808618,54.84537861,56.71763882,57.6881926,58.14908936,58.2114846,58.61462544,59.18373181]","[2,5,4,0,2,5,2,5,2,2,4,5,2,6,3,6,2,0,4,4,0,4,0,4,0,1,5,0,1,5,3,5,5,1,4,4,5,5,1,5,1,0,6,0,4,1,4,0,4,4]"
"[0.41431296,0.87821872,2.79920271,3.12319395,3.50302966,4.81698601,6.22383521,6.53573521,7.51181518,7.62009409,7.70076915,7.91720265,8.79529341,9.06575791,9.64421966,12.29366029,12.64062579,13.9686069,15.22245617,15.55568481,16.67413859,16.83101995,21.18367671,22.72013163,30.69861617,35.1041313,35.12680191,35.45999686,35.97931391,36.4919382,36.66244228,37.08079495,37.80199499,37.83641996,40.17342602,42.21482718,42.33908331,42.65821647,43.38484269,44.57318554,48.10075224,48.12544415,48.79253587,51.77492899,53.64285549,56.87135695,61.8725988,61.95147184,77.77203531,78.22196515,78.55530479,78.77220327,78.83400414,78.93436874,79.22038542,79.42717066]","[1,6,3,5,1,3,1,5,7,1,1,1,5,2,3,5,1,5,0,6,6,5,2,5,7,5,1,1,5,5,5,1,7,5,1,5,2,5,7,1,5,7,5,1,5,6,2,3,1,5,0,5,1,1,5,5]"
"[0.6663795,1.48265461,1.92248166,4.44531903,4.60844286,4.7451241,7.16336674,7.23806521,8.11869129,9.96356329,10.96374246,12.38965074,12.42872926,16.67739704,18.89274092,19.56306839,19.59817296,19.89203685,21.21140453,21.26898029,21.48767858,22.12028684,22.350519,24.19806159,27.33560564,28.92001743,34.01421258,34.56114066,36.05908796,38.32287142,39.66713583,39.71549053,40.75388504,41.98078154,42.31292678,49.3014268,50.66232732,50.73575805,50.77746061,51.18187942,51.79322355,51.92556745,52.44426341,53.07332448,56.99567506,57.05008665,57.75917279,59.498032,63.71393059,63.75093298,64.27463451,64.8128846]","[5,1,1,5,4,5,1,5,1,5,5,1,7,1,5,5,5,1,0,2,5,6,5,1,5,2,7,4,7,5,1,5,5,1,1,1,5,1,5,1,5,5,6,1,6,7,5,5,0,5,2,5]"
"[0.75602214,4.70603354,5.92870819,8.11735785,9.74113836,9.76606446,10.11706181,10.34892913,11.17461846,11.17673416,11.50016304,12.14337523,13.97497693,14.7431972,15.46502275,15.93802401,16.10303439,17.86773744,17.97993696,19.10216423,19.81061386,22.64547585,23.43532257,24.01504923,27.22882302,44.23610073,44.61025114,45.41624535,53.3462578,53.62659856,60.20850676,66.48011063,66.90419271,67.51797257,68.75998773,69.15786788,69.22350698,69.39233818,70.04422324,70.19545487,71.16270424,71.70899997,73.23991539,73.64244971,77.48226155,79.03463022,80.38993931,81.08223864,83.59978545,88.78876903,89.29863399,89.32763715,89.35245447,91.97294036,92.01537612,92.89733404,94.96133558,99.92835975,103.77707854,106.27187589,108.91130091,112.02918088,114.83012921,120.02748937,122.06520039,124.52429229,126.57711339,127.03175112,128.01631272,128.44949055,128.49822041,129.64488022,137.68365484,140.69038159,142.88805,143.60207571,146.88881398,149.12326072,156.63368854,159.51814088]","[0,0,2,2,5,1,5,5,0,4,5,5,5,1,2,5,1,5,5,1,5,0,4,3,2,2,5,4,0,2,3,0,4,0,0,4,0,0,0,4,4,6,2,3,0,5,4,4,0,0,1,5,1,1,5,4,0,0,0,5,4,0,4,1,3,7,5,4,0,4,4,4,1,7,6,6,6,7,7,2]"
"[4.1234489,4.71181598,13.74276708,14.21271531,15.20817372,16.33854387,17.88625797,17.93496832,17.96975841,18.13188416,18.32433869,18.94265048,19.47272167,19.79856568,19.99766497,20.93456923,20.94031338,21.14164235,22.58502978,22.96133582,25.46703584,25.57805071,25.73254645,25.84480951,25.91517252,25.97622637,26.15077071,26.64677129,28.35888653,28.37667863,28.93051787,29.41455514,29.42862433,29.63227838,29.76588528,30.41406687,30.55582588,30.8897145,31.53994491,31.54455488,32.13730359,33.23648812,34.70611091,36.07301676,38.05972418,38.26151058,39.6756215,40.57761231,40.64929123,40.95540949,41.5475438,42.62062597,42.79770883,43.13548127,43.17641817,43.91800154,44.33784166,44.62017413,44.76446235,44.87692671,44.97492469]","[2,2,3,6,4,0,5,1,5,4,5,1,0,5,5,1,7,5,5,1,1,3,3,5,4,1,0,4,4,4,4,0,4,0,4,0,0,0,0,4,3,4,1,4,4,0,5,1,5,1,5,4,1,5,0,0,5,1,0,1,2]"
"[0.0437597,0.71391427,1.4536033,3.25292632,3.30620942,3.76210989,4.31020939,5.42264535,5.63608266,6.03318058,6.37694203,11.72166775,15.07772608,16.05370252,16.37128498,18.18971053,19.36753801,20.60882935,20.94770109,21.20237477,21.86514217,25.69534305,30.06931575,31.60851636,35.34150234,35.34851476,36.74814603,38.3889033,38.66124114,41.29539012,43.94950012,46.44183437,47.43673789,48.30841828,48.43024709,48.61800712,48.63612073,48.82316565,50.4984864,50.5738408,53.04354162,53.94928267,60.80670818,60.9495076,63.61905618,63.82390002,64.21189631,64.92416649,69.66494034,72.13217767,72.74968005,72.79045314,73.19079676,73.27423781,73.41879987,73.71995132,73.88677394,73.98143202,74.07526835,75.58929557,75.63102931,75.69450875,76.25178485,76.47464833,76.99009698,77.79706864,78.64511258,78.89147185,78.89213009,78.90606913,79.51054122,79.66917335,81.91974613,81.9419891,82.33224344,82.60872996,82.62658889]","[2,4,7,0,4,0,4,4,0,0,3,0,4,1,6,2,0,4,0,2,5,6,4,0,1,5,5,5,1,7,7,3,7,1,5,1,5,5,1,5,1,7,7,5,2,1,5,0,2,0,4,0,4,4,4,4,0,0,4,0,0,0,4,4,0,4,4,0,1,0,6,4,3,3,5,0,4]"
"[4.61294038,9.35886314,9.80442317,14.51070081,17.91555116,17.95662947,17.96972889,20.57621787,21.04957946,21.62346126,21.89634769,25.13698115,26.21424371,26.78131155,28.69732564,32.21780384,32.96006922,33.03016668,36.41474933,38.13382263,40.24446152,49.0288097,49.79564105,49.81960087,52.91950912,58.45803168,58.79423337,59.17921124,59.27580058,60.69992308,61.39820329,61.79648586,61.92323542,62.04846226,62.61803887,62.6412084,62.79563337,62.94473926,63.2319681,63.66496638,63.69917943,64.43609515,64.47980935,64.70030819,64.74839572,64.88828591,65.09308294,65.25148902,65.28200146,65.30958067,65.43932903,65.53595356,65.5773495,65.62877342,65.74234727,65.84682459,66.60471773,66.6362326,66.76614484,66.85246984,66.98911407,67.04474791,67.08109097]","[0,6,1,3,5,1,5,2,1,0,4,4,0,4,7,3,4,7,2,6,3,7,6,6,5,1,5,1,5,5,1,1,5,5,1,5,5,4,2,1,1,5,1,5,5,5,1,1,5,5,1,5,1,5,0,1,5,1,5,5,5,1,1]"
"[0.72093917,1.45545586,5.79434447,8.60769429,9.05062955,9.65944411,9.75851106,11.08803824,13.98532201,15.30670569,16.62333935,18.71019076,19.11315403,19.96116735,20.4136891,20.63107867,20.63244433,20.6969867,20.80421733,22.27145163,22.38687615,22.6973913,24.77212296,26.53144574,26.54154794,27.08607667,27.14052608,27.93125604,28.10711554,28.26981253,28.39242788,28.50546114,28.66412207,28.71375833,28.89515663,28.91748082,29.06134864,29.54069915,30.70549842,31.78851849,32.3746549,35.00405646,35.70514358,36.29206827,36.4793349,36.63665646,37.04233438,38.30512914,39.23472942,40.01654063,41.25083196,41.29836119,41.61905542,42.19176579,43.17990298,44.36980686,44.61875203,45.10585807,45.6381345,47.50630969,47.54327089,47.64393584,47.9201009,48.14381984,48.33781697,48.42623733,49.15745117,49.76355999,50.09960882,50.27500631,50.67361101,50.91315511,51.2366405,51.34169859,51.43379094,51.8034019]","[6,6,2,1,5,5,5,5,5,1,5,7,1,2,7,1,5,5,1,5,1,1,5,1,5,1,1,5,5,5,6,1,1,3,1,5,1,5,6,7,2,1,2,5,1,5,1,5,0,5,4,0,5,4,4,7,4,1,5,5,1,1,5,1,3,1,5,5,5,1,1,5,1,1,5,5]"
"[0.40985256,9.39805012,9.63577874,9.87597853,10.70652477,11.2837815,11.33774672,11.51393994,11.90797985,12.13364193,12.35801309,12.49578714,12.55856188,13.37168521,14.00315428,14.09950033,14.92021531,15.3697795,16.31638658,16.41627071,16.55775106,17.61062167,17.9532687,19.30773167,19.35798188,21.12164991,21.66633381,22.27441861,23.53224965,23.73157485,25.22775656,25.27967896,25.8623994,26.13302864,26.81029754,28.34838044,29.00204768,31.01937471,33.004255,37.09042574,38.76135907,41.49853901,46.09224832,47.99013871,60.51101669,62.90061226,63.34974652,64.84242914,65.45825601,67.4889357,68.33760617,71.57751425,72.35525062,72.77836264,73.73143481,73.83621699,74.80128857,74.92533854,76.00890958,76.17086788,76.20272287,76.59903713,77.98782078,78.77407388,79.93232211,81.33219284,81.53766333,81.81361819,83.56102677,84.4701305,85.23031649,85.81702755]","[1,1,0,4,5,1,1,5,5,1,4,3,5,3,1,5,5,5,0,4,0,0,1,5,0,5,6,4,0,1,4,4,4,0,5,4,0,5,4,5,5,2,3,4,2,5,1,1,1,6,2,6,3,5,1,2,4,0,3,0,4,0,4,7,3,4,0,0,3,0,1,4]"
"[3.54259136,8.17936677,11.11612237,11.76415591,11.80946173,12.4878161,13.38576608,13.81214722,14.2827319,14.37418936,14.57889343,18.39519675,19.29891064,20.27349838,20.73607801,21.72526334,22.26839156,23.69871141,26.51416908,31.38822507,32.24236213,32.2479564,35.48444704,40.41349536,40.60500675,40.63379557,40.97671876,41.54180605,42.58570701,43.0431363,44.44336934,44.66638881,45.85011586,46.43572472,46.73822945,47.27180259,47.29670747,47.60153265,47.65309731,48.35777861,49.28603704,49.3776478,49.54680752,49.71280204,49.82963442,50.13215168,50.63985641,51.42229541,51.48256201,51.56687055,51.91233749,52.08727463,52.09786598,58.47704007,61.28928761,61.34710216,61.66057673,61.69209728,61.82555939,62.00950219,63.07676883,63.50208669,63.81311558,64.30295894,65.88538022,72.95761374,74.00492113]","[4,0,0,4,0,5,5,1,5,5,1,1,5,1,5,1,5,2,2,7,5,1,1,1,5,2,2,3,1,4,5,1,1,1,5,1,5,1,5,5,1,3,5,3,5,5,1,5,1,5,1,5,5,3,1,5,5,1,5,5,5,5,1,5,1,4,0]"
"[2.1130911,3.19594843,10.38266864,13.4723983,13.97693292,22.06214355,22.59257719,23.7045647,25.54622084,27.79374194,28.11763237,29.32274722,29.51568461,30.40935578,31.08909165,31.47103758,31.5692106,32.79295231,32.89861195,33.16378853,33.54522857,33.85981888,41.35168413,49.99225234,59.69076556,61.70429736,68.09607631,68.61659726,71.07231441,72.44860981,72.63689478,73.18517783,73.20497251,77.11413615,80.30922272,82.01192287,82.52447429,82.64663655,83.60373494,83.81581472,85.37391111,86.2643755,87.57986803,87.97655291,88.19625325,88.369709,89.87064942,89.99065581,90.77506441,91.22177007,91.39300307,92.36669078,98.95367223,102.82081457,105.4811088,110.59682316,112.09867035,115.21719723,117.96121577,119.60356594,119.68009963,120.09326187,120.22685877,121.25066128,125.1305745]","[7,1,5,7,1,4,0,2,0,4,0,0,4,4,4,0,4,5,0,4,0,0,1,6,2,1,7,4,5,4,5,0,1,4,1,0,4,4,5,0,4,5,4,1,5,5,3,0,1,7,1,2,1,6,7,1,5,5,7,5,1,0,4,4,5]"
"[5.25519338,14.01688955,14.79175632,19.20635084,20.15694356,20.56981149,21.44415734,21.72863012,21.98724434,21.98926707,22.07106203,23.08213271,23.10592684,23.42442497,23.49261349,23.61883782,24.11405822,24.87292574,25.2524302,26.17951694,27.28202063,27.54138437,28.3686323,28.40068291,29.00320389,29.04099693,29.1564619,29.48637051,31.40323156,32.82534745,33.22801778,33.3380487,33.34720859,33.85563288,34.41677577,34.46411407,34.98795986,35.2512813,35.61544174,35.75040342,38.30552913,39.30024376,41.40019839,44.17637724,46.84038112,47.71940977,47.92797025,48.01442871,48.5505336,49.48366506,50.11375514,51.14575913,51.90938852,52.31220771,55.59472281,55.96003167,59.93032256,60.49823732,60.52159374,66.52950216,67.66316318,67.97759774,69.966653,72.42501241,73.37091491]","[2,1,5,4,2,2,0,0,0,4,5,4,1,5,0,4,5,1,1,4,6,5,1,5,1,5,5,1,0,4,0,4,4,1,0,5,4,5,1,5,1,5,4,2,5,1,5,1,5,5,5,1,2,1,5,5,1,4,5,1,2,3,5,1,1]"
"[4.04285113,4.12068299,4.3773546,4.72445773,5.96203047,6.87789187,7.5805432,7.7763132,7.78928557,8.47932594,10.13798133,10.35809463,10.56914472,11.24474648,11.28249877,11.37354491,11.44359814,18.52562832,21.13121523,22.14947147,23.87537225,24.5440227,24.65055277,25.5878017,28.79387145,28.92989691,29.16243388,30.18862881,30.43094009,31.25615148,31.72862371,32.49804032,32.86092233,32.88939046,33.69467313,33.77941494,33.92458344,34.30964105,34.585599,34.72270522,34.85074337,35.00805924,35.18773642,35.28556791,35.75638156,35.81842213,36.29545838,36.45738058,36.63509567,36.84551498,37.49720147,37.76290821,38.74756527,39.55487631,41.1230561,41.86765988,49.41223825,50.72687284,50.8999919,51.91198288,52.31964508,52.36601868,54.25348537,54.29058466,54.41856734,55.86237916,55.93530062,56.21241221,56.85313348,57.31847951]","[0,4,2,0,6,1,5,7,4,4,0,6,1,5,0,4,4,4,7,1,0,2,4,4,1,5,5,1,5,5,0,0,1,5,2,5,5,1,4,5,1,0,5,5,4,1,4,5,0,4,5,4,1,1,1,5,4,0,4,4,1,5,0,4,1,5,0,4,4,0]"
"[1.70612264,3.99231739,4.17654228,4.7408358,12.46333208,13.92668978,14.01184203,26.95851599,27.02592828,27.24310862,27.2724735,28.29416208,29.98327668,30.9292147,33.4503124,33.66824529,33.680934,34.27097052,34.54739861,34.76543319,34.93225488,34.94988569,34.95963956,35.0419041,35.10057677,35.24022519,35.52638891,35.59669405,36.22790732,36.41019818,36.42584575,36.47749547,36.48758058,36.54637844,36.83799596,36.96204558,36.97556767,37.0321214,37.27827591,37.30649175,37.31227354,37.39074818,37.48133108,37.8505144,37.96965903,38.18422227,38.25792951,38.71240717,39.01353538]","[7,1,5,1,2,5,3,4,7,0,4,0,2,4,0,4,4,0,4,4,0,4,0,0,4,4,4,0,4,0,4,0,0,4,4,0,4,0,1,5,0,4,4,0,4,0,1,0,4]"
"[1.55191853,2.10359827,2.30122243,2.42874259,3.71226574,5.24871971,5.25666096,5.5163385,5.72548489,6.71158035,7.08319795,7.28573322,7.96541192,8.83903261,9.08138071,9.85385349,10.39334124,11.25947084,12.66491483,13.497743,14.4672898,16.10936932,17.05407618,17.50754227,19.2157975,19.9238163,22.60395018,23.63775715,25.50882382,31.90021848,32.60307053,40.65058057,40.95931932,41.64920285,44.61664676,45.18888572,45.25488705,45.87216724,52.34029062,52.90220918,54.6507314,55.13681634,57.4680993,59.67099638,66.4837576,68.70254422,70.40891822,71.06119088,71.97077575,72.09568448,72.68418897,74.4594709,74.50621843,75.16018377,76.87703791,84.00641707,84.68943176,86.18327509,95.07752909]","[6,0,1,4,1,0,1,1,0,0,1,0,1,0,1,0,1,5,1,4,0,1,5,7,0,2,1,7,1,2,7,7,2,4,2,2,1,0,2,4,0,0,1,7,7,7,2,7,7,2,7,5,4,2,3,6,7,3,2]"
"[5.03920473,12.89641535,14.40241169,14.64731836,16.96460104,18.00913181,19.15207204,19.34996562,19.83218431,20.22306622,22.49325505,25.01546657,26.20481151,29.3373056,29.59105457,34.43421839,35.28994958,35.50305319,40.48046953,40.51854265,42.42640504,44.61508088,45.25060426,45.46656977,45.98548875,46.01203588,46.11339709,46.12754004,47.51259581,48.85349253,51.99209582,52.3586659,53.52083339,53.61092551,56.57776809,59.71804631,62.24046083,63.99963344,64.56578501,65.51336047,65.59279011,66.0549453,66.18806161,67.30959631,67.32334111,68.55791743,68.60458317,69.86916206,69.88961338,70.63381683,71.56883435,71.92561564,71.92848142,72.8642285,72.96392348,73.68876133,73.92247003,73.96573236,74.16896825,74.51474714,76.9349613,77.40621853,79.09566356,80.31958701]","[7,0,4,5,1,0,4,4,0,4,0,4,0,0,4,7,7,2,5,1,5,1,1,7,0,1,5,5,5,7,5,7,1,5,7,2,5,1,5,1,1,0,4,0,5,4,7,4,0,5,1,4,1,1,1,0,5,5,5,4,6,7,4,2]"
"[0.54092694,1.24403386,3.30478178,3.91998033,3.94657987,4.52062303,4.53442054,4.90229117,5.27767392,5.51980469,5.75102732,5.8667081,6.87561712,6.93987725,7.08617307,7.23212969,7.44159473,7.55986321,7.72141532,7.80256254,8.09211778,8.35518772,8.50644352,8.65406304,8.66648478,8.93256294,9.09654196,9.27241088,9.30889112,9.36451756,9.58645064,9.61190652,10.18264733,10.80209079,11.18111374,11.3869603,11.74303372,11.88362671,12.60960841,13.92478065,14.29436554,14.85269005,15.01817982,15.17638142,15.21453682,15.29738326,15.37906562,15.62232255,15.65885419,16.89572217,17.75778041,18.29626241,18.53293216]","[1,5,1,5,1,5,5,1,5,5,5,1,1,5,5,5,0,5,5,1,4,5,4,1,5,4,0,4,1,1,1,5,0,1,0,5,4,5,1,0,0,1,5,1,0,4,4,1,5,4,5,5,5]"
"[1.86571136,1.96948442,3.9464048,3.96929518,4.01563657,4.08181743,4.32929361,4.7002918,4.75076023,4.75911477,4.82416113,5.5031147,5.88120051,6.36089581,6.53390134,7.34302715,7.48770615,7.70709272,7.77974897,7.89876163,8.13207423,8.40942679,8.43078531,8.50243925,8.88594826,8.93911819,9.69879221,9.96330719,10.05872771,10.7042162,11.27754042,12.46595884,12.49510435,12.6156451,12.81166488,13.10000975,13.14639929,13.227277,13.50792036,13.64106957,13.9964725,14.29415967,14.30258873,14.52961013,14.55824484,15.08828506,15.23543757,15.36879041,16.8238144,18.4935968,18.60985539,19.53656459,21.22818798,21.96768981,22.09405426,23.91638509,27.35368954,27.36197198,31.41051937]","[0,4,2,0,4,0,4,0,4,2,4,0,0,0,4,5,4,4,4,0,4,4,0,0,0,4,4,0,4,4,0,0,4,1,0,5,4,4,4,4,0,4,0,0,0,4,5,4,1,4,0,7,4,0,4,1,2,7,2]"
"[3.33709823,8.36539542,14.24222541,14.92361904,15.07020014,16.03894304,16.55286605,16.64974295,16.74880241,20.27744012,20.83060043,20.89267039,22.4587327,23.77853007,24.34588836,24.76003344,25.07168471,25.45296625,25.58107085,25.77503138,25.78631641,26.08526156,26.10474183,26.56415767,26.95311467,27.53523085,28.05141866,28.15682689,28.42585662,28.43692045,28.44725612,29.52569084,29.71666395,29.76221232,29.85711995,30.22581894,30.70144523,31.55849892,31.61603027,31.71350866,31.77435812,32.23888559,32.40909211,32.64453005,32.70238378,32.75388563,32.79435866,32.82448421,32.94973721,32.99973692]","[4,1,4,0,0,4,2,4,0,0,4,4,2,4,5,0,4,1,4,5,0,4,5,5,1,5,1,5,1,5,5,5,0,1,0,5,5,4,5,4,1,5,0,0,5,1,5,1,1,5]"
"[1.57849908,6.10091646,12.53196362,14.20405582,16.9761251,18.54902464,19.78909467,20.31814289,20.45846259,20.58620966,20.6071085,20.74112375,20.80170604,20.93244125,20.97275866,23.47050801,23.71978568,23.90411831,24.48906218,26.24717846,26.47663495,26.55415257,26.56710025,27.70635715,28.57506565,30.84094436,31.80907181,32.78143914,37.64642983,37.77977852,38.48278334,38.58445079,41.14809221,41.47135451,41.72045175,42.21181301,42.98430106,47.04856786,49.95357329,51.28396317,55.33688716,60.61220099,70.10449038,70.70499105,71.92941042,72.23454446,75.28838538,76.14301956,78.98584996,79.0736381,79.61574753,80.0950228,80.29140337,80.46119118,80.83773843,81.03086771,84.52260441,84.84403994,85.24812303,86.2882736,87.05411568,87.95560655,88.84810385,89.17964111,90.52688591,92.49945557,92.97563897,94.61750279,94.94394071,95.33620647,100.58688073]","[0,3,2,1,5,7,1,5,4,1,5,5,1,5,1,5,0,4,0,2,4,4,0,4,0,2,4,4,0,4,4,5,0,0,4,0,4,2,4,2,0,5,0,7,1,6,4,1,0,2,5,5,1,6,1,5,5,1,1,5,1,5,1,2,1,5,7,1,1,2,5]"
"[6.41019628,8.39484554,26.72657431,30.6530231,31.70260403,31.8139641,31.877688,36.46894207,40.0629856,40.82614715,42.50893341,43.97692074,44.17180888,45.90452178,56.14491588,56.48755026,56.63333261,57.5272281,57.74824102,59.1067076,59.44078146,60.08485108,60.59053906,63.3640519,63.40067251,63.94274659,64.22799348,64.85102858,64.88658963,65.24517902,65.27318355,66.30008336,66.80189861,66.96580132,67.00720702,67.29010655,67.53992143,67.65028004,67.97219761,68.24245466,69.25601638,69.26875992,69.86658445,70.27195882,70.63500826,70.79199096,71.34096045,71.47453597,71.9743566,72.10685175,73.05153141,74.01121657,74.76784951,75.40980341,75.52553701,77.53468116,78.14874145,78.67034125,78.8652343,79.70064328,80.15580558,80.954231,81.77165583,81.85781224,83.26303544]","[0,6,3,0,4,0,4,0,3,1,4,0,0,5,5,1,1,5,3,4,0,1,5,4,4,0,5,1,5,5,5,1,1,7,2,5,5,5,1,1,1,5,4,0,1,1,5,5,5,5,4,5,1,5,0,0,1,4,5,1,5,6,5,2,5]"
"[0.45992173,2.97342452,4.61797875,7.54287247,7.72311291,8.53953256,8.58719656,9.14967637,10.98077505,11.92649279,15.23686217,15.88850384,18.17892115,18.21188657,18.58612123,20.53256169,20.99187837,21.49046774,22.1721767,23.46550892,27.35681717,28.51146052,29.41021414,30.02643214,31.96559448,32.21208481,32.48512,32.52282875,32.6712493,33.1093993,33.51036586,34.40563828,34.68995531,34.98484536,35.14327243,36.58113008,37.58862193,37.84780539,38.71459691,39.45335772,40.67363036,42.57698528,42.6606215,43.59780192,45.59090488,46.48746778,46.74473239,53.58274782,59.30696403,60.14555926,61.50058543]","[2,7,7,0,4,4,5,4,3,7,5,4,0,7,5,0,0,7,4,0,5,2,4,0,0,4,4,0,5,4,4,0,4,4,4,0,0,6,0,4,0,7,4,4,1,7,2,5,1,5,7]"
"[4.3913306,6.16787424,9.51344035,13.86082292,17.2488013,22.1819484,24.11701726,24.33631791,28.11229423,29.94419756,30.30290166,30.60377841,31.7962255,32.27644662,32.99731242,33.90416886,34.88056183,39.27225815,39.64548176,40.31436591,43.10580425,44.11592785,46.06075493,46.95675143,47.26463792,47.81402649,48.45940653,51.10248444,51.22038583,52.31714835,52.95050757,53.02639989,55.42371002,56.1732233,56.18113369,56.33111096,61.21110858,62.0416608,63.19306077,63.56143213,67.39278227,69.58306427,69.7270645,69.80017344,69.99439085,70.02543138,71.24396517,74.894246,75.09266216,77.87266507,78.36781426,78.64333261,78.92414544,78.99143591,79.72367731,80.06699938,80.78402574,80.99218777,81.81344184,82.78327735,83.04133781,83.34359758,83.92981321,84.00019594,84.19886948,84.57962535,84.66016999,85.00368443,85.15006399,85.25622516,85.56821274,85.78158856,86.04821693,86.59218096,86.99681267,87.11981127,87.49251226]","[6,7,2,2,2,2,0,4,4,1,7,5,5,1,5,1,5,5,0,4,7,3,0,7,2,6,0,5,1,4,5,2,1,5,1,1,5,5,7,4,5,1,2,5,5,1,1,5,5,7,5,1,5,1,5,5,5,1,1,7,1,1,1,5,5,1,1,5,5,5,1,5,5,0,1,5,4]"
"[3.99632172,12.24913347,15.05139637,15.23811752,15.53052065,19.56943726,19.70069173,21.62769988,22.44349429,24.07626159,26.66103141,31.57260695,33.02262386,33.95240673,35.46251851,35.48484051,35.52620583,36.05672354,38.84142792,42.3527611,43.95152744,45.43945709,46.05634354,47.89213334,48.83630334,48.95498072,49.29111814,50.25266427,57.55152809,58.60858922,59.65107073,60.22235892,61.04860708,61.16942666,61.18750502,61.39343119,61.90387862,61.95561631,63.03982571,63.13437282,63.15444388,63.49996405,63.78463185,64.65142519,66.83996428,70.30379287,73.63907563,73.91039123,74.15452694,76.74013394,80.08228231,80.68826246,82.99860752,84.8679766,102.25790864,102.46129131,103.5063642,105.14658078,105.37718931,112.29629426,112.67955582,112.79920692,118.55816988,118.82564788,119.12922331,121.0877092,128.872688,129.37310343,133.25411114,134.40981319,135.47617341,139.58895657,155.80613326,165.44816627]","[3,7,2,0,2,2,1,4,3,5,5,2,7,7,1,2,2,2,6,3,0,6,1,5,2,4,5,4,1,0,0,1,1,0,0,0,1,0,0,1,1,4,2,6,0,0,2,1,2,6,7,1,2,2,6,4,3,5,1,6,2,2,5,0,1,3,0,3,7,2,5,5,7,1]"
"[4.09560188,4.54934198,6.147455,7.50259333,18.11553594,19.42660446,20.21234716,20.37916745,23.75849142,26.94433608,27.67014532,29.66532732,33.35695168,35.54900927,38.86193475,43.9589682,46.34926884,46.63623181,46.72009517,46.93720802,47.71053032,48.39809034,48.41170393,48.65024719,48.94509716,49.19035193,49.78009824,51.96235608,52.40420568,52.47479591,52.63255043,52.93305966,53.07656103,53.26179329,54.24535357,54.885613,55.78289336,57.39117201,57.45458189,58.1385745,58.1655326,58.42528431,58.66139891,59.27276646,60.19934214,60.56111577,60.79137216,60.87424036,61.32352978,61.85231482,62.26262175,62.30973151,62.32993832,62.54690035,63.18970696,63.63103706,63.70260603,64.17998201,65.0243271,65.4139989,65.46815836,65.56980903,65.96609295,66.78802906,67.28828896,67.63023829,68.40290112,68.59241849,68.86997897,68.89591338,68.91736634,69.37064699,69.54475543,70.27381152,70.40900834,70.64196399,70.81920471]","[3,3,3,2,7,2,7,7,5,3,4,3,5,2,1,0,7,5,1,0,5,1,5,1,5,1,5,5,1,5,5,7,1,2,2,3,5,1,5,1,5,3,5,1,1,5,5,5,2,6,7,1,1,1,1,5,5,5,1,5,1,1,5,5,1,5,5,1,1,5,5,1,5,1,5,1,7]"
"[4.10141763,7.85882216,7.90109487,8.51468824,9.31495369,9.97894398,10.40141757,10.95446946,11.37981905,12.06170261,12.68689669,12.86609924,14.21264234,16.28050056,17.81706621,19.82002693,23.4602123,27.61863851,34.51713784,34.66620818,34.86277556,35.88855361,41.32078138,46.04045482,47.07734697,47.14522166,48.60512106,52.69983374,59.98361537,60.59708641,61.20147392,61.31670544,61.68021429,63.1069655,63.5445985,64.73609015,65.19761343,68.44442841,75.20808589,75.2771742,80.43124959,82.12018979,82.12052152,82.3439984,83.2794892,84.27834212,84.41595967,85.70302789,85.7387149,86.80076418,91.38464897,98.04913641,103.00030234,103.005912,104.72924392,106.97015022,107.75990478,110.88522244,111.78612344,114.17714188,121.23593265,123.17650795,123.96048775,124.07254677,124.9286102,124.93606218,126.10597464,127.49155305,127.76857761,129.00547794]","[1,4,0,0,5,0,5,1,4,1,6,5,7,1,2,2,2,3,5,1,5,5,4,4,0,4,4,3,6,0,4,4,6,3,1,5,3,5,5,5,1,5,1,5,0,1,5,3,2,2,2,2,7,5,1,0,5,7,0,1,6,3,7,3,4,0,0,4,4,4]"
"[9.72858147,10.05427666,17.0509966,24.12575844,24.61002795,24.90275477,25.65785964,25.81849479,35.77320907,39.44378987,40.55585345,41.80167279,43.45443412,45.00177648,48.18893192,53.2447457,53.89244039,59.14360811,62.60186007,62.62742492,62.81463675,63.09526547,63.18860135,63.35090338,63.67387843,64.37376574,67.23545168,71.44637331,72.61431873,76.31025209,76.74841605,78.71601276,79.57186983,82.01237711,82.69825189,84.48493569,84.69405396,91.57685867,99.89503851,104.41105302,106.7001474,112.99705536,113.61038027,114.37349553,114.39642392,115.06523359,116.26676492,116.28747227,116.28972698,116.47241457,116.63525471,116.90745338]","[2,5,2,3,0,0,5,1,7,5,2,2,4,0,2,3,7,6,1,5,1,5,1,1,5,1,2,7,3,4,1,5,0,1,5,1,5,7,7,3,2,5,7,0,4,0,4,7,0,0,4,0]"
"[1.13331554,1.44211252,2.45617822,2.8721223,3.18673522,3.57560206,4.26450893,4.97781176,5.79114576,5.81302874,6.62191909,6.72094407,8.89522826,10.80505163,11.14031524,11.50898071,11.88787935,15.19122651,22.48855715,25.59293722,26.52184656,28.00223218,30.89473876,31.12121485,31.28605921,32.38354794,33.86942775,36.44227655,39.11452913,39.16723436,44.64296772,46.60030381,46.97194263,57.06011851,59.22685472,59.39251263,61.93344337,62.81064603,62.88708732,62.93083808,63.23953788,64.50370013,64.78879511,65.36879483,65.75424091,66.02179384,66.13788503,66.18974043,66.93477675,67.13814735,68.17479493,68.45891496,69.78260044,78.78570947,79.49171124,87.16037896,87.76809066,97.47654467,99.69594954,101.0736336,103.03042568,104.53765296,104.6691888,106.94491049,108.40211536,116.36924496,116.51876708]","[0,4,0,4,0,0,4,2,1,4,0,3,7,2,0,4,0,4,3,4,0,5,0,4,5,4,2,1,5,1,7,5,1,5,5,1,5,1,5,1,5,1,5,5,1,1,1,7,5,1,5,5,1,1,5,4,0,4,0,6,3,3,3,7,2,1,5]"
"[1.5402447,3.0074149,6.07833685,7.18176505,12.29015773,12.87867273,12.92703883,13.35930339,14.37624251,19.31814151,20.25913702,24.14664988,24.20603101,24.48340272,32.36010466,34.42405552,37.50908917,38.25213062,41.21041944,46.04114781,47.33762439,48.38083394,48.87144093,50.08971861,50.63808099,50.86752187,51.14838884,51.33123555,51.62213277,51.62226239,52.37861578,53.83177779,54.78871833,55.92024807,57.96636201,59.22968111,61.03725435,62.36001966,63.16468319,64.23303865,64.32387315,65.50635964,69.83004585,72.10649994,72.44412359,73.36138094,76.7574243,77.41526157,77.7109183,78.50255241,78.57173377,79.53803958,80.07754883]","[7,1,7,1,5,5,1,1,1,4,7,2,2,0,2,2,6,3,7,5,5,1,1,1,1,5,1,5,5,5,1,1,5,1,1,4,5,5,1,1,1,5,1,5,1,5,5,1,1,3,5,1,5]"
"[8.02469121,9.5152439,9.58559702,10.50939521,11.77366902,11.94710188,12.43318692,12.86377724,13.24365171,13.42598621,13.6787609,13.73357307,13.78090531,14.04677712,14.19320011,14.21248562,15.33514521,15.56947911,16.7494897,16.93030466,17.56044111,17.71139742,17.97830172,18.59426383,18.64079525,18.76456947,19.07121278,19.35724546,19.36592549,19.41450365,20.43952619,21.43167248,21.57293358,22.14975669,22.68013962,23.43592699,24.02011914,24.19002272,24.86270872,24.90981128,25.86453117,27.93788962,32.68500601,35.64376156,36.33277916,41.111935,42.0055537,42.06746183,44.59213087,47.06963555,49.93425232,59.1812526,60.05774944,65.85345486,66.65512672,67.53185661,68.19970068,70.43300971,70.48911947,70.89194163,73.09432046,73.27636637]","[4,0,0,4,0,5,4,0,0,0,4,0,4,4,0,4,0,0,1,5,4,0,4,7,5,1,0,5,5,1,1,7,4,1,5,1,5,5,1,5,5,5,1,0,2,2,2,7,3,2,7,6,6,0,4,3,0,0,4,4,0,1]"
"[0.39549832,0.48810947,1.8394561,2.82791732,3.04206493,3.1142383,3.38418382,3.89899874,6.04226206,6.73359092,8.35897081,8.69638462,9.73930096,13.59876914,19.24457854,20.0690895,23.72941794,24.53443106,24.75751725,25.04863611,26.30024956,31.97365699,32.16012243,34.68476294,35.62649939,36.97661008,38.70254421,40.48471493,41.040495,45.88148679,47.60624266,47.60752237,47.76655662,47.87047456,51.49910483,51.94794349,53.33195076,53.69093654,54.03416688,54.18774545,57.59130958,58.7243906,63.7742515,64.56892863,69.2563059,69.91970019,73.34220666,74.10712677,84.16276823,85.18105703,86.56093991,90.52030772,90.69144451,96.67926352,97.84697643,100.31015523,101.28404934,102.20619474,107.58546356]","[0,0,1,0,5,3,4,6,3,0,6,7,0,2,6,0,1,0,0,1,7,3,7,6,3,3,5,5,3,1,0,1,0,0,6,0,6,0,1,5,3,1,7,6,0,5,7,2,1,5,3,7,2,3,5,6,1,1,1]"
"[5.1536219,5.68130081,8.60901061,10.84248984,12.6907434,13.58398111,14.82586875,15.41691594,18.3788569,19.69562542,26.08176399,26.99206447,30.12559461,31.39561587,33.37804122,33.76551769,33.82723281,35.34503578,35.61964747,36.65872976,37.08678564,37.36796952,37.37927673,37.41219609,37.99955796,38.17856541,38.34401687,39.14516711,39.30994205,39.51982607,40.13555099,40.18196761,40.41590423,40.61341565,42.00121455,46.39559665,46.89891058,47.50640305,47.55084086,47.67877312,48.79108791,49.70013624,49.91599404,53.66772715,60.48486969,61.75746198,63.16192481,65.60537886,72.93829407,73.950664,74.43859423,76.88593251,80.34494194,81.62525491,83.13889403,84.55841126,84.63353393,84.65687653]","[7,2,2,5,0,4,3,2,7,5,3,3,1,5,1,5,5,1,5,5,1,5,1,1,5,1,1,3,1,5,7,5,3,1,1,1,5,5,3,5,1,1,3,5,5,1,5,1,1,1,0,5,1,0,4,1,4,0]"
"[5.5710528,5.60527824,5.99560026,6.06573771,7.49155215,9.95590621,12.10755704,12.38482886,12.52691809,20.4054144,25.91580514,26.1625056,31.17913111,37.00742015,40.26410943,44.59555259,48.03769346,50.56091379,50.96827381,50.99099132,54.16531366,54.26374801,56.9990947,57.41740488,57.49581992,57.68657615,58.81131377,58.98262766,59.38210806,59.65740094,59.72369585,60.23407042,60.86324696,61.65512053,61.84472991,63.7509866,65.19470555,67.72773509,70.0799093,77.00715125,77.75624052,77.84202321,78.35271459,79.69839187,82.08738368,83.15256367,86.01117154,86.96648003,87.03882879,87.30916601,87.60596113,88.02267613,88.218599,88.9946624,89.3230997,89.69441471,91.373942,91.85015096,92.11466026,92.2680147,92.90312225,92.90749588,106.51247528,112.20723047,113.24779802,113.90701112,118.4577903,121.29515491,122.3266379,122.45046233,123.84547801,126.4672791,131.09702219,131.1901314,133.2325173,139.26008975,143.0802687]","[0,7,0,4,5,1,3,5,1,3,6,6,3,3,5,2,1,5,0,2,7,5,1,1,5,0,1,1,5,5,4,1,1,5,5,1,0,4,0,1,5,7,0,5,5,2,1,1,5,5,1,1,1,2,5,1,1,6,1,5,5,6,2,6,1,5,7,2,4,0,4,0,3,3,4,2,0]"
"[4.25529739,5.82836204,9.20931264,10.33496682,10.77551405,14.47414617,15.76758039,19.88375333,22.8055599,23.08949987,23.96833805,24.19100391,25.05283081,25.3662783,25.3753695,25.41114044,25.6203525,25.62265456,25.65145556,26.43514919,27.28118449,27.34964987,27.93528663,29.52180214,29.82138857,30.08120264,30.3772586,30.58680688,30.99437974,31.29970067,31.6960646,31.8486757,31.95207083,32.53003674,33.00842412,33.76046643,33.84404822,34.01971502,34.68844794,34.88312115,35.29064039,36.78335794,37.10208018,37.55196302,38.7861441,39.6331546,40.54478551,40.89921071,40.94421328,40.95970733,41.20439441,41.24224872,43.1778043,43.73030875,43.87838892,44.79518893,44.87229422,45.19294518,45.31726367,45.39414997]","[7,2,4,4,5,0,2,4,3,5,1,5,5,6,5,1,3,5,4,5,0,1,5,0,5,1,1,5,1,5,5,1,5,1,0,4,1,0,0,1,4,4,5,1,5,1,5,1,5,5,5,1,1,1,5,4,5,5,5,0]"
"[1.09307373,3.14933673,4.60025423,6.54621814,9.4765275,9.70782612,10.07783044,10.84470874,11.31991915,11.33974402,12.25318715,13.25382495,14.39296774,14.39778607,14.51072767,15.05039278,15.05837413,15.31869955,15.75891216,16.82903516,16.90755295,17.22041509,17.5890637,18.11728084,20.46857697,20.57989196,29.28283954,30.70938096,31.13425978,31.51295256,31.69243869,32.94347595,36.36169405,40.44188158,40.87702841,42.02084881,43.76661617,44.14544832,44.27408539,44.36967112,64.2115774,65.23914025,66.49166152,66.95022366,67.15663064,69.10334545,69.61128176,72.05668454,74.8706806,75.1184089,75.76177021,76.48016951,76.61306665,77.77307799,78.63760803,80.6800759,82.82752734,83.78682954,84.27292744,84.27484593,84.57197182,85.60191324,86.04620847]","[1,0,1,5,0,1,5,5,5,1,6,4,2,1,0,0,4,0,4,0,0,4,5,2,1,5,4,0,0,4,7,0,6,1,5,7,1,3,5,3,1,3,5,5,1,1,1,5,0,5,1,1,5,5,5,7,5,2,1,1,5,1,1]"
"[2.33034412,3.01905736,3.53358155,5.17166578,5.38298561,5.55343929,5.88853947,7.01941022,7.44069578,7.55470375,7.99941933,8.37867051,8.80695629,8.9585342,9.42973184,9.45853254,13.39092593,13.90144295,16.15536644,18.65110595,19.53738931,19.86693135,20.63849095,20.98778272,21.27450766,21.39187667,21.59144556,22.16281127,22.36438935,22.49163658,23.23463701,23.36561188,24.28744438,25.31874816,27.84359289,27.87931288,27.95061372,28.54952185,30.86545574,32.06318638,32.15271091,32.52365336,32.69379665,32.70549713,32.7776877,32.77898755,33.00489941,33.295175,34.38015641,34.59366545,34.71494255,34.95574072,35.43716274,35.7375449,37.26004735,38.16376582,43.19407304,44.75585567,48.32496094,51.70642365,54.55779814,55.89643483,56.5901222,57.79235005,57.82001617]","[7,4,5,1,3,1,5,0,5,4,4,0,0,5,5,0,4,0,4,7,4,0,4,0,4,4,4,0,0,0,4,4,0,4,0,0,4,4,0,4,0,1,4,0,4,4,0,4,6,0,6,0,0,0,4,4,2,2,4,0,2,1,5,1,5]"
"[8.36856453,8.43448168,12.81070895,13.32801965,14.56401267,16.95386877,20.35523951,20.6726646,22.35611968,23.2388925,23.34835617,24.4216432,25.3126688,25.48143141,25.92984742,34.77189133,39.66515789,40.10946031,43.0583224,43.40003445,45.19831644,49.20036656,49.2713702,49.58640234,50.47339943,50.99720733,52.76044941,54.03533886,54.38397306,55.06315056,61.21492724,67.19462191,72.80378472,73.39971239,76.38696767,79.16278904,79.42922436,80.0466881,80.4464864,81.50402788,81.99578767,84.74801783,86.12265362,86.27690006,88.66364943,89.03313542,89.06563269,92.1335418,95.36903221,97.09886552,100.53380455,100.8444012,101.08477551,102.55514544,102.87903116,103.09608913,104.74188075,105.16927964,105.27116424,105.50082464,106.79748032,107.34620195,109.36170844,111.79726101,112.09267705,114.07984579,115.21902436]","[2,4,0,5,1,0,2,0,3,2,7,7,2,2,0,2,7,2,1,2,2,0,1,0,1,7,0,3,7,1,7,2,5,5,2,5,2,1,0,3,7,2,7,6,3,0,1,6,6,4,2,0,7,1,6,0,0,7,7,2,1,5,1,2,5,1,2]"
"[2.62455068,2.74875874,5.75126501,5.97111323,6.28817805,6.37012131,7.26825462,7.31582574,7.56594889,8.03530865,8.06799432,8.16057998,9.039413,9.56893571,9.68613216,9.93377878,9.93552409,10.15487661,10.20791156,11.64874611,11.94408617,12.16498392,12.23502171,12.2714455,12.72947058,12.7989603,13.24422295,14.31268968,14.44466532,14.61112236,14.73296472,14.84352136,15.22038244,15.30823809,15.57505168,15.96623898,16.01582619,17.50956054,17.82387818,17.83326902,18.97649131,19.02534176,19.24081929,19.4568533,20.44171151,21.17244313,21.34630862,22.08013409,22.8315365,23.48585474,23.81842965]","[2,6,0,4,5,7,4,0,0,4,4,4,0,0,4,5,4,0,4,0,4,0,4,3,3,4,0,0,4,6,4,6,0,4,2,4,3,4,2,4,1,5,0,1,4,1,1,5,1,1,5]"
"[6.15277819,6.76304815,7.09416495,7.41335078,9.65322212,9.81308358,10.26206946,10.40839408,10.77392307,10.9071833,13.11641106,13.30245105,14.81407341,16.86942263,17.53813382,17.54360536,18.28350961,18.64327374,18.66279154,18.95836331,19.23848859,19.38606377,19.56017133,19.75519992,19.99066545,20.24645545,21.159672,22.52780237,22.56008116,23.8394999,26.06496874,30.11653607,30.88299484,32.10172364,32.57243517,35.2484749,36.11408662,36.21971899,36.66167226,37.49763647,38.11812327,38.38657271,38.83163135,48.47722514,50.50402534,51.71112246,52.82463607,52.92739552,53.4761653,53.49084065,58.8674964,61.93636712,65.85680368,67.17590825,68.61431133,72.95441047,73.37146512,73.66890286,75.11353551,75.54194077,75.80897278,75.93847315,77.37079205]","[5,1,5,1,7,4,1,1,5,5,1,5,1,2,5,5,1,5,1,1,1,5,5,5,5,1,6,1,5,5,5,1,0,5,0,1,5,5,1,5,6,5,0,2,1,5,1,1,5,5,1,2,1,0,4,5,0,0,5,4,4,3,4]"
"[4.52743777,8.15590945,11.86105792,13.99184602,17.58012428,25.49109876,25.64801373,26.14114588,27.28541861,30.00891119,30.17128587,30.36028608,30.65326981,31.12686626,31.77473173,31.88796698,32.71554794,33.19863815,33.58653903,34.71290848,37.22101463,37.77677399,40.01282223,40.48192841,41.29573378,42.29630101,42.48493153,45.51109454,47.42901894,51.67430636,52.06741974,52.36158847,52.43368343,53.39194351,54.4897501,54.82122537,54.86341342,57.26643621,58.3998489,58.50846547,59.03197188,59.07389496,59.98602018,60.28899905,60.60983413,61.78772745,62.12180424,66.4685921,68.97994076,69.22002174,71.08287405,71.30438259,72.96103008,72.96579401,73.88965464,74.04998593,74.07379521,74.34289131,74.74236597,74.83910766,74.92105011,75.17012378,75.21505541,75.70358715,75.86275163,75.95569952,76.06285882,76.76034653,77.20551827,77.65270999,77.81881039,77.8732035]","[3,1,2,7,6,3,0,4,6,2,7,4,0,0,4,4,0,0,4,0,4,6,1,6,6,6,6,5,6,0,4,4,0,0,4,6,0,0,0,4,0,4,4,5,2,3,4,2,0,7,4,0,3,3,0,5,7,1,4,5,0,5,1,5,4,5,1,5,1,1,1,5]"
"[13.10521533,13.23204075,13.73029043,25.65352222,25.91363572,26.3726701,27.03072261,27.29593,28.22708369,28.6260475,34.51055084,35.56956326,36.21778375,40.12690435,41.74749946,42.73045566,48.847606,57.96152713,58.8244428,60.33186432,60.48519461,61.72754503,63.42113258,63.84581777,65.10570108,65.73538349,66.27289789,67.25448274,67.96125784,68.50616173,72.59483792,77.94633196,84.881561,87.78065609,94.61927266,94.80337935,94.91171947,95.50559332,96.29764124,96.41727849,98.10424884,100.48607599,102.41872018,102.57948685,103.17428931,103.8008518,104.49084358,104.55732868,104.76699631]","[1,5,1,0,4,0,0,4,4,4,0,7,0,3,0,4,4,2,7,7,3,5,2,1,1,5,1,5,2,5,7,3,2,5,2,3,4,0,4,4,0,4,5,4,1,5,3,0,0]"
"[1.01071741,1.26722422,1.800031,1.89680983,1.95341708,3.97316131,4.2133821,4.2610051,4.93595717,5.28188715,5.74970784,6.04506572,6.15744417,6.15900562,6.30530684,6.80825578,6.93194159,7.05835723,7.08500923,7.21004077,7.57491025,7.63040077,7.78384252,8.07671295,8.18471136,8.42285721,8.54116255,8.65253029,8.67318343,8.86036198,9.15272927,9.16443944,9.27607528,9.43113113,9.72153614,10.12914033,10.29517065,10.65385499,10.90694199,11.28151097,11.28177992,11.99961018,12.18350424,12.44657947,12.53746275,12.68777023,12.82328087,13.17932713,14.06324945,14.07331193,14.46146735,14.64520161,14.81078677,15.02472725,15.19059609,15.19690202]","[0,5,4,5,1,4,1,5,5,1,0,0,4,4,0,4,4,0,0,4,5,1,0,4,5,4,1,0,0,5,5,0,0,1,1,4,1,0,7,5,4,0,4,2,0,0,5,5,0,4,0,4,4,5,5,0]"
"[4.41717919,7.47006797,9.60949376,18.12502402,23.50060755,28.19302618,35.99484451,37.16467299,38.07777225,40.23135574,40.95596779,41.25077358,41.75761032,42.19102919,46.12762691,47.29334739,47.51681161,47.66518892,50.04171516,50.19041651,51.03444048,52.4210244,53.07670151,54.78558877,55.02835721,56.08246932,56.08873267,56.64624664,56.87903249,56.92822123,66.42840734,72.32186333,74.02785535,74.5805632,75.95297532,76.14690511,76.67807987,77.72783822,78.43111261,78.53425186,78.88389248,78.99776009,79.35908358,79.36751602,79.66382287,79.97155429,80.95598491,81.03429926,81.58846661,81.60760112,81.66094376,81.81832205,81.88884211,82.03423096,82.07082753,82.27640651,82.29519621,82.59347573,83.11194774,83.11995758,83.488617,83.62874326,83.7107223,83.78448936,84.12383253,84.21178913,84.59772717,84.61131228,84.87877444]","[1,2,2,5,7,7,0,1,7,0,4,0,4,0,2,0,1,5,4,0,0,4,6,0,4,1,5,7,5,1,2,1,5,7,0,4,2,2,4,0,5,0,1,1,4,5,5,5,3,4,0,1,3,4,4,4,0,4,0,0,4,0,3,4,4,4,0,0,0]"
"[0.7176197,0.76456628,1.28273857,1.7525373,5.17864745,7.08581004,7.10398583,8.79176727,9.29213624,9.58306929,11.5385245,11.78033834,11.96660771,12.13954851,12.24860293,12.38026787,12.5368571,12.64251368,12.85760851,12.98060637,13.06348233,13.2405314,13.41725879,13.43897891,13.46873679,13.62263865,13.82206155,14.14184512,14.28125456,14.29846259,14.50147556,14.70417245,14.72969526,14.78593364,14.88611876,14.94406587,15.21575998,15.41769154,15.45657697,15.85113395,16.3735535,16.70677985,16.81868703,16.84905376,17.05255643,17.30662802,17.50010371,17.69088371,17.99788822,18.05608726,18.30250045,18.51650802,18.66074282,18.7892995,19.17467698,19.79869053,19.82815656,19.84155698,19.89647618]","[7,0,4,0,5,0,4,4,0,4,7,1,5,0,5,4,1,1,4,5,4,1,5,5,1,5,1,5,5,5,5,1,4,0,6,5,1,1,4,1,1,1,5,5,5,5,5,1,5,1,5,5,5,5,1,1,1,5,5]"
"[7.61795613,14.51040777,17.56673393,18.75304989,19.2641753,26.44026368,27.11522247,38.15608876,39.73628053,44.91015794,45.87037344,46.30975179,47.38990088,54.5082571,54.99479235,55.25136969,57.14611894,63.96364867,66.29866425,66.60576299,66.69197842,67.24801015,67.4577905,69.14505965,71.06529385,72.77405074,73.48794823,75.0100973,76.43875076,80.08172702,80.26295388,80.4592721,81.07190333,81.07259748,83.20408531,84.00540396,84.06786591,84.08022074,84.15861334,85.44286883,89.88109269,93.14098488,95.31295408,100.10211945,107.11934248,108.61707887,110.10122553,115.35803933,118.87692828,119.91052362,120.78197865,126.18961465,127.08278559,127.70632985,131.49140029,132.13599657,134.72603246,135.77997846,136.84867696,139.30669582,141.6621708,143.04382305,144.05280457,144.73356834,145.99257472,149.31579049,149.42820448,149.6696725]","[1,3,5,1,5,5,4,2,1,5,2,2,7,5,1,1,5,4,3,4,3,0,5,0,0,1,7,5,5,1,5,5,1,5,5,1,1,5,5,5,1,5,5,2,1,5,7,2,2,1,1,0,4,4,4,0,4,5,7,1,5,3,4,5,1,2,4,0]"
"[0.22718751,1.88147846,3.64345561,4.68374812,4.79214191,5.07429196,5.28315291,5.35882943,5.36125289,5.97946593,6.13295543,6.19436672,6.56707288,6.72892401,6.92245993,7.04554372,7.16032132,7.68940036,7.84492682,8.25533287,8.55171934,8.97821565,9.68741318,9.71862649,10.29032752,10.39068706,10.54086664,10.77268462,10.89441411,11.01950037,11.16977329,11.18897403,11.21704657,11.2355097,11.63069963,11.78480069,12.26746577,12.473216,12.61915229,12.76415933,12.80117906,13.08889815,13.09883768,13.28154085,13.39747678,13.48029649,14.14914038,14.27897921,14.29554009,14.4758024,14.49606686,14.70543,14.7962696,15.24330069,15.30097029,15.54083572,16.118407,16.1258628,16.18937413,16.52448414,16.91185502,17.00582757,18.83542226,19.11031263,19.88450148,19.90789699,20.19497451]","[1,5,5,5,1,5,5,1,5,2,5,1,1,1,1,0,1,1,5,5,5,1,1,1,5,1,5,1,7,5,1,5,5,5,1,5,1,5,5,6,1,5,1,1,5,5,5,1,1,5,1,1,5,5,5,5,3,5,5,1,1,1,2,4,5,5,1]"
"[4.10074172,6.60246631,13.627401,18.92480903,22.27293147,24.76191571,27.15060333,28.51078222,29.37597627,30.3236058,30.76131128,31.05873798,31.12069331,31.36757341,32.55275692,32.90139906,33.46844439,33.72079296,33.93024365,35.8022049,35.97747791,37.1264755,37.62355979,38.40654074,39.12881374,40.07534381,43.4688351,43.68043515,44.38732827,45.16099705,45.53487514,46.58172329,47.17239824,47.25547527,47.46825173,48.14815077,49.78515615,50.10045531,51.12872272,57.40664404,57.56466806,58.06852547,58.62708601,59.54525275,59.9680562,60.87516889,69.73747881,76.13599482,76.82742133,76.97619822,79.02893573,79.049529,79.60254231,80.51297343,80.82136077,81.15112278,82.42377983,83.89157075,84.09678164]","[7,5,7,1,5,3,0,4,0,2,4,0,0,4,1,0,4,7,0,1,5,0,4,2,7,4,0,4,4,0,0,3,5,3,0,5,1,5,1,5,1,7,3,4,0,4,3,5,1,5,1,0,4,5,1,5,4,1,5]"
"[1.32216666,2.41412708,3.42176565,6.34509929,7.33270376,7.70917959,9.12334906,9.37941053,11.25125083,11.68524103,11.93889534,12.41006442,13.96494295,14.12738827,16.67974312,19.49835633,20.22546541,22.48109555,24.73146745,26.04290369,29.52867069,31.59605675,33.01094016,33.89006782,34.63623337,34.63739388,37.97211631,40.06929974,43.18244395,44.04181303,44.57887576,45.00679983,46.00409784,46.05234175,46.25734741,46.38773576,46.56885258,47.10304116,47.11804756,48.01985236,48.28399018,48.50373365,48.78028495,49.78473043,49.80676679,50.25006014,50.36493018,50.36637731,50.49200556,50.7261225,52.5658531,53.59106293,53.78263987,54.12555742,54.91383823,57.60037731,59.26653271,63.31782661,64.35174462,64.70982033,66.1880496,66.329816,67.46596885,67.92945496,68.1238275,68.27161019,68.47905616,68.70693703,69.09302159,69.27924343,70.2845382,73.17730487,75.50140513,76.0034473,78.20433605,90.48976844,96.5792596,96.69967041]","[4,0,1,5,0,1,7,1,0,7,1,4,1,5,5,1,5,5,4,2,6,3,6,3,4,0,1,1,1,5,5,5,1,5,5,1,1,5,1,5,5,5,5,1,5,5,5,1,5,5,5,1,1,5,5,2,3,0,5,1,4,1,1,5,1,5,5,5,0,5,5,0,4,0,4,5,0,0]"
"[2.20452368,2.65395071,3.00886147,3.93048996,4.09801622,4.36618678,4.45035728,4.55238264,4.86010931,5.09070424,5.24115172,5.52916898,6.05393999,8.60903338,8.62122943,9.31761919,9.71093838,9.92967929,10.1570573,10.84169911,12.18055701,17.2326726,20.10593222,20.47282954,21.69496558,22.8178253,23.60388328,24.22738337,24.23697675,24.71849696,25.06203323,25.35335609,26.04329793,26.12653631,26.40095469,26.40610376,26.52372325,26.7543086,26.94368499,27.20815674,29.27503075,29.4736614,29.59208248,31.36062699,34.09398229,34.95472541,35.15597772,35.24446325,35.94768073,36.69850303,37.86617301,38.2481671,38.95111559,39.60492093,43.57298294,43.73684303,44.24124587,44.41255749,44.59821712,48.25636991,48.25638748,48.57580662,49.04581534,49.28959108,53.35086047,53.97720336,54.71651784,56.4851837,56.87935546,57.01861709,57.37757421,57.41303741,58.13792101,58.22860839,58.38101189,58.45917099,58.84772157,59.25181114]","[0,5,4,0,4,0,4,5,4,4,0,4,4,1,5,1,4,5,5,1,2,5,6,2,5,4,0,1,4,0,7,4,4,4,4,5,0,1,1,5,1,0,5,4,0,4,1,4,5,5,5,0,1,4,4,1,0,1,0,5,1,5,3,5,1,5,4,0,5,1,5,3,0,2,0,5,5,0]"
"[3.33315517,4.77110094,5.06912749,5.20911784,6.83080954,8.26807985,11.57378248,13.01235735,13.59595188,18.32771733,18.88296237,19.21092196,23.89969771,25.909248,26.03464807,30.90610523,31.07513674,31.45190673,32.35561539,32.69921009,32.9882842,33.04183119,33.75880086,34.72061317,35.6099442,38.65500938,38.92053658,40.28651583,40.4358067,42.63208272,43.8013677,44.01197194,44.01641745,44.74425713,46.50595303,46.66200939,47.53985192,47.55409085,47.70687392,47.7339334,48.41282104,49.01950611,49.66404721,49.72348727,49.97584333,50.23815077,50.33491147,51.10449487,51.63179331,51.74850404,51.76378872,51.98000791,52.06491353,52.51936332,53.46446905,53.50416806,54.08371927]","[0,1,5,1,5,1,5,1,5,7,3,3,5,4,0,4,0,4,0,4,0,5,0,4,0,0,4,4,0,0,4,4,0,5,4,0,4,0,0,0,4,4,0,0,4,5,1,4,0,0,4,0,4,0,0,4,5]"
"[0.98697406,4.22643266,4.7073576,11.63482816,12.78588474,14.12578273,14.51760119,18.99256859,19.6083634,19.79367546,20.127356,20.52634689,22.45980762,25.18383869,25.27041552,25.94604444,26.12740548,31.20664772,38.03775759,38.73431198,38.98115288,40.14123629,40.83676957,41.44555315,42.73639631,49.00269522,49.04290671,51.59003989,52.65615397,53.76722907,54.35533443,64.75938566,65.33178536,65.41923821,67.4603251,70.91999873,71.251394,74.93789566,77.22733271,78.30836868,78.41348704,79.63050545,79.96945874,81.33975877,84.43952726,99.39981523,104.09140511,116.89092404,117.09953499,122.67542144,123.24278034,123.55578019,125.14881076,125.76745697]","[6,3,7,5,1,1,3,3,2,3,7,5,4,3,7,4,2,4,0,1,0,3,4,1,0,5,0,7,7,4,1,2,7,1,1,2,1,3,6,3,6,0,1,7,3,7,2,4,5,2,0,7,1,2]"
"[7.11819209,7.61518724,7.7698521,8.46766348,10.22567921,10.90370325,12.28997457,21.3945709,22.80509227,23.14582091,23.39426226,25.31410912,26.49463434,26.57115771,26.65014076,27.1771694,27.42256072,28.50296698,28.93172335,29.11574208,29.16032206,29.21065246,29.42072099,29.68479487,29.98679086,30.15049991,30.18159202,32.86256576,32.86515369,33.38512918,38.21439103,42.3520585,42.73043616,47.4734776,53.53269336,57.34555496,63.05354036,64.1308442,64.33004891,67.53710862,69.78723544,72.30477145,72.62496539,73.55828077,77.53755098,77.83697333,82.18249631,82.64388615,83.11525405,85.39994308,86.08831101,86.43031093,86.61349498,86.63916474,91.22729291,91.52374408,92.31879015,93.38730965,95.4390157,99.81570366,100.79345429,104.09386356,106.19001742]","[2,1,5,1,5,1,5,1,6,5,5,1,5,4,3,0,5,0,4,4,4,0,1,5,2,2,0,4,2,4,7,2,0,3,6,6,5,5,1,2,6,3,7,2,4,1,5,7,5,0,4,1,5,4,3,5,1,1,5,2,5,2,4]"
"[0.00146383,1.43094448,1.66321845,2.56317369,3.55021779,4.3343374,4.52306566,4.57927662,5.47941298,5.77120224,6.31825128,6.51374485,7.35229357,8.61047018,8.62001124,10.51856235,11.09833513,12.22186222,12.2595335,13.3930145,13.6490277,13.67873091,14.26078241,14.63473028,15.67452949,15.74571438,16.2261999,17.15529068,17.50556299,17.62266255,18.2990829,18.45078268,18.56495735,18.94670194,18.98472726,19.17306683,19.56909903,19.88853205,20.53668119,22.3892885,22.38968079,22.6828345,23.50481035,23.84851075,24.91097369,27.46653713,27.83012077,29.01369332,29.48229447,29.88685919,30.19518076,32.03224487,32.60024376,32.89638956,37.32006205,38.23784709,39.06540695,40.99501323,42.06513621,44.38037059,47.86545457,48.9063838,49.30620988,54.16388768,55.21370103,59.43603686]","[0,7,2,1,5,6,1,5,5,1,3,3,2,1,1,5,1,5,1,5,1,5,5,5,1,5,1,1,1,5,5,0,5,4,0,0,5,1,1,7,5,4,0,5,1,1,0,5,5,1,5,1,3,5,1,5,1,7,5,2,5,1,1,5,1,7]"
"[5.87123857,7.15320613,8.59445653,9.99185275,10.96773043,13.81136078,17.22772891,18.83505933,19.99423031,20.03357178,20.79973233,22.05616449,22.29696166,22.71600734,22.84053478,25.30118535,25.54657213,25.58493938,26.75473579,27.60259991,27.80430018,28.06142411,30.50101675,30.6508802,31.10702152,31.67417117,32.88621245,33.41034904,34.91145016,35.62261393,36.70091955,36.7698987,36.9764328,37.56698234,38.28000568,39.39914532,39.45739037,39.55671703,39.96387629,40.50523346,42.26641054,42.36880219,42.90567658,42.92671858,43.0937721,43.69946413,43.81865409,43.88837129,44.61543145,44.6457399,44.99399593,45.63844465,47.32563097,50.51640018,50.83019752,52.0434788,52.04696772,55.52089621,56.18625273,56.40121033,56.54615551,56.91057395,63.15276866,63.73006484,63.78325917,64.06438136,64.08280342,64.62397102]","[4,0,2,3,4,1,5,3,5,1,3,5,4,1,5,3,1,1,2,1,5,5,0,1,5,5,1,4,5,0,4,0,4,0,1,4,4,1,0,4,4,0,1,5,1,5,1,1,5,4,5,0,4,0,4,1,5,4,3,6,2,0,0,0,6,4,5,4]"
"[1.97790176,2.57125475,3.86078177,5.72539287,7.01994456,7.06351938,10.64612853,12.21526425,13.89203942,14.22456147,15.72708512,16.64261511,20.72319622,21.90312258,22.13246914,25.15705665,25.40610682,26.25964564,27.96135656,28.7990603,29.39289824,29.77714859,29.89556571,30.83290318,31.41005078,32.25950917,32.6427319,32.66688603,33.26260232,35.01608373,35.55827053,36.22367858,36.96272754,40.03314528,40.26412851,41.06870935,41.16292916,43.89235647,44.07843395,44.71587201,44.98776201,45.5043057,45.78388232,57.67511825,58.33794142,59.82616584,60.78798524,61.18718693,61.52841969,62.2867947,62.38048893,62.86069844,63.04622496,63.25985651,64.19376827]","[7,1,5,5,1,5,3,5,1,5,3,5,2,4,0,0,4,7,0,4,0,4,0,7,0,4,4,3,0,4,3,0,0,3,2,4,0,6,0,5,0,5,1,2,5,1,4,0,4,5,4,5,1,4,5]"
"[4.24489361,8.42895604,9.3263518,9.62628185,9.82867077,11.1388992,11.91492777,12.30751932,13.27924184,14.71289422,15.30011809,16.47506733,17.8939778,21.58736873,22.32183094,22.87764216,22.91641999,23.59922017,26.633827,26.81043436,26.98453009,27.98141669,30.91351943,31.02122602,31.0251331,31.14368901,31.50828354,54.92420854,55.10632691,60.05204554,61.48006472,80.92068796,84.44662186,90.46294873,92.15146236,92.77836836,93.42104021,94.02934387,94.28860541,94.99224368,94.99987812,100.98744746,102.24315412,103.35157411,103.73555475,105.46046542,110.22673248,111.70989612,112.33409945,112.41714214,112.94839737,113.95716682,114.13028035,114.92304162,117.03997473,118.849978,132.36487342,132.41366459,132.71565286,132.9528929,133.46832014,133.55153792,133.61231653,134.02712537,135.3005124,135.72671345,144.61655281,145.74137729,146.55734263,151.35748737,151.50367469,152.2099487,153.48573003,153.87890175]","[5,2,5,2,0,1,1,5,5,1,5,2,5,3,6,3,6,3,4,0,0,4,7,0,6,0,4,5,4,2,7,6,2,1,4,0,0,5,4,4,0,3,7,7,0,5,7,4,0,5,0,3,7,1,4,1,1,6,5,6,1,1,5,5,5,6,1,5,5,4,1,0,5,5]"
"[1.93875898,2.22997541,3.55623696,3.72070685,4.56331184,5.64337121,5.77632029,6.24883287,7.2497043,17.52845772,17.5799408,19.19946602,19.68506828,21.67115486,24.09395517,32.48789392,32.54885586,32.55397534,32.57407862,32.93014347,33.58870502,34.53162354,42.97596884,44.10667821,44.88268932,45.12729084,45.18189228,46.09598486,47.16648583,55.4460908,55.88783703,56.85359455,57.46061542,58.4529457,62.20840031,62.87524769,63.83540143,64.16211776,65.83864115,66.40069131,68.42741437,69.71062625,75.85628066,75.8838975,77.84197323,82.20678133,82.21923441,82.25092445,82.57672323,82.69594708,84.47408148,85.52596558,85.64590486,86.96352951,89.05509294,89.72762582,92.41432894,93.77439118,93.81321295,93.93285575,94.00098327]","[1,5,5,1,7,1,6,5,5,0,5,7,0,4,2,0,4,0,4,7,0,4,0,4,0,4,4,4,0,3,7,6,2,4,0,2,4,0,5,5,4,0,4,0,1,3,1,5,5,5,0,1,1,5,4,5,5,1,5,0,4]"
"[0.82540499,1.88808397,3.47215584,3.57487136,3.63558763,5.97413996,6.99327174,7.87688871,9.98571328,10.6648676,11.09659067,11.22320546,11.36285593,13.99010161,15.23218296,16.47707428,17.02753532,17.62564695,23.30019462,28.91424765,30.18996693,32.06275187,37.60805602,39.63502788,46.11900192,49.4215364,49.95983507,51.93056728,52.01003854,53.95130035,55.76830208,58.02679305,59.03142255,60.36884034,62.69497321,65.60488344,68.97829079,70.24300481,71.7074822,72.21499728,73.16537398,74.50726931,76.7661743,76.89190018,77.15024111,78.03335621,78.21779753,78.28335986,78.56391062]","[0,6,5,0,1,1,1,1,1,0,3,6,1,1,0,1,1,3,0,5,7,3,4,3,2,3,7,1,0,2,7,6,2,5,2,5,7,2,2,7,2,2,0,1,0,1,3,7,0]"
"[6.18930572,7.57003128,7.6141697,10.91156617,11.05799709,16.53281919,18.08627146,21.30864441,21.93613675,22.96130403,23.79669421,23.9572805,25.14424817,25.96926947,26.24903246,26.41345198,28.24671671,29.07200545,29.2583702,29.75853603,30.32100366,30.42333112,31.04184269,31.98524291,32.0686667,32.4440251,32.7783462,32.9847594,33.36669794,44.96017537,49.59362957,51.58048984,53.98929767,54.29389082,59.9575715,60.93549549,61.11387096,62.27707259,62.99993558,63.00774268,64.72476983,67.52643271,67.876026,72.49810046,73.5070104,74.46876527,75.48340092,75.68825496,75.74294359,76.15599551,76.51902069]","[3,3,2,7,2,7,1,5,5,6,3,1,2,5,1,0,3,1,5,5,1,5,1,5,6,1,1,1,6,6,2,4,0,4,5,0,5,1,5,1,5,7,5,2,2,0,4,0,4,4,0]"
"[22.7883918,24.56630685,29.17432645,29.94605693,30.07896611,30.96238025,31.38120343,32.83880404,33.14298971,33.2235878,33.40181379,34.24416258,35.23173912,35.8835748,36.83864267,38.14951295,38.2465538,41.63535069,42.20180431,45.51462748,46.34192444,47.12888137,54.59674603,59.66374428,61.74406341,64.34883855,64.99957106,69.31341054,72.97731708,74.79822932,74.96738179,77.3197916,82.12412203,82.70719853,83.75566454,88.2309087,88.51483552,88.79489108,88.96601985,89.15390877,89.31975204,90.48070948,90.6710368,90.88622821,91.21039616,91.93707686,92.31709314,93.13162551,93.41754287,93.75507616,99.07122398,103.20595783,103.74482871]","[5,0,0,7,4,4,0,1,5,4,1,1,1,5,2,5,1,7,2,0,5,6,5,7,1,7,2,2,2,2,4,2,2,0,2,1,1,5,5,1,1,1,5,0,4,3,0,3,4,4,3,0,4]"
"[0.06039755,3.82833102,4.24193711,5.54553723,6.55897644,7.10642019,8.14111117,9.10865717,9.14707171,10.25814553,11.92435893,12.01166145,12.85477677,13.05204459,34.82972984,39.02670533,39.99385462,41.67384969,42.05372541,42.41145411,42.47124841,43.32079016,43.35452576,43.76697061,43.89259517,44.29187914,44.95562734,45.16571059,46.94345474,47.95579753,48.66226885,48.91974719,48.93812608,49.256023,49.762762,49.88529201,50.92246078,51.38771898,51.88270357,52.15258255,54.22111198,54.79745992,54.94917214,55.21282293,55.70718766,56.53510812,56.93125498,57.95781585,58.18864441,58.2111507,58.28457647,59.92729372,60.74870874,61.56482377,61.68958799,61.70721699,61.89774629,62.01667986,62.15674096,62.17048088,62.51565733,62.70283908,62.74033905,63.08141931,63.22800225,63.44245234,64.41941914,64.65768226,64.7161003,64.84540373,64.94634939,65.07784256,65.38950035]","[1,4,5,3,1,7,5,7,5,2,5,1,5,3,2,4,0,0,4,5,4,5,0,1,4,1,0,4,2,7,3,0,4,2,0,4,1,5,4,5,1,1,4,5,5,1,5,7,5,5,5,1,4,1,5,1,4,5,1,1,5,5,5,5,5,1,5,0,5,4,1,4,4]"
"[5.4353284,6.552174,8.21947378,8.39866895,10.07963051,10.31230333,11.50401198,11.53435146,13.33535532,13.40341871,14.36932371,15.87342097,15.99212954,16.1909958,18.08770694,18.22650167,18.54250345,19.81903665,20.71808612,20.89137364,22.13923606,24.65740248,27.3698198,28.18438295,28.91497616,32.75064354,33.18423857,33.36465492,36.60876462,37.8513164,38.23999609,39.85457272,44.66076614,45.72429734,45.7319308,47.12198998,48.46533882,49.63933359,60.59975022,64.42595014,68.08596937,68.70050439,68.70654817,69.04486554,72.58101458,73.10253628,73.23046757,73.70615769,75.73795368,75.85754449,76.18463909,76.60938435]","[0,1,2,7,1,7,7,7,2,7,2,1,4,2,7,2,4,3,0,6,0,1,3,6,3,2,7,2,2,7,2,6,7,1,2,2,4,2,3,0,5,1,0,0,2,0,1,1,0,1,1,1]"
"[1.92300162,2.62678856,3.34502778,3.86417138,4.7194576,9.27438632,10.7178941,14.97028106,16.0142861,17.4968845,17.57766164,17.98452001,26.56818207,28.50398734,33.18208738,33.54215628,33.60370654,35.21136243,36.00157118,36.35669411,38.50958786,44.28377051,46.14845612,49.24106753,49.77127312,55.30922815,62.19409681,64.45317771,65.7929789,67.42407362,68.17511885,68.59895485,70.20248906,72.2623283,75.57711348,76.43578054,76.76969333,77.50825273,77.53562065,78.43109899,78.69155515,81.13809109,81.6157234,81.93531878,82.4473019,82.88263293,83.0166989,83.0586057,83.08453366,83.12568904,83.20252229,83.35581678,83.57293165,84.00113417,85.32800038,85.35601739]","[5,0,4,0,0,6,2,4,1,7,7,3,1,3,2,1,5,7,7,5,1,1,5,5,1,1,1,4,4,5,1,1,3,6,0,4,0,4,0,0,5,5,4,4,1,5,1,1,5,5,5,5,5,5,4,1]"
"[2.68209768,3.05385165,3.45399488,4.63317751,5.41182884,5.79759452,5.80850708,5.90095171,6.11756969,6.25167253,7.28912971,7.61212844,8.45029438,8.45346722,9.75370648,10.3314987,11.05583112,14.00468493,16.13651292,17.4319638,17.66129051,17.98193563,17.99055979,18.17924271,18.5557769,18.6673741,18.79634986,18.96110803,19.04713835,19.33836014,20.45535752,20.61990833,20.74111554,20.81247962,21.49374022,21.62956877,21.74560619,21.83284093,22.54251206,23.08867911,23.57897373,23.77865126,24.5076793,24.60736379,24.62448622,24.73348462,24.84134896,25.19131008,25.63114574,25.80374309,26.81173191,26.88990677,27.1233011,27.32736009,27.77551944,27.90070281,28.28833273,28.92393985,30.01112933,30.33648313,30.75657243,31.61104449,31.67954297,31.71220947,31.97638606,32.03529293,32.06654275,32.35898588,32.72312279,32.74052677,32.8425287]","[2,7,7,1,5,1,5,1,2,5,5,5,1,5,1,1,5,5,5,1,5,1,1,5,3,1,5,5,1,1,6,5,5,5,5,5,1,1,1,5,1,5,5,5,5,5,5,1,5,1,2,1,1,5,5,1,5,1,5,5,1,5,7,1,5,1,1,1,5,1,5]"
"[5.23226283,5.64210591,5.8773124,6.01981246,7.03326124,7.18586792,7.33620165,7.6715098,7.98537851,8.23394382,8.42075524,8.87679495,9.30032474,9.66411544,10.29893731,10.77242328,11.65328615,12.27251959,12.52308784,13.18667919,13.72819921,13.78566894,14.29345399,14.63665699,15.16472661,15.62075725,15.66737684,16.042166,16.16608938,16.27688032,16.73878307,16.8602953,19.54600632,21.27977116,21.68946213,22.94356449,24.01514575,27.72791554,28.47811391,28.86018864,29.25243836,29.50689136,31.36926845,31.51452239,31.76281557,32.07921905,32.46707892,32.88944743,33.1495441,33.46385877,33.49947875,33.5068917,33.79797398,34.13260874,34.51050406,34.82569675,35.45965845,35.59868171,35.94984747,37.37205028,37.89756118,38.41533333,40.03891142,40.69789686,42.08409815,42.71312576,43.38311546,44.53317483,44.91805128]","[0,4,4,4,0,4,0,4,4,4,0,4,0,0,0,0,4,0,2,4,4,0,0,4,4,0,4,4,4,4,0,4,0,0,7,4,2,4,0,4,0,0,4,0,4,0,6,4,0,4,0,2,0,4,4,0,0,7,6,5,0,1,3,4,5,1,4,2,0]"
"[0.09962494,0.17420952,1.5157592,2.09871023,3.19912811,3.23019077,4.06099076,4.60900325,4.99842987,5.16432187,5.5427453,5.98098525,6.11703534,8.08966466,8.26715066,8.83748539,9.3941478,11.06227017,12.39123322,12.82165496,13.62504911,15.07561836,25.50839116,27.10054177,27.36285925,28.08994129,36.36684949,36.68765235,36.81209639,36.91471841,38.59332225,38.84237724,39.10585471,46.38870562,47.50693238,49.98202264,50.07222955,50.50069766,51.06389151,51.23593627,51.30298685,52.12531427,52.21158418,52.37100557,52.4521129,56.1313513,57.18606909,66.18421872,72.85874462,73.74873495,74.21537904,74.86546239,75.16094628,80.50429451,80.8727406,81.79863275,82.1652699]","[7,2,7,7,2,7,7,2,1,1,7,0,1,1,2,3,0,7,2,7,2,2,5,5,5,1,7,7,7,1,0,1,3,5,0,1,6,0,1,0,1,1,3,1,0,0,3,5,7,7,2,2,5,5,5,7,3]"
"[1.70617922,2.39195726,2.4456878,4.30651675,5.0967033,6.45590598,7.18480252,8.5798723,8.9592276,10.39355529,11.79115557,13.36667098,17.51685584,18.41174277,19.20781594,19.41881876,20.02711823,20.24844428,20.61602044,38.9651982,40.86206196,41.73070683,47.61334601,47.94122238,49.40966022,50.36485134,54.5925494,57.19132764,60.71030803,61.13830798,61.72943696,62.27205219,63.27914611,67.42702251,67.81054124,69.07874496,69.35710597,69.67067945,71.57611916,72.21710408,72.23796442,72.37208748,72.49985909,72.73076764,73.00857712,73.14502034,73.25635033,73.33518302,73.38797429,73.45312912,73.59692538,73.91631971,77.27898,77.75307702,80.50244576,80.50598875,80.78427917,81.1741412,81.21755806,81.47186456,81.50961959,82.29930166,82.51340589,84.58608003,84.76077922,85.31036511,91.27763867,99.81568214,102.09681844,102.39995645,106.08638084]","[1,5,1,1,5,1,5,1,5,4,1,5,1,7,5,1,5,5,0,3,2,6,5,5,7,2,3,6,0,1,5,5,1,5,1,1,1,5,1,5,1,1,5,5,1,6,5,6,1,1,1,5,2,5,1,5,3,1,5,5,1,1,2,1,7,5,2,3,2,3,4]"
"[2.62784179,3.65383467,5.32123538,6.02025332,8.50752763,9.42001251,10.59680858,14.10851163,18.59270321,20.14231002,21.16573883,23.13027184,24.27157011,24.65350587,28.11341769,30.27736231,32.50437863,32.75727345,36.48639553,37.67268688,38.84068238,39.18744599,40.00576102,42.29440359,43.06058399,47.19229714,47.22990494,49.40012646,49.42641675,49.48604893,50.60858108,51.05752174,51.60620287,51.63261383,52.98142817,53.47185183,53.95294701,54.04873005,55.86433122,56.85454135,57.68061507,58.33105459,58.48197051,58.58090806,58.74646925,59.21154102,59.41721655,59.62469471,60.92959449,61.17138652,61.24167957,62.49802666,63.82232305,64.33644953,64.4817765,64.49084279,64.49195972,64.51659997,65.29528843,65.68020312,66.31175256]","[4,4,0,2,1,5,5,2,6,1,3,5,1,3,7,7,6,7,7,4,0,7,4,5,1,2,1,0,4,5,4,0,0,4,0,5,4,1,0,5,4,4,3,4,0,5,1,4,1,5,1,5,1,5,1,0,4,1,0,4,1]"
"[2.47311763,5.1225829,5.32511993,7.06695728,8.41462071,8.50468891,9.26266282,9.56171624,9.83818839,10.97999085,11.18294202,12.91029954,14.34198915,14.46378512,16.76008873,17.25898567,17.76567452,17.76840572,18.92924984,19.15702517,19.15854139,20.08054289,21.4728733,23.40413668,26.92721322,32.06966735,32.35320956,32.40517276,32.71411324,33.02902097,34.8693408,35.00074893,35.07590929,35.16359056,35.30839462,35.39323497,36.27121568,37.07313894,37.21356205,37.71083703,37.88962952,38.09163237,39.25292146,42.75005092,42.81239105,43.23481602,43.35133888,43.56184462,44.62757222,44.66064254,44.97489926,44.98590108,45.29964983,45.45594677,45.66681905,45.75311146,45.78461419]","[5,3,4,7,1,5,1,5,1,5,6,7,3,1,5,1,1,1,5,5,5,5,1,7,4,1,5,1,0,4,7,0,4,0,0,5,4,0,1,0,4,4,0,7,2,1,1,5,1,5,5,5,5,5,5,1,5]"
"[0.7118558,3.69465499,7.21349867,10.57981468,10.82340905,12.27812076,12.39034499,12.4967542,12.50504241,12.88018217,15.24576384,15.48123532,15.48992536,15.84086272,16.46616113,16.5140902,16.95046192,17.11426045,17.12224348,17.46007961,17.65341581,18.91016925,24.4467695,29.25082928,32.67424822,35.1022813,35.94483349,36.13171045,40.06510021,41.4582539,41.9875109,42.58057964,42.89869352,44.5438289,47.66502753,47.70565601,47.85675104,47.89242213,48.08995039,48.15320164,48.20574041,48.2817642,48.85384798,48.9877371,54.14319784,56.59756963,57.83262896,59.07214539,61.39509043,61.88360031,63.22673899,63.35069372,64.70684039,66.03104329,66.89531097,67.92571821]","[5,6,6,1,0,5,1,5,5,5,1,5,1,5,5,1,4,1,0,5,5,5,2,2,6,1,3,2,5,1,0,5,1,2,4,0,1,0,5,0,4,5,4,1,0,3,1,2,5,5,7,3,0,2,1,7]"
"[7.38236295,7.69607122,13.16374319,14.67037529,14.92159657,16.78349758,21.12947205,23.76231229,27.273733,28.92210632,28.93567503,29.1327797,29.47918818,29.91754724,30.57789169,30.83262522,31.72709415,32.40538574,33.20439661,34.1693672,35.04688639,35.84955437,37.82215263,38.40919405,38.4398193,38.49873304,39.75785951,41.16243175,43.72863839,46.07257475,46.6596018,55.17502262,70.80587222,71.35033252,71.99032541,72.2387745,72.47339558,73.9482209,74.29451855,74.52143788,74.83255012,75.81432188,77.54634692,79.08398254,80.29657896,81.89168634,82.38035839,88.47104258,90.25014004,90.75856291,90.7924145,109.15717643,110.24016429,111.99436927,119.2279694,119.50996293,119.72586821,119.82518101,119.84272014,121.06556777,121.41257988,121.76661655,121.93271503,121.93339945,124.05459854]","[7,6,3,6,5,5,1,5,1,1,4,4,5,5,1,1,5,5,5,1,3,4,0,4,7,0,1,7,5,7,4,3,3,5,0,4,0,1,1,5,4,1,7,3,5,0,4,3,1,7,2,4,0,2,7,4,0,0,4,1,5,0,4,0,2]"
"[3.49929468,4.01643833,9.27779017,9.89670538,11.37666283,11.46001169,12.16467346,12.68465665,12.75653084,14.82492752,15.73815454,15.74592352,18.17463844,19.2194569,19.50710028,20.28288779,21.60886745,21.614543,23.11405903,23.5106807,24.50362151,25.48614032,26.98797051,27.35662752,29.03588113,29.42601447,31.80521813,32.00256013,32.99304885,33.44004975,34.6315352,34.92848454,35.19666808,36.53720818,39.2233402,39.71198944,41.30052052,41.6490204,42.20537871,42.83510806,43.61993182,45.55634808,50.38160054,53.67165526,59.71079316,64.62500408,65.42491901,65.48299912,66.22131299,68.9118723,69.23461911,78.21630937,88.47715096,88.73512177,89.87723592]","[1,1,0,4,0,6,5,3,4,3,4,2,0,5,4,0,5,1,5,1,0,4,4,0,4,0,7,4,4,4,0,4,0,4,0,2,5,1,0,5,4,5,1,2,7,5,1,5,2,7,6,0,6,5,1]"
"[0.19324949,0.83791217,5.93351916,7.14567747,7.24659941,7.78442217,8.00038573,8.0438286,8.59547995,9.46559555,9.47017004,9.98874684,10.50480679,10.61619084,10.70084481,10.98170212,11.23028926,11.27310459,11.47489944,11.66469318,11.7316953,11.78342713,12.03689678,13.75450017,14.21896559,15.30280359,18.96562611,23.03885727,31.4600084,37.09258204,40.98166776,43.95777975,46.25304666,48.25947791,48.8507859,49.19603334,49.53676217,49.81156913,53.00269031,53.17234293,53.42145623,54.4090937,54.59058634,54.84869665,56.04031113,57.36240816,60.96614162,65.49797056,65.64754,66.22655326,67.03748492]","[3,5,5,3,3,2,1,5,1,5,5,5,1,1,1,5,5,5,1,5,5,5,1,4,5,5,5,1,3,7,7,1,5,1,2,5,1,5,5,1,5,5,3,1,5,1,1,7,5,1,5]"
"[0.367535,0.84255517,6.88942491,11.604895,15.69675161,16.35089748,18.27628418,18.85353801,19.90782423,20.95811611,21.02873455,21.55751277,23.93689846,24.13309419,25.39249261,27.17340128,27.19295363,27.26957316,27.38229929,27.78844956,27.94874646,27.94953858,29.36896577,29.92795828,30.5001406,30.69788744,30.89675688,31.66592515,32.06528892,32.32017455,32.61668551,32.80409898,33.02388135,33.85706045,33.9244542,33.97221977,34.49141488,35.45847666,35.49703666,35.71957431,35.75363191,35.89719169,36.2268419,36.71892453,36.79240342,38.14858544,38.44244499,38.45709223,38.59098813,38.94096252,39.62451739,44.27625387]","[6,2,3,1,4,0,3,4,2,0,4,5,4,0,0,1,0,5,4,5,3,4,0,0,5,0,1,4,0,4,1,5,1,5,1,4,5,5,0,4,4,1,0,1,5,1,1,5,4,7,5,4]"
"[2.38231367,3.7851832,4.37563232,4.49269526,5.70291186,6.40588291,6.84920271,6.92428652,7.61503604,8.4943669,8.65341158,8.935019,9.91368804,12.04264638,12.14936276,12.45261548,12.79092272,12.84837519,12.8576831,12.9045551,13.00154927,13.42227022,14.38504707,14.83090443,15.01408423,15.23584963,15.40599823,15.49191585,15.6165568,15.899227,15.95319055,16.13136465,16.39427726,18.17532283,18.4811951,19.07186565,23.85206056,24.69252717,25.14027348,26.33013479,26.88583541,27.22678335,29.19394649,30.12122546,32.99631457,35.65187148,37.17757991,38.35673345,40.51717158,40.66198959,43.19198731,44.73451677,46.42324806,47.21344939,57.16651154,65.30144433,67.49841739,73.49394901,75.09164671,75.10434263,77.06885827,82.02645904,88.05718607,88.36191274,88.84951712,88.95944281,95.04178131,95.91078282,96.1301406,97.28624658,98.24486735,100.58720222,101.37586179]","[1,3,0,1,4,0,1,1,0,1,0,1,7,3,1,5,0,0,0,1,1,2,5,0,1,0,0,1,7,0,1,0,1,1,0,1,0,1,7,4,2,2,7,2,7,7,5,7,3,1,7,5,2,7,5,2,3,2,5,7,5,4,5,4,6,5,6,3,4,7,1,3,2]"
"[0.24319876,1.13134597,1.29924433,1.39617582,1.80335289,1.96561389,1.98434582,5.28482526,5.36502118,5.80637649,6.1377098,6.5186701,7.04086546,8.49236182,9.39430616,9.90258756,10.44184237,11.21180621,11.39157943,11.78340721,12.52688756,14.01342835,16.4776036,16.53636584,17.2123615,17.56093057,17.61382533,18.08719868,18.19421001,19.19947112,19.68564001,20.34424992,21.57286554,22.01654859,23.00553356,24.19220805,25.48816728,25.99362407,34.25460208,42.89545873,43.22459084,43.99568606,45.0636041,46.24503211,46.53908346,46.7280982,46.80625834,47.08646211,47.40942892,48.26740942,48.29763876,48.4399217,49.80330096,50.26082853,50.63840811,50.65715009,52.23260947,52.34057437,52.48781347,52.51141292,52.59207901,52.64096923,52.68654013,52.89062352]","[4,1,5,0,1,5,5,1,5,1,5,5,1,7,0,4,1,5,5,4,0,5,7,1,5,1,5,5,5,1,5,5,1,1,5,1,7,5,5,1,5,5,1,5,5,5,1,1,5,5,1,1,5,5,4,1,0,1,1,5,4,4,5,0]"
"[2.7855868,4.58322264,5.87693665,5.95925827,6.34676613,8.54976131,9.28811099,12.55598961,12.75498078,13.1881604,13.78007543,14.18845328,14.2201993,15.40691478,15.5257916,17.68545866,17.94228793,20.67335722,20.9341356,21.11303841,21.66165041,21.96802485,22.11953342,23.39424888,23.78381043,29.95370197,32.41902075,33.100722,33.28625543,33.49490687,34.35133146,36.17405216,37.71024286,39.72024592,40.08398374,43.83461147,45.15915403,46.73728707,48.25636334,48.56083594,48.86803152,48.90245935,53.10973381,55.07100093,55.91306588,55.96401553,55.97504023,56.72718079,57.66541514,58.24831663,58.30405597,58.81262428,59.1946236,60.60626344,60.68524918,61.12758859,63.19112784,66.3824678,66.44396647,69.47226106,70.46461633,72.30632677,72.97311006,73.25568116,77.01259664,78.5279758,82.48883996,85.51741957,88.57446202,89.64591004,91.66363217,91.96247331]","[3,4,0,0,4,4,4,4,0,0,5,1,5,3,4,0,4,5,7,0,4,1,4,0,7,0,1,0,5,2,1,0,4,1,0,5,5,1,1,5,1,5,1,0,1,4,5,5,1,0,1,0,5,1,6,5,6,1,5,1,3,5,7,2,1,5,1,5,4,6,0,4]"
"[1.70571738,2.2714673,14.39103018,17.13569141,17.57261193,18.66899183,18.86533926,19.06929144,19.1551156,19.43865592,19.69279762,20.30612467,21.30009839,22.51213073,24.43977724,24.60893102,24.66420929,24.813882,24.89094529,25.16267703,25.92284768,26.5355223,26.76226741,27.37350737,28.34762674,28.53786659,28.8237293,29.06918988,29.47697581,30.67114552,35.17862031,35.5726226,36.67652838,39.67268655,41.41816883,41.90655123,47.83667774,47.9416205,49.99505627,54.27186958,55.06984808,58.44837567,60.5855106,62.05913702,62.62791403,63.51571903,63.77858281,64.17632522,64.6222002,65.23764055,65.28318021,67.12849147,67.49528129,72.83604605,75.43123858,78.30119592,78.41462372,78.60147108,78.68051622,78.69135678,78.745904,78.972562,81.98399092,83.3262905,84.66252956,86.45974567,91.06833937,111.25315886,111.35705683,111.64490905,111.82123873,112.04650734,112.06324911,112.5941374,113.43631168,113.64133227,117.62665688,122.84055933,124.64261707]","[0,3,5,0,1,1,2,7,7,7,3,0,1,0,1,1,6,1,0,3,7,0,0,0,1,0,2,7,1,4,7,2,1,2,7,7,1,0,0,5,7,2,5,1,7,2,7,3,7,5,7,7,2,3,7,2,7,7,2,2,7,2,5,6,3,3,5,1,0,1,0,1,0,6,0,0,1,0,1]"
"[2.84006846,3.94759839,7.98041836,8.73122731,9.39082445,9.41844576,9.56884922,9.83290518,10.11765984,10.77563763,10.86920042,10.89970417,10.92585523,11.07356256,11.70077608,11.84283216,12.12007828,12.54590563,14.00643977,14.09180172,14.39389766,14.77479438,15.27780101,16.15531762,16.71244519,17.17744483,17.32580708,22.54050705,28.11782018,28.72519673,29.86798153,31.51387156,32.70084276,36.0512273,40.72899792,41.10433085,41.79554108,41.93205197,43.00776928,43.02824492,44.78470388,44.86823334,52.43639395,54.46625088,54.62696204,56.26495727,56.29606405,56.97442381,58.03431909,58.08116308,58.1047764,60.46910483,63.0580631]","[7,2,0,4,2,4,1,0,5,4,4,0,1,4,1,5,5,1,0,5,3,3,5,7,3,5,5,1,3,5,3,4,2,6,5,5,2,3,1,5,4,6,3,5,1,1,5,5,1,5,5,5,2]"
"[5.85754298,7.70461909,10.13270646,11.7245583,11.83324552,12.11589413,12.20585123,12.61873791,13.42010045,13.63388165,13.68710506,13.86500049,13.96329314,14.22822859,14.27635272,14.57839401,14.8680641,14.92624077,15.06953751,15.1528255,15.73767448,15.85315021,16.01101821,16.36627174,16.39702359,16.54074155,17.37320964,18.59189596,21.46069006,22.35565142,22.91427131,22.94501265,23.4072319,23.95519382,24.12376442,24.20691558,24.89386386,25.86813174,26.38342346,26.53271807,26.67375226,27.12857791,27.43431036,28.52740722,28.80653075,28.9797022,29.04098074,29.09335235,32.59975676,34.02714228,34.85291865,35.56059527]","[7,7,0,4,4,1,1,0,5,5,2,1,4,1,5,1,1,4,5,0,0,4,4,4,0,0,4,0,4,5,0,5,1,0,5,1,4,1,4,2,7,1,2,4,0,0,4,4,0,4,0,4]"
"[1.56668594,4.74781221,5.76679004,7.87896913,10.66714687,14.92781235,17.17963459,17.43226954,18.79021358,19.47713776,22.5754,29.70823535,30.37282015,31.16751684,37.81724562,43.16487088,45.19486818,46.34315858,47.56471352,49.07136009,49.1333361,49.29121341,56.6453394,64.02889821,64.76259926,65.67337168,66.73541408,67.80260428,67.85030647,71.63444464,73.07394293,79.98759993,80.11962641,80.41548015,81.04298815,82.36720964,83.67178758,91.88476915,94.57558396,94.70673944,94.88837637,106.13934219,106.33569482,106.72931338,106.81184173,106.88715235,108.13646129,109.14516808,110.20029419,110.39558006,110.46653639,111.38893119,112.33658312,112.38800641,112.59018366,112.59325572,112.59781929,113.49902712,113.62474294,113.83580465,114.25005281,114.72715706,115.01657884,115.32756257,115.43601577,115.53038639,115.8693929,116.01880401,116.45382438,117.50546597,118.60837596,118.68297696,120.62937189,120.78061407,121.28358647,122.07386596,122.27382813,122.83106629,123.23361932,123.82260412]","[2,7,0,5,3,5,7,1,5,1,5,3,3,1,0,3,0,4,0,0,4,7,2,1,5,1,2,5,1,1,0,0,1,1,4,7,2,3,0,4,0,1,5,1,5,7,1,4,1,5,1,1,5,5,5,5,5,5,1,5,5,3,1,5,1,5,1,5,1,5,3,4,1,5,4,2,1,5,0,4]"
"[2.91859806,14.45770231,17.3528894,24.39356603,27.90066361,28.04840899,28.25826332,29.39108892,29.46017838,29.61581202,31.38303261,32.50960357,33.81535273,33.90211718,34.22632973,34.60462466,34.6771172,34.72765713,35.11609297,35.67717105,35.68749972,35.73147556,36.16283838,36.47360432,36.71872249,38.3105621,45.40246426,48.74391714,57.64088306,58.16490078,64.51273821,67.02302014,67.57510989,72.23666693,72.32897555,75.12582964,76.60199157,84.92790049,87.12799485,88.970883,89.12717387,89.70243744,91.22043265,91.99016033,92.01956912,92.4762293,92.59103857,93.68220412,94.29208965,95.21137849,95.79132607,96.13164081,96.17453429,100.10169103,105.37519744,105.50685094,105.59251116,105.7006897,106.24918635,106.30428249,106.41428249,106.77875755,107.08451251,107.28566311,107.3249695,107.82533679,108.72426855,109.14137427,110.83738987,113.05192754,117.52328453,118.10784859,118.82404338,120.2844921,120.96436917,121.60555079,122.37732041,122.41552922,125.97032701,126.46870061]","[4,1,5,5,5,5,0,5,7,1,5,2,5,4,1,0,5,1,1,4,5,0,5,5,6,3,4,5,0,6,2,4,1,1,3,5,0,5,5,0,4,1,0,4,0,4,0,5,5,1,3,2,5,2,4,1,5,0,1,5,5,1,5,6,1,5,7,5,1,5,0,1,5,1,4,5,6,2,3,0]"
"[4.43358784,4.88633121,8.90479064,9.71329932,22.72014506,23.38886798,24.00363917,27.45316873,28.30351536,33.82131528,37.27204873,38.75484095,38.88949916,40.72590049,41.31440375,41.76428968,42.93863122,43.05610819,43.67651619,44.66607491,46.67642126,47.00638632,47.53624096,47.86401475,48.0728688,53.94661451,56.42978526,65.14109971,68.48734337,69.16707215,74.36403724,75.44587621,76.56105661,77.00191365,77.04358839,77.80664858,78.00285152,79.99074284,80.16177796,80.42931625,81.43074089,81.56133101,81.78227706,81.79662012,82.11339794,82.18314727,82.8005872,82.89646494,82.98711997,83.11281809,83.40759782,84.25192456,84.86482316,84.8665382,86.09132826,87.18002598,88.11539171,88.26873718,88.58415183,88.93926367,90.24474574,91.91420134,92.42907618,99.79797085,100.6329651,107.47018012,108.49888589,109.66856845,111.81654382,113.8901832,115.37663554,116.5905772,121.70958558,122.75723915,124.46401337,124.8103681,125.08815169,126.15465621,127.32137464]","[5,1,4,0,2,7,0,0,4,5,1,5,0,4,0,4,4,0,0,4,0,4,4,4,3,3,2,2,0,4,6,1,0,4,0,4,2,0,7,4,0,0,5,4,0,4,0,0,0,4,0,4,4,0,4,1,5,4,1,7,5,1,4,5,1,7,5,7,2,1,6,5,1,5,2,1,5,5,7]"
"[2.79073361,5.33045746,5.57621672,11.23687268,11.83875005,16.90029341,17.72468897,18.1314597,18.64235731,18.95940068,20.91006703,20.91068918,22.33596163,22.73213965,22.87169442,23.09515142,27.08318942,27.52903015,28.6586053,30.85552433,35.29361987,41.32934731,43.47530152,43.70819502,45.04961747,45.27839716,45.62580156,45.97660111,46.02972998,46.62961963,47.14957838,47.20140684,48.75787125,52.48550476,53.20178378,53.44950418,55.89795165,60.60897619,60.62682664,60.70545281,61.06667012,63.40694257,64.37319577,67.62998536,68.19085005,68.77270864,70.56066365,72.1633228,73.94831084,74.17481011,75.28438773,75.57362096,76.84294889,78.79522515,79.40280747,79.89343785,82.61977291,84.4861723,90.57110675,92.09835951,92.7380753,93.97184028,94.04295733,94.82212444,95.50316717,95.68954472,96.03443439,96.21904777,96.77631953,96.78603726,97.80286538,98.26561228,99.95786577,100.04210707,100.18284666,101.13753997,101.64406952,105.39846316]","[7,4,0,6,4,0,1,1,5,7,5,5,1,5,1,5,2,3,7,3,3,0,4,6,5,3,5,6,3,1,5,5,1,7,5,5,2,0,5,4,7,0,0,4,2,2,6,1,5,3,1,7,5,1,7,2,6,0,7,5,1,5,5,1,1,5,5,5,1,5,5,5,3,1,4,0,7,5]"
"[3.08771665,4.95273314,5.66280532,7.53534567,11.22267546,18.85833125,19.54771865,23.64233387,24.0969944,24.49811868,25.92661809,27.54544227,28.3045835,30.26882748,31.01802433,32.61997306,32.63234977,32.94119804,34.20806435,35.35601733,36.01725111,36.16842414,36.40370373,36.48820869,36.72959073,36.8833454,37.18123745,37.2292666,39.25422085,39.4018257,39.44883998,39.9145371,40.86453991,41.3419142,41.93039104,42.453503,42.69713564,42.92402427,43.90339444,43.95056098,44.4248029,44.53231553,49.82109669,49.97010214,52.29298233,52.39361902,59.99007046,60.02273825,60.26374824,61.86295972,62.49528529,62.75871037,66.92010323,67.06303867,71.16659474,71.65052466,71.79934525,73.37353023,73.55841594,75.5393803,76.41132157]","[5,1,5,7,2,0,5,1,5,5,2,4,0,4,4,0,0,4,4,0,6,4,4,0,1,7,4,4,4,0,4,4,4,7,3,0,4,4,0,0,4,2,7,3,2,2,5,1,5,5,1,1,6,6,4,0,4,3,4,0,0]"
"[2.57509054,2.60253463,4.65324847,5.30784905,5.80594034,6.72604188,7.44565855,8.19913044,14.64212061,15.61700947,15.75685873,16.28916647,16.58777166,17.77194079,18.0463448,18.18269809,18.19619166,18.98188861,20.79879151,23.20369187,23.21726519,24.72537152,24.86367943,25.02192496,25.09692037,26.24795561,26.90778912,27.23808509,27.76335201,27.78590651,28.69984511,28.83496504,32.87447407,33.42043073,34.28090343,35.34139947,35.70945084,36.18338618,36.59383966,38.01026242,38.04266654,38.08635148,40.49099693,41.32400638,42.05680787,42.23011605,58.67298415,62.30455857,63.16526638]","[0,1,5,1,5,5,1,6,0,0,4,3,5,0,1,0,4,4,4,4,0,7,2,4,4,0,5,0,1,5,5,2,1,0,2,7,5,2,1,6,5,1,5,1,4,0,7,2,0]"
"[2.4308996,4.5360735,4.67968712,5.11261078,5.53585716,6.07247583,6.74797036,7.79269931,8.75075284,8.81305515,9.61033886,10.46846535,11.13262771,12.1280598,15.70139095,15.74196326,16.49256587,16.77521572,17.05348682,18.89957283,19.40853014,19.47495737,19.61680227,19.69458266,20.93629576,21.37629837,21.56762757,21.76497003,23.13899916,23.30863114,23.41168055,23.56601889,23.84712646,24.77910145,25.61783319,25.78929238,25.83567287,26.03791006,32.32165922,32.91967521,33.47956373,35.92105349,36.81115558,37.49219716,39.36109203,40.30399692,42.20305541,42.39397795,45.43184858,45.649179,46.49712686,49.88692502,50.76222219,52.60798371,53.26131968,62.6867311,65.6757244,67.14411304,68.63186765,79.67839473,87.4134863,93.45971937,93.57621158,94.07568659,103.78795692,104.85463539,106.56605655]","[2,0,4,0,4,3,4,0,6,0,4,3,3,1,4,0,0,3,7,4,0,0,4,5,2,4,1,0,5,4,0,1,0,4,0,4,4,0,5,2,1,5,5,7,7,2,1,2,1,5,5,1,5,1,5,7,2,7,5,1,7,7,5,6,0,4,1]"
"[5.32877533,5.77137024,7.87042486,14.59737999,19.86172543,19.87694057,22.20881398,22.33619828,22.56194709,22.71711049,22.78280808,23.13315189,23.13768554,23.17574779,23.30623157,23.79234841,23.93848172,24.28361268,24.84052981,25.7747882,26.38874003,26.49415604,27.61169018,29.72194193,30.94739425,30.99306019,30.99956764,31.71408458,34.50766546,34.99604683,38.02826374,38.42626445,48.53073483,48.64052843,48.98492686,52.01183249,52.54468135,52.54954662,53.7157438,54.09153536,54.29992014,55.42787322,55.48123756,55.72806091,56.33918224,57.72408026,58.74795738,59.26903926,60.39513494]","[7,7,6,1,0,4,5,1,1,1,1,0,5,4,0,4,5,5,0,1,4,1,5,4,4,5,7,5,7,1,2,5,1,0,5,5,7,1,5,7,1,1,7,5,6,0,4,4,7]"
"[1.09251009,6.32997813,10.21352402,11.74551551,17.39184054,21.84105603,22.12423886,22.52674399,23.2029477,24.44671403,24.97010356,25.08212716,25.57502559,26.20753521,26.29787171,26.39062487,26.48046286,26.60956618,28.07238759,28.52438675,28.57459408,28.87770842,28.88461063,29.07514677,29.23444418,29.61290206,29.66994679,29.95820391,30.06341644,30.30102656,30.40367006,31.11723945,31.25045119,31.93280947,33.72113122,33.834382,39.24620211,39.33751292,41.04494634,41.76213003,44.64825096,45.49296644,45.60120045,45.69741572,46.25434762,46.37750713,47.56508243,54.68165342,57.3500179,61.15721809,62.83829175,63.39832272,64.95382911,65.36877135]","[0,7,7,7,7,1,5,5,7,1,5,1,5,5,5,1,1,1,5,1,5,5,5,1,1,5,5,5,5,1,1,5,5,1,1,5,2,0,5,6,1,5,4,5,5,0,1,4,7,1,5,7,2,1]"
"[0.22490644,1.38555714,2.11815199,3.13589266,4.56431768,4.63146489,6.05323722,7.52176168,12.42679083,14.39131915,18.86441174,18.95325976,19.06540677,19.19733399,19.54730098,19.59415928,19.65317081,20.31531917,20.41620132,20.6907569,20.81212697,21.73184784,22.07603175,22.45076545,22.67257852,22.72836427,22.96030247,22.98374925,23.41801802,24.1234937,25.85202991,26.25794206,26.55240808,26.92532905,27.12196648,27.8209806,39.47509562,39.70852932,42.86178161,49.90283054,50.43023198,60.67645055,64.55007805,65.13349215,73.55299961,75.42625098,75.78312027,75.96652921,76.20287436,76.52824402,76.89006079,77.78682023,77.81125159,77.94937597,77.99465341,78.13465645,78.50088019,79.1962119,79.29462896,80.14666851,80.92952316,83.19097564,83.75254406,84.09851937,84.56477826,84.85184984,86.6278417,86.7429551,86.81548263]","[7,4,0,3,2,5,3,0,7,5,0,4,4,0,2,0,3,4,4,4,0,4,4,4,4,0,0,4,0,4,4,6,4,7,6,7,0,4,4,4,6,2,7,7,0,0,2,4,0,0,7,4,0,5,4,0,4,1,4,0,4,0,0,5,1,5,5,5,1]"
"[2.85739033,2.98041158,3.53763394,4.12017129,6.1199279,8.9356783,18.795908,21.76518472,21.87277576,28.16714246,28.75550068,29.60057377,31.44499691,32.52952155,32.68361996,33.40398011,33.59209236,33.67916108,34.12076601,34.15155455,34.83878994,36.49531729,36.56062836,36.73948715,37.03621565,37.55112389,37.62999188,37.6331815,37.64358597,38.09479477,38.11981304,39.19399317,39.27261312,39.35465038,39.36246817,39.40344242,39.56540341,39.59898472,39.61896948,39.83738339,40.09888896,40.44034757,40.44877891,43.95864729,45.06910076,45.5419217,45.86270002,46.08679495,46.26716547,46.50719908,46.59981181,53.01899965,53.03517197,54.3719086,54.86123013,56.33566422,58.23406154,58.60720388,59.38497506,61.15151939,61.75329208,62.58357274,63.68454272,63.91903907,63.99516574,64.22865434,66.4533872,67.2738757,68.45793915,69.48750134,69.90306372,70.82048589,70.87309945,71.1413501,72.68205813,72.85001779,74.63600877,75.93921518,75.972317]","[5,6,7,2,2,1,5,5,0,1,5,1,5,1,5,5,7,1,1,0,7,1,0,1,5,1,5,5,1,5,5,1,5,5,5,4,5,1,0,1,5,1,1,5,5,1,5,4,0,1,5,5,1,7,1,5,0,4,7,0,4,1,0,0,0,4,2,4,5,1,5,1,5,5,4,5,5,2,7]"
"[0.17453943,4.04362614,5.98334617,6.7455054,6.83830215,6.9479259,9.23293484,14.50622078,16.91538143,26.15760328,26.74523648,26.83050564,26.84058579,28.58876051,30.79963648,34.73801567,35.62392935,37.06005389,37.11259541,39.78222445,40.41658086,41.00936315,41.23255848,41.70990234,46.6677778,47.31044779,48.19853667,49.60836483,50.26337153,50.64208681,50.74762879,50.81557301,51.81030673,51.87114335,52.01835046,52.40931511,52.45875121,53.55180833,53.60674235,53.83027056,54.32605823,54.3381017,54.53422654,55.35013803,55.71934073,56.7295488,57.27345162,68.77658795,73.9107226,75.62821264,78.42580739]","[3,1,6,2,3,6,6,0,6,5,6,3,3,1,7,1,5,4,0,0,5,1,4,5,1,5,3,5,1,5,5,5,3,1,5,1,1,5,5,2,1,5,5,5,1,5,5,5,7,0,5]"
"[0.08904235,3.59549419,8.39218056,18.27578249,20.0467444,20.34759303,20.43892858,20.48202845,22.28399054,24.2697738,24.39541247,25.39449715,26.17190414,26.38533436,26.74179965,26.9401629,27.77312437,27.94863273,28.38207966,29.08751655,30.22460324,30.43733945,31.40112745,31.5207362,31.9513787,32.86968832,47.36408021,48.12792828,49.43831262,50.93115538,51.30757872,53.74056713,54.31802129,54.72217921,55.6759265,57.00487944,60.2946504,60.56369331,60.64290902,60.7110777,61.18641646,61.33395011,62.1363737,62.16241801,62.35655601,62.66839697,63.60960348,64.26963354,64.62420029,64.97373921,65.22135561,66.51067139,66.89415585,67.17287437,67.28068403,68.10522067,68.58754906,69.47622758,69.68150478,69.91676292,71.13627194]","[2,2,3,7,5,4,1,5,1,5,1,1,5,5,4,7,1,1,5,4,5,0,4,5,5,1,5,1,5,1,5,1,5,5,4,5,0,4,4,4,0,4,0,0,4,0,0,4,4,4,0,5,0,2,0,4,2,2,5,5,2]"
"[3.16342109,5.00287734,6.09276672,8.72456552,11.36691299,15.01426286,16.08109159,17.23274751,18.42857081,21.92198829,24.55459158,24.83484404,27.75637424,27.87065084,28.61742451,32.25802979,34.43634657,35.25385064,38.87077103,39.38138017,41.23610729,42.06134419,42.88878153,55.18426904,58.99133783,60.45137596,61.1952152,61.59916564,62.80545962,66.90090878,70.11761939,73.44227376,74.10112686,74.5434355,75.06156111,76.17141189,76.45942826,77.7933239,78.22726139,78.63060636,78.6956174,78.81361141,79.17178378,79.24542886,80.13738625,80.36020898,80.88044304,80.88838867,81.13919914,81.15738938,81.65819405,81.73664598,81.98764296,82.03408434,82.07055391,82.25885557,83.17454663,83.57246133,83.66984114,84.37088428,84.37486548,84.58729517,85.04356099,85.26224232,85.41007329,85.78814863,85.87460889,86.36272902,86.36545119,86.49063634,86.6049893,88.19564343,89.25085288,90.62540364,90.89721747,91.11139369,91.16896622,91.98604665,92.04172882,92.1204359]","[0,7,3,5,5,7,5,6,3,1,0,1,2,7,5,1,2,7,0,1,2,7,5,7,4,0,1,0,4,4,2,5,5,1,0,5,1,1,0,1,0,0,1,0,1,0,4,0,0,7,1,1,1,1,1,0,0,0,1,0,1,5,0,7,2,1,0,7,1,1,1,0,1,0,5,0,0,1,2,1]"
"[3.01769727,4.56443491,4.71619254,5.01212274,5.15516198,5.32147991,5.4961474,5.74605023,6.47549856,6.70583123,6.77116126,7.40942173,8.68069985,10.42208589,10.42282807,11.80983151,11.82759596,11.84866082,11.85783788,12.605291,12.68318469,12.72452195,12.78778095,13.29109847,13.47501372,14.67771423,14.83068852,16.84096417,17.76260065,18.3664871,18.63666828,19.20495363,19.83803474,20.10096726,20.27237697,20.64578362,20.87655048,21.5290678,22.37497115,22.41371607,22.49479995,22.61230382,22.7306726,22.8003329,22.8241981,23.44769859,24.05505364,24.36978465,25.35623125,25.44126896,25.70751172,26.13364823,26.59693493,27.01837653,27.82670994,28.8379062,29.33444744,29.73630359,29.8560785,29.8712397,33.01755566,33.7285744]","[0,5,1,4,0,4,4,5,2,4,5,0,1,5,1,4,0,0,5,0,4,0,4,0,7,1,3,3,0,5,4,4,1,4,5,0,5,4,1,1,5,5,5,0,1,5,0,5,1,5,5,4,0,1,7,5,1,0,4,5,7,5]"
"[2.23106665,3.6962468,4.99396381,6.84278466,7.78359093,11.85164424,12.2743451,13.75860218,14.2341654,14.46513088,15.79996724,16.90461655,16.91826807,19.91859714,21.55249469,21.61502517,22.26782463,23.05301162,23.52913753,23.61201718,24.42630138,25.01590749,25.48716133,27.17783155,27.90922513,28.78436894,29.77698312,32.09203404,32.79434656,38.58619096,38.77412834,39.87127634,44.99210313,58.38611217,61.1706699,61.65051343,63.80982059,63.98197918,64.50671923,64.92823607,65.00284492,66.26973159,67.65105709,68.25223017,68.48671006,70.48074662,72.75095792,72.83819237,73.44816781,73.65253859,73.68589861,73.93924405,74.04732198,74.67425146,74.8198766,78.18472373,81.1295311,81.93460202,82.19545715,85.93652894,91.18365608,91.26703805,92.55516215,92.93760864]","[7,4,7,2,1,0,4,3,0,4,3,0,4,6,4,0,7,5,1,0,4,3,2,1,5,4,6,0,2,1,1,0,4,1,5,1,3,4,3,5,7,7,5,1,1,2,1,1,5,5,0,1,7,1,0,4,0,5,4,7,5,5,1,0]"
"[1.02448382,1.47661637,3.27747242,10.51753201,13.19426145,13.84413247,14.38800716,18.92962448,23.75893047,28.70533448,35.93202567,38.75813023,39.01124896,39.08402358,39.77590009,40.52415739,41.14755198,41.83732026,41.89513841,43.20941278,43.45320562,44.24922169,44.48087099,44.74180872,45.63034451,45.92093183,46.09162821,46.17755258,46.61183868,46.7014603,47.8539738,48.55582949,48.99886166,49.00449509,49.32465228,50.64383711,52.94428721,53.94128092,54.63792112,54.83141388,55.08179986,56.00713106,56.16231655,56.57076829,56.90020388,57.88682932,58.41491229,58.85111002,62.25548417,62.40707959,63.66350796,64.28203706,66.45095766,67.09382305,68.20310098,69.06144607,69.40090006,69.51789506,69.80987852,70.18317582,70.30454501,70.45505049,71.33998168,71.80261337,72.05449389,72.65435122,73.34474105,73.61693893,75.32549333,76.98984287,77.6348814,78.44077467,78.57279969,78.80845944,78.82646909,79.87631036]","[7,2,0,6,3,7,5,6,4,5,3,3,4,3,3,0,5,5,1,0,4,1,5,5,5,1,5,0,5,1,1,5,5,5,5,5,5,1,1,5,1,1,5,0,5,4,6,0,5,1,5,5,1,5,3,1,1,5,5,5,5,5,1,5,1,1,5,5,1,5,4,1,5,1,0,5]"
"[4.00664638,4.95872603,4.96510944,6.97777014,7.47301726,8.71243205,10.98240139,12.84130295,13.12278473,14.05852929,14.11813802,14.67434156,20.12506992,24.49236398,25.92849713,32.1557325,34.9416537,36.8740589,37.55379362,41.36954099,42.09198326,42.28658535,43.14873381,44.19633365,45.09783129,45.16799623,45.75687954,47.39413723,48.15429945,49.82553452,50.19395186,50.97663678,54.6906919,55.07712755,56.92719947,58.87231103,72.86301824,75.73519446,77.41749137,78.00479856,82.64920601,86.15113913,86.51712564,90.17404491,91.74117622,92.25521272,93.47176677,94.4020856]","[2,2,1,5,1,7,0,4,0,5,4,1,0,2,3,4,0,7,7,0,1,4,1,1,5,5,5,5,1,5,1,1,7,5,1,5,2,7,0,7,5,7,2,0,4,4,3,0]"
"[2.74738395,5.54129615,11.24654466,14.50641223,14.60057651,16.02181722,17.77848957,25.62672226,27.32245165,29.81055656,31.34131087,32.40250037,33.34174103,33.54277825,33.62122149,35.57704641,35.77640882,37.92210364,38.05236298,39.39184905,42.58069415,44.4242165,44.8543006,45.03326867,46.03722037,46.96080538,47.86935558,49.68758167,51.13077007,51.57373498,52.10207574,52.19483082,57.42048567,60.29769555,65.12081288,67.00179226,68.09332782,76.5605897,84.59911379,85.33496588,86.61381921,87.07066016,87.19496927,90.72802217,91.68962981,91.74092812,92.36260929,92.66882878,93.21202057,93.42169696,93.49067174,95.42126718,97.41773763,97.4526441,98.52989604,98.88510709,100.11025276,100.29962296,100.79948346,100.82966433,100.91918627,103.14248877,104.46923465,104.97924718,105.34609728,105.43072057,106.49639959,107.97273133,109.82262952,110.14688034,110.50115717,112.5934401]","[2,2,2,5,7,1,2,4,5,2,5,5,5,1,5,1,1,1,5,6,5,1,5,2,5,1,2,6,5,1,5,4,5,0,5,0,7,2,2,4,2,2,0,4,0,0,4,4,4,0,0,4,0,7,4,4,0,0,0,4,4,4,6,0,6,0,5,6,1,6,4,0]"
"[0.35318297,2.52299917,3.53059989,7.59727413,9.43201325,10.07031397,10.68221116,10.74188213,10.81965734,11.59448535,12.10176958,12.19493255,12.33994444,12.81432934,13.72409425,14.68227934,14.75021267,14.91029617,17.09024328,17.32936456,19.70230427,19.80315075,20.8019878,21.23282582,23.10365944,28.84927755,33.20835989,42.00271688,43.10201935,46.60513459,50.62569772,53.35470265,56.07837619,56.48633836,56.54898318,57.0911353,57.76392159,58.32543876,63.47400007,63.62317856,64.09945558,66.39934267,68.34136984,68.58130945,68.67402081,68.67539098,69.68582077,70.18057952]","[0,0,4,3,4,0,5,1,0,5,0,4,1,5,0,4,4,0,0,1,5,5,2,6,7,5,2,7,7,3,7,3,6,4,6,0,4,0,0,4,2,2,0,1,5,5,5,2]"
