event_times,event_types
"[8.01082922,9.10930707,9.27220689,9.55747755,9.67802834,9.94994168,10.18957294,10.21048164,10.44166188,10.64543144,10.86203078,11.37214305,11.39680887,11.7817936,12.04161593,12.53910905,12.6060959,12.89786927,12.98205528,13.0367709,13.35532495,13.57872973,13.75500275,14.015127,14.3186409,16.54878355,16.97510104,17.41512565,17.45873008,18.27205604,18.83826071,21.83710797,28.82807876,30.34333517,30.5385462,30.58729727,39.21778093,40.42113576,42.52800145,42.80264702,42.92068566,43.60651707,47.0360958,47.96319278,52.22716343,52.27163972,55.39408181,57.75159197,59.19428619,62.10445845,64.72374528,65.7111319,67.01407496,74.97279926,75.56812624,76.82419539,83.84933515,87.00154329,88.65562522,88.71339855,89.12818169,90.24684572,91.0723883,93.50317347,93.52720617,95.80126259,95.85421993,95.9489217,96.00771089,96.5397928,96.54040847]","[3,4,1,0,0,1,1,3,0,0,0,1,2,0,0,1,3,1,0,1,1,2,0,1,5,1,0,5,0,0,1,6,2,5,3,2,0,1,1,0,1,7,0,7,2,3,2,0,4,0,4,5,1,1,0,0,3,0,1,1,0,0,2,0,1,1,0,3,1,0,3]"
"[8.61475942,11.31281337,12.09506293,16.45839935,18.14379107,26.1302942,26.19850217,27.1202798,27.50859192,39.86033261,41.4554276,41.63489032,43.72893283,46.11782755,49.51175634,49.58589739,50.10441511,53.38677103,54.02172715,57.95564482,58.2819078,60.61514993,60.84172099,61.6426025,61.90833092,64.72366431,65.08954733,69.86404794,76.29448079,80.97232602,83.58133827,84.64299756,85.42229922,85.86284362,85.89613454,86.31895743,86.46264515,86.79248322,87.55611807,88.4559247,88.73242307,89.5372458,90.66145927,91.75100538,92.32030949,93.47969963,94.47747442,94.60731924,99.31103587,99.5579598,100.45802273,100.59790356,100.79290279,100.97126645,101.31339761,102.41979702,102.49984766,104.45252478,104.93976134,105.05762738]","[3,0,1,4,2,6,2,5,2,2,7,0,7,7,2,3,0,7,7,1,0,2,1,1,1,1,0,1,2,3,1,0,7,1,0,1,0,2,1,7,1,0,0,7,0,1,5,1,0,1,0,1,1,1,4,2,1,3,3,0]"
"[6.3774456,10.20258849,11.35169685,16.02083774,16.38272548,17.57479477,17.63524882,19.21982657,20.27115313,20.83469197,24.33546264,25.73233421,26.29803261,27.02987825,27.17346916,27.44870067,27.48373393,28.51694763,28.78758934,28.94385741,29.68676493,30.01217853,30.03704537,30.77013356,30.92310478,30.96855252,31.66774888,31.67121186,32.04964015,32.50097607,32.56568525,32.81573232,33.27509391,34.43278944,35.56968388,36.04599733,36.33916607,36.5784071,36.65793943,37.26331513,37.4953583,37.4969719,37.91836982,38.01119977,38.06625359,38.70323816,38.99045506,39.72067349,40.57264591,41.04105577,41.08837416,42.17246883,45.80727637,46.12350193,49.1403862,54.32021145,54.95106112,61.93585633,62.10019397,63.05633064,65.86309999,66.37565685,70.8024476,73.34480744,73.99608886,76.20167125,90.79068834,94.10950197,96.40298187,96.63475884]","[1,4,0,2,3,1,3,2,3,1,0,0,1,1,7,0,1,0,1,5,0,0,1,1,0,1,1,0,5,1,1,1,0,0,1,1,1,3,0,0,1,0,0,1,1,0,1,4,0,2,0,5,1,2,3,4,7,0,1,1,7,2,6,5,5,2,5,1,7,2]"
"[2.86164559,3.78634801,4.87538051,5.06109124,5.6264289,6.20965381,6.34249912,6.40555476,6.72869267,9.44007429,11.90288202,11.94419451,19.3634683,19.37180408,19.87686555,23.70897359,23.96016971,24.50478358,24.52946462,26.17812218,28.34282298,28.50376511,29.92780077,32.6283136,40.35685994,42.56779063,44.16935695,44.57653132,44.57834692,44.68212777,45.97420977,46.44270642,46.96598579,47.08505343,47.34613688,48.09515971,51.62857408,52.5102713,56.04292686,56.51844494,65.15231468,65.71966286,65.74513292,71.8461719,77.84498758,79.94710629,80.23740692,80.42757089,81.86796818,81.89127534,84.03193204,86.98864959]","[0,0,3,1,3,1,2,3,0,7,5,0,2,7,6,1,3,1,0,2,4,4,0,7,2,5,5,1,0,1,3,3,1,0,5,4,0,3,3,4,0,1,0,0,2,1,3,3,2,3,2,7]"
"[9.80402207,11.67795222,11.96132849,11.97424876,11.97636629,12.46818446,14.55460346,15.25752614,15.34914805,16.88666235,16.94213318,17.09951364,17.41472038,17.6047544,17.64341833,17.72577038,18.2204928,20.13723868,21.77640733,22.41997419,22.62077946,22.63784329,23.62818646,26.57428872,26.87504604,29.17382166,32.7630777,40.86612868,42.91666282,45.17828105,47.17575244,47.6300477,51.00614715,53.51527305,53.94550975,54.15593964,54.30652499,55.09505349,57.77068904,59.45097019,59.53954702,59.8718326,68.67721519,70.99885007,73.01171951,73.55365105,74.70939196,75.92336021,78.14033183,79.00977534,79.64600978,81.08505407,81.55468781,81.83206224,83.15898244,83.24894327,84.13963015,84.46606222,84.57756316,85.70765873,86.15389799,97.07642454,100.31216198,105.05843893,118.88527238,120.52634947,127.05673111,135.86566984,137.57630212,141.36545767,144.22616731,144.66338693,144.71175904,145.6964292,147.54309716,148.06710174,149.23659975]","[0,1,1,1,0,5,1,0,2,5,0,1,1,0,0,0,1,2,1,1,0,0,1,0,6,1,7,3,3,0,5,5,1,0,1,0,1,1,5,3,2,3,3,1,2,0,7,1,5,4,0,4,0,5,5,0,1,0,1,2,3,7,3,6,1,0,6,2,2,5,7,1,0,3,1,0,0]"
"[2.0869394,4.26307668,6.71429619,14.02132895,14.93251359,16.88487741,20.17696001,20.46159163,20.64909544,20.82731721,21.07939056,29.6988455,31.39706074,35.54034602,39.0114429,39.3242997,40.6788462,40.79579755,41.20809195,41.53427887,41.59409274,42.90281488,47.19038054,48.09714948,48.74327566,48.86347999,49.06865938,50.36607086,51.45854782,64.13377438,65.26680524,66.95574057,69.05464221,69.42447596,70.84750134,72.46412664,72.69684357,73.82234739,74.26664654,74.81623786,75.19725617,75.75765937,76.18166109,77.26054403,78.02962598,78.82425278,79.85573605,80.13194808,80.22874938,80.30014761,80.37051713,80.55928024,82.17006821,82.23280115,82.30222084,82.5599421,82.86253502,82.87773327,82.90556636,83.33746055,83.48354809,83.64399337,83.83281948,83.99991012,84.51309589,84.62772083]","[2,6,0,6,0,1,1,4,0,1,0,7,3,0,6,6,1,0,0,5,1,1,1,0,0,1,1,0,0,5,1,3,0,1,0,0,0,4,5,0,0,1,1,1,2,0,1,3,4,4,3,0,5,1,0,1,1,1,7,1,0,0,0,1,2,0]"
"[15.72225794,17.54939939,18.57791066,19.13656038,19.79231311,19.79472176,20.92971788,21.265872,21.60014466,21.62919119,21.89191463,22.35882517,22.89552158,23.38168311,25.47420433,25.49515933,25.92353046,26.94056977,27.53973096,27.9952003,28.24653273,28.45757023,30.589069,30.79157289,31.04119785,31.24100371,31.5483172,32.18341126,32.21243936,32.78499005,33.02505439,35.41095,35.59116273,36.30772154,41.90659951,43.291922,44.99051407,45.61052216,45.96923942,46.77557253,49.31073028,49.70392414,51.19802197,52.39987689,53.03072342,53.25350919,53.35238992,54.42737029,59.17483965,59.46427476,60.04937893,60.07171514,61.42608227,61.5491275,62.24495611,62.72541339,63.74574556,64.98213875,67.12027198,69.66316327,71.30455529,72.86474388,75.19428197,76.14278978,77.5399761,78.10843246,81.57833765,84.96474015,86.07929628,92.16902507,96.62292438,96.90710256,97.27016681,97.51926368,97.66271725,97.72291187]","[1,0,0,3,2,3,1,0,4,2,1,3,1,0,0,1,1,1,1,0,1,4,0,2,1,1,1,0,2,0,0,1,1,0,5,6,2,7,1,6,4,0,5,1,0,2,2,3,3,2,3,0,1,7,0,6,3,3,2,6,1,2,7,3,3,2,3,7,1,5,3,1,2,3,0,2]"
"[0.49730352,2.79895852,4.1946445,8.74234687,9.63464028,9.69935636,9.78709314,13.6913787,14.69688939,14.70088907,17.24005655,17.24520434,17.73133469,18.85807024,18.98564062,19.20954421,19.61861131,19.6826556,19.8191082,22.32406504,26.59769702,31.72864276,32.36620224,32.85826148,33.68145512,33.99277618,34.33029652,34.6591864,34.68904718,40.37753655,42.61120607,47.11641635,48.32238841,50.15785351,51.61022198,54.64576172,56.1644736,59.68353155,61.27562702,61.74967293,62.73315552,63.81334719,65.46841358,65.57842323,65.70172833,66.10392651,66.82594633,67.57857689,67.74692909,67.93680473,69.39321956,69.41242174,69.48100743,74.29610122,75.96357862,76.85304842,77.0571509,79.45422102,80.42728554,80.89294311,80.94440555,83.75781569,83.86697063,87.06941311,87.82656972,88.28599583]","[4,2,5,5,0,4,1,0,4,1,0,5,1,1,0,1,2,1,5,7,0,0,1,3,5,3,1,0,0,2,7,0,1,0,6,6,3,2,2,6,0,1,1,0,0,1,1,0,1,5,0,1,1,1,4,1,6,2,0,5,1,0,1,6,6,0]"
"[9.38942955,9.80723656,9.8767164,10.11628523,12.30437515,13.63542225,15.58716869,16.5493121,17.09676273,17.29003248,17.46576663,17.90737586,18.30244376,19.93557642,20.83712779,21.02392617,21.41549205,23.41019611,23.63700735,24.64749539,25.15091884,25.39075705,26.51092067,31.02398403,36.59729667,37.67436755,38.43128968,42.16551333,44.5321313,46.99110259,50.13260441,50.75152514,51.48278832,52.04380619,54.71240428,54.84549295,59.64249616,61.95408796,62.71925518,72.43834538,79.34556787,80.80722443,89.0183569,92.12532875,94.96027818,95.21283138,103.62837113,105.25342222,110.47172466,110.55245091,111.69554715,113.24101176,114.53642569,120.6567572,122.24810681,130.82373666,132.19381787,132.95031326,134.21918627,134.45423635,134.75480176,135.32055683,135.749424,136.31936228,136.59646613]","[2,2,1,4,3,0,6,3,2,2,7,3,5,3,3,3,3,2,3,2,1,0,5,2,3,2,7,7,5,5,6,2,3,5,6,6,5,1,5,7,0,7,5,6,7,6,4,1,7,0,1,6,2,7,0,1,2,4,1,0,5,0,0,1,1]"
"[2.25351041,4.16942239,5.54999049,6.05227547,11.7132399,11.84215395,12.26436635,18.71240554,19.12675391,19.33645841,19.4866012,21.41337923,24.40556204,33.12916265,41.80186083,44.15039561,44.53478974,47.4793783,47.70243194,48.91209873,51.12997853,52.0991471,53.90482069,53.99830648,57.32283535,57.5594845,57.85185018,59.16090126,63.57450149,66.9655552,77.30154148,88.51653237,89.95606321,91.00298328,98.74831532,99.06020552,99.09867569,99.97507364,100.23718104,111.55910449,113.93245581,117.01415566,119.0362098,119.16683207,120.23585845,121.79947415,127.61996295,129.24894287,129.34500356,132.40796816,135.44083817,135.76704367,136.34776891,136.60182481,136.63327755,136.77782845,137.51819378,138.56159985]","[2,3,2,3,6,5,2,1,0,1,1,7,7,7,7,6,0,2,5,3,0,1,2,0,5,7,0,1,7,5,3,2,6,4,3,2,2,2,4,1,5,7,1,2,0,3,2,4,1,0,4,7,0,1,1,1,0,0]"
"[1.24241693,1.67169328,3.40525094,7.73702625,13.72340864,14.67003891,14.97712699,15.82529601,16.19561146,16.30412437,16.87004483,17.01111772,19.08432384,19.94696194,19.95614264,20.00442642,20.08041515,20.28830002,21.16575093,21.80826371,21.8868457,21.95053416,23.08240226,24.62950202,24.80018664,24.81664612,25.00921815,26.37212071,28.90672516,29.20247021,29.29694953,30.17475466,30.44161842,35.36461987,36.769586,43.00627763,44.11478072,44.80127565,48.64413467,49.17029102,56.73540027,58.97887534,61.89347599,65.62072761,73.68103165,78.05098419,81.34249537,91.0631192,91.06339135,91.09183666,91.16025561]","[2,6,6,4,4,6,0,1,1,2,0,1,2,0,3,4,1,0,0,2,0,3,0,1,0,2,4,0,0,1,0,1,0,5,6,2,4,7,6,7,1,7,1,4,4,3,3,2,3,3,3]"
"[0.27269948,0.47330956,2.56119264,5.41957493,9.26945908,9.37708613,9.63021502,9.8640253,10.81922842,10.88990958,11.74514057,12.295953,12.34352712,12.35875288,12.38338705,12.71257483,13.13922532,13.1848499,13.48985942,13.54738628,13.54805552,14.05771266,14.66592073,14.89873629,14.9552433,15.74815433,15.94026979,16.43882921,16.68531298,16.91002367,16.95705365,17.67067242,17.71778983,18.04720649,18.36679472,18.48068509,18.49945468,18.70143848,18.759289,18.84616736,18.9962348,19.12589394,19.21654989,19.23487981,19.76016067,19.81924016,20.75272378,20.97064701,20.97154265,21.13834622,21.62274147,21.82034331,21.9273085,22.05508963,22.09563732,22.30737195,22.64724364,22.96314557,23.01845831,23.31630497,23.34425164,23.94637428,24.22409751,24.71082548,25.16271531,25.97574289,26.09029008,26.11945668,26.23163987,26.42340699,26.71189298,26.83981543,27.21570376,27.46555664,27.91007178,28.12654887,28.24006728,28.37940994]","[4,2,0,4,0,1,0,5,1,1,0,0,3,5,1,0,1,0,0,1,0,1,1,1,1,1,7,0,1,0,0,1,1,0,0,1,1,0,1,1,1,0,0,0,1,1,0,0,2,1,0,6,1,1,1,0,1,6,1,0,0,1,2,0,1,1,4,0,1,0,0,0,0,0,1,0,1,1]"
"[8.2301714,9.82383323,10.72452926,11.89738425,12.05834651,12.75481757,12.86519518,16.15194117,21.79736726,22.94735607,23.29092722,23.83685738,24.89389763,25.10929002,27.16422662,27.91383144,28.28030076,28.30100265,29.36051631,31.335869,31.47560398,35.61196988,38.72700837,42.47524004,48.05585595,48.06507895,48.46704954,49.27237415,49.90407755,55.34870532,55.43915416,56.05538913,58.30938031,62.68282997,62.97761594,64.67021378,69.99955173,70.50140713,70.66361435,70.93289943,71.04579446,71.64469559,71.9406268,72.25686985,72.56351273,72.7402283,72.84825334,73.08812566,73.92908894,74.11012754,74.55725978,74.80783464,74.85202059,77.69808272,78.2670568,78.77784919,78.815845,80.02727983,80.17875705]","[7,2,3,2,0,5,2,7,2,3,0,5,2,3,1,0,1,2,3,0,1,3,7,4,0,5,7,0,1,2,3,3,2,2,3,3,0,1,4,6,1,1,0,2,1,0,0,0,1,2,0,0,3,0,1,0,0,5,1]"
"[0.36231041,5.36238937,8.55109643,9.57559475,10.76322791,10.85128084,11.53780011,12.35098277,12.36020307,12.36411432,13.51400825,17.76012605,20.82919101,24.94862882,26.01959303,26.0760149,26.28255806,27.15206848,27.65284044,27.69552935,28.14497414,31.2234398,31.56404133,37.650591,38.13772068,38.6384396,39.70392488,41.01824692,41.65398912,41.70579679,42.21591406,43.26821719,43.86244609,44.01264991,44.9833732,45.69699256,45.8858054,46.14164201,46.16417263,46.90105561,47.08820055,47.21044761,47.24574373,47.53976597,47.77320825,47.81187104,47.84658692,48.78656565,49.77686763,50.11197435,51.60182529,51.92900952,52.01665719,53.29742648,54.44690182,54.46885297,56.46599646,56.49753468,59.93849165,61.85775671,62.25960026,65.18238517,65.3272397,67.04325569,67.20195022,68.39829949,68.9954911,70.18244123,71.0231144,71.5457689,72.56026962,72.68253136,73.56998317,74.35717408,76.38644346,76.97668484,77.02799016,77.17569776,77.25060351]","[3,5,7,7,0,1,1,0,1,1,0,7,1,0,3,3,1,0,1,2,0,1,3,0,1,0,0,1,0,7,1,7,1,1,0,1,0,1,0,3,0,0,1,1,1,0,0,1,1,1,0,0,1,1,1,0,1,1,0,0,2,1,1,0,1,0,4,2,1,7,5,0,5,1,3,0,6,1,1]"
"[2.44792338,3.78260631,6.05125476,6.27615484,6.35118526,7.84489304,7.93929341,8.52008694,10.25011374,14.83488148,16.45105007,18.04414706,20.7576117,20.8631691,22.49177455,24.32694267,31.6527627,35.39871573,37.3785623,37.41350781,41.81550212,43.78782145,46.75948111,48.1872263,48.99233179,50.30270854,55.74619949,55.8631284,56.15550385,57.4645475,64.02991956,66.22041229,66.24514964,66.95649773,70.08868228,74.95119354,83.15035446,91.62450489,91.89743586,92.29922467,94.56689169,99.29982834,102.39313856,102.52844339,102.86861173,103.25020886,103.63904614,105.40869368,106.49076752,108.06822097,109.56731336,109.66196197,109.6926418,111.2289352,112.31149007,113.34408854,113.65856406,113.74796804,113.96670369,114.07573851,114.87367214,115.39564381,115.46748845,115.72415148,115.85581684,115.88491825,116.47638368,117.01065007,117.12777563]","[2,3,5,0,1,1,0,1,0,1,2,0,7,2,4,3,4,6,7,5,7,2,7,2,3,1,1,5,3,3,0,3,0,3,4,2,6,7,6,2,6,2,0,1,0,0,1,2,3,2,2,7,1,3,0,1,0,2,5,0,1,0,1,0,0,1,1,0,0]"
"[3.8692333,6.39423382,9.17380935,9.21082074,14.39244112,24.42745006,24.57184983,27.79390615,31.29230985,34.64420415,34.76524137,41.13920589,42.59523166,43.98290291,55.38763668,56.59488208,59.50320856,60.04193396,60.73987462,62.60094066,62.77303696,64.14045211,65.92055076,70.57392965,71.20947165,75.85672337,82.811612,84.8849528,86.5108818,87.08965541,89.05024831,89.39317028,89.77338705,90.40970683,91.81003469,91.95847517,92.01438394,92.32274811,92.34599832,92.82710102,93.21315182,93.38884356,93.65137764,94.34790986,95.56159604,97.36114474,98.35318841,99.48645916,101.27045384,104.59272811,106.38353737,106.61326652,108.01138631,110.8569707,113.4511772,121.81204018,123.62465951,124.72319512,125.23862382]","[1,6,3,4,1,7,5,0,2,1,0,5,1,0,2,4,7,4,3,1,4,2,4,0,1,3,5,4,4,6,2,1,0,1,1,0,2,0,0,3,1,1,1,0,1,7,1,3,0,2,3,2,3,7,7,0,2,3,0]"
"[1.59263347,2.71358269,2.85194287,9.81983391,14.66075378,14.78895311,15.64842665,18.10850679,21.71919001,26.3666766,28.0077092,28.46583306,34.7646714,35.01924306,35.35235935,36.73668122,36.95680648,37.32234642,38.03973296,38.51506613,39.37011738,39.67091122,39.68987135,39.78790565,41.60429486,41.653532,41.68904204,41.99402621,42.03257439,42.54319996,42.83549656,44.02710233,44.81321491,45.40724059,47.7318093,47.85840551,48.51165399,49.01433196,49.01674807,49.19930918,51.32500207,52.31355736,61.66432477,64.48761416,65.90884633,68.50758233,85.09277247,90.70092602,90.8865051,98.69745842,99.32086344,104.17412745,104.62172652,104.74130187,104.79854199,105.41888156,108.78618341,109.08626878,114.47595662,115.35215146,117.64561231,118.76947206,119.28400174,121.22561704,121.31641602,121.61361576,123.7444392,125.35923072,126.12208799,126.65198141,126.93363348,127.12050925,128.46810083]","[3,4,5,3,2,3,5,7,3,1,0,5,1,6,0,4,1,6,0,2,2,1,0,1,1,0,0,0,5,5,3,4,0,1,1,0,0,6,1,0,1,5,1,3,0,1,3,0,1,3,4,0,1,1,0,0,1,2,2,3,6,7,2,2,2,3,4,6,2,3,7,3,2]"
"[1.91713086,5.5053108,7.93882663,8.8595067,9.63548245,11.7636985,12.42110156,12.56278394,13.20623474,15.46943229,15.8194663,16.13324093,16.62484814,19.75466801,21.42969078,21.97353,22.03076131,22.08574948,22.64217296,30.43113186,40.11511905,42.27158241,43.38814163,44.25627285,44.61530212,44.97381415,46.86903719,48.71173514,49.06305595,49.36196447,57.60338682,59.64936358,60.52298695,60.7179047,61.36340084,64.23055227,65.51624571,65.8224501,65.89247375,70.43920369,76.33999365,76.63148983,77.80609095,84.37436915,87.02814031,105.71010413,106.36878465,113.59136866,113.79706099,113.93559376,117.0346863,117.39068821,118.67580433,118.67620374,119.32832799,120.20769772,120.28755916,121.25087758,121.3487345,121.56139577,127.68587281,128.83834666,129.13977284,129.78937785,130.52405894,136.34955055,137.43385625,138.19841902,139.20808171,139.26997101,139.96006127,146.05975607,150.85636013,152.73394074,153.15849646,153.38470599,153.39683181]","[7,3,1,0,1,2,3,5,3,2,7,3,3,5,2,3,2,3,4,7,3,2,3,2,2,3,3,4,1,2,6,7,0,1,1,1,7,5,4,7,2,6,5,4,6,1,0,2,3,2,1,4,0,1,0,0,1,0,1,0,7,1,3,4,5,6,1,2,2,3,3,1,0,1,0,0,0]"
"[3.69353667,4.11044915,4.30490223,4.65706081,4.72730248,4.77156027,5.31429427,5.87797435,8.268395,9.27466706,9.47128395,10.01212236,11.24030431,12.196528,12.41367448,12.60050453,12.83085075,12.95773207,13.87843849,14.21912534,15.04418605,15.71244679,17.15174501,17.75613115,18.4153752,18.5645297,18.93866527,19.14159256,19.23464431,20.20808449,20.4760161,21.62925177,23.65183136,24.04249059,24.87223749,25.41230705,28.45528132,29.82759897,31.09181735,36.69523391,37.17137439,41.25157325,42.59067261,48.73841902,49.11569586,49.37654108,50.03406674,54.39341692,59.49708073,61.27295113,61.4477691,61.90167647,62.40116481,62.53083574,63.06004328,63.88448668,65.3422414,65.56956821,65.63481999,66.81168228,66.86171658,69.73329873,69.80318153,73.00638545,78.56898237,81.22797544,82.21758199,83.796443,87.26277172,91.61669823,92.29539408,92.6155323,95.38187664,97.22850092]","[0,0,0,1,0,0,1,1,1,1,0,0,6,3,2,1,0,5,3,1,2,0,2,3,3,2,0,3,1,2,3,6,0,1,1,0,0,5,6,0,1,5,2,2,6,0,2,4,4,0,3,1,0,1,0,1,1,2,2,3,5,1,0,0,7,2,2,1,4,7,2,5,2,1]"
"[4.3233236,5.4516743,6.26795506,6.60091697,6.95164696,7.14089309,7.45450501,9.6766424,10.04788789,10.08526227,10.15737532,12.64663609,14.42399053,16.70706274,22.43079283,26.51490219,26.78564766,28.1498157,29.63093658,30.09654975,31.05664632,33.23461431,34.65662285,36.35854114,37.6667255,38.87653763,39.90469836,41.1811897,42.32299789,43.48850072,43.72765582,46.16729435,46.72012461,46.87452081,47.52044436,47.76701706,49.54808072,49.68182236,49.85884972,50.27198839,50.33049255,50.95794492,51.22768098,51.82544262,52.04584318,52.38306031,52.39620201,52.40616678,52.67425883,52.9524623,53.39426709]","[0,4,1,1,0,0,1,6,0,6,1,2,5,2,5,0,1,6,1,0,0,0,1,0,6,6,7,4,0,6,6,5,0,5,5,0,0,1,1,1,0,0,1,0,0,1,0,1,1,0,1]"
"[2.63120743,2.80097643,6.73291734,7.8430439,9.98030376,10.60442903,12.69040119,14.61962891,16.34447808,17.21079331,26.93420453,29.44247728,45.35321688,47.61834408,48.00080894,50.90779401,53.41805251,54.89939351,56.01525714,56.75915249,60.91725592,68.70470065,70.85773742,76.38187613,78.14911503,80.86062856,81.85086237,82.00462001,83.25560391,84.22943691,86.07124707,89.03557989,96.33315315,97.98555007,99.20753613,99.80406906,102.24379458,105.37803033,113.51736952,114.21373244,115.34022919,117.1312491,118.940575,119.41986757,119.80348952,119.87549316,119.96008748,120.22549568,120.24521507,120.43563011,120.74315027,121.00083701,121.09297423,121.12434796,121.29142733,121.61471527,121.79545877,122.94016942,123.01617131,123.14103747,123.2663345,123.28968022,123.48994558,123.5179981,123.62286925]","[7,4,4,6,2,0,1,2,3,2,1,0,5,0,1,1,6,7,2,6,7,0,1,0,2,2,0,4,1,2,7,0,0,4,2,5,7,0,1,0,4,1,2,0,0,1,0,1,1,1,1,3,2,1,0,0,3,1,1,1,0,0,0,0,0]"
"[6.33067779,6.40173356,9.04842629,10.22415899,10.49620451,17.29461298,17.99479827,26.4917592,27.28067211,28.52673117,28.80243253,29.05954431,29.35326323,29.58432414,30.53650664,31.04775603,31.12124994,31.24742621,32.57254211,32.90059959,33.42818531,33.96638159,34.35764161,34.77215329,34.93047237,36.29905516,36.56487382,38.62800098,46.03257893,46.60401525,46.87172678,47.86741483,51.03801273,55.16381603,55.50667662,55.51340865,55.78159258,57.74765601,69.9363589,71.86932794,77.32474194,84.50979559,87.83612903,88.22905658,89.99975681,97.63800568,100.93360013,101.18723194,102.27512273,109.17022667,110.40415853,112.48735259,118.5741688,118.88116975,120.52853222]","[2,4,0,1,0,6,6,1,0,4,1,7,1,0,1,1,0,1,4,4,1,0,1,0,1,0,1,0,1,0,0,4,7,4,3,5,3,2,4,0,1,7,2,5,7,7,6,6,1,1,5,5,0,1,0]"
"[1.00050906,3.2859623,5.77065826,10.88111516,12.87236531,13.16138552,13.262373,13.26614301,13.33874393,14.45861866,14.56244668,16.2322667,25.82742791,28.95668265,29.07503587,31.77459583,31.85266092,33.56520248,37.47530049,42.43470301,47.55574564,48.41033794,54.14032991,54.80988163,55.71788613,56.01742521,58.69518534,59.02270973,59.16335088,62.07896661,62.17109796,62.29384816,62.52748666,63.40246207,63.7638458,63.85712117,64.38049774,65.26030766,65.56575544,65.8226681,66.1052398,66.4450666,66.58711769,66.69308292,66.81094955,67.08648324,67.37278618,67.4009854,68.40935146,69.07647452,69.82804845,71.1609047,71.38615511,71.68348915,72.62261332,74.03046227,74.35229272,76.90995119,77.7414402,77.83320959,79.48579477,79.69614808,82.0925946,84.69980409,86.7263733,87.58575838,90.63642891,90.64382867,90.86008743,92.26162601,95.1091505,98.6151864,99.90679286,111.9062908,115.19178314,115.45560683,118.18006727,120.30992912,120.82056734,121.19029706]","[0,4,2,1,0,0,0,1,1,1,0,5,1,0,1,1,7,7,6,5,1,0,6,7,2,2,2,2,3,2,3,2,3,3,7,7,6,3,3,3,2,0,1,2,3,3,4,4,0,1,2,5,0,1,0,1,0,7,4,1,7,7,0,1,0,3,4,1,0,1,7,6,5,2,7,7,4,2,3,2]"
"[3.29649202,4.37761763,5.25149126,11.32605388,12.42036607,12.89430428,14.14477615,14.17653275,14.98889392,18.29691199,18.4810923,28.42570996,33.74546552,35.5137638,38.1512529,38.98819957,41.81589182,41.82025131,43.99262853,45.03184759,45.07225996,45.14565835,46.23678681,51.12543085,51.66583404,52.07862544,52.5166168,53.03198203,53.30708847,55.86229814,56.05915295,56.47304608,58.49025734,59.1073217,59.44145489,59.77274853,59.87385997,64.76723888,65.79799452,68.14685168,70.26882255,71.33804671,72.06118724,72.30432145,73.32782017,73.61035353,75.52604723,76.16077126,76.67692103,77.7153277,79.82788328,81.04976737,81.32428386,81.99713153,82.59133098,83.07024604]","[3,6,3,1,2,0,0,5,6,2,6,2,0,2,1,0,3,2,7,1,2,0,2,3,5,1,0,1,0,1,3,2,6,3,2,3,3,1,2,3,2,4,3,2,3,2,1,0,3,0,0,1,1,0,2,1]"
"[1.2785139,3.50125289,4.04013212,4.14291696,5.39796599,5.81853799,5.90991788,6.15406945,12.50500096,12.97155313,12.97509998,13.03029908,13.49260379,13.62814831,16.04646799,18.46341767,19.29803566,19.3149668,19.41180588,19.61097031,20.03964766,20.08148401,20.4074394,20.926234,20.94114101,21.34147645,21.54667187,21.81023946,22.3917818,23.65390554,23.75040855,24.87699434,27.07133277,30.49970814,31.59784365,34.07344034,34.68692757,36.84580861,37.0491077,37.99611401,41.5446436,48.41310122,54.40324726,55.23562183,55.94223999,56.62197021,57.25011661,59.5884198,59.85009418,64.11601466,64.29462063,65.26687044,65.36338874,65.60561844,65.61378507,65.95884856,66.41168395,67.13826011,67.77580472,68.54359533,68.95613992,69.65079751,69.67720518,70.25520356,70.54933112,72.25741285,72.9146215,74.07254483,74.10326633]","[7,7,0,1,0,1,3,2,1,0,5,2,0,1,1,0,1,0,1,0,1,0,6,0,0,1,0,0,1,1,0,4,1,6,1,7,0,1,0,7,6,6,5,7,2,3,2,3,4,1,1,0,3,0,2,0,1,1,1,2,7,0,1,1,0,3,1,0,1]"
"[2.97640614,3.7130663,4.23050847,7.17484968,8.30987032,16.0873988,27.88592112,30.94767671,31.84970631,33.25201004,33.46122591,33.62111832,35.08565886,36.25879062,36.26960153,36.4238505,38.65597745,44.72287015,46.30932994,46.40091248,47.52731373,49.89558147,50.64681019,51.57884773,51.67790686,52.23294798,53.26196112,53.43883216,54.47703693,54.48046501,56.12033117,57.43832185,58.5648751,59.31079555,59.52145279,59.73174954,59.97795816,61.05842843,61.70277446,62.00528054,62.1859219,62.92366585,63.61037809,65.13301118,65.66996219,68.88881129,70.48635081,74.89844957,75.02155949,75.57018797,75.83545608,79.13138271,79.18436386,80.13814736,80.57756584,87.98797348,89.48649424,94.55599992]","[2,5,3,5,5,0,6,2,3,0,3,3,2,3,2,3,7,1,2,2,3,1,0,1,1,3,2,0,1,1,1,0,0,6,0,0,6,5,1,2,3,3,2,3,6,4,5,4,5,0,2,2,1,0,0,3,1,0]"
"[1.89082047,6.6226928,9.89549861,10.62302448,12.18575631,12.88291141,13.17798545,13.34052092,14.23170226,20.15962123,22.28154401,27.95479418,28.33919193,28.66419109,30.25679258,30.32829735,31.28397039,35.31338811,35.8532472,39.90504371,42.57428704,45.23905163,49.31516693,49.38585267,49.92065609,50.47745291,61.17956825,63.02914232,65.0656335,65.65436606,67.8578408,73.81419973,78.79052106,81.40257311,82.99136711,87.28600899,94.49945885,97.40223717,102.00571213,105.44116345,106.71781134,107.11024759,109.87544672,112.76898423,119.16305053,119.3119906,119.80099585,120.3941308,121.4638876,122.63623549,127.7984536,128.04334627,128.07608457,129.36581402,131.51209057,132.28412134,133.75386662,149.75629233,150.26374417,152.25521709,153.28909119]","[5,7,0,3,4,1,0,5,5,2,3,2,0,0,1,1,6,2,7,2,6,5,2,3,2,3,5,1,2,1,7,1,5,5,4,5,5,2,7,3,3,4,0,7,5,2,2,5,5,2,1,7,2,0,0,1,0,0,1,0,2]"
"[1.70748506,1.73864324,3.24349691,4.39177342,4.53962261,4.91822805,7.08663461,8.89826631,9.13832478,10.71804128,11.44748274,11.83772798,12.56945299,13.05277409,13.66539185,14.68583067,15.2625289,15.3033916,15.65552961,15.79113515,16.62230005,17.02742454,17.29805854,18.03167362,18.31439248,18.63414438,20.42817272,20.47555784,20.94199011,22.15169346,22.84925917,23.38296873,24.93576687,25.17729537,25.90905535,28.48831776,33.89574316,35.90954099,37.12681781,39.82765946,46.74424487,46.80982975,46.8643114,47.77788015,47.9005906,48.65235868,50.82751889,51.21707148,52.61393047,52.90719522,53.58099413,53.61390383,54.17765822,54.8771303,55.26523561,55.28531093,55.2970301,56.15094359,56.91500203,57.00202794,57.25222939,58.09797607,59.47008437,59.49703438,59.94896636,60.94441424,61.45727863]","[2,3,4,1,0,0,5,1,5,1,0,4,2,1,0,0,1,1,0,0,0,1,0,1,3,1,5,0,1,0,0,5,2,3,6,3,4,7,3,0,1,1,0,3,1,0,1,5,1,0,1,0,0,0,5,1,1,1,0,0,0,5,1,0,0,0,3]"
"[1.77991391,3.32745539,4.34904068,5.83467584,8.02957173,10.32793174,10.42808435,12.24282198,14.38447832,17.20499179,17.93988139,17.94895454,18.76161548,18.800231,19.04855948,20.46396997,20.56919871,21.63361173,22.02237973,22.04410548,22.11850623,22.70819107,22.74210724,23.39849995,23.99784799,24.89727767,25.31893972,25.41806659,25.44645405,25.62548818,27.20506014,27.40049744,27.64507138,29.52273037,31.31987041,33.53070666,33.84451311,34.26948508,35.99776799,36.67721006,37.82565775,38.03243418,38.41770784,38.55320463,39.12202191,39.20872361,39.2311998,39.65747196,41.13441843,42.34547272,43.44969035,44.39533314,45.9422035,46.00451012,46.03247385,46.05519959,46.07483439,46.17944402,46.31598989,46.37053715,46.43828693,46.98036122,47.90055438,49.22442596,49.40869873,49.75004463,49.7501021,50.04329818,50.09047388,50.19876582,50.31896867,50.65618423,50.93006683]","[0,2,2,3,4,5,3,4,1,0,0,1,2,0,1,1,2,0,3,7,1,1,0,1,3,0,1,2,0,1,0,5,3,7,0,4,1,0,0,5,1,0,1,5,1,0,1,1,3,6,1,0,2,0,0,1,1,3,0,3,1,0,1,2,0,1,1,4,0,1,1,0,1]"
"[1.27882734,2.29958678,6.03861568,13.74446787,14.29554919,17.85484507,18.44262451,18.81473463,19.11621903,20.69855277,21.02246145,21.76184229,22.15283191,23.03386657,25.51840907,30.40397929,34.17296497,38.17047831,42.94813529,43.70292352,53.76328847,55.81343484,56.74795125,57.53382586,62.04790962,62.86683847,66.2382537,72.7109279,73.29223538,80.99322236,87.78624992,94.48428564,97.00514558,97.90496867,100.56799396,101.28756363,101.81874377,103.5886044,110.28517386,116.74809687,117.09342175,117.66584356,118.49365426,124.39486201,124.94906269,125.10298525,126.91124267,126.96178128,127.01525111,127.33971189,129.19571948,129.86136372,131.09115226,133.35474476,135.36971468,135.67104549,136.21466906,137.28422385,137.61876934,139.38476282,140.5474534,142.05947785,142.18398648,142.943425,143.67887413,144.16948031,144.65313895,145.6642677,145.84665467,149.18796353,151.76367916,153.27735746,153.42387575,153.82783511]","[6,3,2,4,2,1,2,0,1,0,1,1,0,5,7,7,2,3,5,3,3,0,1,4,0,5,4,2,3,2,1,7,5,0,1,0,1,0,3,1,0,2,3,1,1,0,0,2,3,2,4,1,1,0,1,0,1,7,0,2,3,1,2,2,2,3,2,3,3,4,7,2,3,2]"
"[1.26935647,1.89572474,2.95663763,3.90107814,4.07229464,4.3816659,4.84850735,6.29392647,10.048038,12.28200937,15.38987895,15.54466635,15.58344922,15.84653704,16.00707098,16.40903162,17.64606371,19.87674005,20.1348235,22.06933806,30.02199494,30.12440704,30.19666652,30.27959847,31.38821814,32.11352717,33.08613582,33.61398931,34.50576423,36.44846695,37.35113328,39.14051597,41.13975316,41.49984553,41.83724991,41.99997281,43.66166747,46.39538527,46.75193639,48.79128559,49.25826898,49.27997608,51.68993257,51.82110324,54.6481862,56.12747808,57.54099584,59.37195085,60.24455605,62.18964193,62.43434739,63.43100183,63.53801601,63.67991381,67.14517621,68.26341182,70.80471085,71.00311414,78.51749698,79.83285965,84.7169823,87.65441612,88.488143,94.0965229,94.54622201,101.49127843,105.87594083,106.02527432,106.05857762]","[7,3,2,3,2,2,3,6,4,3,3,4,7,4,2,7,3,5,3,5,1,5,0,1,7,7,7,1,7,2,3,0,0,1,5,0,1,3,1,0,1,1,5,0,2,0,6,5,2,2,3,2,5,3,7,6,7,1,7,0,1,0,1,1,0,7,0,1,0]"
"[3.02191518,4.41718985,6.11156875,6.43022131,14.12372295,14.35918936,15.03853834,18.65918966,19.68251088,19.91851776,22.5635197,22.68826321,23.20360716,25.63861348,30.79999366,34.9747041,42.81335074,45.14142671,51.19186801,54.55763114,61.31255295,61.73785747,67.17009599,68.21045016,68.84247159,69.8126646,70.06784873,71.52036587,73.47840634,73.75523093,73.86796174,74.93546236,75.74350739,76.94082452,78.19166521,79.60616431,79.96953165,80.33088694,81.16300933,81.1951567,88.87946948,89.28294425,89.53630397,90.47535689,94.58416853,100.82040216,103.17442085,104.56480827,104.60232757,108.5326606,110.60591381,110.6398222,117.42468528,117.88677833,118.00721658,118.07653688,118.50227701,118.94976896,119.46983254,119.63743531,120.36969637,121.30050317,121.45331418,121.50428705,121.54477901,122.24470981,122.67677735]","[2,0,7,2,2,0,3,1,0,0,1,0,1,2,4,7,5,3,5,4,1,1,2,3,2,0,3,3,1,0,1,0,3,2,3,2,3,2,4,3,1,3,4,7,4,7,4,3,4,5,1,4,1,3,4,4,2,0,3,1,0,5,1,3,0,2,2]"
"[0.63978787,1.42961688,3.72106921,4.04832266,4.70358773,6.17728423,6.74476684,8.66141234,8.9475481,10.48030924,17.96780548,19.2741422,23.30505321,23.65558499,24.01689012,24.22946649,25.51428579,28.795223,31.33377244,32.0295811,35.07214138,39.88812015,41.55677857,43.4750131,43.71982622,46.200106,46.22280302,46.61116904,46.88340622,47.10709957,47.57290073,47.91834607,48.04533995,48.45948506,48.5256127,48.57544996,48.58667453,48.6739218,49.68893053,50.34837963,50.51747224,50.94527884,51.42585731,52.09638447,52.53496679,54.51307268,54.63720697,56.11435797,56.44322178,56.46604193,56.60568864,59.44113412,59.86614181,60.10736328,60.96313042,61.56350259,61.9672245,62.05169439,62.36118102,62.85681504,64.96492605,66.09999795,66.41553748,66.98423038,72.45339037,75.06052932]","[5,1,1,1,2,2,5,3,0,1,1,0,5,1,0,1,1,0,2,2,3,2,3,4,3,0,3,1,0,1,1,1,1,1,2,0,5,5,3,1,4,0,7,1,0,0,6,2,1,0,5,0,0,1,0,0,1,1,0,1,5,0,1,6,1,1]"
"[3.00849567,3.42014429,4.86655744,5.09627255,6.77063457,6.85658027,8.05693962,9.08693601,9.44907575,10.13067777,10.54427325,10.71585666,11.03489098,11.64375343,11.81033738,11.89290682,12.60394336,13.36245933,13.88523518,15.5209069,15.5520584,16.35690104,16.43234318,17.15101145,17.334219,17.74663531,17.77891132,18.37919547,20.47925844,21.65463795,21.976213,22.31011295,24.90038903,26.27769171,26.86134664,27.20992128,28.44137022,34.42992176,35.32924369,37.89413494,37.91393164,38.72910767,39.06876073,39.20760935,39.80128131,40.06840724,40.22765511,40.51298848,40.91863083,42.21256819,45.35171826,46.61729147,47.06296049,48.18933789,48.52857469]","[1,0,1,1,0,6,1,1,0,6,1,1,0,0,1,5,1,1,0,1,0,0,0,0,1,1,1,0,0,2,1,0,3,7,7,0,6,5,1,5,0,4,1,1,5,0,0,1,0,1,2,2,1,3,0]"
"[1.64999934,4.48330886,4.69420524,5.05233334,5.07447981,10.42061845,10.46421118,11.27951906,11.78880441,12.07283081,12.17699288,13.01782591,13.30451796,13.42710349,13.88305279,14.57202923,14.66486974,15.33466975,15.77602772,15.95335132,16.23711766,17.63161664,18.11504803,18.24035452,19.35691508,19.4537431,19.87551252,20.56682442,21.02223523,21.49668873,21.53608012,22.13689619,22.78766215,22.84600004,22.84746748,23.94522876,23.975491,25.83662801,26.03856145,26.05830049,26.76460947,26.77345464,27.96469879,29.03424136,29.56785435,32.79206008,36.53692757,36.93781195,37.52309977,38.65674451,39.95604125,41.20507763,41.95848829,42.10882989,42.56400285,43.96770404,44.88747112]","[2,3,1,3,3,0,0,1,1,0,1,0,1,0,2,1,0,0,0,1,0,1,0,1,1,0,0,1,0,1,0,2,7,5,0,0,1,1,0,0,1,1,0,1,1,2,6,5,7,1,0,1,0,1,6,7,7]"
"[1.83650334,2.33063544,3.61935367,4.29026539,4.53268497,8.5688432,10.25988149,19.34794886,19.90876836,21.51987812,24.69433278,26.16386916,26.37251609,26.97305493,28.18053147,30.33905738,32.85947564,38.81241941,44.94802446,45.27574825,46.28667497,51.85898295,56.60908346,56.75569282,57.75396527,58.84103211,59.00735978,59.3665053,61.05701113,63.56284223,67.73630915,69.53397323,71.06309236,71.89476589,71.95585954,75.87525292,76.10962173,77.47521882,77.83025596,78.15772724,78.95550893,79.44123714,83.37300884,85.41562537,89.63188029,91.23256102,96.79391186,100.40140752,100.98570674,100.98745928,101.06080407,102.17351734,102.58729884,102.6234616,103.47143342]","[7,2,0,6,1,5,5,3,1,7,1,5,2,4,1,6,6,4,2,3,5,6,5,0,1,7,0,2,3,7,4,6,0,1,2,7,5,7,5,4,2,4,1,7,1,5,4,5,1,2,3,4,1,0,1]"
"[0.30206031,0.94607178,1.86575331,1.92350695,2.01654921,2.24007503,2.46934306,2.51605445,2.69795246,3.21093509,5.72138625,5.94265533,8.78540003,9.37313909,9.49890369,10.24598637,11.30160378,13.30749555,17.54746887,19.14999434,20.65326369,25.64962008,28.82773371,34.29555867,36.79217509,38.77331295,40.22563968,41.18555521,41.49090763,41.57377899,42.09016322,42.97426241,46.79189388,47.75912403,48.08768514,49.67819708,49.77597445,49.95565074,50.56716909,50.59250968,51.04138202,51.49265374,52.03196444,53.0512674,56.65351399,56.69151417,61.87109254,62.39999337,62.8851914,80.85518563,85.65083306,86.79695358,87.50138246]","[1,1,0,1,1,0,1,0,1,0,1,6,0,1,0,1,0,1,7,2,6,7,3,3,4,5,0,3,2,3,3,1,0,1,1,0,0,0,0,1,1,1,2,5,3,7,2,3,5,5,5,4,1]"
"[3.52364547,12.46478433,15.93196173,17.87768243,25.13124098,26.80227905,30.19109723,32.02236622,32.08276275,34.20538243,35.96885121,36.85244612,36.99847357,37.03610307,38.36792541,38.47428891,38.49818485,38.65709285,38.70174352,38.86106406,38.98111554,39.30403207,39.44796197,39.50765221,39.54276381,39.54444782,39.57024839,39.80123843,39.89576724,39.96506845,40.00151073,40.02927304,40.64669201,40.79018087,41.20299492,41.57361403,41.99611943,42.29168607,42.81349738,42.88307526,43.41535192,44.13363253,44.96404888,44.98211838,45.4974835,45.98085557,48.28286924,49.02799844,49.280466,50.15240849,51.64679209,51.96087657,52.37747553,59.5616099,59.79313047,60.96797753,62.76405088,64.33414249,64.79032816,66.7032669,68.4319907,68.46073728,69.31872735,69.96082438,71.4484562,72.25131574]","[1,4,5,7,1,6,1,0,1,3,0,1,0,1,1,0,0,1,1,1,1,0,1,0,0,1,1,0,0,1,0,1,0,1,0,0,5,1,0,0,1,5,1,5,0,0,1,5,1,7,4,1,1,2,3,2,1,5,2,2,3,3,0,1,5,1]"
"[5.27938572,5.31477323,5.38544406,6.9987691,7.34637568,8.05736633,8.64480275,9.39771791,9.95287094,15.31773953,15.99075484,18.55569494,27.5751344,28.20061548,33.32489782,39.18839839,41.95849791,43.06277403,51.52810087,53.59574452,57.2592261,57.86970601,57.89920923,58.69829058,58.78479873,58.9505671,58.97500666,59.38074211,59.6135138,59.78985732,59.99660982,61.08142509,61.27754108,61.60158278,61.96988993,63.23123731,63.43034048,64.08924022,65.09788995,65.42370288,67.02213177,67.50589853,67.93132785,69.7082594,70.86977851,75.8313149,78.22866548,78.9376208,80.81603751,81.68551456,82.19537781,82.61340193,83.1824293,83.34192938,83.41784573,84.62714173,84.9522918,84.9563684,85.5668289,86.32354715,96.9341211,100.69600778,116.37085597,116.47263511,116.9734215,118.52625189,119.52706468,120.0922006,121.61935853,123.08489169,123.82242797,125.66566421,132.39846514,133.96919183,134.38305524,134.65946831,134.67573015,134.89097289,142.90406843]","[1,2,2,0,3,4,3,2,3,7,1,6,1,6,7,4,7,2,3,4,0,1,1,0,1,0,0,1,1,2,0,1,0,1,1,0,0,5,0,0,3,1,2,1,0,7,7,6,7,2,7,3,2,3,0,1,7,0,2,0,5,5,1,2,7,6,0,4,0,1,2,7,2,2,3,2,3,3,0]"
"[7.51594627,8.94854943,10.52372575,11.12511286,15.24507924,16.88328274,21.81550469,21.89149968,26.2531428,27.67824546,27.86017537,28.90392128,30.48508684,30.72094722,31.13286545,31.26311103,33.51666598,34.41967618,36.10891993,36.68819032,36.72992827,36.97290757,37.5289614,39.38299226,39.64376959,40.80674606,43.74866384,44.70044273,45.17978777,45.18811294,45.54347596,46.36500472,46.37830523,46.79690277,46.79753615,49.09817202,49.66155625,49.66484087,49.93959865,52.19347702,57.80746917,63.33166532,65.09386911,69.94774357,83.51625345,88.85759395,89.55270716,90.17326339,99.35487688,100.20952465,103.22357362,103.61182381,105.33903558,105.85885746,108.76678775,113.53561575,116.18998569,116.55951173,116.9230189,117.01335654,117.79686133,120.29688308,120.30185172,120.34764173,121.08581694,121.23378496]","[7,2,0,1,1,2,0,3,3,3,2,2,0,4,3,1,7,7,0,1,2,0,0,4,1,3,0,1,0,2,1,0,0,1,1,1,2,0,1,0,5,4,2,2,2,5,0,3,7,7,0,5,6,1,0,7,2,3,1,1,1,3,2,7,1,0]"
"[0.25377236,2.38098716,3.0646603,4.59997389,5.34686518,5.37622206,5.89867784,8.30811215,8.44193896,9.89182693,10.68976393,10.88169165,15.08241919,18.15153573,18.22836973,19.09514731,20.3397431,20.59644238,21.90344749,22.91502285,23.11367892,23.13625963,23.51861716,25.29155487,25.49163123,26.23959712,26.69519133,27.15433168,27.19317295,27.72390332,28.06218608,28.34957029,29.78327029,29.80116424,30.06035505,31.08335731,34.43329557,35.31623375,35.65161346,36.46216448,37.62964973,38.05437128,38.19045713,38.27153651,39.82901235,40.21832708,40.92028816,41.99101986,45.92799576,47.55930469,60.2567675,60.29615245,61.56419043,62.51262395,62.9260972,62.97341505,63.39737017,63.47303497,64.05237167,64.21580869,64.87078504,65.40416754,65.72681758,65.74431743,65.99757684,66.05070465,66.43429566,67.03978813,67.89841667,68.52414723,68.68602286,68.77099024,69.45409999,69.83309429,70.16002576,70.46199689,70.79836426,70.94375189]","[2,3,7,4,2,3,3,2,2,3,0,5,4,1,1,7,0,3,7,2,0,1,1,0,1,1,0,1,0,0,3,2,2,0,3,1,1,2,2,3,1,0,2,3,7,3,2,3,7,2,0,1,0,1,0,2,0,6,0,1,5,1,1,0,0,0,1,0,5,1,0,0,1,0,1,1,1,0]"
"[13.76556522,15.62233146,19.32849299,20.85717031,21.18093291,24.8178463,27.10850565,28.37349008,33.0406144,33.86100566,50.74838328,51.80393861,52.00018983,52.04649116,52.29766691,52.33626536,53.42106897,53.42382655,54.50111937,54.95755955,56.94361524,58.45623367,59.48906066,59.70127857,59.84566298,60.43145451,61.30843692,62.86868969,63.39876949,64.15099712,64.41210701,66.5162057,66.62106162,72.21109884,72.93750335,73.03092974,75.02214809,76.82599416,77.10447286,79.19471,79.25463747,79.90867738,91.93536586,94.3223451,103.02528667,106.09731281,107.09178364,109.31672873,110.23722861,110.50361994,113.97370649,115.14875827,116.94257256,118.81274813,120.79548512,121.19699089,122.05763575,122.36818967,123.85435145,124.50836142,125.91265824,130.48215415,132.40672008,132.49347583,137.0551057,138.6357136]","[6,7,5,0,1,2,2,5,1,0,0,1,0,1,5,2,1,0,1,3,0,0,1,2,0,0,3,2,2,0,6,5,1,7,0,1,1,0,0,1,0,5,1,0,4,6,0,1,1,0,1,1,5,6,7,7,2,3,2,6,7,4,4,4,5,1]"
"[0.12893643,3.36850598,5.66514614,7.23305233,7.55614915,8.12116628,8.24298521,9.76081732,13.38121888,14.58241692,15.24123969,15.91187458,16.12500636,16.13964097,16.48221492,16.50298726,16.95823465,18.06053556,20.06240516,20.11203925,20.20297333,20.97435636,21.77291719,22.70725668,22.98771756,23.16792845,23.32614712,24.794724,28.03304173,28.09622876,29.33891278,30.7161491,31.93947335,32.57553874,32.88306241,33.35638237,34.58400271,36.69856378,41.7885068,42.00842619,53.51098389,56.15801184,56.2687244,57.56630318,57.6571493,59.0257882,59.63313656,60.18147827,61.90673406,64.76093906]","[7,7,2,3,2,3,2,1,2,2,3,3,2,3,3,2,2,3,2,2,6,3,3,2,2,3,2,3,3,2,2,3,5,6,7,1,2,3,0,7,1,7,5,7,6,1,0,2,0,0]"
"[0.75399948,3.87953908,4.84366744,11.02314535,11.92161738,12.91385746,14.83407516,16.73872017,19.48427527,25.65891744,30.8937744,31.19973385,32.5677564,32.73540714,32.98641085,33.02815468,34.14045342,37.59627143,38.90227973,39.16840344,39.37552996,39.40407845,40.10372409,40.29455687,40.52647225,40.97569117,42.47713802,42.91701526,43.69582343,44.55156028,46.22787068,47.27326141,47.53212019,48.33096249,48.94691193,55.88686824,55.9341573,58.51131878,59.13304274,59.50201806,59.99330625,61.28707151,61.55229002,63.01363152,63.11870955,63.31302299,64.40074246,64.65042843,67.03770575,69.36701158,69.90503733,78.47387867,90.70757998]","[1,6,7,7,2,1,1,2,5,0,1,4,0,1,1,0,0,1,6,0,0,2,1,0,7,3,0,0,2,3,1,0,1,0,7,0,1,0,0,1,1,0,0,1,1,0,0,5,0,1,3,2,1]"
"[0.6695146,0.84656502,3.59514705,8.05617773,10.27022177,10.3110983,12.55886189,13.82159397,14.13700249,14.20174889,15.05373223,15.49572086,16.33309003,17.10073881,18.67076013,19.67765167,22.25102918,23.51011484,26.47276245,27.75909313,29.5477266,30.26611091,30.7514091,32.68844703,32.9865501,36.02571302,36.20256394,41.31252532,46.66342777,47.45200295,50.08135377,53.71283124,55.09885633,55.47135134,55.60870528,56.99196397,57.82748541,58.59213782,58.82478787,60.3986069,61.85962952,62.71047686,63.00884069,64.25100541,65.49854307,65.50361593,65.54757751,66.96552928,67.55828213,68.70693863,68.7382118,68.77380216,68.86343499,69.957973,70.07652886,70.42237218,70.76056114,71.21711889,71.41087239,71.94644303,72.29298092,72.48586429,72.75119089,72.87097752,73.09552019,74.12715994,75.08491891,76.06044615,78.34608449,78.48705271,78.49757496,79.23667017]","[0,2,3,4,0,3,1,1,0,1,1,7,1,0,0,4,0,4,0,1,0,1,7,7,2,5,4,2,1,1,5,2,3,1,0,0,3,1,0,1,1,0,3,2,1,3,2,3,0,2,3,0,4,1,0,1,0,0,2,1,6,0,0,0,2,1,0,1,0,2,7,3]"
"[2.05300901,9.37183687,9.40509231,9.82076662,10.79808756,11.62584901,15.81857533,16.19399779,20.53883255,20.73282397,21.18457216,23.2150548,24.92133898,26.57433592,27.00890591,27.56097927,31.1834783,31.20955626,32.5194214,33.24100372,33.54145639,33.63566333,34.06758573,34.08364078,35.16529767,35.79171727,35.98492923,36.32078025,36.47780699,36.56849524,37.88387191,40.98013632,41.26248529,41.93448087,42.08501915,42.28683901,42.46340799,42.6487112,42.67619641,43.06130471,43.18892396,43.58243165,43.88825392,43.89203056,43.9652583,44.29918366,45.38174528,45.48264438,45.49476985,46.37841148,46.65066642,47.34481283,48.70162547,51.86126437,54.78456627,55.42819231,55.85444999,60.34119928,61.43749284,63.45073276,73.5451702,74.88263472,79.46049512,80.26210993,80.27364625,83.73700661,85.20241767]","[1,4,4,1,5,7,4,7,0,1,2,4,0,3,1,1,3,3,0,3,0,1,1,0,1,0,0,0,0,5,1,6,1,6,7,0,1,6,5,1,7,7,0,1,1,0,5,3,6,5,1,1,0,0,3,7,0,6,2,3,1,7,2,1,1,0,1]"
"[4.29025616,7.66123621,8.97637781,10.19515838,10.57251066,11.31494567,15.18008794,16.27396697,22.78382355,22.99058095,23.40916015,23.55335316,23.55991858,24.18374005,28.35799202,28.57388142,42.18057014,47.29766095,49.08298701,51.94607857,56.80453861,57.026192,60.57648775,66.86124471,67.089175,67.73069118,68.88821204,70.30012622,70.40298952,71.17830508,71.77657399,71.87234641,72.25556634,72.27189916,72.53229596,73.02141373,73.12174221,73.76723191,74.64236602,75.02954519,75.05202716,75.30311637,75.38756084,75.84159297,75.9200263,76.09185717,76.31941217,76.42016353,76.79276595,76.96276976,77.67961557,78.8392855,79.94612154,80.08864057,82.44553682,93.86375593,95.44158159,96.17062831,97.84645455,99.54631228,99.69355964,102.78028786,104.00829532]","[7,5,7,5,2,7,6,3,0,1,1,6,0,1,1,0,6,7,3,6,7,2,2,4,3,3,0,0,1,0,7,0,5,1,1,1,0,1,1,7,1,1,1,0,1,6,0,1,6,1,0,0,6,4,0,7,0,1,3,7,3,7,1]"
"[0.23035656,3.29316176,3.94906215,4.11082371,4.46545534,5.12832713,7.07513032,10.06237195,10.12601717,11.34126166,12.66434258,13.54485401,15.52684445,18.24871345,20.05914625,20.85120217,22.68974021,23.21664542,24.559683,28.25534056,28.32965617,32.98180596,35.34247102,37.10609545,38.61097801,38.81128645,39.7052536,39.99393148,40.05836771,41.83390048,41.94346861,42.29200026,43.72521603,45.6142203,47.71640193,50.35216539,54.52266131,59.93522068,61.67879951,62.08705869,62.14953676,62.56479506,64.88286221,66.19357641,66.98058762,68.22700505,68.54618593,68.64668752,68.71410813,69.28992157,69.35191149,69.67295269,70.05975074,70.26029911,71.90037227]","[0,1,0,1,0,2,0,1,5,0,1,0,2,3,3,7,2,4,3,4,3,1,0,2,1,5,3,2,3,0,2,7,3,3,1,2,2,7,2,5,3,2,2,3,2,3,2,3,2,6,5,4,7,3,4]"
"[1.73037002,2.22043472,14.00185211,16.01940033,16.54437768,19.52252349,21.44058694,21.94824462,30.93409605,32.29746107,32.5277259,32.68601047,33.25958379,33.81670687,34.3742633,34.93105564,34.93953304,37.9764967,39.30266212,39.62684466,45.98477585,47.2025666,49.95014244,50.85503212,51.39728625,57.51769609,59.11593113,60.93048065,61.13629099,62.19012225,62.27713093,62.50490138,62.59384874,62.67781457,63.03496902,63.97516184,64.38109138,64.47130667,64.7709647,64.82660079,64.88762588,66.70154564,67.822749,68.80617661,69.40183525,75.53753011,76.85308888,77.16457253,77.68278916,77.70222665,78.11285719,79.75806499,79.96432815,82.51237981,83.43248674,84.59641781,84.63866392,85.38076494,86.95772283,87.43188128,91.15694807,91.25571144,93.82124254,95.17870184,96.86205618,97.58605128,97.98338163,98.36786298]","[7,7,3,2,7,3,5,4,3,0,1,0,2,3,1,0,0,7,4,1,0,2,1,3,5,2,7,7,1,2,0,3,6,3,2,1,2,7,2,3,3,4,0,3,4,1,3,2,3,0,3,3,7,5,2,5,3,3,1,0,0,2,7,0,3,3,1,0]"
"[0.3895157,0.83250278,1.18450486,2.11493342,2.57271437,2.604753,2.7257918,2.93475274,2.99773608,3.26798568,3.27153095,3.40158356,3.53822331,4.22364655,4.52522061,5.16386038,5.30119968,5.63893005,5.67631245,6.00033837,6.00829902,6.07175227,6.72135174,6.84137879,7.86524813,8.58138917,8.60234179,8.95462613,10.0997261,10.94608212,11.1693269,11.5870713,11.69076969,12.9323212,14.99405979,15.91584654,17.41854238,17.55020998,18.10979218,18.14092917,26.32162677,29.7422606,30.93004308,31.75915132,31.99492111,34.39325513,35.22273596,35.81922215,36.62983436,36.83541939,37.85452157]","[1,4,0,1,0,0,0,0,1,1,1,0,1,0,0,0,1,0,0,0,5,1,1,0,0,0,1,1,1,0,7,1,0,7,2,7,3,2,3,3,5,0,4,1,1,0,7,4,1,1,0]"
"[3.27014838,4.32936799,5.68506834,7.35411096,11.97140901,14.43448382,17.00415712,20.09703505,20.18807634,23.73089793,24.23677551,27.7283317,30.86952808,31.07411888,31.42346134,32.52660021,34.25233882,40.2985735,40.53121215,41.1727765,43.88026167,43.93137911,45.17417295,47.77986017,56.48746402,56.83396523,57.60903519,58.011414,58.22764136,59.27830907,60.08747317,61.03840403,61.81899242,62.75945026,63.5147442,66.98427896,70.20384488,84.17160172,86.52882147,87.83880093,92.81138835,93.8158066,96.49009473,99.756114,117.32630822,118.00692922,118.28620976,119.0758123,119.98274813,120.37154125,121.66618209,121.86756542,122.18626132,122.63769671,124.6172906,126.01918152,126.64470317,130.71878939,135.79696543,136.25089494,140.33539571,141.2854573,141.55749807,152.9545162,153.32001411,153.67058194,154.64543221]","[1,1,7,6,2,0,5,7,5,7,3,2,1,3,4,4,4,2,4,7,2,2,4,2,4,7,7,7,6,1,3,1,1,6,4,5,6,7,3,2,1,0,1,4,7,3,2,2,4,7,0,1,0,1,1,7,0,5,0,3,2,1,3,2,3,1,6]"
"[0.54082932,2.7757312,2.96468965,5.08108253,5.08883261,5.38437699,8.62043267,8.74735727,12.0517026,15.80464533,19.94755909,21.28896484,23.56690736,31.7495543,33.12404058,33.7584942,37.77861278,38.53580346,39.74388197,46.69389562,47.05800297,47.63095189,50.32925959,50.38717564,50.67927843,50.93793961,50.96159006,51.15998542,51.60229901,51.97257192,52.058155,52.76287117,52.84687077,52.85776911,52.87817647,52.96227169,52.99864925,53.126489,53.16503476,53.33379193,53.52940485,53.69098138,53.82702423,55.30198117,55.8234791,56.62059301,57.05546435,57.13061976,57.16998384,57.69078843,58.05970027,59.11621136,59.70623371,59.98911407,60.09665631,60.78674544,61.79331684,61.81506417,63.41922692]","[0,1,1,0,1,0,5,0,2,7,7,2,3,5,2,3,1,3,3,7,1,0,0,1,0,1,1,0,1,0,1,1,0,2,0,1,1,0,0,0,0,1,7,2,0,2,2,3,7,1,0,3,0,1,1,0,0,1,0]"
"[0.34329398,0.37300557,1.34832595,4.43304941,4.75843182,6.22179634,9.99211407,10.73228921,12.285,13.31956553,23.76489809,28.65379358,30.20798369,30.35271303,32.37161616,32.4863784,33.35904447,37.64639962,38.1043631,38.85290729,41.4116797,42.9434133,43.25950176,46.55103941,48.96882033,49.14223547,49.84902471,51.8394243,53.14983124,53.2851306,54.9172881,54.95857437,55.14645424,58.13296804,58.38767746,58.84349897,59.95986822,60.33496869,60.69300895,61.64856307,61.89869485,61.96021669,62.20381173,63.0130189,63.86189865,65.51960472,68.01582062,68.26449038,68.5161255,69.688986,70.94666782,71.26547019,73.93925399,74.30427912,74.85805445,75.83417811,76.5278446]","[3,2,4,2,3,2,6,1,5,4,7,2,6,2,2,5,5,6,0,6,2,3,1,0,1,5,1,0,1,0,1,0,1,0,0,1,1,2,1,0,0,3,1,0,1,5,0,1,2,1,1,7,0,1,0,0,2]"
"[3.75026382,4.95862048,6.94282214,7.56539409,7.96760967,8.9262326,8.96884731,9.50039368,10.83866,12.06283255,14.7298514,15.22041372,18.90910574,20.09582857,20.18640552,20.69386403,20.8969343,22.0297291,24.42001573,36.69941546,36.90899679,38.73953271,40.17377438,40.43104566,41.21015333,41.44864756,42.19857711,42.37820121,42.92538902,43.21646537,43.354197,43.68348752,44.41291162,44.42724269,50.31466552,51.32000668,51.73510731,52.10598993,57.35136415,62.37944179,64.18001118,65.70374499,70.39221841,73.96897064,74.20039871,74.66924258,75.81322966,77.85522748,81.67763103,83.14750906,85.43911856,87.86443247,89.4755111,89.58209214,89.75106462,89.95608554,94.00697631,95.61132511,96.01683502,101.27143568,101.8197602,101.92581814,102.060387,103.17961256,103.58899304,106.46252732,108.25870154,109.74117287,118.87663857,119.36245728,120.82354752,121.79831407,122.43080067,122.66580053]","[7,2,2,0,2,1,1,0,0,1,7,4,0,7,2,3,5,4,4,4,0,6,0,7,1,1,3,0,1,1,0,1,0,0,1,7,2,7,7,0,4,1,6,6,2,3,6,6,5,0,4,1,6,2,3,5,1,4,3,2,2,3,3,2,3,0,4,5,7,7,2,4,4,0]"
"[0.07630177,1.34561943,2.07312765,3.02513862,10.49270756,12.95470922,13.12987008,17.71412684,18.21964231,20.15833584,20.67156651,21.95835913,21.98985521,22.50967243,22.71470603,23.9751887,26.51978747,26.67648837,27.12948812,27.60829956,28.51177496,30.12743831,30.27645163,30.76732115,31.94074317,33.13192714,34.43516636,35.26424227,37.32871472,47.57840637,47.72253296,48.58097816,50.56699772,50.68813364,54.05708674,57.89967727,58.43582274,63.19157705,71.74380369,82.18986914,85.97330859,87.46129162,88.71450164,89.04231601,90.42725233,91.32933264,91.66742472,92.46068915,95.55243751,96.03206151,96.08764107,96.50819271,96.58037769,97.29686116,98.01713537,98.13205514,98.80448983,99.17703625,99.98862377,100.52331971,101.79778311,103.1577958,103.3764442,104.4334984,104.54500957,105.42738717]","[5,7,4,5,2,1,0,5,4,1,0,2,1,0,5,1,5,1,7,6,3,1,3,2,7,1,0,2,5,1,0,1,1,7,0,1,2,5,1,6,0,1,1,0,5,0,1,5,0,3,1,1,0,0,0,1,1,1,1,1,0,0,7,0,1,7]"
"[1.12151289,4.65649177,7.86843841,11.42763123,14.27065435,17.90139454,20.74482478,24.41112172,24.70732616,24.92390012,24.93937311,25.3812432,25.69043331,26.45318018,27.88424185,29.37117003,29.47052893,29.85239014,29.87631106,30.00304949,30.26718496,30.57451753,30.77257368,42.80240937,43.55467842,43.84610914,45.44728126,47.14785538,48.26365915,48.55167842,49.82094152,49.98356061,50.72809793,52.53625446,58.62979683,59.08408261,63.24763763,63.25333405,64.56691223,65.21847279,65.52382646,65.67341212,66.72014776,66.91777988,67.09534347,76.41514234,77.19918453,81.81804245,83.49786261,84.8043117,84.87995706,85.67876255,86.21685547,86.36735011,87.22839047,88.4146284,100.0505025,101.2051488,103.31492637,107.15371347,107.21843968,110.24550713,110.32021738,110.77498825,111.67694193,113.13003483,114.46778326,119.80717388,128.5135888,130.14854717,136.94520578,143.75062494]","[1,0,1,0,4,4,0,4,6,1,0,0,1,5,5,1,3,0,1,1,2,4,0,5,1,0,0,0,7,2,3,2,1,4,4,7,7,3,2,3,3,3,2,4,2,2,4,5,7,7,7,2,7,0,4,0,1,5,4,1,0,1,0,1,3,4,2,7,6,4,4,3]"
"[1.29577717,1.67178884,2.13243153,2.33487836,3.29504333,3.59550059,4.21131191,4.30475764,4.86259382,5.77955951,5.80197649,6.88699401,9.53409426,9.6801824,9.76797246,10.67256026,13.17104282,13.80463554,14.07050034,14.93472524,15.55181034,16.11929452,16.75790014,16.78749146,17.37418704,17.57519895,19.31205688,20.34074943,20.75564007,21.43185817,21.52773814,21.59285901,21.84826461,22.97868128,24.04488148,24.31681112,26.479169,27.25367824,27.3262847,28.16156041,28.23564822,29.12967838,30.31319201,30.36114778,30.58976713,31.01590998,32.59933306,33.00926522,33.3898402,33.81878489,36.49537456,38.21618411,38.7340504,39.18088465,40.05734639,50.95399584,52.18069267,53.53173424,56.19232796,56.38547642,56.58837743,56.65695592,56.97680626,63.11953566,69.0477127,69.68744825,69.94345377,71.23082111,80.84173623,81.55441079,81.75093295,87.36908884,88.16083884,88.50295949,97.53021558,97.9075708,98.52402461,99.20874897,99.29659476,99.65976453]","[1,0,1,0,1,0,1,5,1,1,0,1,0,5,1,1,0,1,1,2,7,1,0,0,2,1,4,1,0,1,1,0,3,0,3,0,0,1,6,1,0,7,2,2,3,3,7,3,3,2,4,7,3,2,1,6,2,3,7,2,6,3,4,0,1,0,5,0,7,7,2,2,5,7,2,3,3,1,3,3]"
"[3.84855179,10.70959119,12.2858082,13.37058739,13.57176698,14.86321689,14.97630929,19.39165002,19.71833214,20.09236206,20.93665688,21.25926461,23.44581805,24.17830296,31.75705548,32.17747792,32.51086178,33.60303568,35.87597051,36.72262518,41.77086413,50.4910971,51.60104538,52.85668605,54.09591372,56.13125124,57.53559938,67.40996144,71.03276864,78.73382192,79.20441506,79.52637158,81.82180063,82.92045705,86.81980906,87.53843734,89.04005895,97.13963825,105.10078587,105.48638429,105.64587047,105.67540105,106.74848235,108.54769028,108.59544175,109.9872322,110.32260749,110.72882426]","[5,3,6,2,3,2,7,3,1,0,1,0,4,1,6,4,6,1,7,7,5,7,6,1,7,2,2,6,1,5,0,4,7,4,5,0,7,2,1,0,1,1,2,0,0,0,1,1]"
"[0.71250102,0.82190915,2.65119542,3.19100479,4.50166161,4.56933963,4.69024119,4.75019804,16.08218425,18.29840263,23.05583731,24.51211126,26.71790294,26.88447165,27.78872511,28.02736993,28.10678236,28.15413331,28.74096877,29.09128063,29.2938742,29.73633886,29.84261353,31.3850886,31.77889409,32.2754424,32.82281916,32.85838224,33.06497429,33.11396812,33.50397835,33.64381719,34.16991677,34.71435856,34.81142732,34.8822919,36.01967314,37.08387783,37.1527286,37.50832823,37.72374513,37.8676199,38.48860139,39.10972833,41.42707276,46.78160055,49.98628212,52.8044052,53.92889969,54.69373604,54.94662825,55.4101448,55.65737503,55.91788639,56.72886763,57.3976828,60.10970548,60.33650341,61.2094055,61.24894881,64.96274451,64.9910134]","[2,3,5,7,4,0,1,0,7,4,7,2,0,5,2,1,0,1,0,1,0,3,1,1,0,0,0,1,1,1,1,1,0,1,0,6,1,0,0,0,0,0,1,3,5,5,7,3,0,1,0,1,1,0,1,0,2,4,2,1,0,1]"
"[1.76649824,5.00937816,5.04625311,5.83666507,6.31298721,9.6674012,10.15384185,10.22302336,10.68934121,10.8675957,12.13551633,12.41619467,12.42358999,12.86974447,12.95426935,13.3526097,13.48340611,14.51161593,14.81559907,15.18275885,15.42334422,15.66798153,15.8345974,16.15037499,16.34538842,16.49889386,16.50465761,16.59220439,16.75682024,17.86150849,18.24892056,18.44371387,18.71770192,18.90665165,19.14030548,19.18836292,19.31604202,19.72088956,20.17885206,20.25595291,20.38833825,20.43417266,20.73950702,20.79232429,22.19005828,23.07935475,23.38487148,23.66057408,24.21741091,25.76165513,26.34410676,26.37906016,27.58525233]","[0,2,3,0,1,1,0,1,0,1,1,0,1,0,1,1,1,0,1,0,1,0,0,0,1,1,0,0,1,0,0,1,0,4,1,0,1,0,0,1,1,1,0,0,0,1,5,0,1,0,0,0,1]"
"[1.03781737,1.04328917,1.25582749,6.89813766,7.49881008,7.58883724,7.63797468,8.01743856,8.48096973,8.90536692,9.13773577,9.94790585,10.52675111,10.91276707,11.33044556,12.74579318,13.15757914,14.78314632,14.93020668,18.2263553,20.84900783,24.32794068,27.02924352,28.49622944,30.01105186,30.51487045,36.54640617,38.85374931,40.58406195,48.50099125,49.93104566,53.11199784,54.15101772,55.10906334,57.13119303,57.5114444,58.61677929,59.34586775,59.91572054,60.20865663,62.62320871,62.65123031,63.59548214,63.86489375,69.1680192,72.75172372,72.87264781,74.98975965,75.42284975,75.47674309,76.72554934,77.04084119,77.67993141,77.70601367,77.92920624,78.61849798,79.76072881,80.08580875,80.08926515,80.15023422,83.56255614,85.21259465,85.5049336,87.16958036,87.17684098,90.73484198,92.90425128,93.54255827,96.27704687]","[2,2,3,2,3,3,4,3,2,3,3,2,2,2,3,3,7,3,3,3,7,6,1,7,1,0,6,6,7,3,2,2,4,7,2,5,0,3,2,3,6,2,2,3,0,6,2,3,2,2,3,4,4,6,7,2,3,3,4,6,2,4,2,7,6,0,7,1,7]"
"[0.82348045,11.14458371,15.76783327,15.99046355,21.12923323,21.62916154,21.70235147,22.97803925,23.80913465,23.86203073,23.98195557,24.08479413,24.49880299,24.66063063,24.75684798,25.71790681,26.14146679,26.77224362,27.43720817,27.76821328,29.51696712,30.00098523,31.89352037,32.32997164,32.86311507,45.37321899,45.63322601,45.95654274,46.53058627,48.12968462,49.02753622,49.35581005,54.7561662,54.81460204,57.93653365,59.80202801,65.20358347,65.38802097,66.08862999,68.0906457,69.74187658,69.88295328,70.02355096,70.24680184,72.09152437,72.19884216,72.41998877,73.00588737,73.01399124,73.31849908,73.90851393,74.06950686,75.34516341]","[1,7,5,5,3,6,0,1,2,3,2,3,3,3,2,2,6,3,1,2,3,2,3,3,6,0,1,0,7,1,0,0,5,0,4,7,3,3,0,1,2,0,0,1,1,5,0,1,0,0,1,0,1]"
"[2.31773515,3.67367022,4.76021075,5.80346083,11.34884382,11.6389544,11.86993898,12.79564324,13.91098609,15.29336981,17.70383758,18.35213124,21.17873331,26.53366981,30.32180002,34.76641564,36.98503598,37.84763811,37.87843303,39.55190853,40.63759616,45.05918989,49.36827387,49.41071012,53.42759579,56.17970632,57.21111022,58.09274735,59.21498231,62.52415243,64.93317086,67.78840548,70.2685751,73.70219134,74.95503283,75.5849886,76.46835403,79.83603414,81.37136023,82.27169612,83.59645819,83.8578946,84.0945448,84.32890562,84.43568582,84.92132721,85.02173359,85.26481774,85.67718852,86.42492216,87.73174454,89.49739753,89.57279843,89.79685888,91.78110225,91.94933174,94.52222772,95.35997909,95.38830289,95.76401861,96.22561521,96.31194832,97.91944081,98.27749213]","[2,1,0,1,1,0,1,5,1,0,2,3,7,7,5,2,0,3,4,7,6,4,6,6,7,0,6,0,5,5,5,1,0,3,1,2,1,1,7,0,1,0,6,6,4,1,1,0,0,0,1,2,1,1,0,5,0,1,2,0,0,3,1,0]"
"[1.58062052,1.7244545,2.246135,3.4461748,4.76121754,11.6313765,13.66417831,15.68514929,16.17908965,16.2610494,16.9826943,17.98736605,18.00838004,18.59619196,18.78711127,18.89140334,20.18746259,21.19202348,24.79157239,24.92390453,26.53188046,26.93752483,27.53574159,27.72268461,29.34853522,30.32130165,31.09336879,34.95768883,41.47580746,41.9957892,45.10324805,47.60745891,48.49343711,48.8873152,50.27148466,50.57582738,50.64922702,50.99851634,51.02371444,55.90575773,57.34728843,58.75062246,59.48902306,60.46027129,62.77130558,63.52808107,66.10576554,69.11782348,69.39968622,69.68903085,71.63516474,71.982763,72.09979259,74.13420627,75.02853226,76.77363881,76.93967907,77.24771707,78.68654634,79.44968039,81.13295271,82.82871665,84.07781604,84.56616845,85.01066212,85.02440547,85.04486235]","[1,2,3,1,4,1,6,1,0,0,1,0,3,5,1,5,0,0,1,2,2,3,0,3,2,3,7,2,2,3,6,2,3,3,2,2,3,2,3,2,2,2,5,2,2,7,5,2,6,1,5,0,3,2,1,2,1,3,7,2,6,2,3,0,7,4,2]"
"[1.50859003,1.88145705,5.65376181,5.87058823,6.01894358,6.76040085,8.87055118,12.73189403,13.83060447,14.35645921,16.92054762,17.74615757,19.53589835,20.21721079,20.29801137,20.56570324,20.99926884,21.27072454,21.50026469,22.45046966,22.64908336,22.79027972,22.95773658,25.24389516,32.74763014,33.76427457,37.10439735,37.3022467,37.32484229,37.93922103,48.71661489,54.51750625,54.75645457,56.72836341,59.52474714,59.98453289,60.6110199,61.58774366,65.47182757,66.41238863,67.77029216,69.05871088,84.49344673,86.3901921,87.1596088,87.61774812,87.72719781,90.41608526,91.6934975,92.73717636,97.00402951,103.56449296,105.27528993,106.19061692,106.48141298,112.01633135,112.4675189,112.54989794,118.32361204,118.48966215,118.69548072,119.09482551,119.29510634,119.95853667,119.97085797,120.13914231,120.19988455,120.57642627,120.64674378,120.91096829,121.9605284,122.37889893]","[4,0,2,3,1,1,0,1,6,2,3,2,1,0,7,3,3,2,0,2,3,4,2,4,6,0,1,2,3,3,1,4,4,0,0,1,5,6,2,3,5,5,2,3,7,3,4,0,0,1,6,3,5,7,6,2,3,2,4,0,1,1,2,1,3,0,1,0,0,1,0,1]"
"[6.18733005,6.72027967,7.04548115,11.96754906,14.50483149,21.18994148,23.35538343,25.43143854,27.82221487,31.69978077,32.197009,32.63969989,35.55962526,39.19815072,39.56384926,40.97105235,42.0739704,43.65766666,43.69494433,44.6350578,45.13089295,49.05926433,49.46037966,49.54881682,49.97602117,50.37242131,50.93249064,51.15104177,52.92469487,54.66150231,54.86393338,60.32361215,61.42660404,63.24249754,64.22618358,65.270862,66.34249552,66.83290333,67.48376864,69.73091847,70.0792729,70.13041905,70.66677914,70.94665573,70.96322305,71.21258579,71.54902334,71.96785879,72.19432212]","[3,2,2,1,2,4,5,6,4,3,2,2,5,0,1,2,0,3,2,2,2,1,3,0,7,3,2,1,3,1,4,0,4,3,6,1,0,2,6,6,1,0,1,0,3,1,5,4,5]"
"[0.75623453,6.66505494,9.9329775,10.19054224,10.74376079,11.02200947,12.11936429,12.15769173,12.30592302,12.97146265,15.51096352,22.26144281,31.68034647,33.42410601,33.8690589,34.73404628,36.5077768,37.3419911,37.60682088,38.44088194,40.07395636,41.80399192,54.88679451,56.05816974,63.49937064,63.51746226,64.13241096,64.57647021,69.58345743,71.95162566,72.30639337,81.89675844,82.39331783,85.45431772,85.93527398,88.03836587,98.09967325,99.69664334,100.67548245,101.11691991,103.38975456,103.72278003,104.6969045,104.72668164,105.13103505,106.13991561,106.23581426,106.75737587,107.04582258,107.08546092,107.27918262,107.77058553,108.26738671,108.47121191,109.2216863,109.55503078,109.58550688,109.77434938,110.00386447,110.22499165,111.48226821,111.59832344,113.61978913,113.76828707,115.36270303,116.70966875,119.19006638,121.60972877,122.91868184,124.41397512]","[1,1,2,3,1,2,0,3,5,1,7,7,7,2,4,7,5,4,2,2,0,5,6,2,5,2,0,2,7,7,4,2,7,4,1,0,1,0,1,0,0,1,1,1,0,0,1,0,7,1,0,1,1,3,0,0,5,1,0,0,1,1,1,0,3,2,7,6,0,4]"
"[3.58644037,3.91414498,7.77822209,13.86689295,25.7106726,29.77232862,35.13592993,35.60872311,35.90545214,37.41159845,39.91086513,39.92940192,40.2761223,40.95636547,43.16640486,46.09715773,46.71999531,46.72039327,51.65444142,51.86547978,54.9473923,55.95409708,57.57889739,60.7490377,62.79399504,62.8218361,67.03877194,67.94323901,70.34123529,71.74199804,73.38571668,74.41522877,82.70780483,85.77797712,87.87483994,90.84109423,93.82692164,98.49348324,100.40416218,101.3764112,103.71873435,104.27859102,108.22252653,108.61721477,108.62713404,111.29285959,111.93455738,114.77261749,119.0731943,121.10118902,122.01694127,123.94072704,124.79130755,126.30670622,126.77909433,127.40569341,129.32618333,130.23033188,135.19827719,143.615068,144.73212146,144.96676423,145.59317545,146.20067276,148.30007833,148.94273106,149.11016038,149.2535274,149.81325884,150.97416339,151.05625286]","[7,5,7,7,7,7,2,2,2,3,3,5,3,5,6,3,4,3,2,3,2,3,2,5,3,2,2,1,5,3,5,7,6,2,4,7,0,4,6,2,2,1,2,1,7,0,1,2,6,4,4,5,6,5,6,2,7,7,7,1,0,5,0,1,1,0,0,1,1,0,1]"
"[1.25603343,3.48788619,3.9935776,6.75573893,8.89159616,9.79418149,10.74690184,12.62138488,15.80817627,16.31160743,18.88407558,18.900712,18.94659122,19.32163542,19.88933284,20.15622779,20.41618253,21.7741293,22.47892547,23.32521086,23.77915663,24.30142931,24.95456457,27.53851776,28.18783085,30.91350301,31.04842342,32.71160407,33.36686971,34.06403405,35.42970926,36.40853757,36.94189848,37.08689504,37.74685021,38.96533085,39.05583136,39.06143446,42.22998943,50.09656901,51.08899256,52.98250771,54.20404785,56.93386961,59.17217349,59.20616387,59.49630052,60.17253201,60.28022848,61.44399496,61.48312301,61.97028238,65.15521182,71.31737296,73.56817282,77.51802521,82.0852056,96.5690419,97.46443533,99.01946498,99.42917168,99.92369795,102.75910976,103.24117686,103.31845807,103.36316121,103.79551476,104.50585269,104.90864044,105.33212238,105.33646303,105.69330744,106.56135238,107.51920933,107.90579279,108.23083146,108.98069994,109.32001235,109.64815602]","[1,0,5,2,1,1,7,0,0,1,1,0,0,1,1,0,0,0,0,1,1,1,1,6,0,5,1,7,2,5,5,5,1,3,0,0,1,1,4,2,7,0,6,2,2,7,3,3,2,3,4,3,2,6,1,3,6,3,7,2,1,7,3,0,1,1,0,0,5,1,1,1,5,0,0,1,1,0,1]"
"[1.10555549,3.94241906,3.99605794,4.21316061,5.7312175,6.08040289,7.98662691,9.49371178,10.77401831,10.83056397,10.91772602,11.97461058,12.89359477,13.08277537,14.50549967,16.69359566,17.12121958,19.83181581,20.17382102,21.27392732,22.0020665,23.07064187,28.64365008,29.86282834,31.82426185,34.41950864,35.33170593,35.51582439,35.91923424,36.29989722,37.33642276,39.56083033,40.86533994,41.30258791,42.68153005,44.25909084,45.10621174,47.08711695,48.43596527,48.44886581,49.70629419,50.5170723,50.80260421,51.52777662,52.33297827,55.28807172,59.90608074,60.85567898,63.34581072,64.0491437,67.5962534,69.67686907,72.018429,72.56568999]","[3,2,2,3,3,3,2,2,3,7,3,3,2,2,3,2,6,2,2,3,1,3,4,2,7,3,6,3,2,5,2,1,3,4,2,3,2,4,2,3,3,2,2,2,3,3,2,2,3,4,3,1,2,0]"
"[0.89890872,11.88153317,12.23811806,13.70185984,13.84867168,14.26374564,15.15725262,15.60092887,22.8854321,26.83048596,27.38181087,27.82101901,29.41641819,29.61765795,32.96565774,33.1159582,33.38970281,35.92011555,36.75229576,37.88129053,40.40335029,46.79780933,48.84484192,50.00027624,55.6777789,55.97858879,59.59257682,63.50537533,64.82011205,65.0273602,65.50966493,66.28730561,66.60317891,67.33313134,68.05556943,69.00411374,70.94840024,78.54733721,78.90176882,83.70478045,87.3557497,87.9672065,89.3736565,89.4739782,92.38212043,93.31382288,94.7327173,96.35479051,96.46494365,109.91911809,115.23796531,124.79061297,126.09669786,126.10232834,128.04995526,132.96688154,135.33790771,136.9827397,138.35929328,139.19679674,139.80188922,140.8025551,142.91395717,150.76101647,152.57424781,154.44632391,158.55614556,158.71123715]","[6,3,0,1,0,7,0,7,2,4,2,5,6,1,1,2,4,3,0,7,5,1,3,5,4,0,6,1,0,2,7,3,3,3,2,3,5,7,7,5,2,7,3,4,1,7,7,4,5,5,4,2,4,5,6,0,0,4,1,6,3,7,4,4,0,2,0,1]"
"[1.80693908,6.07762831,8.66140911,13.28994387,15.67226113,19.4372826,24.78123861,27.00191956,27.23194602,27.44689655,28.30893195,30.15214522,31.33768243,36.74041946,37.52076877,40.37524569,46.54538361,51.68916304,53.78509663,61.39953054,61.59957047,62.7715096,64.54223046,67.04183036,70.80858395,77.31890178,78.81878293,78.84947789,81.29424403,82.82844756,83.06299334,83.35235764,83.51167396,83.82237873,84.03860511,84.19787194,84.44940597,86.7797975,86.83951411,91.67327292,94.05121141,100.60915716,100.8635785,101.44761209,102.08984271,106.09822895,106.5103336,109.03406439,111.05173612,111.29888113,114.73585927,117.79603893,121.27249138,121.63576504,122.30763114,129.06164858,129.85363005,132.90866183,135.70706762,142.06559125,148.2050954,148.59928693,148.9629596,149.00949838,150.27864755,150.67814497,150.78376615,152.82621721,154.20753163,154.4179277,154.62901072,156.35131532,158.44093771,158.97893473,162.27052692,164.03380892,166.94591975,174.34026345,176.73057855,176.8495075]","[4,2,6,3,2,7,3,0,5,3,2,0,2,5,1,2,2,7,7,0,7,7,5,0,2,7,4,7,0,1,1,1,0,0,0,1,1,1,0,0,0,3,2,5,2,5,4,1,0,1,7,5,2,3,2,7,4,0,5,2,3,7,1,0,2,7,3,2,0,3,4,3,2,3,4,0,2,1,2,3]"
"[0.1871729,0.29101693,2.15685862,4.27713781,4.44093206,4.6416292,4.94370719,5.26607997,8.68534277,10.49365814,12.58481858,17.01137413,18.49741161,18.54262085,19.86978443,23.11005494,24.28285059,30.62432692,35.56448994,36.06412035,36.81035978,38.31853935,39.96650736,43.91328199,44.67781005,44.85742864,44.96277026,45.18598926,46.13917007,47.69155072,47.69283846,48.43842314,48.74828693,50.02114945,50.21097913,50.36779853,50.40893103,50.44356294,50.61836307,50.75252655,51.06493284,51.42490225,53.32700284,54.27766562,54.82561992,54.9250789,55.02673382,55.03488628,55.04909052,56.74396572,57.43024966,57.94318857,59.25689491,59.40584223,61.31039473,61.33141613,63.7217717,66.79666856,67.64472586,68.39728154,68.46376539,69.05018275,69.07956107,69.09988029,69.15225603,69.30021601,69.43799538,69.50908003,72.01360749,74.16128356,77.58737771,79.37040601,79.72807029,80.90258387,81.35919813,81.86023945,82.49907087,83.47638635,90.87122275,90.96275996]","[2,3,3,0,1,1,1,0,2,2,5,2,2,2,6,7,6,2,1,1,2,0,5,2,1,2,3,1,1,0,1,0,1,0,3,0,1,7,1,1,0,5,0,0,5,0,5,1,0,0,1,0,0,1,1,0,0,1,0,0,1,2,1,0,3,1,3,3,1,5,0,5,0,2,1,0,5,5,3,2]"
"[1.45413126,2.70836914,10.14307585,10.23167714,11.68879435,13.21811856,18.37087227,18.89320627,19.86975822,20.52412948,23.62251779,23.95542229,27.79388016,29.53003383,31.4367553,36.14380101,36.56605211,37.4185939,39.76753919,39.90216395,40.07277562,40.50231831,40.9492012,46.15665739,47.7806309,56.70028485,59.58963484,62.67456191,62.95497445,64.42226176,64.93633837,72.60055042,75.7645219,76.83908118,79.0591249,82.2907897,85.7238614,86.05768163,87.34712156,87.69203221,87.75274069,87.88080862,88.17162253,90.11413949,90.14347698,90.28878039,91.63193146,92.38651269,94.14217512]","[3,2,7,7,4,4,1,7,1,7,3,3,2,3,2,1,0,1,0,1,0,0,5,3,4,5,0,1,0,7,7,5,7,6,7,1,0,2,3,0,3,5,2,1,0,1,1,1,0]"
"[3.56971138,4.09060212,4.33175796,5.47298444,6.85054752,6.99867576,7.76272106,9.00359341,9.93647306,12.04065179,13.54613924,13.93966708,13.9620393,14.64987892,15.68727615,19.29928945,19.38841327,20.16983422,22.31732082,25.87837409,30.86992448,31.75291245,33.25454424,40.96751158,41.18880462,41.93519224,43.09195475,43.68146982,45.37944401,49.21655162,49.93377587,52.03164521,52.46188928,55.69225853,58.97589628,61.94145817,63.68961437,63.69472791,79.96772227,81.17461417,87.69814965,89.64787286,96.96650587,102.86110208,106.42353589,108.67279226,110.62596457,115.75134401,116.66988007,116.7977419,117.43172738,119.23533899,121.67135284,122.58924879,122.91446701,125.54681899,126.49683392,127.3775599,130.17753223,130.32441165,130.6596072,132.37185727,134.27191847,134.7626686,135.20609077,135.51682124,135.84598243,142.00618764,152.41741559,153.17667905,153.93314533,154.24467539]","[1,3,1,2,3,3,3,2,7,7,1,7,7,5,7,0,1,5,1,1,3,5,3,2,3,7,5,4,2,3,7,5,1,5,7,1,6,1,0,3,6,5,4,4,1,7,4,2,7,0,1,0,1,0,7,7,0,5,1,5,5,5,0,1,5,3,4,7,7,1,7,7]"
"[0.5878799,3.75861571,5.93374303,7.3407747,7.9651857,10.73434792,13.07494028,15.64902987,16.61704925,17.03889948,18.96249139,21.29259962,27.72660467,29.42600214,30.27215816,33.54316293,42.74909031,45.4934167,45.9267983,46.56464861,47.02068756,47.11392344,47.18449649,49.72443255,50.57985155,51.07252212,55.54963661,55.91670051,56.13833046,57.47838395,58.81321175,61.16930518,61.31855007,61.92625014,62.04556356,62.97889692,63.45030361,64.07458079,64.21857287,64.31152801,64.63962209,64.9291982,65.34683555,65.35917101,66.2558101,66.56080327,70.72576632,72.98308457,74.83111959,76.65788014,78.05404972,84.22049375,86.80956362,96.3152965,99.03633594,99.21530487,99.50967262,101.95032878,103.86394854,103.91743098,105.25444203,105.58458911,106.20980779,110.18126131,112.28696969,114.22882324,115.61457734,116.29806769,116.52878317,116.73833978,118.1818503,118.97266766,119.0892156,119.11244477,119.13674304,121.29543663,121.99879311,123.46159547,124.02049141,124.43450472]","[2,2,3,4,2,3,3,2,3,7,2,5,6,1,0,2,2,0,1,1,5,1,1,1,7,0,1,2,0,1,1,0,7,1,0,0,1,1,1,1,0,0,1,1,0,7,1,7,6,6,5,7,2,2,1,3,6,0,2,3,3,0,2,7,2,3,3,3,4,3,7,1,0,0,1,1,0,1,0,0]"
"[2.55502202,4.71130652,8.0144716,8.29867172,8.49322189,8.8187692,15.9859829,16.08971844,17.16542935,17.90417272,19.96814536,22.51880008,22.94484006,24.9744553,25.07555932,25.57695765,28.71876666,29.27126063,42.30486342,50.14019683,50.93636773,51.00836379,51.26569236,52.05088706,52.37732528,52.63792725,53.75324941,54.52026635,55.18523611,56.0993481,56.33562098,57.7761323,62.39893658,62.69686557,63.55147489,63.80737854,64.64939543,65.23943295,65.97303136,66.03838864,66.19757372,66.48762039,67.64531799,67.96455245,75.68532635,75.7405054,79.77430533,80.43126909,82.06210857,88.70780938,91.1564723,92.48083318,97.23793738,99.06520044,99.46730578,101.87347189,104.62102078,105.760958,110.61917767,115.19904237,118.26915758,124.47842314,126.41142689,130.02834605,131.10950105,131.93443331,134.27023024,134.56602632]","[6,2,2,3,2,3,0,0,1,0,1,1,1,0,4,1,7,0,4,5,1,0,0,1,0,7,2,1,0,3,4,1,2,3,3,2,2,2,3,2,3,4,3,4,2,7,7,7,6,7,4,1,0,4,1,1,4,6,2,2,1,0,7,0,0,1,7,5]"
"[7.65461331,9.41946815,11.80764246,12.34183084,12.6384115,13.81510811,14.33581545,14.39977814,15.0079072,21.83995308,22.53420485,24.23590814,24.47449067,24.84267806,25.56758155,32.56189182,39.03922208,41.89062004,45.54658779,45.93302865,49.02677741,52.40279669,55.04046361,58.78368895,61.18819334,61.2211046,63.29922919,65.13783823,66.87546211,69.6672916,70.39886532,70.79850121,70.82153777,71.94783891,72.23454673,73.88327564,74.21928352,74.42386752,75.48667219,77.59667806,80.7439722,89.19948761,89.73660473,89.83115086,91.70050123,93.51076328,95.86071411,95.99728311,100.16963712,100.92664749,101.02427848,101.38030188,102.16235529,103.21068108,103.93657142,106.3529694,107.95604924,112.18786351,113.07674559,122.12957079,123.79443711,124.0053281]","[5,1,0,7,1,1,4,7,0,2,0,1,3,4,0,2,0,6,2,3,7,4,7,7,4,2,4,4,5,2,1,7,0,1,1,0,1,0,0,6,2,2,1,0,1,0,0,1,3,2,3,2,3,3,2,3,2,4,4,0,6,1]"
"[5.01887249,6.8089058,10.02819343,13.94446668,14.06437513,15.61698738,17.13945254,20.18886174,20.34407762,20.97409253,24.248445,26.44153529,30.02575168,30.57390957,37.54554075,38.28061607,47.74804006,47.94462285,49.53986551,49.61962176,50.45946341,50.98849211,51.13708111,51.63302168,51.69890105,53.1056199,53.30484367,53.51209668,54.0370005,55.50903062,56.23548409,57.52547705,58.19451247,60.0209961,60.68798825,60.99062624,61.38336952,63.46635712,64.12855116,65.91319894,66.55615315,66.7372652,67.7166772,67.77851428,68.31422053,70.35311869,71.31845557,74.19262311,86.51804141,88.10563123,88.85133375,98.07419381,99.08767669,100.6506361,107.85906743,109.47670273,111.04009639,111.38069866]","[7,6,7,0,1,0,1,0,1,0,1,0,6,1,1,7,2,3,2,1,3,7,4,3,3,3,4,4,5,2,1,2,3,3,3,7,2,0,2,5,2,1,0,0,0,4,3,3,2,3,6,2,3,0,7,4,0,1]"
"[7.58290508,10.53242375,10.68634923,16.63350946,16.9869733,17.07495383,17.11773009,17.7869468,20.05347526,20.3389054,21.10926807,22.28673995,24.21661444,33.98624308,36.84955701,38.66978365,43.42195235,43.71408974,45.50452021,52.45915439,54.73816894,54.99985351,55.21834876,55.49205923,56.47490737,60.2855966,62.54880661,63.92052899,64.27011947,65.22048541,65.73719046,65.90203006,66.0990717,67.95138855,70.14533164,71.65160707,73.18519459,73.78434675,74.03000564,74.34183709,74.51182255,75.34017765,75.34417439,76.4546123,82.00313114,85.27628275,93.79168026,95.63747989,102.87275737,103.11140438]","[6,2,2,6,5,7,0,2,3,7,2,3,7,2,2,1,5,0,3,1,0,1,0,7,1,7,0,2,0,1,1,0,0,1,3,5,3,2,3,2,3,0,2,0,6,7,2,5,2,3]"
"[9.42286146,12.47209235,17.4997951,17.59267887,17.76825334,21.57525259,22.05331806,25.90687953,28.02507016,28.17995367,28.60744906,28.75693156,29.14730615,29.65685497,29.91564277,30.71593549,31.08396097,31.45674048,32.34583805,32.35797255,33.2722907,33.62661772,33.7799112,33.83746074,34.67990511,35.64556818,35.69456814,35.83315495,36.1773634,36.4712569,37.26380729,39.2073084,40.21252195,40.28135684,40.28521812,40.52641144,40.54147798,40.89465417,41.55289399,43.09871197,43.57721867,44.54887571,44.60581337,45.09789569,45.31415519,45.9950383,46.37852165,46.81179577,46.9388781,46.96577033,48.34184793]","[3,4,0,1,0,1,7,0,3,1,0,1,0,1,1,0,0,2,5,1,0,1,5,0,0,1,0,0,1,1,7,1,0,1,2,5,0,0,0,1,3,1,0,7,3,1,0,0,6,0,2]"
"[2.52873071,2.75580363,6.47204301,7.94741546,8.53882315,9.67375416,11.26676201,11.49239712,13.81538466,23.80773503,25.05187386,25.29778011,25.77159906,25.97793972,28.55606812,28.69439969,28.84236814,29.73957308,29.86287779,29.91419158,31.63132413,31.80007154,31.9905768,33.38557,33.89235209,34.19921481,34.29270216,35.04521782,35.37951369,36.40519009,36.4194776,36.52301341,37.32307964,37.33271862,37.52032962,37.52887149,39.24371818,39.82074461,46.08002426,48.36065843,50.08793541,53.01971063,54.89203937,55.52723436,59.75438413,60.02129914,62.30903245,63.19306995,66.50669282,68.08708256,73.5844663,74.59146103,77.71357047,79.75572413,83.38348663,93.91795662,94.28042577,95.64970328,97.9889282,101.72914212,109.17990322]","[7,7,2,3,2,3,7,4,1,1,0,1,1,1,0,1,1,7,0,2,3,0,2,7,2,5,3,3,3,2,5,3,2,2,3,2,6,3,0,2,6,6,6,5,7,2,3,2,5,0,7,7,7,4,6,5,1,0,3,1,0]"
"[0.66676026,0.88032715,1.13098701,1.36244353,1.42659335,3.72139543,4.80774815,4.98756907,6.03097511,8.58372963,8.60000547,18.79234966,19.95453294,21.04110912,21.07315528,23.31332375,23.39658952,25.01619923,25.36085157,28.96144336,29.78876253,37.40857976,39.32756252,39.98224824,41.42899088,44.65634203,45.29180364,47.16397651,47.41772064,47.54469779,47.90382458,47.93119851,48.22553018,48.44276758,49.36992457,49.96702233,50.10279615,50.28111069,51.44255209,54.30277161,55.15910215,58.5556763,58.91902459,59.81869493,61.7108996,62.53273389,62.92212759,64.56333326,64.74911619,65.55034339,66.86888603,67.01194582,67.02322347,67.47762975,67.50082906,67.6183417,67.65668059,67.73841795,67.9900286,68.35774181,69.78846328,69.83405116,69.87150631]","[2,3,0,0,4,1,0,1,1,0,1,2,6,0,1,7,0,7,0,4,2,0,5,4,1,4,0,3,3,2,3,3,2,2,1,1,3,5,6,0,1,0,1,1,1,0,1,0,0,1,0,0,1,0,1,1,1,0,0,1,5,1,0]"
"[4.37928865,5.94289848,6.25475108,6.81719905,10.5134555,10.69652366,14.27361762,17.2619426,17.45596062,18.74561363,19.5212418,20.34954782,20.98293758,24.57389857,26.13243736,27.2710436,27.58553896,30.40414437,32.20021787,33.51798343,36.48093735,37.28937457,39.34849573,40.14662371,40.28108723,40.68526585,41.30604929,45.59443936,45.69891252,46.15746822,46.35812757,46.47921583,47.71200739,48.8371875,49.01255985,49.26775862,50.1276953,51.43616179,52.55363997,56.89923695,64.60381127,78.12635468,79.35698362,79.65630465,80.18013339,81.68450522,88.18417058,93.26152619,93.34126291,93.549539,93.71154838,101.74634995,105.80725675,106.32803291,107.03031154,110.06154999,114.5591811,118.22910479,119.57732959,122.53904493,125.16117125,127.54865234,134.65077757,138.07937386,144.51239722,150.70037261,152.29370094,153.21144275,156.30212946]","[3,2,1,0,0,2,7,7,0,2,0,2,2,3,3,3,2,2,3,5,5,1,0,1,2,3,3,7,2,2,3,2,3,3,3,3,2,5,4,1,7,5,3,0,2,2,2,3,2,3,3,0,2,7,1,7,2,0,2,7,1,7,0,5,5,4,3,2,1]"
"[0.45680446,6.97539787,7.45294685,8.14782457,8.63418224,14.09263307,15.62517835,20.61698071,22.53405293,23.98811784,25.41653331,25.66526249,37.4180567,38.3936693,39.65655759,40.0869716,41.14796097,43.66633098,50.52352687,53.96779155,54.32941781,55.29258271,55.61099662,55.88872555,55.98481618,56.31727692,56.54374964,64.16078126,67.18759661,67.91515517,69.04804916,69.75526551,70.01928992,70.1128688,70.23439406,70.73376576,70.84671099,71.85453333,71.9881877,72.827446,76.96034947,78.45894739,80.21931241,80.25993628,81.5754273,82.58485523,83.40192023,84.31206569,93.20727205,98.04341811,99.75216542,102.13474236,104.06345577,105.47060259,106.81862546,108.02011715,109.29242934,109.46764336,111.98626709,118.72623932,120.25638253,121.27982792,122.65706159,125.34883571]","[7,1,1,5,0,1,2,2,5,3,2,7,7,1,4,7,2,4,1,6,4,0,2,4,7,3,1,6,7,0,4,1,1,0,0,0,1,5,1,0,0,3,7,6,6,2,3,4,5,6,7,4,0,6,0,1,0,0,1,7,0,0,5,5]"
"[4.48812735,7.44568436,10.43101114,12.29828835,13.37928104,13.8230049,14.47094792,15.36645331,16.4081678,16.50373686,16.61776197,16.69418124,17.4096311,20.28039443,22.66556462,22.74396739,23.16781256,23.42703884,23.43232274,25.10075761,25.96681442,26.50571596,29.57492035,31.41586737,32.79569258,33.54118297,34.49492637,35.98169164,36.88916755,37.1544659,37.20208781,37.38841904,38.71427987,40.05019563,41.83707901,43.11342778,43.33799426,43.62156199,43.6355217,43.83020088,43.90043552,44.12652467,44.13125305,44.19129382,44.83405827,44.90676265,45.02994536,46.04422611,46.08424972,46.25694071,46.4608147,46.84199842,46.84454549,48.46268955,48.77352052,49.42287389,49.80754096,50.18795042,50.23431443,50.94709659,51.02555743,51.41613942,51.61661727,52.64383655,53.09807337,54.2109458,61.25512392,67.71328952,67.76740354,68.28660575,78.26635185,78.98200927,82.02750408,82.17784486,82.48700477,82.78022743,86.44866977,91.15518846,91.33008542,93.54212465]","[2,3,1,3,1,0,0,2,3,1,3,7,2,5,3,7,3,4,3,2,3,2,1,4,1,6,0,2,6,3,3,3,6,4,0,1,1,0,1,1,0,0,0,1,1,0,5,1,1,0,1,0,0,0,0,1,1,1,0,0,0,1,0,1,0,1,0,5,7,1,0,0,7,7,7,4,6,1,0,1]"
"[3.02170955,4.55420694,8.98704827,9.56048275,10.32377707,10.77704854,10.78723941,14.2856117,17.00129877,17.96953829,19.64431039,21.59450964,22.24741473,25.82497849,28.58526825,30.44465874,30.50416776,34.44289862,35.08028464,35.45596171,35.45802624,35.52775393,35.79340569,35.84334464,36.0563229,36.28595007,36.83243496,37.05988073,37.10766243,37.46161953,37.67420302,37.67440179,37.99005785,38.15559094,38.16004819,38.51393886,38.54269095,39.19010075,39.1984031,40.99230314,42.57378544,43.76147531,44.4386851,45.87882781,46.12861495,46.68747652,49.74713658,50.47644542,51.57482068,53.01916087,54.16252869,62.08883554,62.1384736,62.33595989,65.28241101,65.60225368,70.9196628,72.07257951,73.2261508,79.11197749,79.19899594,79.86452012,79.99304523,82.02029721,86.85916621,93.21363353,96.05611317,96.44099882,96.48112375,98.70928839,99.9570006,100.05426772,107.63116624,107.85177781,108.07328545,108.22178435,108.67247161,108.72309614,109.14453128]","[7,4,6,7,2,3,3,0,3,4,6,2,3,3,7,0,1,4,0,1,1,0,0,1,0,1,1,1,0,1,0,0,0,1,1,1,0,0,3,1,5,7,0,3,5,1,7,7,6,5,2,7,2,3,3,6,0,1,7,2,7,3,3,3,2,6,1,6,0,1,1,0,1,0,0,1,2,1,0]"
"[5.71703711,11.90129956,16.7431469,18.32960997,22.07098019,22.16920709,22.36723167,24.41427177,25.28642354,26.25126957,27.08189849,29.29040276,29.38640087,29.42743689,29.53470159,29.79147837,30.85306388,30.96178256,34.40063697,37.64022646,38.19932551,38.52458487,39.84097745,40.47087949,40.69033624,42.46959376,44.60778953,45.09903324,46.67060585,47.51324485,50.05882493,55.81907291,55.93551699,56.21954822,56.40678158,56.66380316,58.02378111,58.21979741,58.3586726,59.76742497,59.83519182,60.23935232,60.39135695,68.28646693,69.99609362,71.3804981,75.46699042,77.73874476,78.1620658,81.64529262,82.00014384,82.26561032,85.72703478,85.77298884,85.82366541,86.21911404,86.48901745,93.44030018,93.68565709,93.8174681,94.54632469,94.95275348,96.23274109,98.2292627,100.42712384,100.47679053,100.66411196,100.98292749,102.38191023,103.76213617,112.75135884,112.91454818,113.58700238,120.0067655,120.77332687,120.97999214]","[2,7,1,1,0,2,1,0,1,7,7,2,1,0,7,0,6,1,0,1,0,0,1,0,5,1,7,0,0,4,3,1,3,2,3,4,2,2,7,3,0,3,3,0,3,1,1,6,3,0,1,0,5,2,1,7,0,3,3,0,1,0,7,3,2,3,2,3,3,2,6,1,0,2,2,4]"
"[2.98966177,3.58259475,3.97150494,7.73799642,8.38030706,20.4431699,35.86318342,38.27398958,42.00308137,53.22261697,55.35694895,56.0442954,59.17006615,68.11123787,70.13095219,70.53615189,70.77204593,80.35876117,80.4340713,81.27694269,81.70940853,81.88116841,84.35809409,87.1184185,87.68397159,88.02132365,88.27871978,88.68370101,88.71386012,90.44467675,91.70318365,93.01742882,93.25253257,94.27544662,95.96245983,96.83206,98.57172478,100.97684284,101.64304505,110.96937405,111.00589094,118.15983847,119.33188429,120.02085998,122.35578578,123.86585531,124.95746909,125.98462789,128.98472297,131.37372804,131.64807613,131.79805617,132.06055446,132.99714457,133.53341829,134.2066214,134.39551459,134.53534766,135.79796502,137.0979895,155.34447374,155.41151829,155.44765678,156.19174463,156.67141356]","[2,7,3,2,3,4,1,4,0,4,7,5,7,0,1,5,0,7,1,2,2,3,6,2,2,4,2,3,3,7,4,4,1,5,7,1,0,2,1,2,3,3,2,7,3,4,4,7,4,0,1,0,1,1,0,0,1,1,0,1,0,1,1,0,1]"
"[2.41865825,5.43283872,8.82710763,10.56208664,10.69288344,10.96357344,10.97030554,12.48887693,13.36348756,17.36583023,17.5491089,17.83229495,18.02818393,19.06756349,23.59584403,30.47862435,30.59793901,30.9093966,32.15131132,34.15830072,36.27438296,36.96031803,37.33861661,37.88348345,42.21568494,42.37323361,42.62517429,46.38863247,46.52934404,49.5978876,49.75999439,50.369793,51.36423625,59.48529359,64.59747812,66.67055668,68.34540752,69.02654539,69.77112731,72.38741852,72.96228699,75.17453864,82.12238353,83.67400049,83.91977932,84.20091321,85.10934321,85.81261611,87.07096256,87.39773469,88.65314234,88.98820634,89.62733981,89.90233372,89.99611089,90.60800394,92.4565476,96.83041789,99.96994759]","[2,4,5,1,0,1,1,0,2,2,0,3,1,3,2,2,3,2,5,0,7,7,4,5,2,6,7,4,5,2,5,3,0,2,3,7,2,1,1,0,2,3,0,1,3,3,1,4,0,1,0,1,4,0,0,0,5,2,2]"
"[8.60520307,11.01020273,16.29712281,19.79265102,20.07727079,20.43623697,20.46181216,24.0905115,25.37756453,26.13760996,26.23442077,26.63263424,26.96211394,28.16552413,29.75117946,30.37954796,32.49218399,32.95618622,33.36094421,33.9866333,34.07012343,34.69257755,35.13698689,35.51160679,35.75682465,36.12995292,36.2398486,36.54820605,36.68797914,36.92047768,36.94125641,36.94374391,37.40152666,37.41120077,37.78484222,38.36037772,38.75199257,39.97894139,40.25782325,40.7068665,40.94024377,41.12240435,41.28050496,41.97561432,42.06854888,42.28468638,42.88294371,43.79807089,43.89717759,44.75242474,46.897351,46.95184481,53.53228879,55.07613044,55.16062786,55.61972145,55.76661542,56.6850594,57.68426777,57.84141854,57.97673986,58.07706852,58.68592797,59.4520125,59.49258353,60.25314165,60.2626287,60.66715044,60.92965691,61.70558643,62.25162067,62.65445655,63.39956672]","[7,2,7,2,0,6,3,2,3,3,2,3,3,1,3,0,2,3,2,2,0,1,1,3,1,0,0,6,3,1,3,0,0,2,0,3,2,3,3,3,4,0,1,0,1,1,3,1,0,0,0,7,2,2,3,1,7,3,0,1,1,0,1,1,1,6,0,0,0,1,0,1,0]"
"[1.87329514,2.54161718,4.23678621,8.76739679,12.75198717,15.9348005,16.03560457,16.05828791,16.12883379,16.42034572,16.71844778,19.22127537,20.4678975,21.02244803,21.13516461,21.65845815,22.0132605,23.72927777,24.15780786,24.21538098,25.90909494,26.74641541,27.07841887,27.21361877,28.47225911,28.49333484,28.74632256,29.34324884,29.61500708,29.62348053,35.26379513,37.35582677,40.86551117,41.09171343,41.47420919,41.89987157,42.8145697,49.10328087,56.61279012,57.2699862,60.36622975,61.41904187,62.60158059,69.51612426,70.5307679,70.60381345,71.34316512,71.79837448,72.57229441,72.70461886,73.17669845,73.22746526,73.81223152,73.83260224,73.90720476,74.38855084,79.91736536,80.3902612,82.14060591,82.26904113,82.35849515,83.03881722,85.91381913,86.56984296,86.87838142,87.03849703,88.2934733,88.69756267,90.82433521,94.76798526,99.21607743,100.45160556,103.82993499,104.91166862,104.93168898,105.27406433,105.68800787]","[2,3,5,1,4,3,1,4,7,3,5,2,3,0,1,0,1,0,1,0,1,0,0,1,1,0,4,1,0,1,4,4,1,0,5,2,1,3,7,1,0,1,0,5,7,2,1,3,2,3,3,2,0,3,2,3,3,6,3,2,0,1,4,6,6,7,0,7,3,2,7,1,0,1,0,1,0]"
"[0.80541416,0.9861807,1.44487725,2.95804263,5.73863571,9.10182518,9.50674439,10.08906926,10.66666621,14.06958863,17.56366636,19.30454405,26.01706254,32.81786851,35.53383474,36.05741931,36.10940049,36.11058286,36.21530723,37.0698866,37.63133594,37.72733015,37.97055919,38.2223965,38.94488698,40.77351434,40.83319953,40.92346487,41.14002479,41.30549576,42.03601032,43.28140532,43.96890793,44.90791939,45.34681584,47.21640572,48.99654658,49.05529142,50.97486439,51.65959997,53.21014591,53.69401553,57.38624004,63.98183782,64.07902348,64.1893121,66.58478575,67.18676844]","[5,1,7,5,0,1,0,1,0,1,0,5,1,1,0,1,1,5,0,0,0,1,0,1,1,5,0,1,1,1,0,1,0,0,5,2,3,3,2,6,2,3,3,0,7,1,4,2]"
"[1.64616895,5.54229065,5.59161032,6.16752448,6.63547742,6.80215169,6.88311738,7.19740833,7.42644054,7.4886695,10.44068022,10.55286967,10.81239706,10.99489837,11.05984953,11.10402565,11.26289593,11.80888373,12.0714159,12.53878305,13.47720212,14.02104271,18.50398914,23.16179688,27.94746579,28.54747722,28.63147028,29.93692236,33.33509471,33.57134434,35.18992007,35.43794482,35.90816276,37.06229071,37.08708771,37.67914764,39.39019673,47.47103592,48.88516896,49.80613675,51.12464967,51.47500568,51.50467605,52.82172959,53.21977008,53.22093426,53.25956724,53.81004834,54.17784,54.28558159,54.54831183,57.26926163,57.72542235,58.79269044,58.81314926,60.11546702,61.30223219,61.5785098,61.73175146]","[2,2,3,3,3,3,2,2,6,3,1,2,3,0,1,1,4,3,4,2,1,2,0,3,2,3,2,0,6,6,1,0,1,1,0,2,0,2,0,1,0,1,1,6,1,0,0,2,0,6,0,0,0,4,2,7,2,3,3]"
"[0.21910647,1.43839322,1.86165296,1.87253658,1.95857686,2.26991006,2.86036348,2.94754444,3.28072609,3.86097319,6.05339133,7.59715419,7.9576543,8.35476414,8.78017285,8.94920024,9.14023533,9.5834058,9.78607979,10.24251283,10.30238843,10.45668993,12.60042604,13.91361507,16.94306081,17.62585619,18.12050155,19.64547021,19.8852379,20.17321493,20.92905248,21.41990945,21.95476407,22.34909508,25.12237076,26.77358327,28.4743028,29.74882592,33.19334811,33.20960478,34.7447299,34.89866104,34.93933714,35.27154206,35.65010504,35.87068446,36.4326335,36.58194609,36.77166411,36.93823488,37.42696978,37.50536939,37.61836137,38.09461997,38.15935932,38.60220017]","[1,1,0,0,0,0,0,1,0,1,1,0,1,2,0,4,1,3,1,2,0,1,0,1,5,7,1,2,3,7,0,1,5,0,3,1,5,0,0,1,1,0,1,0,1,0,0,0,1,1,1,0,1,0,7,0]"
"[0.47743794,2.207308,7.64157465,9.63514896,9.80007565,10.43288268,10.9340604,12.7730536,13.12255121,14.6343647,15.29694288,16.19532821,19.82805974,21.49682489,22.4356033,22.77612905,26.1605265,29.95502854,30.18476309,32.21688336,34.19959614,39.23260843,40.20544964,40.83589783,41.39080951,43.42557611,47.94706181,48.97648221,49.9334811,50.9902393,52.25867265,52.62057287,58.14863885,59.57567767,60.54821573,64.51923547,68.54020269,70.07400302,71.629981,72.88525547,73.15047448,73.21483534,73.96961631,74.56487018,75.9813499,77.25671817,77.29344163,77.63761375,79.2634736,81.80557909,82.38686742,87.28241963,89.48250567,93.94933594,95.58729596,102.01600292,103.08522284,110.90518174,111.20843918,112.42626461,115.41016113,115.69900501,119.88706486,127.76719018,128.11932545,134.03129806,134.73001065,134.9001801,136.06861089,136.20538214,136.2310558]","[7,4,0,6,1,1,5,1,0,1,0,0,2,1,0,1,7,6,4,1,5,5,7,2,3,5,5,7,2,3,4,3,4,1,2,3,5,5,3,4,1,0,0,0,0,1,1,0,7,2,3,3,5,1,4,2,6,5,1,2,4,6,2,7,7,1,6,4,6,7,0]"
"[0.58702517,2.32197374,3.85449211,5.23022087,9.02411967,9.59808866,11.52232681,17.86175543,18.00893643,23.33324574,24.7510768,26.20019416,26.27326265,26.30595627,32.67187081,34.35799696,38.11509311,38.25919907,39.75122263,39.8776917,40.05605801,40.55529914,41.92002115,42.03296599,42.12674476,42.38811196,44.65825254,46.36824217,47.83020169,48.38903264,50.14278233,50.79153045,50.97071988,53.45361511,59.08942585,63.88953784,65.37973307,68.42178458,69.24729326,74.35328478,75.35430468,79.12411824,80.92712449,89.45548317,93.52893122,95.53889481,96.16453384,97.6805919,101.30906083,108.15070043]","[1,2,0,3,3,2,2,7,5,6,2,3,3,3,2,3,0,1,1,1,0,0,1,0,0,0,0,1,2,1,7,7,7,3,7,3,1,1,0,7,2,6,5,0,5,7,7,6,4,1]"
"[2.19972812,3.17979895,7.06582851,8.77596876,9.75705721,11.72363598,18.46694681,18.83770802,19.09243866,19.13925499,19.69227464,22.08824885,23.34090491,23.5102286,27.28415278,33.08743627,33.23566495,33.25065988,33.83959998,38.49956431,38.76093757,42.35125233,43.47009102,43.67912574,43.86121144,44.56406741,51.8722139,59.96333768,61.43614682,61.468992,62.06784256,62.32365383,63.24734759,64.33700998,64.88367633,65.08819426,66.44869257,67.66176163,67.90850038,69.36602456,70.00454653,70.06077976,70.34095983,71.37196828,71.60188428,72.04969406,72.57059202,72.91748996,73.45172096,73.52981014,73.92978863,74.13642676,74.56954644,75.08447204,75.17321826,75.21564289,76.87236354,77.09129886,77.16855713,77.32714625]","[1,2,7,7,4,7,2,3,7,3,7,1,0,0,1,6,2,2,0,3,7,2,3,6,4,0,1,0,1,1,6,0,1,0,1,1,1,0,0,0,3,1,0,1,0,1,0,4,1,1,0,1,0,1,7,1,0,1,1,0]"
"[0.8343442,9.50587863,13.34202627,20.18637747,23.00689462,25.33051006,27.61845883,28.23019136,36.61422657,37.95047962,38.33914234,41.60596129,42.46080235,43.47086664,43.4772554,46.70590472,49.64049231,53.99986329,54.46821141,64.16965035,64.6699627,64.71450193,66.03174098,66.05279599,67.37141317,69.1777364,70.10220986,79.86650737,79.91921909,80.47462724,83.99721689,84.43361688,94.73417462,96.13643617,98.13393904,103.99110894,104.05151555,104.76699009,105.20726708,106.42373796,107.75872799,107.78376962,108.98399675,109.7329352,114.06320459,118.26586629,118.26970546,118.92054366,119.535482,119.73299337,120.60312851,122.04928263,122.23431017,122.56535809]","[2,7,3,5,6,5,0,6,2,2,7,1,0,2,3,4,7,2,5,3,2,7,2,0,4,6,4,7,2,7,0,7,1,0,4,1,7,4,2,0,1,1,0,0,7,1,0,0,1,0,1,2,3,0]"
"[0.30161391,1.82702532,3.84407866,10.18354429,10.46524417,10.99931734,11.48396503,11.82468575,12.21977684,12.67585731,16.93668838,19.25807556,19.59998078,19.6233172,20.38738742,20.75190715,22.57378474,22.65545747,22.68133114,23.32776193,23.53039827,26.97778369,27.96905647,29.00338468,34.70809079,35.49724213,36.66870142,37.8423204,39.58729525,43.276967,45.38172319,45.79683122,47.48260121,49.26793227,51.39876349,52.77944,55.04860029,57.86183235,57.99942787,59.2197735,59.2699527,59.33916159,59.52683711,60.92566704,61.71555446,62.08273488,63.34083456,63.96037202,64.97538423,66.82019803,67.9373457,69.17710661,69.60831836,69.84114134,75.35053479,76.03179465,77.54585854,77.85428482,78.14582903,78.63953758,79.75754635,79.98841122,80.56615231]","[6,7,7,1,0,7,0,0,1,0,0,1,7,2,0,4,0,2,7,5,3,5,2,1,0,0,2,7,2,1,1,7,2,0,0,1,4,0,1,3,0,1,3,2,4,0,1,6,5,1,1,5,1,0,0,1,3,0,1,1,6,1,5]"
"[5.83673413,5.88299197,6.29637811,11.23663267,11.86552824,15.14216531,19.67427173,19.89665364,21.76464844,21.84172298,24.22126125,24.65884426,24.82587796,26.65422117,27.5449366,29.29036225,30.4089213,30.44427542,31.90284084,32.00869514,33.21281669,33.35676639,33.79221513,34.17498665,35.25900501,35.59913007,35.90735603,35.91701379,40.12651882,43.60687272,45.72730434,46.61872804,46.83520918,46.87987206,48.23237667,49.43484813,49.50078396,49.7382036,49.8965875,49.91064262,50.97222686,51.75343704,52.32919942,52.65116652,53.03815339,53.34341708,53.37250631,53.44647032,53.66334893,54.01282125,54.07946999,54.140072,54.50771947,54.82259567,56.04872781,56.17216171,56.34395119,56.3721158,56.66776219,57.90379362,58.40796819,58.48398395,60.13340455,60.50419941,60.64726281,60.93512837]","[2,1,1,0,7,6,1,7,0,1,2,1,0,0,5,3,1,0,4,1,0,1,1,2,3,0,2,3,2,2,3,0,1,1,0,1,6,1,0,1,2,1,0,7,1,0,1,0,1,7,1,0,0,1,0,0,1,0,0,7,0,1,1,6,1,0]"
"[1.3513116,5.0353547,9.01988041,10.13055428,12.15497442,18.13664671,22.65442222,29.56942142,30.71341484,33.94572249,34.22632193,35.29738461,35.37815673,36.00592333,44.34468057,44.47712834,44.94059662,45.46902518,46.09022466,46.80523954,60.26257789,65.72289802,68.13265599,69.99579406,71.63137795,73.2357011,81.49301039,84.79772004,94.56122014,95.39032579,95.7390673,96.64291088,96.83153224,103.07265065,106.14390304,109.8281175,110.65413022,111.18584631,111.64449993,113.24269648,113.30138282,113.72380869,113.75258055,116.35229891,116.59259807,120.25794993,120.30642534,121.44398603,121.91918354,122.581767,122.81576682,122.81917945,124.91724149,125.32306833,125.37532203,125.5018242,127.12831135,129.84743721,130.76674037,136.00806692,149.05520624,150.14118775,150.84840522,151.09335752,153.21729453,154.00937465,156.85816229,157.1119142,157.28335073,157.41826446]","[2,1,2,0,0,3,2,6,6,1,2,0,3,0,7,0,2,1,0,0,6,4,3,3,0,1,0,1,1,2,0,4,7,7,6,0,1,1,0,1,1,1,0,5,1,1,0,1,1,2,0,1,7,0,1,0,1,1,0,4,7,2,0,1,2,0,2,2,1,0]"
"[4.17169479,6.89435251,11.77868149,11.89094244,13.48646106,17.82199577,22.34563341,26.00390321,28.89952595,35.02530814,37.23200318,37.37519289,37.95440074,38.6234887,40.83816776,44.76842491,46.44605582,52.60078602,54.63812766,58.91080012,59.13355447,59.95311064,60.6411256,62.16768247,62.48967399,63.32793393,72.89211194,74.25917802,74.61603709,74.98010972,75.98164386,77.23758862,79.55946122,79.87453816,81.63045494,81.67962693,83.60471589,83.90091187,84.56235882,84.67473972,86.15932973,86.22667025,86.82629602,87.36258927,87.48315134,87.67478645,89.05752872,90.74107454,90.90954943,91.14651529,92.29041401,92.6170327,93.34016226]","[2,5,1,5,0,5,0,7,7,7,2,3,3,2,4,7,2,2,5,2,4,3,3,4,2,6,2,3,2,2,3,2,2,2,3,3,2,3,3,2,6,3,0,1,1,3,0,7,0,0,7,0,1]"
"[9.81760436,11.82039336,13.31005659,13.57439915,14.07953355,14.50059739,15.13828028,16.44405633,16.54895335,18.76785626,19.1800796,19.91683571,20.09801991,22.83120946,22.85209782,26.16823117,26.50511721,27.92706245,30.69754991,34.12232963,41.74855749,42.38551559,44.09456884,44.69656284,46.65264383,53.05773413,53.2633739,53.41510767,53.67275278,54.0349249,54.36068158,54.69932602,54.71393495,54.82952748,55.09012458,56.16344613,56.31592576,56.99729022,62.65030203,64.16922937,64.34265562,66.50818183,66.96739781,69.2004988,70.23259102,70.3287049,70.80322838,71.1420639,73.1516154,73.21433602,74.86507318,77.25598476,77.56935634,79.66897202,82.42372341,84.70006881,86.27148764,86.37698236,86.5986681,87.9906407,90.16367725]","[3,0,7,6,2,1,0,1,2,2,1,3,0,3,0,6,5,7,5,5,0,5,1,0,0,3,2,3,1,2,4,0,0,7,4,4,4,3,4,1,0,0,1,1,2,3,1,3,1,0,4,0,5,1,0,1,2,4,0,7,0]"
"[0.77708218,1.95443239,3.32122471,10.37719487,10.75168117,11.17474388,11.41118807,12.4302496,12.83952091,13.12419158,13.8137614,13.92453763,14.32477828,14.65425546,15.50942672,15.64581033,16.41981304,16.60344532,18.53154602,18.76605425,18.91404326,19.694412,21.0816657,22.92964623,24.10496186,25.45319765,25.83127753,27.42883092,27.48549034,30.0791559,33.38984613,33.46669316,36.19745081,38.90865422,41.03443456,41.33554844,41.34121883,44.13042194,48.20842981,51.04176415,51.94399279,60.07727755,61.20139438,61.8594894,62.78259852,63.06621583,63.45173571,67.98618672,73.59337978,78.27138312,78.71586484,78.94003464,79.05534069]","[5,1,3,2,2,3,3,2,7,3,3,2,3,2,7,3,3,3,2,3,2,3,3,2,7,7,1,0,0,0,2,1,5,0,1,0,7,3,7,0,1,0,1,0,1,2,3,2,2,2,0,3,1]"
"[1.36024881,6.63504221,6.85154279,7.51164377,8.57032598,8.76786788,11.15384786,11.30707605,11.48344484,11.65647614,11.66150926,11.90061602,12.22794546,12.23024182,12.26740184,12.35271442,12.36916674,12.93067901,13.92720123,15.5572137,16.10874585,18.02913014,22.33423508,26.05645581,28.83841092,31.08545023,31.21344761,32.107832,33.65755845,35.01755537,35.29117835,36.19172424,43.21216871,46.27097379,47.82988347,48.08200139,48.56043741,49.13911539,49.61059554,49.65951986,49.68673068,50.22259429,50.47224686,50.67958579,50.97125493,51.43862143,51.5029478,51.89831818,52.32062006,52.81234805,53.47150087,54.6713561]","[2,1,6,5,4,0,1,1,0,1,0,0,7,0,1,7,0,1,1,0,0,1,2,1,0,1,1,0,1,1,0,1,1,2,0,1,2,1,1,0,1,1,0,1,0,0,1,4,1,7,5,7]"
"[0.76463127,0.79624345,1.17834267,3.99692035,5.37644023,5.82814894,6.60996146,8.7226895,16.62518138,17.62171874,17.79943717,18.2237064,18.23512296,22.84276447,23.78964956,25.08548201,27.89724814,28.500493,28.92773502,29.14043879,29.57273261,30.50237458,31.95988679,32.16559803,36.93904461,37.93595083,40.6705166,41.06168115,41.51664334,42.80379876,43.03945562,45.52270631,45.77198694,48.46390589,52.09920113,54.97527817,55.74434394,56.31046587,56.94810627,57.50387315,58.63808986,63.56945968,63.7563721,63.75969397,66.47333625,66.80385184,68.48544413,70.28839836,71.80652982,75.52215877,76.4108277,81.54554252,81.61234588,82.60433378,83.77417706,85.08202568,87.74239827,87.9379654,88.40219733,90.04467803,90.80565514,91.68820086,95.97504171,98.39896153,99.17680895,99.95028574,104.84452512,105.09543049,105.5671491,106.79979875,107.32697478,112.91694291,113.52698181,113.74369288,117.22891271,117.79786366,117.82956712,119.44575701]","[2,2,3,7,5,7,6,5,6,1,1,6,1,1,0,2,0,6,7,1,0,7,1,0,3,0,1,0,1,1,1,7,2,3,6,1,0,1,6,0,0,0,1,1,1,7,1,2,4,5,7,3,5,2,3,7,7,5,6,2,3,1,1,7,3,4,1,0,1,1,5,6,6,0,1,5,5,0]"
"[1.81720122,24.53252986,26.70172777,28.54095829,28.64636524,30.18661107,31.65954756,31.94539769,33.75138835,36.10119989,36.8543035,36.90621333,37.00884566,37.1495002,37.83947077,38.12084833,38.60401854,40.00876947,40.17478712,42.49944385,43.44565134,43.7810931,45.47235329,45.82431202,46.2640199,46.39240042,47.90948651,49.94660846,51.51793875,53.25954712,53.77037625,53.82465629,53.95484161,55.03443088,57.49990022,57.74454479,58.03901681,59.73894292,61.3526929,64.33638807,64.51061166,67.56729547,68.32848124,73.75766396,83.56558354,85.48460334,88.52760297,95.4819785,97.43792731,98.55047187,99.06981033,99.61424251,100.56897673,104.23879713,104.50277453,104.66645005,104.78342012]","[4,1,3,0,1,2,3,1,2,3,0,2,3,1,0,3,2,0,1,1,0,3,1,0,6,6,6,5,6,0,1,5,0,0,1,0,1,6,6,4,0,0,6,7,7,0,3,7,2,3,7,1,5,0,1,3,0]"
"[4.12158402,5.1136014,10.29534362,11.71689242,12.51672036,15.77710293,17.33309811,46.23725657,47.36329593,49.39911087,49.98446269,51.16330216,51.73177928,52.52473833,52.66766348,56.27175929,57.73622688,57.9090177,58.91429433,60.32806114,63.51182811,70.29146434,72.23904895,73.06326777,73.37726216,75.75345976,76.07259204,76.14287438,76.24881688,76.50998864,76.66988218,77.09161348,78.04468665,78.70083265,79.39582838,79.57211124,79.83093238,80.09829887,82.51469257,82.57640782,84.59674008,85.017836,85.15362265,87.02985782,89.07068521,89.99340522,90.07438932,90.94925625,91.39799511,92.81699516,93.10234399,93.20231452,93.52824156,96.89770553,99.08459941,100.48558278,103.37016903,103.89834206,105.50119149,116.26049672,124.04214128,130.61389937,133.24234286,137.65941929,143.77551088,144.29507203,145.02193108,145.8734952,147.39851002,152.52754011,158.01895194,160.30815607,161.67004878,165.02539109,165.85010379,179.99880843]","[3,2,4,5,4,6,4,7,0,0,1,0,1,0,1,0,6,1,0,0,0,6,0,1,0,6,0,2,1,1,1,0,1,3,2,1,0,1,3,2,0,1,1,4,1,2,3,0,1,3,5,0,1,2,0,1,0,7,5,2,7,0,4,2,7,2,2,7,4,2,4,2,3,7,1,2]"
"[2.13526015,5.03007678,7.15225271,9.12626127,11.48222035,15.87263663,21.8774041,25.7829079,26.62853691,26.91097454,31.72564657,35.12657017,43.57142752,43.77579427,44.30396703,45.15656796,45.62001436,46.55333473,47.60745139,49.05874948,53.60735798,53.61187005,54.20782664,54.7727878,58.5402047,61.27877578,62.67431382,62.80716404,62.82552735,62.92197081,63.47041267,63.73198227,64.31568864,64.81680599,64.87894687,64.99220085,65.51339696,65.76815052,65.82019604,66.68306109,66.88997,67.07969193,67.90817923,68.28784851,68.30270274,68.50648368,68.5642032,69.14848938,69.79572648,70.38630324,70.50604878,70.97766394]","[7,4,2,2,2,1,2,3,6,0,5,3,0,0,5,2,1,3,3,2,5,3,4,2,7,3,0,1,2,3,3,5,2,0,3,2,3,4,2,2,1,3,1,2,0,3,1,2,3,2,2,3]"
"[0.9159474,1.2506351,1.53160579,1.64677754,1.81680018,2.10603016,2.36482067,2.71397848,3.3322692,4.10198533,7.83916833,8.79676811,9.78412775,9.89396841,12.44153631,14.96170813,16.14311666,28.39650459,31.65462075,32.8657154,38.75529748,44.5808549,44.68460134,45.59630629,46.83524424,47.80181386,49.80310612,50.38489204,53.78644246,55.58769173,59.8281027,62.49157247,63.88209358,68.07109716,70.15443127,71.18408112,71.31718473,73.140455,73.79395117,73.79578426,74.54763702,74.61953422,76.8005368,78.99629254,80.46623952,83.0509506,84.85870186,85.01052742,87.88510966,91.74410092,98.45930795,100.45043082,101.45640014,110.81354179,114.04550404,120.27120514,123.29650538,128.22988449,133.52086292,133.67156201,134.82731162,135.49789548,137.0946094,137.37598972,137.84268234,140.31185695,141.4852302,143.42400895,146.47486147,148.16127378,150.04102973,150.23231095]","[0,1,1,1,0,0,0,2,1,0,6,3,3,2,6,1,3,3,2,7,4,7,1,0,1,1,1,1,2,7,6,1,0,2,7,2,5,3,1,0,0,1,1,4,2,1,0,3,2,6,6,2,6,7,5,4,0,6,5,3,6,1,2,3,7,4,7,5,2,7,2,5]"
"[1.40792491,1.4358911,1.4453747,1.76335119,2.10615341,2.17594318,2.36830939,2.63537874,3.00450855,3.85027343,4.34812392,8.46824094,10.94718404,20.8152554,21.47779674,24.41914628,30.16670346,35.36421486,35.46743231,36.52055339,37.05308637,47.72528364,48.50875404,48.8126961,49.92582498,50.12927314,50.32551535,50.514216,52.69672521,55.70360653,57.27931114,58.43168685,62.0882624,64.48295254,64.59129473,64.60445455,64.6204873,65.11361292,65.22723977,65.2610215,65.78172253,65.8762816,68.55391842,68.9666655,76.85016774,77.93927414,80.85886399,81.46235774,82.70369901]","[0,1,1,0,3,1,1,0,2,5,1,0,3,0,6,3,7,3,4,7,5,0,7,1,0,1,1,0,0,0,1,0,1,0,1,0,1,0,1,0,1,0,0,1,2,1,3,7,2]"
"[1.12344335,6.09089288,6.43740338,6.46190101,6.65178364,6.80438027,7.50201106,8.22417096,8.53079846,9.45621864,9.50763794,11.96055723,13.15130841,13.28597096,13.462927,13.78234876,13.82397359,14.55439736,14.92704913,15.34961831,15.3524801,15.92942639,16.18333834,17.24858603,18.32832943,19.36751982,19.58485606,19.5877503,19.67088547,20.76511062,20.92729,21.18239231,22.27041612,23.19018484,23.56331489,24.09279759,24.46539631,29.31019242,33.78685421,34.44018327,36.96338276,44.78177825,47.213711,47.59471595,48.00113053,48.13822932,54.4659647,55.13005476,66.62832545,67.30110348,67.39103764,67.64941667,67.81116304,67.98706157,68.43174032,68.53856977]","[7,2,0,5,4,1,1,5,0,0,0,1,1,1,0,0,0,1,7,2,1,0,1,3,0,0,1,1,0,0,1,0,7,4,2,7,1,0,6,6,7,1,7,2,3,2,2,2,0,1,1,0,1,1,0,0]"
"[3.6845628,4.81152273,5.79662441,6.92831368,7.31543283,7.78003494,9.41421542,9.81278821,10.25007836,10.7539471,11.4807703,11.57543041,11.74328757,12.4101978,12.80022207,13.1182214,13.26328649,14.11490334,14.32065402,14.44289092,15.99054001,16.06760447,16.31798172,16.56677672,17.11724056,20.22347995,23.86167037,29.60418942,33.39030982,33.69762938,34.00164221,34.51031883,34.71120459,36.34552286,37.84429896,38.46507592,39.24900482,39.87685673,40.35818158,40.6952206,42.00185319,42.56925293,42.77930839,43.05712923,43.66890752,44.05288712,44.06948522,44.13185895,44.46225177,44.46262984,45.0669532,45.36852036,45.67188198,45.78552151,45.8026574,46.52923211,46.75241473,46.7580636,46.82046152,46.94491139,47.20369415,47.35769003,47.47803396,48.02712808,48.12397512]","[0,1,1,3,0,2,0,1,0,0,0,1,1,1,7,1,0,0,0,1,0,1,0,1,0,2,2,1,3,7,5,2,6,2,0,1,2,3,0,3,3,3,2,2,0,0,1,1,1,0,1,0,0,1,1,1,0,0,0,1,1,1,0,1,0]"
"[0.53503459,2.15225407,6.72084303,7.86248368,17.37472566,17.52261283,17.75580499,19.68685505,21.33730115,21.41702488,22.85205146,32.00954406,36.53932245,37.64170772,38.22953,39.68002718,44.87316203,47.86160856,49.406788,51.35320537,52.08627617,52.99971101,53.34745756,55.43310854,58.01110923,58.11674788,58.86463339,58.95942552,59.20761966,60.25939568,61.80188915,64.43489424,67.43135376,71.55262476,73.5869807,76.92269413,78.80178255,79.45013309,79.55930162,80.24430987,90.96948158,91.1481016,91.21330897,91.38323124,91.40258718,92.1493931,93.51287514,94.25130436,95.12353325,96.97071135,97.09651646,97.67660904,98.42947044]","[1,4,1,0,1,0,0,1,1,4,2,2,1,3,2,1,7,7,5,6,4,4,7,4,2,3,3,4,3,1,1,0,1,5,0,1,1,1,0,0,2,3,3,1,3,0,1,1,0,2,3,0,1]"
"[3.87451439,11.98105094,13.51448593,14.20882481,18.18569152,18.83472631,18.90785284,19.4512828,19.78491687,23.59138961,23.71275267,23.77427054,26.60550103,27.47914981,30.03923747,30.4110615,30.65748884,30.66769028,30.73609805,31.01887284,36.62447687,37.11821953,37.15337998,37.33053883,39.36599413,39.84064063,43.84568984,45.4274637,46.46025826,46.97223836,47.31824879,48.68896473,49.91880583,54.07307721,56.34750279,58.34156204,58.41118895,59.19881088,59.73853631,60.04067583,60.43860801,61.50847221,62.68229539,62.90314683,63.79711175,63.95357229,64.13345803,64.1422993,65.50344316,66.22486366,66.47074101,68.80017078,69.32978857,70.71955936,73.97490924,74.09132601,75.02816049,75.03501641,75.06620356,75.10186869,78.03532032,78.2567891,78.68438884,80.06720616,80.13076774,80.20691381,80.50435379,80.53428069]","[5,7,1,0,0,1,4,0,0,1,0,1,0,1,1,0,1,0,0,1,2,2,3,2,2,7,4,6,2,7,3,3,2,3,0,7,3,4,7,1,0,0,0,1,1,0,7,1,1,0,0,1,1,3,3,1,1,0,4,5,5,2,7,0,1,2,4,0]"
"[1.68422255,5.47232613,5.70795248,6.61740546,9.42384011,9.83082732,10.56005342,12.33109297,13.62303629,13.74150347,13.95649361,16.89140664,17.77751006,25.00433978,26.54146309,27.56646872,28.1255693,33.28276918,39.44112799,41.54769214,41.93438589,42.34636943,43.46740353,43.69776877,44.07549521,44.84506533,47.3122344,47.4610904,48.35433238,50.94403671,53.45637402,53.75837355,54.57180344,54.70957389,54.81088556,56.11215682,56.29823445,57.26087775,57.75385961,58.19382978,58.85619345,58.86803729,59.19579751,59.47319753,59.52091066,59.54123249,59.67706362,60.03704315,60.19586811,60.23054621,60.5316361,60.7492669,61.16587077,61.29096837,61.29451408]","[2,7,5,2,0,1,0,1,0,0,1,0,1,5,7,1,5,3,4,4,1,0,0,1,0,0,1,0,0,0,1,7,1,7,0,0,1,7,1,0,1,0,0,1,0,0,0,0,1,1,0,1,1,0,1]"
"[0.50465981,5.81397446,6.78330715,9.25721603,9.45981717,10.0157888,10.57092957,10.73103927,12.08347194,15.02598588,15.14985338,15.32702513,18.23214049,25.16474359,27.69413686,27.79810693,30.51932494,31.53342708,32.79191234,37.30775303,38.76759339,38.86128976,40.18340602,45.87358368,46.52025042,48.10792907,48.37732918,53.64608647,54.28972791,55.21065985,57.06899737,58.08712948,58.4748898,59.25157996,59.45192493,60.05183413,60.85549406,60.91068914,62.10326213,62.96249395,63.39306273,65.54228946,68.50080163,73.19532754,76.70192533,83.88973445,84.10490304,91.00190328,93.61656497,96.36183558,102.0910974,102.97481775,103.57321354,104.62285536,118.33000551,125.29850347,127.3259134,127.5229504,127.80426406,128.06166206,129.34209784,129.48456822,129.86157385,130.46680363,131.16894084,135.69556876,144.75198505,147.13807656,147.97447136,148.30192769,149.29101078,152.6124328]","[5,7,1,5,0,7,2,2,6,1,3,2,2,2,7,2,0,2,1,5,2,3,1,6,0,4,5,0,2,1,0,1,0,0,1,0,1,5,1,1,6,1,0,1,1,2,3,6,4,5,0,1,1,0,1,1,0,1,0,0,1,1,4,0,5,2,1,3,4,3,7,1]"
"[4.59890644,13.97249172,17.07350433,20.54498141,21.22351628,35.21593901,36.01697336,36.50873006,40.18583685,42.09805207,44.6157804,44.64068322,44.96858319,45.90478144,46.29061348,47.17142865,47.63246709,48.17198944,51.81811101,53.79272706,56.43574849,57.05258484,60.84213587,61.40740701,65.099812,65.89825581,66.07692252,66.29725094,66.86267343,67.26083584,67.2782425,67.99612323,69.56050625,69.70348002,72.26522091,75.91450515,83.73249788,84.19452747,84.44252648,84.59957523,85.69984053,85.75578063,88.17353551,88.5852571,90.21561919,90.6717299,91.18803539,92.15347737,92.38356447,93.51743391,93.78914228,93.844973,93.97570733]","[5,6,5,6,4,1,1,5,0,0,4,3,7,5,1,5,6,0,1,6,1,4,6,1,6,1,0,0,2,3,1,4,0,1,5,2,6,2,3,4,0,1,0,1,7,0,4,1,1,6,7,0,6]"
"[1.09398352,2.03911501,2.04790079,3.02794265,4.44442679,7.49617252,17.73130991,23.8769126,25.55300336,27.08024344,27.4755544,27.57907464,33.84062049,39.47742609,48.02249949,53.58740881,58.46891153,59.33593148,60.38944791,62.96407722,68.87926171,75.74582592,75.85020105,78.54701655,78.61412524,78.94854154,80.45161941,81.77458711,87.39353237,87.61718851,88.81993982,89.80815838,93.24403887,93.69831323,99.04475589,99.3268118,101.32616514,101.59688834,102.15723609,102.50664656,103.49006892,106.93077191,107.28957333,107.31563701,107.36037209,107.48499454,107.6204149,108.2293269,116.40585369,116.66402031,116.78398139,117.59739158,120.10177128,122.51133998,123.83879511,127.49627006,127.64323808,130.71243253,134.12991236,134.61543198,134.88755451,136.77225525,136.91860274,141.90539675,142.53684875,145.46116605,145.96341109,148.21022742,148.59349644,148.6311546,149.30525531,149.65683856,150.25969691,151.35766559,151.40256328,152.6102856]","[6,1,0,6,0,6,7,7,2,6,3,0,7,7,7,7,3,0,6,4,5,2,5,6,0,3,4,2,3,7,2,2,6,5,4,5,1,0,1,5,0,2,2,3,4,0,3,2,2,2,3,3,2,4,7,5,3,4,0,7,1,4,4,3,2,1,0,0,0,1,1,2,0,1,1,0]"
"[3.44681858,5.105834,5.49928309,5.50758329,7.306305,8.20871275,9.29637545,9.31384365,9.34415794,9.57894585,9.88676143,10.10115583,11.40818607,13.23848,19.2680772,20.10013474,22.27833198,24.33067046,26.27474975,26.30394046,26.33746078,26.54732738,27.20487079,27.35133487,27.41159943,27.424733,27.71581829,29.11666921,31.14336742,31.79790156,32.32398999,32.46875624,33.29201185,33.6459847,34.14141,34.53645187,36.31046805,36.80840227,38.03007279,38.04561167,38.99816211,39.18649199,41.11155997,48.35703438,52.06792235,54.04280668,54.80602183,56.15810356,57.24789599,57.77065883,60.14655142,62.58038473,62.63027696,64.69290687,67.49239234,69.48955175,74.85845482,76.46307119,76.99298363,80.86340189,81.09198739,81.82212844,82.85167123,85.65453594,87.62432544,88.19799479]","[1,0,0,1,3,0,2,1,3,1,0,0,2,7,1,0,1,0,0,1,0,0,1,1,0,1,1,0,1,1,0,0,1,1,1,3,3,0,1,2,0,2,1,5,3,2,3,5,0,7,1,7,6,6,6,6,1,4,7,0,1,1,0,2,3,1]"
"[1.15899427,9.38978658,13.0640309,14.5741494,15.52351972,15.78468449,18.17146061,20.36988119,24.05678452,29.22646064,30.64157453,32.6416543,33.33773201,33.35567354,33.93282352,33.93530592,34.04708579,34.23205983,36.68438448,36.80656549,38.54571377,39.68320076,46.67084443,47.41477824,52.28776594,55.80431787,57.39420649,59.33487743,60.83425457,61.46342904,63.64303509,66.85451018,67.12609728,69.34785004,69.7718289,70.65022331,73.94210172,74.82501777,79.2897638,83.74819901,84.40010969,85.19334859,85.47811641,85.69822394,85.8729574,85.97201426,86.67556969,87.49908506,87.81798314,97.62581284,102.11256034,103.20986008,104.68403917,105.06166963,105.72439656,106.34390506,106.90177806,108.05101695,109.39151047,109.8750429,110.35933443,110.61099022,111.0286259,111.37252095,112.90077226,116.32378034,117.77713711,119.02180847,119.24075881,121.20863258,121.43120979,121.44771057,121.81122775,121.84032817,121.98243286,123.2253848,123.84866038,124.46410232]","[0,2,7,2,6,7,7,7,6,2,3,7,2,3,2,2,3,3,6,3,7,2,1,5,5,0,5,3,3,3,3,2,3,2,3,7,2,3,3,1,5,0,7,2,1,1,0,6,1,5,5,0,1,0,0,1,1,0,1,1,0,5,1,0,5,5,2,5,0,0,1,0,4,2,1,3,1,1]"
"[0.28572012,3.09802905,5.10180276,7.21246946,9.05407099,11.48848502,16.38006314,24.57089559,32.0614131,32.27218702,32.88110774,32.92670732,32.98666515,33.54924663,34.36150902,34.54597587,35.30184822,35.316133,35.53512215,36.81610307,40.86779457,41.86744924,42.65137628,43.66330514,43.96617113,45.82873208,45.96170836,46.43982575,50.62385993,50.91723444,56.28432458,57.5603679,58.38529162,58.62263073,59.68838604,59.95996315,60.01312405,60.17241419,60.80957304,61.11450055,61.18425961,61.3537479,62.29203387,62.64871303,63.97867248,71.3973898,72.22184729,77.82768778,78.18095655,78.51072885,78.51627073,79.40314613,80.138135,81.15786474,82.58203355,82.7396263,83.80854033,86.12886184,87.468316]","[3,4,7,5,4,6,2,5,1,3,0,1,2,0,1,0,2,0,1,5,1,0,0,1,0,2,1,1,0,1,7,0,0,1,0,1,0,0,2,1,6,1,7,1,0,1,6,1,0,1,0,0,2,3,3,2,2,2,0]"
"[0.32535664,1.75623388,4.36929955,6.16186709,7.9777004,9.31254765,9.71021301,10.20401844,10.53226502,11.40863376,11.4941901,11.59622101,13.86899728,13.95285224,14.07874326,14.92545631,15.44369758,15.72368514,16.23916692,16.7693478,16.80459995,16.82507972,17.15281253,17.58920272,17.65406298,17.72966262,17.84051546,17.91467585,17.91691784,17.93058128,17.93791843,18.09038291,19.06021394,19.06236895,19.39177757,20.13017476,20.26083171,21.60149451,22.29115566,22.69912802,22.91291816,23.41754862,23.42763627,23.58088397,23.65728897,23.73318317,24.29606222,24.57701178,25.57217303,26.15867338,29.11550813,30.02542654,33.16328931,35.43772986,38.08446968,52.5393701,57.84115839,59.94802949,61.64309206]","[7,3,2,5,3,2,3,2,1,3,2,0,1,0,0,1,0,1,1,0,6,1,0,1,1,0,1,0,1,0,0,1,0,1,5,1,1,0,0,1,7,1,0,6,0,6,1,0,6,0,1,5,5,4,7,4,6,2,7]"
"[7.54057011,7.78558752,7.89529706,8.65588421,8.92252241,10.12556165,10.84008767,11.20192134,11.4197975,12.1197817,12.33027834,12.72341499,17.037999,19.19566157,19.82999202,19.95040838,19.96527242,20.58909617,22.0083288,22.40806012,35.05649228,36.73703869,42.92165565,52.1852198,55.07871459,55.17196613,55.25079171,55.34156523,55.48200135,55.86619299,56.45524858,56.98428331,57.06335248,57.15011312,57.60196517,59.08059402,60.56764797,61.61914337,61.78145314,63.02623288,63.17814682,63.29364005,63.45749641,63.64937651,63.93087436,64.04320688,64.08366033,64.08421068,64.49624816]","[1,0,1,1,1,0,1,0,1,1,0,4,4,7,3,2,2,2,4,4,0,1,4,5,0,1,7,1,0,2,1,3,1,0,1,0,5,0,1,0,0,1,1,0,1,0,1,0,1]"
"[10.97110824,11.86722829,13.81874063,14.33132308,16.25184708,18.59738588,18.87136486,22.81123907,23.41473926,25.83943945,30.25582353,31.2591407,33.03567645,36.01178333,36.70352927,38.27748731,40.04130278,41.18612421,41.71600435,42.67296474,43.59282303,44.7259382,45.41741384,49.74526604,49.92734791,50.93704258,54.7242435,60.20245497,60.2410851,60.71910425,61.8032751,62.19030072,62.42183381,64.92927089,65.39519777,67.41112266,68.89220745,68.95200131,69.91307469,69.95165851,70.76588363,70.87738993,71.41036634,72.47484519,72.74427598,72.76846581,73.47111153,74.14989143,74.73188237,75.15022097,75.72156999,76.08705666,77.92216117,78.53736438,79.25673057,81.86111675,82.55351276,84.74837876,85.14873502,85.98323064,86.78669248,87.201371,87.24321185,87.52518377,87.64673649,88.99886845,90.2978218,90.48791304,90.78717138,91.43842439,91.51298619,91.59089027,91.83215801,95.21158358,95.64925989,96.39893501,100.76363765,100.80121647,101.62095057,102.11477791]","[0,1,0,0,1,0,1,0,1,6,1,3,0,1,5,1,0,5,1,1,1,7,3,0,4,1,1,0,1,0,1,5,0,6,2,7,0,3,0,1,1,0,1,1,0,5,0,0,1,0,0,0,2,3,7,3,6,0,4,0,1,1,0,0,6,1,1,2,3,2,3,2,2,0,1,1,0,1,0,7]"
"[8.86790399,9.38611084,10.14251369,12.02155531,12.25843439,13.0428078,13.44593181,17.24290395,20.66474493,21.21605949,21.28506376,21.70609065,21.94151667,22.56007808,23.18689229,24.46322151,25.49410735,26.07115795,27.42245647,27.4497612,27.71904844,28.38195818,28.55338355,28.68522911,28.98963341,29.2016692,29.53357315,29.63536262,29.64377725,30.48783036,33.94082794,35.30777761,36.25362576,38.8759183,39.85132392,42.19929912,42.99072941,44.62258034,49.70939129,50.94107365,51.17561733,52.73018825,53.9768418,54.14747581,57.07716109,58.48237671,58.82679609,60.38178577,63.20432357,64.49763667,66.92173787,68.14608424,73.11908044,79.19947242,80.82831715,81.19330291,81.76064912,83.11778653,83.51134087,83.66232561,83.77911242,84.01116171,84.03323771,84.64980099,85.32705283,86.37926551,87.30524433,88.03303022,88.09497568,88.25164324,88.43601075,88.49877267,89.1379506,89.54068643,90.13683041,90.23982323,90.28752235,90.55379226,90.83333416,91.29509868]","[4,0,0,2,1,0,5,7,3,6,2,4,2,1,0,3,3,0,0,1,2,3,1,3,4,3,4,1,1,0,1,0,1,7,7,6,3,2,3,2,3,3,3,3,7,0,0,1,1,0,1,4,1,2,6,0,0,1,3,1,0,1,5,1,0,0,0,0,1,1,1,0,0,0,1,1,0,1,0,0]"
"[15.25785028,15.35237233,18.58404942,19.45997089,21.50316504,21.80737342,22.86327604,23.2426575,28.31829176,28.32813668,30.50416726,30.83044205,30.88616553,32.1404688,35.5564084,37.03956804,40.3753642,41.6873127,41.80161236,41.82000778,43.37923938,47.01983863,52.49430825,52.57187051,53.25964216,53.5810424,53.74155254,56.0849003,58.566046,58.975238,63.23367966,64.72366002,65.87654334,68.36192789,68.73921241,68.88738184,70.89633699,71.15513724,71.20702683,71.330799,74.87920987,76.83038586,87.2097723,94.93968856,104.57013183,104.96333844,105.61808474,106.90025945,107.78285187,107.93074535,109.68221933,109.88977578]","[2,5,2,3,2,7,1,3,2,4,3,0,0,2,4,7,7,2,6,5,4,7,5,0,4,1,0,5,1,5,3,5,1,1,0,0,2,3,3,2,1,2,4,7,6,4,3,1,2,3,1,3]"
