event_times,event_types
"[1.73533035,4.1539619,6.22801735,6.28913934,10.96845097,12.98883128,13.2094493,17.64785943,27.97332437,28.19006571,29.52375682,29.62290087,29.88638443,32.58414511,32.97654993,33.14551819,34.40217942,34.52696879,34.5709621,36.25621836,37.20563891,38.3381536,38.46298845,39.12558831,40.37612713,41.20077592,41.38648791,41.56777856,41.91086177,42.37180599,43.35491021,43.60346137,43.79511447,44.89520007,44.9203598,45.0423622,45.53960056,46.75585853,47.3783016,47.67061574,47.74758141,48.04737645,48.47772341,48.93884679,49.62324031,50.21776112,50.31171684,50.89975348,51.58485034,52.78616353,52.78887576,52.79449819,52.97366257,53.17378637,53.31616871,53.32662574]","[3,1,7,0,6,6,7,6,5,0,4,5,4,4,5,6,7,1,5,3,3,6,5,4,5,4,1,4,5,6,6,6,3,5,4,5,6,5,5,5,6,4,7,6,4,1,6,4,7,5,4,4,5,5,6,4]"
"[0.34439588,0.85288994,0.88099063,5.87121483,9.49010379,10.03724506,13.40744705,20.21317973,20.8047173,22.26018405,22.7793659,25.06738274,32.82722194,33.99113507,35.98227982,36.34304315,39.59700209,44.62865955,46.14165015,49.30384468,55.01923904,59.90305547,61.43916722,61.46555518,61.51241197,61.58711242,62.00185216,62.44804456,63.0734779,64.46514449,66.29889352,66.6711665,66.73184459,67.93872827,68.02894398,68.94759444,70.42451472,70.46728307,70.99093756,71.27600484,71.40426105,71.66467499,72.64933702,73.92060643,74.48530918,75.53168861,77.04194963,77.95218356,80.47084648,81.11056524,81.12195662,82.89776317,87.00882,87.38417644,87.54224805,89.53308737,89.95485918,90.91461628,91.79099857,92.96268246,93.22592538,94.10984368,95.85958401,98.95711858,99.44333282]","[3,7,2,7,5,6,1,7,5,6,6,0,6,7,7,4,5,0,4,2,0,7,5,6,3,7,0,4,4,5,5,3,3,4,5,4,4,7,5,6,6,5,7,5,4,5,6,6,6,2,2,2,4,2,5,4,7,6,5,2,4,7,7,5,4]"
"[0.81255757,2.26490046,3.18342409,3.72000547,4.09565861,4.27203685,4.37453485,4.48052992,5.31265886,6.18251117,6.42833244,8.00216476,8.1666741,11.87154614,12.73138501,14.49610147,14.65890049,15.53339686,17.44366838,20.10283143,20.23044664,22.36773214,23.00702038,24.82399253,26.30079594,26.3443365,27.11557806,27.98108367,28.48735207,29.1545765,31.81438334,35.7751527,38.76695533,39.48305518,40.95704866,43.10505115,49.56320697,51.94232714,52.16603464,54.29508624,55.06224088,55.06368565,58.14138834,59.99078189,60.33348685,68.96595349,73.18995675,76.09380885,79.0397402,79.72965608,89.81495295,92.55884592,93.28615523,95.15591817,95.50480436,95.99545518,96.40887015,107.2369102,107.35588926,107.70084622]","[2,0,5,6,6,7,7,4,4,5,7,2,0,5,6,7,2,7,2,4,5,6,5,5,4,2,6,7,3,6,0,1,0,4,5,4,2,2,7,2,2,2,0,5,2,0,2,5,2,4,3,4,5,1,5,6,6,5,6,6]"
"[3.64734784,6.38492039,8.98916231,10.05739967,10.16939074,10.96451624,11.07881704,11.31017451,11.90319094,12.92052539,14.03278847,14.35133036,14.75979586,15.1854181,15.82499563,16.82874056,16.83818213,16.86077156,17.1308339,17.19611653,17.37660545,18.54829091,18.7490334,19.28350661,20.2642528,20.29899565,20.31140823,21.55840448,22.17536544,22.58154853,22.62611395,22.87777783,24.14709721,24.89083346,25.31653067,25.63930299,26.73803146,27.40874523,27.75324221,28.61301401,28.71140724,28.90130177,29.3242052,29.63400827,30.08573827,30.09074782,30.10737548,30.85113768]","[4,5,5,4,5,5,5,6,7,7,4,5,5,4,4,5,5,6,6,4,5,4,7,6,5,5,6,6,5,6,7,6,7,5,6,7,4,4,1,7,5,4,4,5,5,5,5,6]"
"[0.18039048,1.45794546,1.65975395,7.14692145,7.36677173,7.91301589,8.00534809,11.96169447,14.15979632,15.91014569,19.77105443,25.21597615,29.30496027,34.86235541,37.56467616,41.78661955,41.95660221,43.17735312,43.19492631,44.2239728,45.39000237,45.77286416,47.14048006,47.33257551,48.77917575,51.93748693,53.56151195,53.93999019,54.3203635,55.6409793,55.83745971,56.08728896,62.28640963,63.90537106,66.92344695,72.79914829,73.45538804,75.69685544,78.95292207,81.68068906,82.58853462,83.54953885,90.090254,92.02820907,93.42207027,101.01482832,104.1027827,105.84139934,110.98696713,111.26368403,111.84003469,112.33566031,112.46578805,112.66687161,112.72433067,114.77642866,115.00914903,115.06235969,129.22469429,138.39641921,139.40095659,140.17982844,150.00271481,150.02582837,150.20862967,151.27142335,152.17930976,152.69150985,152.80577416]","[5,4,6,4,5,5,6,4,1,5,3,2,1,2,1,5,6,6,6,7,4,6,4,4,5,7,4,7,5,5,6,5,7,1,5,2,6,6,7,1,3,0,6,3,5,0,0,1,7,6,4,2,5,1,5,5,6,7,1,2,4,2,5,6,6,5,6,6,7]"
"[1.04435829,2.49869506,4.7779642,16.86158308,20.8609017,21.61621345,21.78241915,27.04242643,34.46058677,37.87901793,44.8454305,45.6253562,45.78184761,46.32379304,46.81917669,47.03353533,47.42564163,48.42516738,48.97133674,51.63193869,61.93487349,65.82506436,67.72678445,68.85302433,70.53499357,71.81551955,78.50921234,79.58889465,85.60613613,86.65159956,88.7914741,90.39531331,91.74716487,92.35803527,94.71804182,96.49207434,97.46186107,97.74137113,101.16409867,102.69907369,103.4703173,107.95853035,110.55162319,110.59463867,111.00139092,111.41509739,111.48661792,111.52481037,112.21039944,112.55894129,115.04863906,115.21254242,115.98595848,117.28444381,118.01412997,119.04309271,119.06422887,121.12178485]","[4,7,7,6,1,6,0,5,2,4,1,2,4,5,4,5,4,6,6,1,4,1,6,3,7,1,2,2,2,3,6,6,0,1,2,6,1,6,2,0,3,1,5,6,4,5,6,4,1,4,5,5,6,0,6,7,5,0]"
"[3.05357088,4.62112921,8.73171518,11.12867176,14.52085692,15.88043516,16.43733837,17.61998324,18.24626236,18.43077661,18.43397789,18.45123416,18.64242923,18.68731871,19.25775238,19.32322087,19.87673209,20.45550293,20.60721838,21.69802816,22.3277163,22.50642982,23.67856398,24.03946801,24.7700551,25.78829246,27.25799571,27.83898829,28.37074572,28.67596567,30.28049073,30.83631307,31.75141921,32.01803504,32.38699284,32.71181605,44.8424165,46.64691852,54.38532779,56.10424834,57.55717189,58.91026789,66.50511366,66.99973436,68.04888252,75.06781136,79.73246025,83.80621764,87.44509957,87.70849837,87.98586872,88.0125525]","[7,4,4,3,2,5,4,5,4,6,4,5,6,4,6,6,7,1,4,6,6,7,6,6,5,7,7,2,4,1,4,1,5,5,6,6,5,6,0,7,0,2,3,4,7,1,4,4,4,5,6,6]"
"[5.35616359,6.75000795,7.01893376,13.67991095,14.26032243,16.69319995,17.5817354,21.98652094,24.42415045,26.02212835,29.38447314,30.09075609,31.15794381,32.14564451,32.2462519,36.19093284,38.40177174,39.3566868,39.81824276,40.24394054,40.50765578,41.323322,43.02503694,43.73168841,45.39064018,45.75075935,47.87891641,48.0596611,48.18686936,48.82240451,49.2704487,50.39444375,50.6014402,50.81706382,51.67218251,51.76310973,52.86843955,52.95505361,61.59878276,65.37051739,65.83899155,68.74133061,72.82721446,73.26863638,74.50482487,75.92032241,75.97592718,78.02724725]","[0,5,6,0,2,6,0,4,0,1,2,4,5,6,6,3,4,5,4,1,2,0,6,4,5,4,5,4,4,6,5,4,5,6,6,0,7,6,0,7,1,2,4,5,5,6,5,7]"
"[3.39552553,7.55106959,8.59249079,9.4736916,10.35529203,10.95423393,15.34482348,15.51353123,24.30606747,31.40117718,31.6325253,34.84296946,35.06390623,39.61920032,46.11137962,46.20622451,46.6591777,47.5781245,48.39961933,49.4474548,52.76489061,54.90373266,55.20616792,55.94958717,55.9519135,56.23608369,57.58347996,58.68536754,58.88024128,59.53620547,61.28025024,61.55420331,64.59608948,64.81673526,68.59994643,68.6391561,69.18099308,69.33125305,69.90409918,69.9854595,71.74016805,72.26863849,73.65342988,74.28706724,74.90073179,75.2017839,75.56681491,76.35624358]","[5,7,0,6,6,7,1,1,0,4,1,7,0,4,5,3,6,7,1,6,2,5,6,6,7,2,6,5,4,6,4,0,3,0,4,0,5,1,0,0,4,5,0,1,4,5,3,5]"
"[4.57471417,15.85618715,15.86754055,18.5485073,19.16787596,21.92357787,25.20219298,25.57575688,27.78103807,31.05420059,31.58438545,32.2538343,34.00335427,37.43712283,38.236906,39.53966333,45.70564402,46.32077537,49.30169865,54.0252999,54.3083061,56.1394244,57.91231072,63.5550535,73.64641676,74.55005643,75.86231621,78.40049415,80.78830276,81.81042819,87.4073247,89.01011786,97.00064303,97.19141553,107.8295059,108.23154484,109.77534112,112.52051864,119.02199744,119.64083071,120.20797361,121.89467027,122.53623236,124.00097434,129.53965884,135.19074298,139.18774541,140.09653323,140.46706984]","[2,6,6,5,6,2,2,2,7,2,1,1,0,2,7,3,2,3,6,2,7,7,6,1,5,0,3,7,4,5,5,2,1,5,5,4,5,1,7,1,2,4,7,4,2,0,3,4,5]"
"[9.91995306,10.7783628,13.29715665,21.17371146,22.02574475,22.98680521,23.8404535,24.01889264,24.740845,26.05036223,27.78199679,28.48733039,31.95973981,32.22835065,32.34489744,32.40202356,32.49515835,33.27693178,33.60113056,33.86283742,33.93064906,35.80594606,35.82499161,37.01343991,37.76629546,38.65770692,38.8841415,38.9138095,39.09283582,39.60868671,39.73495458,39.93934851,40.12354643,40.57522475,45.06622785,45.10310271,46.45434231,49.40741044,58.59565684,61.83260019,68.76671059,73.9936766,81.37281685,83.38034864,84.04428439,84.25363848,85.02000707,85.19172888,85.24334709,85.31917768,86.33907219,86.58621979,86.59615641,86.81453025,87.27357923,90.03021696,90.07166848,90.91542007,91.15537996,91.66157101,91.82489882,92.09818112,92.55402642,92.86300407,93.39303989,93.43229146,93.61799513,93.98412499,94.48355889,94.98384286,95.15885582]","[1,6,4,7,6,0,6,1,0,5,3,1,5,6,7,6,1,4,5,4,5,6,6,6,3,4,5,7,4,6,7,6,5,2,7,1,4,3,4,1,1,2,0,2,2,4,4,5,6,6,7,4,5,5,7,5,6,5,6,6,4,5,7,1,4,6,7,5,4,4,5]"
"[1.5526394,2.31141188,3.05638399,3.39139783,4.35238298,4.54945632,5.27645834,7.42679813,8.88699417,11.31004082,12.15517608,12.89663607,22.18857782,26.37981257,28.7192632,29.37064824,29.5551304,39.98607641,52.05349324,53.38238785,59.85372189,61.35511829,61.46094683,64.40470392,64.55347706,69.52763722,70.3059696,70.44990225,73.248783,73.74398345,73.95180944,77.86821308,78.6834015,81.94895375,83.18946802,83.22514128,83.68189484,84.89558663,85.12254795,85.31313702,85.53132169,85.62552231,85.78064778,86.99274808,90.32670329,91.17941497,95.27622559,96.36302195,96.51804494,97.51714033,97.77586894,97.95410908,98.56349764,101.877132,102.73927221,105.05444329,106.9263779,108.43292951,111.287131,112.44992181,112.81782217,119.37146668,119.48561924,119.77356542,120.19033301,120.3105181,120.37795561,120.53800987,121.66433312,121.75764368,122.95362802,122.97366084,123.14694682,123.18108242,123.19968903,123.66923159,123.75953524]","[7,3,5,6,6,5,6,3,0,3,7,3,1,6,7,7,7,0,3,0,1,2,7,1,6,4,7,6,7,1,0,7,0,4,7,5,6,4,5,5,5,4,0,3,4,0,4,5,6,4,6,6,7,6,1,5,6,2,0,6,0,4,2,5,5,5,4,5,6,4,2,4,6,4,0,5,5]"
"[6.64927216,8.56036224,11.04365918,11.30021312,11.53041309,12.52320907,15.48238363,19.97615306,22.2551003,22.5051031,23.02535406,24.35826813,25.48269173,25.9924933,27.03210881,28.56176335,29.12137937,30.19017572,30.46172767,30.60195381,30.89423225,31.66186628,31.74588133,31.85293364,32.08761105,32.43397324,32.66118854,32.73059158,33.6256625,33.73783199,34.55947466,35.18157358,35.40529457,35.56580666,36.228902,36.57927523,37.18640739,38.00531734,38.12211134,38.69578111,38.91719623,39.44195651,41.64472798,42.37472854,42.8281816,42.89978074,42.94475327,43.14190058,43.34229459,46.5226393,50.19328928,54.66787513,56.825002,59.02944741,59.5741883,61.27416542]","[2,4,1,6,5,4,1,7,4,5,5,5,4,5,4,0,5,5,4,5,6,4,4,4,5,5,5,5,5,6,6,4,4,6,7,5,5,6,4,7,4,1,5,5,4,5,6,5,6,2,2,5,6,5,4,6]"
"[2.72162257,3.1935254,3.41697431,4.56673037,8.94181813,10.51388829,10.89886127,12.82526943,12.85947105,12.90051753,14.08158292,14.34448002,19.75177168,21.07531116,21.23069103,21.95151204,22.09279358,22.69165411,26.49559307,35.3816495,36.97777762,37.45864877,37.84832389,38.79156434,38.8655459,40.17048728,44.26448501,45.08574023,48.04075968,48.84284017,52.0199089,61.13989239,62.00031012,62.03607066,62.69500974,63.15254249,65.90534334,66.63774141,68.49884064,68.97335329,71.5709501,72.86262659,72.8778196,74.49698281,75.07812165,75.27171447,75.63203196,76.73602906,77.24813812,77.68124121,77.751622,81.042625,86.98950555,89.90823345,94.76966488,97.01057258,108.68165975,108.69374688,109.37372013,109.5346362,109.8495622,111.27206053,111.52267635]","[5,1,4,6,7,3,2,2,5,6,6,4,6,6,1,3,1,6,7,4,4,5,5,6,6,7,5,3,7,3,3,5,4,0,6,4,5,5,4,5,4,4,1,4,7,6,5,0,5,0,1,2,1,1,5,6,5,4,0,2,2,5,7]"
"[1.09512377,3.32880545,6.42826374,11.44102098,14.08284716,21.44472075,21.56733879,21.90186238,25.05109033,26.54904598,28.30940021,28.42838208,28.82459331,28.90285453,30.80544507,31.01018943,32.95610522,33.4052514,33.73892958,33.90820362,35.04061732,35.37639811,35.55824383,37.01270053,37.27826492,37.75862393,43.02268483,55.75891829,59.11446244,64.16422107,68.77209127,70.31903677,71.52304931,78.34295695,78.71207501,80.31171956,80.49629939,81.42683096,82.63644174,83.49405668,84.16348806,84.17936203,85.45799452,85.48985909,85.65190778,85.88114313,86.74224907,86.8729843,87.79440942,87.98925883,88.08887411,88.16304616,89.38835898,89.49203604,89.99342388,89.99856352,90.13528065,90.51776046,91.3848566,91.40610107,91.45199363,92.08084159,92.21694248,92.84830908,93.1875523,93.44130879,93.94725288,94.01130705,94.10638845,94.67919546,96.06952478,96.38239737]","[0,2,7,6,1,7,7,6,7,1,3,1,7,3,4,6,5,4,5,4,5,6,4,4,5,5,1,0,7,0,1,1,3,2,0,4,5,0,4,4,1,5,5,4,5,4,6,5,7,5,4,4,5,5,4,6,4,5,6,6,5,5,6,1,4,6,4,6,5,4,2,5]"
"[0.61789025,1.84893273,2.48112811,4.07114232,4.84618921,5.9624619,8.30970718,10.3202797,10.56244284,11.51953059,12.0425791,12.2966223,12.37619459,12.47913122,12.50574129,13.01876355,13.04525521,13.25482589,13.42317293,13.50244119,13.67386954,13.68753444,13.85587058,13.92495914,14.0005232,14.04563611,14.17784632,14.50935293,14.51717094,14.55777283,14.59064483,14.8014039,14.82134494,14.87257539,15.64656008,15.65716574,15.77039237,16.13221405,16.32221771,16.45922923,16.64541767,16.76855508,17.23295438,17.25236329,18.53092837,18.54081523,18.88444616,18.91308752,19.2712605,19.46457895,19.74799052,19.96423221,20.10042328,20.14267647,20.53618642,20.70717915,20.89919626,21.12502313,21.29105553,21.40674141,21.94193671,22.25131991,22.30017597,22.32945158,22.64161159,22.79709218,22.83889031,22.91584781,22.99238404,23.06761975,23.52993967,24.42988641,24.54791474,26.38089918,26.4128468]","[5,4,4,2,5,0,6,4,5,5,4,4,5,5,4,4,5,0,5,6,4,4,5,5,5,6,7,6,6,5,6,5,4,4,7,4,6,4,2,4,4,5,6,5,5,5,5,5,6,6,4,5,6,5,6,6,6,6,6,6,6,6,5,7,4,7,4,4,6,4,2,7,0,5,4]"
"[6.26773878,8.5240323,9.48546877,21.14846499,21.79600178,22.22471346,23.24926284,23.4940454,24.66051195,24.97445572,28.56240582,32.2228609,35.28531073,36.06429696,36.36969073,39.20860482,40.47540426,47.95070255,50.8517862,58.37954424,59.56944328,69.94253138,76.57457621,81.82486683,85.83160187,86.02975219,87.02808907,88.05209472,88.12160985,88.14968343,89.17161124,89.21516575,89.43159311,89.85069042,89.8769567,89.90379822,90.8661659,90.98025491,91.6265234,92.04703296,92.05989634,92.23628682,92.39145154,92.58773442,92.86745824,92.92031372,93.00090876,93.82534677,94.1551942,94.63761065,94.74903596,95.08962091,95.57660719,95.97847043,96.5687538,96.79087098,97.09029378,101.99529116,104.55687764,104.81520797,110.80006271,112.16863192,114.31596359,114.75199191,119.0067365,128.84863715,128.87144259,129.81185957,129.88603571,129.93282783,131.07793207]","[3,4,3,6,5,6,6,0,6,4,3,1,3,6,0,1,6,5,0,5,2,7,0,0,2,7,5,1,4,4,4,5,6,5,6,4,6,6,4,6,5,7,5,6,5,5,5,3,6,4,6,6,4,1,5,2,6,7,1,4,7,2,2,2,4,3,2,5,4,3,6]"
"[3.64408339,5.32092191,6.63676209,9.18814942,9.75367412,11.32069426,20.92351302,22.9112264,23.78255647,23.78598654,23.79037067,23.84302978,24.11788487,24.39825627,24.49490355,24.93559098,26.15787216,28.44313237,28.52632208,28.59170687,28.98208266,29.24066386,29.31769928,29.35741825,29.47853533,29.52909493,29.5888679,29.98245739,30.16844411,30.39099209,31.01296588,31.03363914,31.23800681,31.74662704,31.7782694,31.89840907,32.05819501,32.09640971,32.34232585,32.35938486,33.32372779,33.91165981,34.131715,34.46512104,34.60816918,35.45893836,35.5965434,35.70862274,36.1841832,36.24170994,37.3916122,38.46745455,38.56295487,38.62097097,38.69086154,38.74871226,38.88112612,39.03505071]","[0,1,1,2,3,1,1,5,5,4,2,6,6,6,6,4,5,4,5,5,4,4,5,6,5,6,6,7,4,7,5,5,5,6,6,6,6,4,6,6,7,5,7,5,7,4,6,4,6,4,5,6,4,4,6,6,5,7]"
"[0.86611633,1.46247876,1.58963513,11.31657429,13.74853188,16.73998842,17.04713153,17.26987293,19.66209529,21.94363748,22.47759225,27.20184103,28.33266157,28.48419762,28.83841749,29.17738959,29.51143478,30.99519142,31.10382943,31.57299126,32.33187749,35.50440553,43.62350329,46.22597673,46.88378704,47.19803002,47.90042037,48.14678652,48.17520511,48.36694187,48.38054088,48.45630662,48.47491987,48.48350486,48.52671073,48.56883023,48.749173,48.79583288,48.92548758,49.01618981,49.43401269,49.57000631,49.66235673,49.71497659,49.93545768,49.94426529,49.94709529,50.29590953,50.35167877,50.48373956,50.7625342,50.76848274,50.85740223,50.89613241,50.95603147,51.10544027,51.23641567,51.32633306,51.64752895]","[5,0,6,1,1,5,4,5,6,7,7,7,5,6,6,4,6,5,6,7,7,2,2,5,4,5,5,6,3,5,4,5,6,7,6,5,5,5,6,4,6,4,4,6,5,4,6,4,5,5,4,6,4,5,5,7,6,5,6]"
"[0.79258381,1.10812382,3.25048746,3.42380586,4.82188138,4.93354889,5.01487395,5.18160935,5.24520773,5.24810495,5.31439228,5.34936155,5.59323066,5.88910907,5.93852364,6.18665399,6.68272272,7.05879224,7.2146746,7.47011416,7.87063377,8.63350213,8.79344256,9.28117654,9.51037936,9.91479706,9.94339069,10.47703598,10.77430385,11.17738013,13.03088246,13.32369395,15.64075305,23.28756159,30.38209061,30.56020223,31.90155941,34.09065157,34.60604041,36.5422474,38.2118889,38.71072917,39.14615819,39.53438444,39.68220652,40.1501169,40.3596054,40.40981584,41.0783716,41.37459174,41.48561895,41.60476654,41.78346304,41.79872725,41.97225033,42.06134426,43.19801836,43.3818848,43.39615022,43.95998629,44.93850225]","[0,5,4,5,5,0,4,6,6,2,6,3,5,4,6,7,4,5,6,5,6,4,4,5,6,4,6,5,5,7,7,3,7,0,7,7,5,4,4,0,2,4,0,5,5,6,6,4,5,7,5,4,6,4,5,7,4,5,7,6,7]"
"[1.14298604,1.25184542,2.442853,4.81501349,7.04983086,7.91792965,8.36469689,12.79094037,12.93532342,15.46246358,19.78158784,24.21561092,24.92404793,27.8749601,31.33181026,31.61281056,31.74787861,32.25610501,33.11408493,33.41369051,35.4846965,37.09976294,39.5909603,40.61143614,42.63362591,52.52878975,52.90097729,53.11779949,54.34529969,55.23969046,56.71954418,58.31025957,58.42748649,59.89642316,60.34728611,61.13003041,63.45910275,65.21514989,66.07952802,66.95383531,70.02637649,70.38203881,70.95495471,71.29874801,72.59017045,74.5213952,75.30727061,76.02233139,78.01502717,82.59496504,83.72056469,83.94935084,84.72418023,85.06727764,85.20153673,86.21681867,86.7040134,86.73414826,86.81972524]","[6,7,2,7,1,5,0,6,3,6,6,7,2,2,5,4,5,1,4,5,1,6,5,6,0,5,4,5,6,0,4,6,6,7,3,5,7,5,6,4,6,5,7,7,7,5,4,6,0,5,4,5,4,6,5,4,5,7,4]"
"[1.6287647,2.64154091,2.69368913,3.37664017,4.00342746,4.70273018,4.76977784,5.65460567,5.76140057,6.31466056,6.59386234,8.42134211,9.01690264,10.33767281,11.73010914,12.24134224,12.54549983,14.33952332,17.54044698,24.04354767,24.49860761,29.20209131,30.44675926,30.58603994,32.38169735,33.66013931,37.71876572,37.94142161,38.36275726,39.32115841,40.0534399,40.25337922,40.48079455,40.55832479,40.56547926,40.7179275,40.78851801,41.06642779,41.55593916,41.92268801,42.12023472,42.40116317,42.50522608,42.5757987,42.68975306,42.79138586,42.86722955,43.14691442,43.88114762,44.0192552,44.5383381,44.56529732,45.59886283,46.79055403,47.44773889,48.19236606,48.88797096,49.00008626,49.3765651,52.52053244,53.07129421,53.32893178]","[0,4,4,5,5,5,5,1,0,5,6,6,6,6,7,6,7,2,0,6,1,7,4,7,6,3,4,5,5,4,4,5,5,5,5,6,0,6,7,5,5,4,6,2,4,6,6,4,0,6,5,6,0,4,4,5,6,4,4,4,5,6]"
"[1.02150411,2.19694174,6.83470093,6.86924269,6.87122692,7.45072841,8.10882073,13.27304722,17.10965781,17.14330811,22.09890893,25.92143385,30.90324808,31.09508895,32.7749674,34.57576162,36.63166112,38.1036748,39.10900669,42.38586747,46.93272765,50.94337446,51.18607912,51.19398852,51.60657312,52.75766501,56.85560133,57.1737316,62.82627178,65.46022488,66.30448364,66.43965883,66.88015797,67.27346607,67.46505891,67.54180529,67.75627276,68.28666537,71.044687,71.07059979,73.68706044,74.07760723,75.6409962,75.94989958,78.01043678,80.61176603,81.6294581,82.29074674,83.84601683,84.03179443,84.14188534,84.50486014,85.0666678,85.74161768,86.67704652,86.84371952,86.93871552,87.01560316,87.79119357,89.79478524,89.80913303,89.99642163,90.94531003,92.30307276,92.46033341,92.60324654,94.45153245,95.74518286,96.7930327,96.98502269,99.40205796,100.23460742,106.47417638,106.76326477,107.12394937]","[4,5,5,4,5,5,4,0,7,2,0,2,4,5,7,0,3,4,1,5,0,5,6,6,6,7,6,7,5,0,5,4,5,6,6,6,6,4,0,7,3,1,2,1,2,2,4,5,5,6,4,4,3,4,5,1,5,4,6,7,6,6,6,5,6,4,4,5,6,0,6,6,2,3,3]"
"[0.316437,0.4170368,1.03808976,1.05978091,1.10300063,1.13686961,1.36143998,2.37048972,3.03805652,3.42898523,3.6835709,4.73011843,4.8643122,5.34368262,5.82848502,6.41760961,6.46395189,6.47399146,6.50919949,6.5240087,6.70860855,6.79011028,7.00924605,7.12444227,7.61559145,7.7889868,8.05040872,9.00063243,14.03880652,15.68399844,15.7459874,15.94213805,16.46124405,16.68448463,17.26897517,17.74978777,19.15085068,19.38548652,28.93727468,29.04277326,39.74441469,41.82091798,45.65748971,46.91911078,51.42335508,52.2555997,54.12447211,54.406722,55.21999759,55.67021661,55.80591587,56.59178447,57.26502787,58.52948557,58.73544492,58.87374792,59.32486991,59.65253015,59.67571168,59.95909396,60.27796252,60.85422903,61.3454959,61.49876619,61.75385068,62.10987289,63.04069228,63.04324911,63.221484]","[6,4,5,4,1,5,7,4,7,4,6,0,3,6,4,5,6,5,5,3,6,6,5,4,4,5,6,5,5,6,4,7,6,5,0,7,3,2,0,1,3,4,5,1,5,6,5,4,6,3,1,5,6,2,5,6,6,4,5,4,6,3,5,6,4,6,7,5,4]"
"[4.90217591,7.51861038,8.86417102,10.95526078,19.24227138,22.07325746,28.36521916,28.81288649,32.1560712,35.5082282,35.63804379,36.50120916,36.93419428,38.40924292,38.43888403,38.76641739,38.82552553,40.50871758,40.52773842,40.95964585,41.50193688,43.32160271,43.91015005,49.16375238,49.96259825,52.1781326,58.41511595,61.36391999,62.27147898,62.38657952,62.48810264,65.74665329,65.76221973,66.0201244,66.02495451,66.31898865,66.45149459,66.88946454,66.98713484,67.44606473,67.96245515,68.57818577,68.80782427,69.89734347,70.32678279,71.52233868,71.61016799,71.87920255,74.32025887,78.48436946,83.76217502,86.70255733,87.83672953,92.5121339,95.566935,95.57368778,104.403096,106.09199113,107.7901435,108.0660888,110.19945682,116.98313869,117.23978192]","[7,1,7,1,2,0,0,7,0,5,6,1,4,0,5,5,6,6,1,7,4,0,7,2,0,2,2,3,5,6,6,4,7,5,4,5,7,4,5,6,6,5,6,7,4,6,5,6,1,1,1,1,4,5,6,0,0,2,7,3,1,5,5]"
"[0.57573711,2.00394289,3.65463205,10.51235672,14.73533195,15.81324664,18.15840015,18.81697736,26.33026134,36.93235301,38.2769135,39.26516659,40.43639445,42.4181705,42.66003885,44.42511316,45.82468377,46.14202172,47.27394119,47.44191783,47.77305636,47.82573677,47.87535698,48.0546049,48.90274553,48.99789933,49.01061491,49.46322208,49.77421536,50.77427393,50.82259358,51.67944888,52.17911781,52.53053719,52.76300101,53.97449526,54.09314492,54.33447964,55.53815564,56.09245622,56.27978051,56.36056904,56.55405703,56.56539163,59.25516999,60.54282828,62.11076071,63.20884951,63.41959817,63.42607071,63.44582363,63.64881079,63.94156965,64.04145558,64.07798428,64.42269244,64.63273191,64.71574435,65.51033122,65.83072937,67.06947074,68.83933473,69.5504616,70.65317533,71.6441563,72.29169032,72.51626048,76.2602088,77.61904188,84.55632894,85.58640257,87.36604745,87.68997862,88.052413]","[6,1,6,5,3,3,3,0,2,5,2,1,0,5,6,7,1,4,6,5,4,4,6,0,5,6,7,4,4,5,4,5,5,4,7,5,5,6,6,5,4,2,6,6,7,4,6,5,4,6,7,5,5,4,5,7,5,6,4,4,6,5,7,5,6,6,4,2,0,0,4,5,6,0]"
"[1.75417205,3.40547076,4.08769432,4.57250078,4.85992498,4.86238153,4.89637057,5.73027428,5.82856732,6.03667383,6.21421585,6.58285972,6.69069714,6.71351565,7.00371704,7.19061401,7.20105665,7.42711892,7.74006516,7.94502381,8.27911471,8.29352357,8.76685285,9.06740319,9.23662761,9.66970121,9.85615286,9.89480825,9.97810652,10.49624815,10.51895067,10.73659739,10.7696084,11.10145243,11.11699465,11.23060199,11.35609801,11.43893203,11.66214231,11.66613193,11.68921275,11.82455847,11.85170375,11.9997403,12.2786733,12.46508401,12.56393403,12.74805848,12.9628007,12.97092433]","[2,5,4,5,5,6,6,4,6,4,4,5,4,5,5,6,6,6,5,6,5,5,6,4,6,6,3,4,5,4,6,5,5,7,4,4,5,1,6,5,4,2,5,6,7,6,6,6,6,6]"
"[0.76614686,1.08808425,2.02455002,7.11113964,8.57582892,8.90775895,9.20161763,11.76479173,13.83096201,15.08695571,15.42697351,16.12451933,16.25077173,17.37249848,18.54990422,18.58811586,20.00159056,21.85245506,22.21569437,22.49960296,22.60193703,22.91616247,23.24911936,23.70538684,25.26273967,26.57317381,26.74032434,27.78409862,27.83276601,27.86763029,28.10689165,28.24197513,28.89507272,29.00135984,29.59250338,32.39341215,32.81466339,32.84324866,44.5131424,44.65097161,47.20033596,60.69804751,61.95071556,64.70466882,64.80141023,66.17597796,66.46238773,67.22354499]","[0,4,0,2,2,0,7,5,7,4,5,6,2,0,4,5,0,5,5,4,4,5,5,6,5,4,5,6,5,6,4,6,6,7,7,2,7,7,0,5,6,6,7,2,5,1,7,2]"
"[7.52929506,13.23892769,14.89841201,14.9504588,15.43355543,15.58655065,15.81252345,16.7958437,17.01367358,17.08433631,17.23407923,17.88714732,17.91457587,18.87484793,19.31029043,20.24679759,23.81661176,23.86856413,25.06871115,26.2400207,27.02555086,27.4449623,27.45111316,29.15055634,34.11216453,37.15727255,37.52807291,39.54694292,39.80998816,39.92466624,46.53063804,47.03981237,48.57094308,48.69440795,49.25756932,50.18430725,57.02288312,59.65802926,61.50087645,67.91816118,74.74107429,77.06730368,77.23479509,77.79208969,77.93434077,77.97862886,78.00412976,79.07738361,79.12566586,80.24335743,81.87060054,83.90290443,84.36522491,84.96806798,85.21944875,85.89806641,85.98481136,86.28228605,86.59307973,87.07286033,89.0010455,90.52468575,91.79046534,92.87509955,93.8573549,94.3135621,94.39550395,94.64578134,94.70721855,95.13116622,95.84467614,96.02105465,97.64587897,98.05396499]","[3,3,3,5,6,4,4,5,4,5,4,4,5,4,0,2,4,5,5,4,4,7,1,2,0,7,4,1,3,1,5,2,6,4,2,6,2,5,6,3,4,7,5,6,4,6,2,5,4,6,7,4,5,4,4,5,5,4,4,5,0,2,4,5,4,5,7,4,5,6,6,4,1,3]"
"[1.30436278,5.37389642,7.34625109,14.84221621,17.95845108,20.04680187,21.97290516,28.55680134,31.32674611,34.27457287,38.58697211,38.62515078,39.04004411,43.60184417,49.32811572,55.86471599,66.7652811,77.19380666,82.88218463,84.20371237,86.47245594,93.24938179,94.66509168,95.74095446,96.20195091,96.33052335,96.3762455,96.57157583,96.68339345,96.78575351,97.38969189,97.44448502,97.60406835,97.84177815,98.33948641,98.36276869,98.8424602,98.89467072,99.57288556,101.05140732,101.66365959,101.92978325,101.96431376,102.9902801,103.72918008,104.91787584,105.78507671,106.35028008,115.30910249,124.50655451,126.91334316,127.29874566,127.36243951,127.59565323]","[2,1,0,0,7,4,0,5,1,2,1,1,0,0,0,1,6,0,1,0,5,1,5,4,5,4,5,4,5,5,4,3,4,7,6,6,5,6,3,3,4,4,5,6,5,7,7,2,5,5,5,4,5,5]"
"[3.02930955,4.81939717,6.1172634,6.37623332,6.37942543,7.20161415,7.39159017,7.42957151,7.47211347,8.09421022,9.00029283,9.10176912,10.34037225,11.3231137,11.38898056,13.82480737,14.05243747,18.32529162,18.41688016,23.61848879,24.20640671,25.00116026,35.83804666,37.17380526,38.60599742,38.6455432,39.7090096,41.05128951,41.89061869,43.85237937,46.53567218,47.01546778,47.45428415,47.58914716,49.63427156,50.70977489,51.63305864,51.71826034,52.77399534,53.40946172,56.70137224,61.96920802,63.19902594,64.45734247,64.46217735,66.37897893,70.14784917,70.54281275,71.11569031,75.41143943,77.01436273,77.41101345,78.13433988,78.17746129,79.82183341,82.66199808,83.88418719,85.91864751,87.13901131,87.40159376,88.14258962,95.94429393,96.25599045,96.50555866,97.34114363,99.43052501,105.87121983,106.25892366,106.64286088,106.70108396,106.82233824]","[2,7,5,6,4,5,4,1,5,5,6,4,4,5,6,6,7,5,6,2,0,0,5,4,1,4,4,6,7,3,5,6,7,7,2,2,5,0,7,6,0,4,4,6,5,1,0,0,7,4,5,6,7,1,5,4,2,7,6,6,0,4,6,3,0,7,5,3,6,6,5]"
"[6.4299421,8.71264853,10.62787173,11.4033722,11.58185558,12.16844782,12.29735809,12.56118371,12.75430779,12.80513163,13.34540572,13.67164589,13.91123424,17.44622917,19.05781792,25.16593162,31.65744473,32.57591633,33.11173708,33.90518624,35.227125,38.84563404,40.94082678,41.58945183,43.57848,43.68643629,43.8997648,45.78872478,46.1272362,48.21893465,48.39165464,48.63830607,48.80282728,50.98994467,52.79686717,52.9536174,53.08947029,53.6193204,53.77044765,53.78108686,54.32163682,54.35541305,55.15303221,56.87012086,56.9569139,57.42379351,58.19122865,59.92161623,60.14201525,61.29757162,61.39712081,62.04170812,63.5065721,63.92308023,65.66377669,66.27576276,66.81915997]","[2,2,1,5,4,1,3,5,6,4,5,0,6,1,3,7,5,2,3,6,6,4,5,0,5,4,5,6,7,6,6,7,7,0,4,5,6,1,5,4,4,5,5,4,5,6,5,6,6,6,0,7,4,5,0,6,4]"
"[0.60010805,0.88740382,6.77778923,11.37095038,16.18323746,19.53692889,21.45838171,22.80180171,23.5806068,25.53243391,25.84703048,26.13414012,27.06881427,27.4866735,27.52479553,27.72704428,27.8814358,29.75573697,30.11809563,30.94035311,35.98010496,41.37749064,45.1367969,53.63787774,56.64900341,63.15843332,63.61975721,65.65429903,67.30757081,67.37239408,67.97103308,69.54926765,71.34581045,71.68960194,72.3790801,72.61417843,72.63912308,73.02133681,73.04545017,73.68499389,73.72638363,74.13105156,76.61714804,77.98141277,83.35101895,85.18548995,90.59507317,92.06824165,94.97937834,95.47503183,99.43660528,101.42621289,102.99211671,103.4328489,103.61856842,103.74648112,105.14526848,106.82049412,107.36724309,108.0836702]","[0,3,0,5,1,6,1,3,3,6,4,6,0,5,4,6,6,7,6,3,7,1,1,1,3,0,2,7,5,6,6,6,6,4,4,5,6,7,5,6,7,6,5,3,4,4,7,3,7,5,5,6,5,6,4,6,4,1,3,3]"
"[4.95034094,6.37518626,6.62693308,8.16054006,9.14926163,9.4955441,11.63900014,12.40144247,17.32839751,26.00584203,34.22688247,38.65916896,41.74894818,42.65887197,43.7693054,59.81975933,73.53183769,73.61827107,82.12086913,82.67456317,83.94108021,85.25828906,85.56110823,88.62678624,91.48699293,93.3956621,93.4034923,94.56531197,95.13042216,95.50719392,97.04278498,99.03667588,101.36095508,102.02360754,102.94642282,104.50587646,106.4756887,108.26379036,108.48295849,113.20326392,113.47512075,113.90340194,114.88922433,116.18650847,123.19089154,123.47872687,126.88427637,151.04312101,151.1451311,152.06074171,152.16207779,152.91334163,154.34367051,155.59972875,155.82074594,155.90291864,156.6091079,156.74379777,161.03147477,163.82895989,174.19998075,175.2103524,179.34866563,182.89054257,184.33854987,185.27954876,192.54980003,192.95992035,194.88972137,197.57359714,198.61745463,199.08572696,206.74101533,207.35943765,210.95338074,212.00165721,212.35536631,213.02948465,213.41160132]","[7,2,2,1,0,2,2,0,7,2,4,2,2,1,5,1,3,0,7,5,1,2,5,3,0,4,5,6,0,5,6,1,5,5,3,1,6,7,4,4,5,4,5,1,0,5,7,4,2,5,6,6,4,5,4,4,4,5,6,5,6,3,1,5,6,4,4,3,2,6,7,6,2,4,0,5,3,7,6]"
"[4.12683832,4.18981232,5.16191831,5.75025037,6.13756686,7.18548759,7.35713141,7.49647026,7.5912141,8.39780568,8.5054431,10.35626767,10.36124949,10.93542914,11.10955702,11.34378978,11.63618334,11.76509982,11.7840703,12.0076811,12.12808091,12.98579043,12.99484018,14.94542174,15.05386799,15.18317302,15.55929369,15.91823825,16.29640616,17.03402477,17.27237872,18.38904875,19.08873727,21.03191056,26.57530888,26.7377714,26.99847769,27.5513266,28.11533591,28.34516949,29.84415206,30.74980038,31.36998444,31.44513505,31.87313301,32.91637849,33.43461397,34.6152229,41.77787494,43.56292749,52.12487719,55.09934384,61.5504951,63.17443141,66.81468083,69.25329112,72.66024884,72.91077149,72.98164356,73.20178076,73.76222811,75.10059956,75.72883798,75.83678164,77.25783457,77.38323188,77.91948071,78.65148697,79.11084965,79.15776359,80.49842814,80.65371695,80.67313408,81.52381754,81.98031492,82.49121795]","[4,5,6,5,4,4,4,5,6,5,6,3,5,4,5,6,6,6,7,5,6,0,6,6,7,7,7,6,3,4,5,5,1,7,0,5,6,7,5,0,5,4,2,6,2,4,6,7,0,4,0,0,0,0,6,0,4,7,5,4,5,5,6,0,5,7,4,1,5,5,6,2,6,5,6,4]"
"[2.26660324,5.05800163,5.86133403,6.45200446,6.75847526,9.49966264,9.86508442,10.33530226,10.46233011,16.59252233,19.25628342,21.07440123,23.29147359,23.69632351,24.48286764,24.91467378,25.51845791,25.61804461,26.3098778,26.74676689,26.86160507,27.31361849,27.39643853,27.94559081,28.20596825,28.28013257,28.31178595,28.38674002,28.47469058,28.48448256,28.65325788,28.85118895,29.17582438,29.30286908,29.46434628,29.67842696,29.84803092,30.22052463,31.20869995,31.21375145,31.52328456,31.86367097,32.6175646,32.71805032,32.76485326,33.22059911,33.54965327,34.22152478,34.33347868,34.46940948,34.87332665,35.76569182,36.21951829,37.68160705,38.24307337,38.59766354,39.10072049,39.61018488,39.85211726,44.69114955,45.42035837,45.91423743,46.87698851,47.33393105,48.39142833,50.73438824,50.76297227,52.38024226,55.14981506,55.22795009,58.58947579,60.07020456,75.23866599]","[1,3,1,5,6,4,1,7,6,1,1,2,2,5,4,4,5,5,7,4,6,5,6,4,5,5,2,5,4,7,4,5,4,4,5,5,4,5,4,4,5,5,5,4,6,6,5,4,6,6,5,7,4,4,5,1,1,5,2,4,6,5,6,7,2,1,2,1,4,5,7,7,0]"
"[2.58144139,10.80209784,14.1641544,14.99614103,15.39979413,16.16248169,17.02512707,18.0861109,20.27307495,23.37331307,29.38904185,33.64114786,36.21271096,36.6104057,37.92227038,40.79106599,41.30094129,42.07046297,48.32172171,51.49310945,55.64112247,56.95570574,59.41298072,60.37401822,64.79166656,65.41858811,66.84468968,67.51737963,68.91912515,70.3411184,72.24914054,80.71552212,81.17259801,86.40307849,93.27652978,94.29938779,94.73952476,95.49848561,99.02283727,99.61145409,99.94797609,99.95252299,114.92549125,116.20842639,118.02578569,120.58637303,123.38240384,127.23604805,128.50086113,129.65119893,130.14011417,130.5577573,131.71735737,132.52967786,132.61407869,134.44229681,134.47844517,134.92715373,135.17755147,135.17980606,135.21603475,135.24166364,135.3636824,135.52187246,135.5950843,135.77691431]","[2,0,2,5,4,4,4,6,1,3,1,7,5,3,3,3,3,3,5,1,3,1,5,6,3,4,1,5,6,6,6,6,2,7,6,7,7,1,4,2,5,1,1,1,2,0,1,5,2,7,4,0,7,5,4,6,4,5,4,6,5,4,4,5,6,4]"
"[0.87718491,7.80857084,12.18315926,14.53639351,14.64929938,18.60987101,20.01201094,28.67584758,32.96666526,34.59008865,37.2572457,46.38358924,48.55503448,52.06812299,54.74230637,57.17997593,59.7402146,60.34618972,61.68970064,66.85380225,69.78736068,74.11315553,74.98569509,78.13391722,78.45748052,78.89603196,79.50952469,82.46930737,82.92017996,95.99519784,96.69418446,97.37993882,98.52891915,98.57134879,99.59446543,101.74517385,104.76218622,104.78786777,104.92790629,105.32956845,105.44898697,105.74794743,106.28692754,107.37489362,107.65051028,108.86674092,111.5842885,111.60804688,112.10345717,112.39093731,115.47480166,115.6753662,115.82700641,116.09520183,116.17722277,116.52358774,116.83164643,117.39944545,118.01566455,118.0198164,118.05463372,119.03632241,119.10774792]","[1,0,2,7,1,3,0,4,5,4,6,2,0,5,6,1,0,7,6,5,1,4,0,6,1,7,0,0,0,7,2,4,5,5,6,6,4,5,5,4,5,6,6,7,5,5,2,4,6,6,4,5,5,3,4,5,6,6,6,7,6,6,0]"
"[0.31967843,1.85672855,2.08352888,11.15849585,12.13151129,16.90898373,18.42235026,19.75691748,30.41899812,30.45427321,32.04088105,32.80534002,34.20114608,42.18491943,52.40368785,52.55773637,52.60904053,53.05217865,53.07122047,55.57578805,58.89462991,60.35872025,60.60703844,63.5741788,64.2361092,65.24585065,71.60022727,72.57663139,76.0584002,76.08607945,81.05606271,81.84841347,82.27051901,82.83290837,83.25758162,84.6984563,84.82334626,85.167691,85.22691971,85.66241187,87.32853386,87.39749662,88.11755166,92.72268913,92.75483839,92.92988773,93.13952866,94.25562553,96.20430644,96.93760398,100.44749361,104.29526877,104.63393827,105.41642013,107.06823888]","[1,4,0,1,7,6,1,0,7,7,2,1,5,6,5,6,6,6,6,0,6,7,7,1,2,7,7,3,1,7,2,5,4,5,3,5,6,6,4,4,6,7,7,0,6,2,7,0,2,2,3,1,7,7,3]"
"[4.36058854,4.47468629,5.03079753,5.06775891,5.7712228,6.4608604,6.89868631,6.9843973,7.17019432,7.19381094,7.65012943,7.74216146,7.81726433,7.99355511,8.00019109,8.39048052,9.39370742,10.53003834,11.84112994,13.73980539,14.30796189,14.90872204,17.03169774,20.1905625,20.29894935,20.69925072,20.7245639,21.61389962,21.65377365,21.82922873,21.88659975,21.90808315,22.08324831,22.09514356,22.44998388,22.6016498,22.75215864,22.8867938,22.89306681,22.9187353,23.07397097,23.26244128,23.94948438,24.15474196,24.29801139,24.39616041,24.48624169,24.56736153,25.90091885,25.96404719,26.02567125]","[7,2,5,4,1,6,4,4,4,5,6,5,4,5,5,6,6,0,7,4,5,6,4,5,4,5,6,4,5,4,5,5,6,6,4,5,5,0,7,4,4,6,3,5,5,6,1,5,4,6,6]"
"[4.85940095,5.67091839,6.19849047,6.27669404,6.66481145,8.1924911,10.76274278,12.18099331,14.18496546,15.29027405,18.35082573,23.06257495,23.31955972,28.9611555,30.1919978,30.65371576,32.73605897,34.04491347,39.24135035,42.03488129,44.57095972,44.79938649,45.02480489,46.23409447,47.66786054,48.27819953,49.06614613,49.12744318,49.27533387,52.05455277,52.36630445,53.747687,53.93182069,54.00918318,54.40808764,56.63201863,56.7726091,59.18069924,63.04369602,63.1034961,64.42856112,65.85355347,66.11530224,66.59846934,67.45695911,67.56393472,67.7540592,68.38884265,68.61146726]","[1,4,5,6,5,0,3,0,3,4,3,5,6,1,0,1,3,7,0,7,5,4,5,6,2,7,5,1,6,6,5,6,4,2,4,0,7,2,5,4,6,4,5,4,5,6,4,6,7]"
"[4.03736673,8.52724131,10.81668587,14.62128171,21.63321187,23.09260209,23.67569457,31.48516218,32.23446399,34.10950433,34.92251755,36.43643848,36.68968968,36.7437002,38.97222613,41.0287315,41.58476916,41.73642303,41.93048603,43.00942884,44.14756762,53.29615679,53.32469987,53.79120705,55.31791204,55.57479247,55.92394301,56.21023738,56.52390388,56.83006843,56.83980422,58.00871769,58.1750644,58.58888408,60.14653291,60.57297415,60.61589631,61.06457172,61.09858534,61.15894319,62.73114762,62.87529811,63.08623299,63.11047946,63.3883863,63.40220447,63.58465999,63.72328804,64.18140155,64.46021635,65.38543876,67.83603914,68.13001781,70.03559907,70.36030275,70.68212888,72.83374139,73.35988071,75.46058192,76.39823544,76.7576035,77.66966791,78.12450022,78.265211,78.52232516,79.62792402,80.60524403,81.15564866,81.39779417,81.70053513,81.86893544,81.97705224,82.29838475,82.54546569,82.57527355]","[4,6,6,7,3,4,1,0,5,4,5,5,5,4,6,5,6,6,7,5,6,5,2,4,0,4,5,5,6,0,6,5,6,7,2,2,4,4,5,4,4,5,6,7,1,4,5,4,4,5,6,5,6,6,4,0,0,2,0,4,4,5,4,4,5,6,4,4,5,4,5,6,5,4,7]"
"[4.45039282,4.84734937,5.19619172,6.68594827,7.78937716,8.30573127,8.42048382,8.70269405,8.74438162,8.91614492,9.02148248,9.27992659,9.28421301,10.59767992,12.46257271,15.433251,16.17708938,16.25762631,16.32810862,16.35345855,16.38604158,17.57885725,20.02816918,20.14219392,20.33511847,20.47804944,20.55434825,21.08118,21.31995702,21.99332549,22.39286105,22.81237142,23.10825739,23.20090956,23.27799778,23.33256116,24.37221271,24.5344381,24.71022761,25.15799614,25.57571807,25.63560089,25.66985435,25.76225739,25.7915746,26.01807424,26.32409088,26.57452282,27.65968578,27.84128059,31.60356917,31.63641848,32.44999334,34.41932515,34.71433545,46.88177762,46.90532093,47.4548363,49.24756351,49.3403203,50.8894908,51.81507511,52.03582832,55.64189982]","[4,5,4,4,2,5,5,4,6,5,4,6,5,4,6,5,4,4,5,5,6,5,6,6,5,6,6,6,7,1,5,4,6,5,5,4,4,6,5,7,6,6,0,4,7,6,4,7,3,5,4,3,4,6,5,4,5,7,1,4,0,4,2,5]"
"[4.34791111,7.72433694,7.8290952,9.17235138,12.40761355,12.42123448,12.42404051,12.47061955,14.31641144,14.43819328,14.68771829,14.794161,15.66827141,17.0653306,18.03128349,18.19448445,19.77964362,20.03854094,20.35515459,21.65473607,22.21277542,23.30130404,23.67029068,24.43574545,24.47811623,24.71081759,24.75337859,24.89360731,26.38035512,26.59293212,28.76402842,29.14042799,29.50070271,29.62908702,30.19458229,30.61549504,31.00139223,31.21856057,31.70869326,32.09076586,32.51441379,36.29436341,36.67668932,40.32936686,42.55608066,42.72649968,45.18281283,45.3023131,45.83398796,46.72434332,46.8126117,47.38710958,48.2320768,48.35030121,48.89694813,50.9043517,50.91983428,52.13072243,52.23797678]","[7,5,2,6,4,4,5,6,7,7,5,5,6,7,2,3,6,5,4,4,5,2,5,4,5,2,5,4,6,6,1,0,1,4,5,1,6,4,7,4,4,4,5,5,4,5,5,6,6,6,0,4,0,5,6,4,4,4,1]"
"[11.51074243,21.73202887,22.75890318,28.55898584,28.82176093,31.06275488,34.42428581,36.38210122,37.70736661,38.70506728,38.74535135,39.26643155,41.63891515,42.64842352,43.06234816,43.52785189,44.60930849,44.93443864,47.88473663,49.48111235,51.22547248,51.51228689,52.265087,52.92392678,53.63451194,54.18315118,54.4071019,55.58612954,56.52262805,57.62859186,61.57816356,68.75459486,69.18153948,69.54913827,70.20495221,70.95812039,71.37348091,72.37036209,72.4706325,72.85077556,73.58016242,74.70323567,75.02219511,75.27056808,75.35499094,75.45622524,75.83880277,75.96140327,76.08043686,76.15675285,76.25985109,76.66271002,76.69582457,76.70242188,76.72899502,76.76325647,76.92734867,78.02113049,78.86165329,79.14043023,79.29755251]","[6,3,1,5,4,6,6,4,5,4,6,5,3,0,5,4,5,5,4,2,2,4,5,6,6,6,6,4,7,5,2,5,4,5,5,4,4,5,5,5,6,4,6,5,5,4,1,5,6,6,5,4,1,5,4,4,5,4,5,4,6]"
"[2.31398032,2.48269366,4.13657243,7.34234883,7.48521526,10.99408793,13.31022831,14.65015404,18.62334003,19.08648197,20.54660696,20.79247324,21.11152705,22.34337254,23.6684556,26.16296922,26.62970493,26.86867971,33.27646083,34.09918048,34.13342337,35.42023023,40.68154597,41.63861309,42.58473669,43.94664812,47.08677074,52.48635932,53.15072937,57.77948203,57.89374292,59.05621923,59.2386791,60.04493275,60.65954587,61.69658412,62.78436282,62.95770356,65.84869011,69.65009237,70.77435308,70.8385751,71.3073707,71.7052956,72.35146865,73.06688489,73.7927976,74.13157978]","[0,0,5,6,1,0,1,4,1,5,4,4,3,5,0,3,2,5,2,1,4,5,1,4,5,4,0,1,2,3,2,2,6,7,4,3,7,4,1,7,0,5,2,2,1,5,4,6]"
"[1.71048392,7.39473996,8.54567968,10.54776529,11.7617818,16.11226695,21.60020443,23.07563035,23.84610491,24.19749682,24.53463458,24.62142696,24.96244254,26.72428731,27.73572077,27.87285099,27.93718273,28.08155256,28.19858365,29.32043987,30.58319154,30.71980034,33.17913323,33.4289971,34.01743702,37.32600281,37.4730942,38.54345823,41.54389804,41.68914257,44.70755129,46.09441402,47.5843811,48.20530349,48.77454198,49.22801086,51.93012222,60.69337975,61.90859037,62.29119196,62.57046592,62.85692758,63.06774165,65.74605857,66.66907806,66.84197202,66.9154209,67.19747911,71.58623345,75.60089729,79.02416113,79.58933226,79.91915781,81.0538561,81.16375091,81.273595,82.317845,82.94755085,84.7921923,85.72232905,86.42683751,86.45022052,89.11829604,89.25792818,90.97783957,91.38284359,91.41304771,91.74663526,92.76465393,92.8077569,93.30799251,93.35994332,94.26693568,94.49137584,95.21205637,99.29740554,102.30317373,112.68965103,118.67814907,119.6630506]","[4,3,4,3,5,4,4,4,0,5,4,6,7,1,5,6,7,7,6,3,4,7,6,5,7,3,3,6,7,4,5,6,4,5,5,6,4,4,5,6,5,6,7,6,7,6,3,6,7,6,6,2,3,5,6,6,7,5,0,4,4,6,5,4,5,5,6,1,6,0,6,4,7,3,5,7,1,2,7,2]"
"[1.51866184,3.76042062,7.78634792,13.67320931,18.23312332,22.19632887,22.86912761,23.38448022,24.9449051,26.45462809,30.76497704,40.14341889,43.5020272,45.07291339,45.92814491,46.92187231,49.74797966,50.61657359,57.56431307,57.77801573,59.64458812,59.80535272,61.68055406,63.42769976,65.75024194,67.40501213,69.67897074,72.17923216,72.65877926,78.31026523,78.95927635,79.06910184,79.79100928,80.04597649,80.13246529,80.54471006,80.70754801,80.8796111,81.80368532,83.1815994,87.31919754,88.58559922,91.65945645,95.55589142,97.80298595,104.69815101,105.56704741,107.24441544,107.4444768,108.65867223,111.53735272,111.72631373,114.01246422,116.92493281,123.87011714,127.93017069,128.76236709,132.55529989,138.86492175,138.97619954,141.21247731,142.77514178,146.92188046,149.08387438,149.27741915]","[3,0,1,0,5,5,5,4,5,2,7,2,5,6,2,7,2,4,4,0,5,4,6,7,7,2,3,3,1,2,6,5,4,5,7,2,5,6,6,3,5,6,2,3,3,1,7,4,3,6,6,5,1,1,3,2,3,0,5,6,6,2,1,4,3]"
"[3.79419009,6.82557605,7.48754065,7.57106645,8.13558813,8.36888145,8.43190848,8.56029784,9.53024107,9.73879867,10.64344242,11.02011776,11.31157475,11.34802169,11.86291041,12.27651329,12.27874841,12.42709045,12.79497981,13.08541685,13.31254712,13.41274713,13.77149894,14.24337953,14.5881955,14.79285873,15.25264518,15.84553732,16.20233172,16.42966971,17.9384385,18.4423385,19.48485225,19.68668993,21.11760929,21.12933453,21.15441075,21.21814883,21.47548477,21.63402133,21.90159331,22.06280605,22.5824271,22.81905055,22.83428351,23.23612189,23.36810353,23.38633832,23.38974094,24.13492731,24.81490505,24.92273624,24.95368971,25.09742139,25.7621903,25.80621185,27.75577625,28.0618638,28.1228215,28.33553997,28.42960977,28.47862341,28.50490786,28.79301004,28.85910844,29.05546745,29.07896177,29.29604894]","[4,1,4,0,5,4,0,5,6,4,4,5,7,4,5,6,5,5,6,4,5,4,4,4,5,5,4,5,4,4,5,1,5,4,5,5,4,4,6,4,5,6,5,4,6,4,4,5,5,4,5,0,4,5,5,6,1,1,4,5,4,6,5,4,5,4,5,6]"
"[2.15881793,3.52704516,10.08665551,12.67023407,13.73999267,14.59000985,15.74320418,17.40023546,18.52261542,21.47625698,23.75445274,24.03748393,24.67461035,24.85959084,24.93943514,25.10082029,25.8140706,25.95112182,28.21801501,28.98928677,30.06162443,33.67329025,34.14896239,34.37295462,34.90343196,35.59018269,35.77095595,35.77692214,35.85982281,36.22976706,37.50483739,38.75080606,39.19224486,39.43506638,44.89077611,45.12224299,48.63061463,49.49563215,50.53197658,52.85864056,53.07538406,53.44977152,55.72378012,57.1185403,57.93977926,58.18471083,58.27438556,59.46184401,59.71038883,59.89045991,61.40278677,61.92101148,63.73985298,64.85575015]","[3,1,7,4,1,6,0,2,5,6,4,5,5,6,4,6,7,5,1,0,6,5,6,6,3,4,0,0,5,4,5,6,4,6,7,2,2,5,5,6,6,6,2,4,5,6,4,5,5,6,4,4,5,6]"
"[4.50094558,10.95943549,11.12884369,19.16519515,23.18623253,28.11600528,34.43982286,35.50942902,39.44327636,41.3523986,43.76726692,43.86097341,45.56632619,49.07129335,49.28049305,49.48790356,51.46382272,53.73721688,54.88291777,55.49011741,55.65540213,56.13203335,59.16236902,59.37080613,59.69076353,59.78379216,61.56581363,62.02412595,62.32987209,62.65244373,63.73109144,64.94779251,66.70957155,67.60792103,70.53290789,70.8053917,71.31557991,72.18007789,72.42396577,72.69670964,72.73262624,73.00896266,73.51394287,74.24164501,74.46538237,74.51799766,75.54535981,75.69295399,76.80872874,77.90334284,78.95926031,79.10373808,85.36829385,92.06406231,92.74483949]","[3,7,1,0,3,2,3,4,7,7,0,0,7,1,6,6,2,4,5,6,6,5,7,1,1,2,4,5,4,5,1,5,5,4,6,5,7,5,6,6,4,4,5,4,5,6,1,0,5,6,3,3,3,7,0]"
"[1.13064606,4.87964932,5.36238352,7.03657703,7.50853785,11.67582637,12.72577588,13.63610703,14.46550955,24.7555569,25.26375914,25.35890961,25.96324015,26.25124232,27.08214059,27.9551185,28.61172644,29.09301475,29.13992775,30.15123276,30.22192893,30.33639386,31.49286662,31.77781033,31.83355232,32.10989381,32.23678135,32.49466509,32.67900393,32.69146118,32.81411409,33.25338512,33.84130922,33.84415806,34.8759518,35.4856791,35.89727518,36.12959866,36.50395573,36.57112124,36.93814391,37.0584559,37.86968517,38.15110182,38.88353612,38.93563787,41.98609839,44.19710476,44.60126316,45.99441669,46.55381005,49.56627737,49.98602565,52.07483388,57.49290271,59.57788868,61.98036346,67.76313718,69.55956354,70.88994575,71.15733967,78.20860421,82.29768557,83.01673395,83.307867,83.39702708,83.64788014,84.26635715,84.52061265,86.83878063,88.01212852,88.51426652,88.74809906,88.9321663,88.93712979,89.00190883,89.09497218,89.23528201,89.34049484]","[2,4,2,7,3,7,2,1,2,1,4,5,5,4,6,5,7,5,7,4,6,4,5,6,5,6,4,5,7,4,5,4,6,4,4,5,7,6,4,6,6,5,7,4,5,2,4,7,7,7,5,3,6,1,2,7,2,0,7,0,0,7,4,5,5,2,6,4,6,4,5,5,3,4,3,4,5,5,5]"
"[0.45487418,2.14857294,2.301847,6.62639774,6.84551293,7.00237456,7.21450221,8.39634701,9.94407475,10.50771155,11.06866015,12.64060776,12.72883373,12.79132965,13.73324919,13.74940259,13.78671456,13.82021668,13.90962779,13.93717346,14.21040788,14.25040402,14.38253879,14.71735665,14.73050951,15.17582126,15.18460055,15.5155629,16.17848429,16.45572518,16.66699345,16.77253112,17.01930781,17.72355575,17.91851694,17.98469252,18.52725508,18.79884892,18.80876417,18.90461392,19.12322674,19.36364523,19.42909669,19.5295376,19.59539772,19.72886267,19.81610363,19.9376503,20.28480222,20.39978282,20.42911508,20.60895268,21.25477719]","[1,2,3,4,7,5,4,0,5,4,0,4,5,5,5,6,4,4,5,6,6,6,4,5,5,4,5,4,5,6,4,4,6,7,5,5,4,5,4,4,5,5,5,6,6,4,4,6,5,5,6,4,4]"
"[3.61641364,4.34543968,9.14334288,13.85592372,17.53800192,18.10655956,24.76319997,31.49180289,35.80207826,37.97781324,39.33371223,39.99044541,41.89746569,45.90066039,49.16448894,51.73599489,51.88396408,52.79168587,57.15802299,61.93817246,62.86766084,63.29984193,63.91804325,67.50455363,69.41529711,72.38853578,72.89532278,74.40442904,75.88899929,75.97506645,77.42987429,77.43045358,79.61477667,80.05770549,80.59085697,82.41195885,84.90555599,87.26497818,94.48974975,94.65315468,104.53857238,106.63753294,114.07876545,118.90877061,120.11947444,120.59204487,121.86757035,122.04459957,126.890606,127.34097067,127.56558288,129.66947207,130.13216135,130.44045851,132.51022814,134.77226171,134.92815285,134.98121046]","[1,1,3,3,5,5,1,2,0,0,0,1,6,0,5,6,7,2,3,5,7,4,6,7,4,5,4,6,4,5,4,4,5,1,6,6,7,0,3,6,0,2,1,0,6,2,2,2,4,0,5,6,7,7,6,5,6,3]"
"[8.37307229,13.00102258,15.01416796,16.04699873,16.09979786,17.68054724,17.7131985,25.4574593,25.96856592,27.29287624,27.42283284,28.2641056,28.83439147,28.91546637,29.39732604,29.66172502,30.56099562,30.7808906,30.89802239,31.49155967,31.57565451,31.67994912,35.07338392,35.31348193,37.31143504,38.24392876,38.31085416,38.38986657,38.59478939,38.90323916,42.28668103,47.57478467,47.71115583,47.71684758,49.55603502,50.73674803,50.76191735,51.10037962,51.81264113,52.26216034,52.50632147,52.7990515,53.58653905,53.9199959,53.94761637,54.69295308,54.8644035,54.95021514,55.29430887,55.32217683,56.02374741,56.61542477,56.66075357,57.03602925,57.31852019,57.80006644,58.06319876,58.24248793,58.55406226,58.93659874,59.2902238,59.59972574]","[5,1,0,7,4,7,0,5,6,4,7,5,6,6,7,4,4,5,6,1,7,5,4,5,1,0,7,0,5,4,7,4,5,6,4,0,4,5,4,5,5,4,6,5,4,4,5,3,6,5,5,5,4,5,6,5,4,4,5,5,4,5]"
"[8.53166495,8.68544484,10.36856311,17.83345624,20.94373932,22.38264099,29.57958606,36.64767028,37.7707243,38.03072742,38.14057262,38.54153729,38.76586194,39.30151182,39.39497469,39.98896823,40.0993237,40.1826903,40.2813868,40.80066223,41.6992236,42.02710609,42.69917242,42.72417865,42.84939011,43.20914363,43.88010221,44.59763162,44.88939597,45.50081992,47.05244806,47.24613252,47.46025336,49.81363185,52.03268621,53.64539586,54.07342245,55.01420976,59.85564822,59.87492625,62.75181626,63.44477522,68.4270075,71.85189612,80.89016469,82.16740358,83.59649234,83.83519517,84.34257466,84.60422287,86.11160547,86.4421463,88.41779716]","[2,7,1,2,1,0,1,7,2,5,4,6,5,7,4,7,4,0,5,4,4,5,7,6,6,5,4,6,7,6,1,3,7,0,0,5,6,7,6,6,7,0,3,2,2,0,5,1,6,5,4,6,4]"
"[1.35942254,4.61584177,9.93762324,10.58345584,10.9554562,11.45058176,12.45968494,12.76016417,12.79284672,15.22664665,17.55924304,18.73755512,20.53207889,21.06489139,25.12212605,25.81870112,26.42432986,26.66719776,27.52516607,37.14839248,39.49338044,50.01342275,52.87136196,53.60463172,54.14903219,56.91256933,60.37779945,60.56519816,61.07340161,63.22265016,63.73294345,64.0932735,64.26481045,65.70535964,66.1558156,66.23556465,66.27171749,66.29888174,66.3343369,66.73496834,66.87625499,67.10456874,67.33089502,67.40209029,68.0146915,68.03042955,68.17242562,68.27491156]","[7,2,1,4,5,4,7,1,3,6,6,5,0,0,4,5,6,6,1,5,7,0,3,7,0,0,2,1,5,4,5,6,6,4,4,7,5,3,5,4,5,6,1,4,4,6,5,4]"
"[3.14946869,4.32427126,7.55890905,8.21195306,14.51726788,14.80992076,14.85744039,15.87391877,18.61731035,20.84280749,21.87309043,22.41452882,23.80913217,26.64831851,27.16207677,27.85827049,32.29086246,41.79471829,56.92756768,58.89884566,59.13609691,60.4097859,60.89386985,60.90026629,61.5936112,71.84169764,73.11329708,73.75755131,76.89170877,78.85153046,79.90255948,80.40779232,83.86564432,83.97243373,83.97884224,84.36460347,84.79067193,84.81566995,84.85347719,85.63476657,86.12388161,86.36198684,86.3860535,87.38437318,88.72038106,89.16205062,89.97271944,90.02922371,90.77602613,90.91537292,92.74336828,96.14189495,96.76605086,97.21186634,97.77688453,97.94236525,98.26378218,98.84878308,100.03847433,100.31944081,100.77303473,102.94665112,104.11819559,104.14083808,104.28321477,104.3372355,104.39671719,104.90839528,104.94243845,105.12047747,105.97918228,106.89521254,107.42973332,107.80785916,107.94299224,109.07723253,109.24037291,109.57134509]","[1,2,7,2,5,4,4,5,6,3,5,6,7,4,5,4,5,0,2,5,1,4,4,6,5,4,5,4,4,5,1,4,5,4,6,5,6,4,6,7,5,6,4,6,5,6,7,5,4,1,2,7,5,6,6,7,4,6,5,4,4,1,5,4,2,4,5,6,6,6,5,6,5,4,6,5,6,6]"
"[2.45295607,5.08449583,6.23004347,10.15126202,11.5537461,12.95747662,16.628144,16.69154583,17.92339845,19.76904477,20.24052546,20.47369424,21.56572889,22.22638945,22.71881685,28.35319828,28.37294419,32.77032528,35.70839835,40.01313004,40.5741915,41.00392855,41.8127213,41.95608705,42.33324247,42.49626914,44.0837431,44.34201063,44.92577797,46.38126775,46.75138504,48.63742388,50.84941647,51.0197318,54.03619185,55.32582231,56.17639904,59.01395889,60.64667124,63.76608166,64.17596115,68.54013834,69.44206911,75.48701503,77.8051123,79.73781039,80.63951555,81.7819612,82.8000926,86.35712348,88.7026898,91.22414352,92.1361295,109.12895652,109.30218713,109.96679091,112.4674592,113.25513564,113.30496652,114.1971794,115.28468207,124.65889835,125.7235992,125.84828706,125.92355812,126.48627619,126.58178441,126.68354523,126.89958974,127.60276794,127.88482065,127.89546398,128.04683331,128.30586274,128.89452768]","[7,2,3,0,1,7,5,4,5,7,5,6,6,7,7,7,3,6,7,7,5,4,1,6,2,1,4,5,5,6,2,4,7,0,3,7,7,3,2,1,7,4,0,5,4,5,1,7,2,7,1,3,3,2,6,3,4,0,6,7,3,5,4,4,5,5,4,5,6,6,4,5,6,6,7]"
"[2.01372757,6.59369675,10.22202269,10.48635267,11.34870671,11.52477999,11.92814398,11.97117185,12.27667763,14.58154709,18.64690273,19.02712996,22.59195108,24.74444197,25.23460833,27.44326518,34.81008346,36.00990853,36.18130354,39.6898403,41.15922014,42.12020688,42.95299417,43.38134514,43.42611243,43.4730284,43.83074686,44.49866652,45.00707731,45.42943267,45.88252709,52.1063912,53.32843677,53.88745958,58.1219528,59.32573967,61.81358611,62.93705958,66.67275268,73.55485714,75.08109671,75.4512252,75.59205018,75.70234084,79.66130333,80.38970856,84.81521037,87.64065702,88.36400195,91.20259186,100.61565607,104.14256554,104.18194556,104.52396875,105.95672556,106.35836142]","[1,6,2,5,6,6,3,7,1,7,1,7,0,1,2,3,4,3,1,3,7,4,5,6,5,5,6,7,6,7,6,3,4,1,0,0,2,0,3,5,6,3,3,1,3,7,1,2,2,0,0,3,1,5,3,6]"
"[1.68638896,2.43278133,3.38895634,5.84855814,12.09099704,15.36766279,18.11755551,19.26268426,21.21091541,22.3515156,22.88217438,24.43409458,24.48725785,24.81280362,25.25263379,25.28477618,25.66429996,25.7263406,25.84387148,26.37473457,26.38383276,26.38992095,26.55153108,26.66751785,26.8597682,27.26976902,27.45214613,27.58119004,27.76609519,27.9469997,27.94732627,28.10326198,28.28820809,28.32681473,28.35590859,28.49543239,28.98538204,29.11625315,29.16712538,29.4632665,29.47136416,29.62475187,29.86496293,30.14019498,30.20171822,30.90271414,31.0224435,31.25602298,31.36653355,31.90527607,31.97474897,32.16193471,32.25250797,32.37407386,32.45180763,32.69286785,32.7190169,32.8469179,32.90261407,32.98063475,33.20496789,33.22578284,33.3880653,33.39195532,33.42230245,33.70801587,33.95944218,33.98872004,34.08405401,34.311991,34.7771489,34.89209991,35.13668034,35.16559487,35.25990323,35.62800351,35.86640676]","[3,4,2,1,2,5,6,7,4,1,0,5,6,4,6,4,5,7,4,5,5,6,4,5,6,5,5,4,4,5,5,5,6,6,5,5,4,5,4,6,4,4,6,7,5,6,4,6,5,6,4,5,5,4,6,6,5,6,6,4,4,7,5,6,5,4,5,6,6,7,4,2,7,4,4,7,5]"
"[1.38510138,4.27270161,8.39996824,14.27692677,15.49925319,15.79908699,15.87030571,15.90848621,16.31160148,16.47170173,16.59937096,16.75108328,16.81018999,17.06951952,17.46584467,17.59133127,18.47574857,18.76836756,18.89780719,19.54196797,19.99529274,20.01085225,21.11274995,21.35373428,22.20089793,22.49179954,22.6278687,23.70741164,23.99399245,24.57039457,24.80327422,25.05714328,25.17083431,25.19264253,25.73337116,26.24346328,26.50159034,27.49472542,27.58023702,30.02840408,31.43913344,32.40312806,37.67983175,37.68866943,38.15359473,39.39775573,39.42636977,39.90231228,41.07550136,42.22951274,42.51984526,42.84928261,43.03134842,43.10803002,43.14226444]","[0,7,1,4,5,4,4,4,1,5,5,5,4,4,6,5,6,4,6,0,6,5,6,5,4,6,4,5,5,4,7,6,6,2,2,7,1,6,7,5,6,6,1,7,4,4,1,5,5,4,5,5,6,5,4]"
"[0.04838003,1.01867591,2.82915196,4.3918394,5.54828486,7.18578502,7.89168675,8.11820791,8.48504433,10.91608583,13.60124063,16.48486604,16.76894387,16.84340379,17.19361936,17.25918922,17.46815495,17.56223757,17.64976292,18.05159209,18.38389439,19.34522131,19.95997609,20.07282077,21.37250309,21.5142411,21.89549428,22.46588111,22.494984,22.56888598,23.63505377,24.11742081,24.40638398,25.04335803,25.64031643,26.94039128,27.03203719,29.05609616,29.84137934,32.56769274,34.83292189,35.14669314,44.59341181,45.53339889,47.37360695,47.77719728,49.61813006,50.8658146,52.5315774,54.61687894,55.00499982,68.11052597,72.48541139,77.65257643,81.74227362,83.32653868,83.74832564,84.36554399,85.02510573,85.60021046,85.7312505,86.08097078,86.47928591,88.1804349,88.25652653,88.47452018,89.21295736,91.77847908,93.27225288,103.37103525,106.0121152,108.44273936,109.67903868,110.59311342,110.84911901,110.96770552,111.06334433,111.84726204,112.55756795]","[4,7,2,1,7,0,5,6,0,2,1,3,3,4,4,5,4,4,5,4,5,4,2,5,4,5,6,5,4,6,4,5,6,5,6,6,2,7,3,6,2,1,2,2,6,0,7,6,2,2,7,1,0,3,1,5,5,4,5,4,4,6,5,6,7,1,1,5,4,7,7,2,3,0,5,6,6,6,7]"
"[2.93250802,3.38982989,7.35102707,7.43324784,9.64568282,10.72532178,12.64338012,13.96368297,14.20440506,16.25359188,17.50007037,26.84700172,29.25032914,29.71363487,42.98159185,44.59293889,45.93053732,46.41775457,46.61643778,46.84121636,47.32558761,47.81523853,49.26087019,50.84641336,51.36702656,51.7368574,51.80628547,52.02212569,52.76430771,53.52927005,54.8119633,56.05680198,56.41271781,56.59349918,56.61679283,56.99769877,57.0592188,58.20532847,58.75064949,59.06574399,59.12678754,59.20543647,59.96311526,63.02097056,64.18193781,64.2108788,65.55309154,65.570661,67.34130415,67.4935559,69.42580379,70.51830722,70.64394528,71.22917179,72.59433975,72.64118827,72.76953372,72.94600901,73.4044371,73.42089933,73.43289876,73.47916314,73.90177469,74.10760574,74.15237816,74.29984473,74.32148241,74.46926544,74.54267521,74.55981717]","[2,4,5,6,0,0,4,1,5,7,2,2,0,3,5,1,3,6,6,5,2,7,2,7,7,5,6,6,6,7,4,5,7,5,6,5,4,1,4,5,4,5,6,6,1,2,5,4,6,7,3,5,4,4,2,5,4,4,5,4,4,6,5,4,5,6,5,6,7,6]"
"[2.02591297,7.95625588,10.50549715,13.63886302,14.38856153,20.4087588,26.82813712,35.33813625,35.87923997,35.91100359,41.90688547,43.60560183,43.76928374,45.10086532,46.85277194,47.16271035,51.27137978,51.73876895,52.57421144,60.61805966,65.50543596,65.51448281,66.12919897,70.05764773,70.09372238,70.40049162,70.86050541,71.35549887,71.41868322,71.74885358,72.34331626,72.517897,72.71730912,74.71108202,76.31154067,82.29833328,84.26508628,86.29037363,86.78580214,87.2440986,87.75167793,87.95112792,88.77674985,89.37407645,89.53342377,90.57410398,90.63138318,90.63408836,90.72931791,90.91850869,90.97394581,91.04329415,91.36306966,93.24477703,93.66648057,94.51598415,94.75612842,96.44349112,100.26829081,100.91746772,101.8744327,102.46828982,102.71142199,102.85047147,102.88020066,102.8942822,103.11841547,103.68877377,104.00383091,104.8028222,106.31248783,107.23147813,111.36384641,115.23425996,115.52172541,116.73172567,118.91427167,120.91167696,122.25746662]","[6,1,2,7,7,5,0,4,3,7,5,6,6,6,1,7,6,5,7,7,0,7,0,4,5,5,5,4,4,5,6,4,6,6,5,7,4,5,6,5,3,4,5,6,6,5,4,5,2,6,6,6,6,6,0,5,6,2,4,5,4,0,5,5,6,6,5,6,6,6,7,1,4,6,7,7,1,5,6]"
"[2.38621257,4.49921598,4.52893773,4.71550111,11.88385574,12.04746997,12.10928466,16.25830678,17.03945294,17.51213392,17.88526828,24.59784829,26.28015115,26.41327453,26.68369867,30.8273365,32.81813725,33.88144598,34.19351102,34.36678959,34.71302249,35.50956362,35.56362963,35.60207687,35.73638581,36.01359721,37.41947825,38.34569358,38.38656323,38.43272103,39.33297624,39.70680872,39.79876616,39.89750162,40.81571846,40.84945939,41.18544231,42.78799341,43.08605518,51.44802031,53.07545148,54.46201066,56.14855004,56.23464221,58.59997527,58.98581489,59.65048627,59.65495334,60.73566051,62.36573896,62.80307046,62.9887905,63.3567261,63.43863843,63.46277843,63.70583957,63.7480809,63.75346395,64.53714387,64.78313611,64.85500496]","[3,2,1,0,6,0,7,0,5,4,6,4,5,1,6,0,7,5,0,4,2,5,4,5,6,6,6,6,5,4,6,6,7,4,5,6,5,6,2,4,5,4,5,2,4,5,4,5,4,6,6,4,5,4,5,6,4,6,4,4,5]"
"[1.80286817,3.13884165,7.33339218,12.91211965,14.14411793,14.38513175,18.00936564,19.40520853,20.83993703,21.55222888,21.6848312,24.03168968,24.48736882,24.76535483,24.9800416,30.15049892,31.51300556,33.13132872,34.07818443,34.13214022,34.5703679,34.59723106,34.6977433,35.97987114,37.21711675,38.13132207,38.64834861,38.71037167,38.83679456,38.87469571,40.22555673,40.51680253,40.93725087,41.72068181,45.07525709,46.34379141,48.84851184,54.97548195,55.22575886,55.62993775,58.40834539,62.75355927,62.88265417,63.51601304,64.7123219,65.22462223,65.29258761,67.17842215,67.42145289,67.82352403,67.83171954,69.14558815,71.58990283,73.52449755,73.94045371,74.43394064,76.197808,76.92094435,79.01125741]","[6,6,1,7,7,2,0,7,5,6,7,7,7,2,6,4,5,4,4,0,2,5,5,5,5,4,6,5,7,4,6,7,4,4,7,0,3,4,5,6,5,6,2,7,6,0,5,6,2,5,7,6,4,2,5,6,5,7,6]"
"[3.59621076,4.62662104,6.56068247,12.66796038,14.11167558,14.54980798,14.63648563,14.797306,14.82517014,20.91141419,21.52862144,23.54099302,24.81632166,29.37737542,30.42182784,31.10305291,32.31290391,32.51410646,38.80734725,39.93325267,40.65814263,43.28758369,44.11057547,46.04489172,47.05663343,47.16075221,53.02163244,53.35096407,53.56628876,60.5765122,63.7699606,64.18984876,64.4307626,65.10046984,65.21822473,65.77486748,66.09330865,66.37513306,67.38877407,71.82037518,73.35010754,74.28809019,74.6972287,74.73924252,74.74003574,76.17709664,76.69829159,78.15930598,78.75018377,79.72998262,80.08038721,80.2455086,81.12644977,81.37351479,82.34786665,82.94916036,82.99804643,83.16573373,83.96180069,84.0113948,84.09106921,85.27970236,87.78174644,88.21793456,88.51053972,90.27383883,91.2998394,91.61203064,91.62510726,92.11047537,94.59222107,94.72807005,96.9417329,101.10888221,106.49519199,108.44262255,114.55373322,114.93158112,117.2767573,117.80193364]","[7,7,5,7,7,4,5,4,7,2,5,2,7,4,3,3,3,1,2,5,4,4,7,1,0,1,3,7,5,3,4,5,6,5,6,6,6,6,7,4,5,4,5,5,6,6,6,7,4,5,4,4,4,5,5,5,4,6,2,4,2,5,5,4,3,5,5,6,6,7,6,6,4,7,1,7,6,7,1,0]"
"[14.57732192,20.09172844,20.786702,20.83552985,20.95610735,21.10803866,21.23069723,21.32168906,22.41235029,22.57745545,22.64304536,22.97662934,23.32338081,23.80418351,24.93310944,27.29973813,32.19010134,32.35024442,33.35745175,34.99620153,36.56649519,36.76368784,36.87046236,37.08904591,37.09259738,37.1095247,37.13926889,37.2059477,37.45343739,38.88752719,39.48007672,39.80662169,40.00241566,40.20899996,41.17001443,41.43008977,41.59483368,42.3307204,46.69939621,48.13826198,48.60909878,50.27244046,57.01915768,59.33108734,59.51729994,61.54570398,62.72630877,65.10915018,65.96261494,67.44008206,67.64873542,67.79166117,68.31003509,68.37138508,68.46537181,68.68802041,68.79678681,69.88264713,69.92160093,70.1791325,70.2522364,70.3710562,70.4575349,71.77527217,71.95017495]","[2,2,4,5,6,6,6,6,2,7,6,4,7,7,2,4,4,5,1,6,4,5,5,4,4,5,0,5,6,5,4,5,6,6,6,7,7,4,5,4,5,6,1,7,0,2,1,3,5,4,5,2,2,4,5,7,5,4,0,5,5,4,5,7,6]"
"[0.1091217,0.14066836,0.20941163,1.10058342,1.29792794,2.00510486,2.04663076,2.96348617,3.26234934,3.49294448,3.58094457,3.6247124,3.98185951,6.49684627,6.53489026,6.99786132,7.04178699,7.06241025,7.46155627,7.87372369,9.28232119,9.30971842,11.07949928,11.32027665,11.46875341,11.71958998,12.45536858,13.00444503,13.15877188,15.15214304,16.26357215,17.02033765,17.9325536,18.81173934,19.86767887,20.86750662,21.34349522,22.37259886,24.13916685,25.11131784,26.07354831,27.0353269,27.87713554,31.25440365,35.32252932,48.340944,49.07813908,49.82134316,50.05977779,50.09523002,51.77128136,52.25675797,53.9457134,54.68843913,55.49403124,56.83516071,57.51313623,57.5563736,57.6315443,59.09741986,59.44678859,59.4527575,59.99370177,60.07094056]","[4,5,6,4,5,6,1,4,5,6,4,5,5,6,7,7,5,1,6,4,3,6,7,6,5,5,4,6,6,7,1,1,4,6,4,5,4,3,5,6,6,4,7,6,6,4,5,6,4,5,6,5,6,5,6,6,4,5,2,3,5,5,4,0]"
"[7.34396076,11.52677766,16.30393571,23.37198322,24.72736399,25.73743425,34.36946682,35.80857653,36.43509055,36.46307738,38.63094337,41.47999131,41.72390726,42.32614236,42.40899217,42.90444951,45.13303016,48.61553619,51.78504388,55.20180515,55.23669552,59.72364818,59.83776869,60.30763525,65.06549149,65.15678122,65.42581392,68.1567077,68.77932649,69.72067347,70.04033528,70.08183346,70.11394642,70.26909557,70.77687667,70.80004467,70.81046135,71.38156247,73.07074935,74.27504851,74.34114349,75.43715843,75.72334465,76.03043021,76.1803146,76.63765099,76.67815864,76.70003399,76.71318833,76.76316893,76.80313368,76.85156592,77.12623325,77.1805044,77.26401116,77.61281364,77.75732732,77.87068759,78.08758191,78.09314569,78.09998213,78.86704795,79.04225692,79.39307935,79.89753983,81.07421333,81.11648237]","[6,5,1,7,0,1,4,6,5,4,4,5,6,6,7,4,7,3,1,0,1,5,0,2,7,6,0,5,4,5,5,6,7,5,4,5,7,5,4,4,5,4,5,5,5,6,0,6,5,4,7,6,5,4,6,5,6,6,5,6,5,7,6,0,7,4,7]"
"[4.37189121,10.0126102,10.41499964,11.66772838,11.81679635,12.29758437,12.70845791,13.34881329,13.43280422,13.46977505,13.8209647,14.42703883,15.48096112,15.79918516,15.87358009,16.01892212,16.22335716,16.32413818,16.56260715,16.96888072,16.97891167,17.02816297,18.29385615,19.60512793,22.17458293,24.65321108,25.32895328,26.1994762,28.0510062,30.11931212,30.17239737,32.83251874,32.96480994,33.60347819,33.67408766,33.68156962,33.74572968,34.21319717,35.10068582,35.59494262,36.27162078,37.29148612,37.58182317,38.04005155,38.07755095,38.65366465,40.25977185,40.70366459,40.8971016,41.02002176,41.27635963,41.41223746,42.1829683,43.1942266,44.84016117,55.87444309,56.32880054,56.63011216,57.61353515,60.06093401,65.90302349,66.14872336,67.32997719,68.11977217,68.27581716,68.29029363,68.42879425,68.98967775,70.64132913,70.78004016,71.07229915]","[3,6,6,4,5,4,1,5,2,6,5,0,6,5,4,4,6,6,6,4,5,4,5,5,4,7,4,5,0,1,4,5,4,4,5,6,6,0,4,6,5,4,7,5,6,7,5,6,4,6,0,2,4,5,5,2,7,1,3,1,5,1,4,5,6,2,2,7,3,3,7]"
"[0.72609697,1.87456204,2.42012093,19.31956071,20.16247646,23.32956959,30.27852808,37.57575251,38.30960688,39.15348687,39.86447342,42.05275057,43.43095687,43.78413831,43.89119255,44.23043485,44.98698803,45.3768842,45.73222457,46.35172705,47.45785149,49.46988438,50.25096064,50.53210089,53.22050017,54.18327421,55.22249783,56.13449684,56.35816445,56.66508944,57.47508232,58.46360028,58.91275208,67.02441535,68.45176481,69.28161937,71.16446822,71.60339151,71.64354362,71.81683972,72.40822003,73.08008215,73.12072636,73.74080155,73.99978343,74.36060712,74.44815484,75.61711644,78.31895802,78.34744516,80.78032923,81.66426512,81.90515193,82.23719389,84.42774087,86.0633268,86.6707131,86.67239027,89.71723256,89.99574987,92.18801394,92.21810586,94.2516961]","[1,1,3,2,5,0,1,0,3,3,2,4,5,4,5,5,7,5,6,4,7,5,2,6,5,4,4,5,1,6,5,6,6,1,3,1,5,4,6,5,6,6,7,5,7,6,3,4,5,5,5,1,1,4,4,5,5,0,4,4,5,6,5]"
"[0.99677102,1.53136662,2.13225913,2.28015906,5.13688225,6.44079653,7.96885598,8.04921397,8.33106736,10.26395356,10.44118263,10.82150474,10.95140109,11.08042851,11.5069729,13.38914609,15.15726535,16.29131938,16.8491213,21.5676578,21.60469175,22.00682402,22.71025882,33.1371376,33.82380605,34.13588377,37.40069579,37.69834091,38.47734402,40.12104336,40.30456814,40.56087849,40.88024621,41.05939323,41.61890337,41.6646557,42.0302709,42.41364186,43.48923154,43.68305472,43.68759509,44.71609859,45.35820822,45.60174989,46.12849408,46.94490709,47.3446323,48.12223412,48.36420794,48.90836936,49.19801242,49.51617335,54.90105108,55.92596886,55.97335925,57.16133503,59.80808407,62.3415921,63.12751307,63.66514329,69.28244553,72.26080203,72.92919207,74.30237594,74.78157671,74.811669,75.63216147,76.38490903,76.84506303,80.97083247,86.38491528,90.40444323]","[7,5,6,7,4,5,4,5,7,5,6,5,7,6,0,6,2,2,2,5,7,4,5,0,7,3,4,6,5,4,4,5,6,4,2,5,5,4,5,4,5,4,7,5,5,0,5,4,3,4,1,4,5,6,1,6,7,3,1,5,2,7,4,5,5,4,6,6,6,4,0,0]"
"[4.3519155,6.62816041,9.41265702,9.59212219,11.57109753,11.96752354,12.33999014,12.50382432,14.44265612,21.78406673,30.89132527,31.37543933,31.69251161,32.04341421,38.73066133,38.81739416,39.02124099,39.62716239,41.41072247,41.55684053,46.54794635,50.4558632,52.37594131,52.96129453,56.07560059,57.32710035,57.53287459,57.68066106,58.60296793,58.64784183,59.0837664,59.14144175,59.50048588,59.698783,59.82492116,60.09535016,60.26227562,60.41088376,60.69222519,60.97316031,61.23678894,61.7761658,62.61056699,63.02071061,63.21462585,64.04752635,64.1025353,65.05070777,65.61659115,67.43796788,68.21256201,69.70418701,70.41270888,71.2496198,71.35288056,71.61779147,74.73054154,74.83790245,77.96124284,80.43172144,83.72113233,87.55768848,87.89728314,94.3164316,95.0956249,95.73215214,97.06213179,97.54147923,97.63013502,100.07951826,101.80734393,109.31817698,112.96724799,112.99439323,113.85433814]","[2,1,4,5,5,2,5,4,7,0,3,0,3,2,4,5,6,4,7,1,2,5,7,5,6,1,5,4,5,6,4,5,5,4,6,7,3,5,7,4,4,5,0,4,6,5,5,5,4,6,7,3,2,6,6,6,6,7,2,3,3,7,3,4,6,5,6,7,1,7,6,2,5,6,3]"
"[1.73220144,1.83670163,3.08839311,3.15247525,3.37605594,4.39747316,4.51934638,6.02636691,6.21932235,6.73206946,7.04770233,7.947838,8.0669119,8.36443541,10.02235468,10.32559742,14.16416979,14.42967309,15.19899641,15.20464525,15.51514771,16.35323337,16.71400138,16.79467643,16.90201615,17.10236889,17.43387378,17.55913484,17.56972664,17.67233388,18.53674146,18.71996267,19.34342961,21.05720219,21.97700476,22.5712566,22.76818712,25.02441651,25.1153746,25.50639473,25.7291252,35.98183346,38.04771097,38.7865888,41.1224412,47.96701217,51.30159264,53.91692784,54.49312345,54.74770392,55.9779129,59.50178141,60.37736344,60.65737589,61.41520831,63.10927608,63.34631478,65.25417474,65.58677434,66.88259215,66.97651378,67.28755187,67.34992705]","[5,3,6,1,3,1,7,0,4,5,4,5,5,5,4,6,5,4,4,5,6,6,0,4,2,5,6,2,6,5,7,6,7,2,4,1,2,2,7,6,0,2,7,7,5,3,3,3,3,3,3,4,5,6,5,0,4,5,6,5,4,1,5]"
"[0.36287019,2.34400391,3.94551074,4.93111377,6.82353573,8.87012147,9.01993629,9.04900318,9.32838734,10.34164012,17.15979971,18.63581309,25.75005006,26.26440102,31.6449804,34.57371364,46.467143,49.93123785,49.96885263,49.98769253,50.2208838,50.46725643,51.66706841,53.1497827,54.22324679,54.87450434,55.39574804,55.78162024,56.08924588,56.77167745,56.86798532,57.05857913,58.4172782,58.62309761,59.37829886,60.03977104,61.41582823,63.32750431,63.44257609,64.56255897,65.66940272,69.97020951,70.15181869,70.70349124,71.25261429,72.67501264,74.05927359,74.72193695,76.81424204,76.93516007,84.91894702,84.92683664,86.31978784,86.59732948,88.93436036,90.19910048,90.28914306,91.98176544,96.40793577,97.44638691,101.3007061,106.97180698,109.33505581,118.6415742,122.46364872,122.78859154,122.95611303,123.32063106,123.79510227,123.96911347,125.93948557,127.11350839,128.78397618,129.90513295]","[2,5,4,2,3,4,5,6,6,7,4,0,2,2,4,1,2,5,0,4,5,6,6,4,5,6,0,5,6,6,7,7,0,5,4,5,5,5,6,1,3,5,0,4,5,4,6,4,5,2,6,1,5,6,3,4,2,0,6,7,4,2,1,5,6,6,3,1,5,5,1,6,6,0]"
"[0.93771647,4.64630165,5.82156405,6.27619251,6.70880603,8.88174524,9.64440071,10.46584689,10.59357613,10.72950036,16.15726257,19.79342114,20.50794413,22.79240425,24.99748724,27.4162623,33.48882219,41.07146495,47.00077202,47.38867387,49.54337947,51.16497809,52.35793621,52.51911163,52.89576814,62.94827039,64.45233635,65.60027481,66.49055417,72.45368218,74.41578553,74.98203325,76.35085368,80.63611855,80.64062519,80.70026806,80.89442486,81.37797056,82.35456219,82.94006967,83.18147982,84.00728854,85.65919782,85.67407881,85.70344741,85.86713524,86.56010631,86.85696457,87.39548003,87.79988979,87.95087025,88.15324331,88.33536876,88.45383469,88.60129488,88.77246006,88.82494238,89.09910361,89.16226692,89.54712343,89.64549879,89.65318837,89.89528784,90.53953679,90.54114583,90.6024098,90.96245956,90.99696052,91.07808818,92.45596394,92.76986271,93.05769041,93.18246603,93.39020928,94.40464812]","[3,2,7,3,7,7,4,5,6,7,4,1,2,0,1,2,3,5,4,4,7,2,5,4,4,0,0,2,5,0,4,3,2,4,5,5,4,6,5,4,7,4,5,6,4,4,5,5,6,5,6,5,4,5,4,6,4,4,5,5,5,6,4,6,5,5,6,4,7,6,0,6,5,6,6]"
"[1.53453109,1.81270907,1.87446074,2.21345535,3.75630842,5.90908253,6.59425834,7.96671085,8.01039164,8.2173061,8.37888061,8.539064,9.12072971,9.40161298,10.21912212,11.4346407,11.63035317,12.00806157,16.35877352,17.1449366,17.41653309,18.75054992,19.97295139,21.97633849,22.29022137,25.16907887,26.16652517,27.04591236,27.05716149,27.12383006,27.15560266,29.97541486,30.68812556,30.73918214,31.04951044,31.50580852,31.66726663,31.82352483,32.52197669,41.93985914,44.15185413,45.72514646,46.47301076,46.62359788,51.7595273,52.15067352,52.30572871,53.26771399,54.57519137,55.88138653,57.31800306,59.79519781,63.51339506,72.38008977,81.50261512,84.3443179,84.6831225,87.47661092,89.39706817,90.86888079,91.12139709,92.16876246,94.25358421,94.37104647,96.27025121,96.35353159,97.06396215,97.78105649,98.477798,98.94829121,102.18138014,109.30626502,109.57875106,110.05139848]","[0,6,6,5,4,4,5,5,4,4,5,6,7,6,6,7,7,5,5,6,1,4,7,7,7,1,4,5,2,7,2,4,5,4,5,6,4,6,5,0,0,7,5,4,5,3,6,6,7,7,7,2,7,2,1,2,4,3,7,3,4,1,0,1,2,0,2,5,6,3,4,4,4,5]"
"[0.88927884,1.19266272,9.47688715,9.88621726,14.16909432,15.28724812,16.71866066,20.19947798,23.52302883,23.57565348,23.81285741,25.49728807,26.11580684,28.32561033,30.69834634,32.32136838,32.99564276,33.91892043,35.01214411,35.5389251,37.37270705,39.38914467,39.9135581,40.02027373,40.50986201,40.72641055,43.89669196,44.06182289,44.06410161,44.22903063,44.54760816,44.57194639,44.59043657,44.63636754,44.83080663,44.86920309,45.07588737,45.28612555,45.57673301,45.61577972,46.10001868,46.98717734,47.11387304,48.39226379,49.91515647,50.00200334,50.42873487,50.64069143,52.07293878,52.15491255,52.1859945,52.60538266,56.39394764,60.33190768,63.3866061,63.66871587,64.397013,71.25050204,76.45236244,76.76720932,80.05737367,85.75261664,86.49053824,94.91010301,95.47060462,95.75753039,97.60620157,97.7193571,98.45355585,103.70079303,103.81305386,103.95090805,104.34567611,107.39048885,112.77116751,112.79602653,116.02446164,116.88865958,120.67552082,127.31102533]","[1,6,2,0,7,0,6,5,5,4,6,5,1,4,6,5,4,2,5,6,7,4,5,5,5,0,5,4,4,5,5,5,5,0,4,4,5,5,6,4,6,4,6,5,6,5,6,1,0,7,5,6,1,3,1,6,7,0,1,7,6,3,0,6,7,2,2,6,7,4,5,4,5,1,1,1,6,7,1,3]"
"[4.14809584,5.13877477,6.48737977,12.90607624,13.23792094,13.95774356,14.8024466,16.23580902,20.64969076,21.42030976,21.46018847,21.49840486,22.55490117,23.73490899,24.09062756,24.42064807,30.82143548,31.5991749,39.15499605,39.15984544,39.3859202,39.4014782,39.55810382,41.53378072,44.2286278,44.22886602,45.13123059,46.36999931,46.58699525,48.93828326,49.00259582,49.55211467,51.57637178,51.66918364,52.0560294,52.36798989,52.46533799,52.74197936,53.1379611,53.79171094,54.29529392,54.4313996,54.92816022,56.88206249,57.02724808,57.43705396,57.47053584,57.60626388,57.67195282,59.27801266,59.45422022,60.3186461,60.54536155,61.5884534,61.67125801,62.54151452,63.22031706,65.82299769,72.56658131,76.41277109,78.59981225,78.68666922,79.86280049,80.53174041,80.68743068,80.71336049,81.37902838,81.47438082,81.84771272,81.90533161,81.99025544,82.01613593,82.50722896,85.1493163,85.18903701]","[1,5,0,1,3,5,4,2,3,6,5,6,1,4,6,4,5,2,6,7,4,5,7,7,4,5,7,5,4,4,5,6,5,5,4,4,5,5,4,6,4,4,1,6,5,7,6,6,0,4,7,7,7,6,7,3,3,2,3,0,5,6,4,5,4,4,5,6,5,5,5,7,3,4,6]"
"[0.05687225,1.28022058,2.52826529,2.77959602,3.29710151,4.32262147,5.32265551,10.83917375,10.9386775,12.18641837,12.27499187,12.53147579,14.84307803,17.78559518,18.70168171,25.53348394,25.5595072,26.07330456,26.35175804,26.70437671,27.09767051,28.71920291,28.93586424,29.26774211,29.99889603,30.081646,30.72137781,30.87324047,31.76010043,31.79527074,34.67643145,36.78031029,37.22628955,37.32259199,40.50594338,44.21035361,45.99922516,49.34481526,49.46346637,49.73353211,50.30123521,50.64892525,50.82955405,51.60208054,51.8314646,51.98193679,52.86309999,53.84372764,56.17089833,57.26189033,57.31175235,58.63252644,59.2356012,59.65393098,60.18501992,60.41315526,60.69981596,60.94275827,61.91782957,62.56692579,63.07849255,63.60245635,64.2258842,64.52801761,64.6169098,64.73318186,64.90564404,65.00338231,66.3041332,66.63961143]","[5,6,1,4,7,3,1,5,4,4,5,4,7,3,6,5,4,6,5,5,4,6,6,5,6,7,5,3,4,6,6,5,7,6,0,2,6,0,5,4,6,4,5,1,6,7,6,0,6,4,7,5,6,4,4,5,6,4,5,6,5,5,6,4,4,5,5,4,5,4]"
"[2.72798608,3.69690284,11.58157245,12.33182467,19.69994813,21.77331497,22.00343057,22.14429064,22.41617324,22.48003712,22.78860094,22.99298743,23.7041589,23.76342512,24.7276934,25.50377218,27.99590403,31.01998787,35.52941135,49.56916327,51.98231309,60.30460248,62.64859232,63.59045615,63.77788521,64.33921961,64.43414826,64.44575268,67.46669645,68.06594804,76.286792,77.14674922,78.72234373,79.36851861,82.42694062,82.8329607,83.78010073,85.3834095,85.72836967,87.82923898,89.51540257,93.46846508,103.4677598,109.19960614,112.45514994,112.97141155,115.58436597,119.17191433,119.82622217,121.83564068,123.35978154,123.63082179,124.28040566,124.82346355,125.34762163,125.81040365,127.81710669,128.38593037,128.77561418,129.29414326,131.82967646,132.95408282,134.72589127,135.25299752,135.88631185,136.77930482,137.85869639,138.20946157,138.8787349,139.7320874,139.80192757,141.25370924]","[2,7,6,7,2,5,5,6,2,4,6,4,5,6,1,3,0,7,3,6,1,5,4,4,5,4,4,6,5,1,6,5,1,6,7,4,2,5,6,6,4,2,7,6,7,2,1,4,1,5,4,5,5,6,7,4,4,5,6,3,3,4,0,6,4,2,2,2,7,4,7,4]"
"[5.66383275,11.16651719,11.94877764,14.57871465,16.11871371,20.15095895,28.21517859,34.77724033,35.86473248,48.90459406,48.96043569,50.24273908,50.30166412,50.9669388,51.30613369,51.43410556,52.86329888,54.77309228,57.97653602,58.06725995,58.72689837,62.70951793,63.56969271,68.72869183,70.95693053,79.34568626,80.2640952,81.54550398,81.55597532,83.23588791,83.45893902,83.64100883,88.04477909,88.55873108,88.57359109,90.98792492,91.12940325,93.43386492,93.83925354,95.77661427,96.65846644,101.86819666,102.76746537,107.25498538,107.75037914,108.0400653,108.47617046,108.86766815]","[1,7,0,3,2,6,3,7,5,0,5,6,7,5,6,0,4,7,6,7,6,7,5,7,3,4,1,3,6,6,1,0,3,6,7,7,3,2,1,2,3,6,7,5,4,6,4,5]"
"[0.38869324,0.65841241,1.25417917,6.58016335,7.78645676,13.82780745,18.05786356,21.52231606,21.96139028,23.50518943,24.80184414,26.26835045,26.34571961,26.36411816,28.61450598,28.79033388,28.88301235,29.24106792,29.39362314,29.49639881,29.64028928,30.23612754,30.94171772,31.12046136,31.61789421,32.25836313,32.82815782,32.91704591,33.07100492,33.15300884,33.88610712,35.4962896,37.32949226,37.60285947,44.23436075,49.14516232,49.77067153,50.69360396,52.45986681,54.55669153,62.47423818,67.0112882,67.03339938,68.05790499,68.36440236,68.47698689,68.62032338,68.74703631,69.78200202,70.36503363,70.38944185,71.7581386,72.01100723,72.2143268,72.84343459,73.23406269,74.38658179,74.86131726,77.86426733,81.08013147]","[5,2,1,3,7,0,4,7,4,2,5,4,5,5,5,6,7,4,5,5,6,6,5,6,4,4,4,5,5,6,4,6,6,5,2,7,1,2,2,4,0,1,5,4,5,4,4,5,4,4,6,5,6,5,6,0,5,6,1,7]"
"[1.83385258,2.79698101,3.67453029,3.71822166,11.64597396,14.84898237,16.14980954,23.97099785,29.97960947,34.84243614,35.00018217,37.60956066,40.6740165,41.89717235,42.98348092,44.84429087,47.86315484,51.97902903,52.0698578,52.20094266,52.88420314,53.18465969,53.270159,53.37771317,53.4690731,53.93565981,53.95581536,54.00966085,54.16119016,54.42482678,54.64503697,54.66749133,54.93445663,54.96735466,55.01723516,55.19064464,55.32336978,55.39143605,55.65862475,55.67112163,55.93851763,56.00645941,56.20410239,56.27392863,56.28276326,56.33892797,56.37651262,56.41679717,56.45505782,56.50853172,56.69286765,56.72504737,56.823986,57.00263515,57.02812933,57.02860793,57.11977129,57.41818689,57.54816341,57.62588992,57.65445224,57.73111104,57.77552204,57.82534036,58.00104326,58.18319339,58.25229899,58.25450634,58.33001661,58.36255945,58.36762202,58.42606485,58.77368075,58.83041107,58.85392974]","[4,3,0,4,2,7,3,0,2,6,2,1,0,4,5,7,0,0,4,5,4,4,5,2,5,4,4,5,5,4,6,4,6,5,5,6,4,5,6,7,4,5,5,5,4,5,4,5,4,6,6,5,4,5,6,4,4,7,4,5,5,6,5,5,5,6,6,2,7,6,6,5,4,7,4]"
"[4.48520584,4.78987678,5.55493861,6.42308437,7.17373208,8.08604981,8.58779447,8.87211412,10.23744202,11.21784257,11.9844256,11.9889287,13.4439228,13.47325593,13.80518264,13.8993536,14.04124522,14.05747877,14.73769885,14.75541515,15.17134077,16.60373867,18.52956899,18.57742736,19.41928037,20.11316981,20.3398594,20.72124933,20.89091911,21.53881097,22.01462055,23.02007283,23.72829108,25.05072405,26.08803781,30.91505102,31.18174664,31.32371629,31.59395729,31.90058732,32.89930307,33.19948101,33.44320867,33.62198062,33.65654727,33.66895522,33.96880034,34.22457042,37.05066606,37.50828419,38.03718072,39.3073805,39.80055574,39.98008378,42.93847514,46.85226641,49.95829056,55.49783258,55.94459709,59.67922569,60.43462425,60.6253604,61.33481844,62.00684264,62.46731881,65.48079297]","[4,5,3,5,2,7,4,2,5,6,7,1,4,7,5,4,5,3,4,4,7,5,4,5,4,5,4,4,4,5,6,2,6,7,4,2,4,0,5,4,6,4,5,4,7,4,4,5,6,4,5,0,0,4,1,0,2,1,2,1,4,1,7,5,1,5]"
"[0.07366463,4.86878991,7.73588253,9.40573836,9.56484987,10.68226827,18.05969218,18.38080136,21.37154038,21.58568764,24.06704858,33.47047328,33.86476966,41.70768845,42.4222771,43.13557935,44.04009943,44.85384143,44.93170373,44.93951471,46.86722424,47.35446551,47.36625852,47.56947625,47.71635848,47.96275437,48.51266402,48.66937209,50.26145553,50.28515929,50.5557577,50.94638602,51.44781008,53.88905868,54.47637668,58.80123595,58.92465414,59.00350923,59.5954995,60.42215064,63.1067042,65.08037664,65.37902092,67.48630206,70.0846574,70.20805527,70.59937031,71.18534537,71.605703,75.44616912,75.54167397,75.80318932,76.69030431,76.97363475,77.88667715,78.05172102,78.54083581,80.37233796,80.59799118,81.0396823,87.14869707,89.28088881,90.79504917,112.82893715,112.97242793,114.20463315,123.43212278,124.30470915,127.381987,129.06880961,133.96353892,139.18512822,139.46395791,142.18812844,143.93169368,145.14076992]","[7,2,5,5,4,6,5,5,6,5,7,2,0,5,5,4,4,4,6,7,4,5,4,6,7,6,4,6,1,0,5,7,5,2,2,4,5,2,6,1,0,2,5,7,0,6,5,6,7,5,4,6,4,5,5,4,6,0,4,6,5,0,2,2,2,1,2,2,2,1,3,7,1,2,5,6]"
"[0.49015638,3.47390129,6.05570002,9.31763092,10.58258359,12.29168068,15.20404095,20.23195288,21.11143782,21.48316317,21.68522541,21.89524407,22.25609672,22.55597221,22.7952311,23.09200292,23.11220426,23.12775839,24.23407051,25.30043893,25.83505072,25.90568123,27.32992024,27.45472601,29.1073415,31.37290471,31.82974284,31.9613333,33.50251352,33.56690954,34.01644865,34.79603272,40.61616526,45.67577722,55.9516675,56.88902004,57.30091103,57.67458735,59.61142796,60.76951445,61.09028948,62.51727652,62.74326235,63.02461701,63.09847899,63.32563864,63.58461708,63.6515461,64.27371006]","[3,4,2,7,2,2,7,5,6,4,5,4,4,4,5,6,6,1,4,5,6,6,7,7,2,5,6,3,6,0,4,0,6,2,6,6,7,7,1,6,5,4,5,4,5,6,6,6,5]"
"[3.80285149,5.36490828,11.64074708,12.11545056,13.67994927,17.69341937,18.76676254,18.89720166,19.81758044,21.92040714,22.86188894,24.09063817,24.09067255,26.7061754,28.05512776,28.12814111,29.65069274,29.71298774,32.54746735,35.36089862,37.65283395,37.67231274,38.64099371,41.23983182,47.31418647,47.40955023,48.17291803,48.21200663,48.22580663,48.73471063,48.98255359,49.00004071,49.05513653,49.21459806,49.59140283,51.1177976,55.81935465,56.2607191,57.00913947,57.27189336,59.15765427,59.69852918,59.74512463,60.04943655,63.34023209,64.24596906,70.08725265,70.97047083,72.0296899,72.70389537,73.96855747,74.00212421,74.09387214,74.5757021,74.71479879,74.89646763,75.3708393,75.98206264,76.54180409,76.60369463,77.68209932,80.27101275,82.85686849,83.6306619,83.95899001,84.05580622,84.30425498,85.35955339]","[7,4,2,0,1,2,3,5,5,6,6,7,1,1,2,7,6,7,7,1,2,7,1,0,5,4,4,5,5,5,1,6,2,6,7,6,0,4,2,5,5,1,4,6,5,4,1,4,4,5,4,5,4,4,4,5,5,4,1,1,5,5,1,4,5,5,5,4]"
"[1.99116975,5.98243838,12.51816996,14.37834725,15.98474131,16.06167238,17.56594393,19.03325452,22.04216681,27.50897327,31.00798725,31.5565507,31.95960098,32.70030603,34.0081851,34.96010741,35.56076103,36.08664608,36.74112736,36.76622692,36.78091248,36.9475043,37.08990116,37.21764094,37.26605865,37.67499153,38.3319169,38.4851594,38.90148779,39.00541231,39.05568648,39.21526349,40.70952299,40.80595562,42.04902607,42.94360667,43.30449466,43.48068877,43.6950697,43.98173465,44.82190116,45.08243271,47.7625095,49.54892964,50.10630013,51.47774237,52.83718757,53.07547096,55.11778501,56.87344006,60.95894957,61.31634922,66.21256516,66.35922023,75.04184623,75.17723161,75.44313455,75.93452814,76.02606685,81.9901086,84.52294188,86.66447884,86.89424498,87.100892,87.12081286,87.6298496,87.76636224,89.19736309,92.47328858,93.19469966,95.41400621,101.60779993,102.38683387,104.96457832,105.93490849]","[2,1,1,6,3,4,3,2,4,0,5,4,5,6,6,5,4,4,5,5,4,5,6,5,6,5,2,6,4,5,4,6,7,5,7,6,6,7,4,1,6,2,7,5,4,5,7,0,3,7,0,1,7,3,5,0,4,6,6,1,0,5,4,6,5,4,5,4,4,2,5,0,3,1,3]"
"[1.19945491,5.69091355,8.77118119,10.72732122,15.23176998,21.99817402,24.45105983,24.71503165,25.38248578,25.94821857,32.34776393,32.87274967,33.87038802,37.03155637,37.42493157,37.51073576,37.71812306,52.50149072,52.6434676,56.14091504,56.5820458,58.93877134,59.39853445,60.59767854,60.99706002,61.51192027,61.60934165,61.62840083,61.96129844,62.03673627,62.35322975,62.8779604,62.89344121,63.29619117,63.41452592,64.06297153,64.10005014,64.39320244,64.44717617,64.52030337,64.53200597,65.21234549,65.39261801,65.72979996,65.76657052,65.77121759,66.15208565,66.97171422,67.80420942,67.80652113,67.82340299,68.0673488,68.07956648,68.11784347,68.21701828,68.25124158]","[7,6,0,4,4,5,0,3,7,4,2,2,5,7,4,5,6,5,6,4,5,4,2,5,4,6,4,5,6,5,5,6,0,4,5,5,5,4,3,5,6,6,6,7,5,5,6,4,5,4,5,5,6,7,4,6]"
"[0.94779624,4.11355925,7.65829231,9.40233476,10.11930272,10.69848846,13.08979926,16.25560173,20.81254609,23.25446205,25.09758049,26.40633454,26.74756428,29.95157775,30.2574879,30.94383801,31.60459195,34.6793154,36.501778,42.37935346,43.35818623,43.36080793,45.63491686,47.06095598,48.00019797,48.01715485,50.62737234,50.78117349,51.58980145,52.30343784,54.59809353,54.924066,58.40974516,62.97077261,64.58552085,67.34101687,67.55194446,74.88635069,80.0569086,80.74756803,80.89001038,86.41967801,91.15296732,91.33889716,91.52409193,93.58546379,94.18586536,94.50729126,95.23124916,95.63387471,95.73643413,96.48199971]","[3,1,1,1,3,5,2,7,5,4,1,1,5,2,7,4,7,2,0,4,0,2,3,5,6,0,6,7,0,1,1,0,2,2,5,1,6,0,5,4,6,1,0,0,1,4,2,3,6,7,5,7]"
"[1.39756968,3.05907969,8.4377726,13.15269236,14.32662013,16.01837197,21.47397529,21.75673893,21.94533941,28.60037401,30.27000751,35.62136431,35.80484144,37.49622738,38.94131174,38.96633589,39.26427149,39.91168181,40.07068048,40.25013596,40.7665501,41.70641936,46.29938526,51.34595433,51.3462243,52.36035233,54.8827052,55.08966438,55.41339985,56.24262518,56.29942372,61.77831857,63.17815608,65.00881891,69.05324345,69.49679845,69.64581548,69.82645895,73.63325683,80.73018068,81.88301939,91.58915383,93.85330017,96.80338923,97.48444074,98.19506424,98.9581867,99.36379102,100.68907191]","[0,0,6,4,4,0,5,1,4,1,1,4,7,5,5,1,6,5,6,2,4,2,2,1,7,2,5,6,6,7,1,5,6,4,4,5,5,4,4,6,7,3,1,7,1,5,5,4,5]"
"[0.14785984,1.19783577,1.80835944,2.09448121,2.17454678,2.33229893,2.85303375,4.60236395,9.76745286,14.16011132,14.17927745,15.55632687,19.4820727,22.48156915,24.50324665,28.46289494,32.87197948,33.09777686,34.66886176,34.77155817,36.55514419,37.31765053,42.65818479,56.14985561,59.78757397,65.62599582,66.34282499,66.79059253,66.98351305,67.26825285,68.7925672,74.49272101,74.94189778,75.89319744,76.21642607,77.09392247,77.27140428,77.83255526,78.02409757,78.02530399,78.16736631,78.5475581,78.88329658,78.91561183,78.99703978,79.87943595,80.07630513,86.59336208,88.3940951,93.27258444,94.46159953,96.31971244,103.52620344,105.19706801,108.86370057,109.21074241,109.67468929,110.785791,110.92121381,111.24958373,112.9540098,113.64411289,115.23953041,116.70492727,118.23208949,122.06140946,124.03709795,124.23480717,124.38465577,124.82522884,125.50818921,125.72925509]","[2,0,5,5,6,0,6,6,7,2,6,1,0,2,2,2,5,5,6,4,5,0,1,0,5,4,5,5,1,6,4,5,6,5,6,4,7,5,6,6,5,4,4,6,1,1,5,4,6,0,1,2,4,4,0,6,7,4,5,2,2,4,5,4,4,5,4,0,5,5,4,5]"
"[3.21869533,5.72247341,5.82420465,6.57344469,10.26221573,17.68105121,18.23311194,21.00827113,22.75743625,23.83421448,30.24079634,32.9872128,37.37303783,43.06661949,52.12999317,54.92791382,54.92944698,55.29146254,56.27085678,56.28358687,56.59835148,59.20578685,59.20799083,60.01111692,61.36855922,61.45035076,70.78271694,71.11495634,74.21200482,77.23944495,79.75982797,79.9097967,80.03242221,84.60444206,85.82918402,94.9614276,95.41557431,97.11586099,97.27977071,97.51285415,97.63801593,98.90624456,100.56426692,103.85715263,105.46508321,105.6376583,107.70355289,107.94388182,108.69156716,108.81078178,109.18121245,109.50942943,109.90190135,109.98156801,112.81476561,114.0117898,114.32399537,114.86019188,115.03214559,116.40482468,117.87602097,118.37248843,118.90689092,119.99565191,122.95485672,124.06115361,124.46614635,128.69372427,130.45735745,131.14003073,135.49301301,136.17081855,136.2032159,138.45062428,138.70663513,138.71642904,138.91269108,139.19079085]","[0,5,4,2,0,7,4,7,0,1,3,7,5,7,6,5,6,4,6,2,2,5,5,4,6,6,4,5,6,4,5,7,6,1,5,2,6,5,7,4,4,5,0,4,7,2,0,5,4,5,6,4,6,1,4,5,4,6,4,6,5,6,0,3,6,4,5,6,5,7,7,4,1,5,6,6,6,3]"
"[1.29906945,1.56142277,1.80004222,2.71156488,3.33650016,4.47440606,10.09636371,11.00611192,11.85473785,12.26131251,12.29043628,16.46224177,18.04563028,19.73476985,20.0740007,20.25341464,20.26762829,21.55985552,21.84164383,22.2373946,22.96995441,23.21684277,23.57808958,23.57847988,25.13644954,25.48138412,26.14570305,27.88257732,29.39167665,31.5573136,32.10862643,32.43670975,33.38447143,34.1311524,36.88104466,37.47593825,37.48794401,37.89085782,37.96497045,38.90193577,39.31156287,41.04358286,41.94776939,42.43431804,43.46688407,47.17469861,51.44277009,51.88157129,52.56932493,52.7155243,60.28828002,61.25027354,61.68105064,62.06289203,62.11251144,62.81913316,63.26748258,63.67336127]","[5,1,6,6,7,2,5,6,4,5,6,5,5,1,7,4,1,5,5,0,4,6,2,6,6,5,4,5,4,0,4,5,6,6,1,5,6,4,4,4,5,4,5,0,6,0,0,2,5,3,4,2,5,4,5,6,6,6]"
"[0.0961067,3.89811607,4.85967813,6.0875697,8.90423298,10.51882778,14.57505033,19.98599461,22.95679097,26.67660184,27.99288405,30.15773974,33.91089745,35.86612675,39.31357007,43.92723439,45.71430979,46.29455086,46.31399384,46.41479057,47.83860435,49.10127206,52.93789638,54.27525096,57.3824282,57.39666677,58.8297877,58.84124674,63.13663947,63.19649297,64.17275853,65.24718862,65.43763517,65.93709759,66.17141124,66.46493306,67.10202104,67.33293342,67.40023732,68.02392735,68.06017099,68.26214911,69.65014881,70.0034067,70.04256491,70.11182206,70.48127318,70.99115979,71.10267191,71.25859114,71.64599195,71.72536113,71.79789579,72.23995802,72.26755552,72.69749836]","[0,7,2,6,7,1,0,1,2,0,3,7,2,2,2,2,5,6,5,4,6,7,3,7,6,7,5,2,1,4,5,4,5,5,4,6,5,4,5,2,4,5,2,5,6,6,4,4,5,6,6,4,5,4,5,6]"
"[2.44586545,5.35908948,7.37935809,7.69193881,8.57693875,8.66573177,8.98269742,12.52971724,13.42500532,16.00380485,16.51730739,16.58923055,16.70270959,18.03526574,18.15541309,20.52823064,23.66187288,23.95885134,28.18513374,29.78624786,37.05584071,43.62170775,43.99207542,49.95276054,51.12361969,51.20404753,51.42285632,53.09017715,53.45469152,53.60561335,54.2597923,54.39137502,55.53975105,56.14291411,57.14073348,57.41823871,57.71258966,57.88922727,59.10611234,60.70302717,62.57710791,62.6188085,63.03973896,66.45708866,66.55446277,70.19567358,82.36307566,84.27727712,88.72528363,91.53578455,93.30845443,93.53722518,95.14875217,95.16903153,95.7114725,96.00093795,96.31709493,96.35030853,96.71576733,98.80115733,99.8205664,105.15586103,105.49980215,106.09625712,114.24595388,117.14233272,117.49940954,118.55213903,121.91102025,124.19908826,124.66977846,125.55520072,130.00957375,132.81525336,133.14535388,133.7989477,134.39039065,136.86848254,138.64369658,143.66931572]","[7,5,4,4,5,4,4,5,5,2,1,0,4,7,2,6,0,1,3,2,0,0,7,5,1,4,5,6,6,4,5,2,5,4,4,0,1,1,4,6,0,2,2,6,6,2,5,1,0,5,0,7,5,6,4,6,6,7,6,7,0,6,6,6,3,1,0,7,3,0,5,3,2,5,4,6,4,2,5,7]"
"[7.48953663,13.16633405,14.5304252,15.3727619,20.1869718,20.41869902,20.67469435,21.59624945,21.64425962,21.73149402,22.50665141,22.71484414,24.31758504,24.58221376,29.85940311,33.5069152,34.08678208,35.332999,35.36095866,35.39115973,38.20659743,39.56009421,44.23216326,44.89552927,46.65341386,50.45462084,50.47513423,52.69619091,54.23341481,54.61099843,54.63037746,54.83450534,56.69261363,57.84307392,59.31245932,59.51090482,59.76138208,61.44063588,61.82827777,62.80317443,63.60345264,63.68116024,63.81856881,64.17785887,65.34880134,65.37525441,65.80306713,69.78644907,71.11152114,71.39584876,71.6405898,72.56314361,72.91106308,73.00637725,74.19177018,75.95228732,76.48130213,77.50623626,78.43421842,84.25354052,85.00076289,86.97462446,87.590757,87.75163514,89.79636512,89.94264712,90.76374727,91.44607819,91.44875436,92.83648012,97.59278557,98.6203424,100.72860733,110.38141891]","[3,6,0,1,4,5,4,5,5,6,2,4,5,6,2,6,4,5,6,6,6,0,3,1,0,5,2,5,4,4,4,5,6,5,3,6,3,6,5,0,6,7,5,3,3,4,4,4,5,6,7,5,4,4,6,1,5,4,7,7,0,0,5,6,6,1,6,5,6,6,0,0,7,4]"
"[6.02715296,7.06488464,8.47618479,11.50013707,14.58567679,16.98128029,26.79532898,27.77388634,28.52007336,28.55161852,32.72942015,33.31409953,38.70191771,39.33414262,40.42794606,40.43534976,40.53306997,45.04583373,48.11634297,49.33851692,49.63189816,50.39868708,54.49400694,54.85928333,54.93093479,55.16148637,55.20315384,55.23481411,55.41070881,55.76963269,56.13652002,58.98463546,59.60787023,59.69199473,59.79877079,59.93463931,60.35979796,60.42573761,60.51143169,60.90979189,61.55703213,61.63616623,62.11788309,62.20848182,63.31722361,63.34930126,63.96694821,64.6007066,66.64845263,68.32791713,68.76515333,71.7087431,72.98876529,73.74578782,74.67613305,76.00761247,76.76799714,77.27124965,77.41031201,78.04449118,78.35615864,78.36865858,78.41994479,78.52738133,78.62952583,78.73686463,78.77715578,78.78049618]","[0,0,4,0,0,2,1,0,1,6,1,1,5,0,5,0,2,0,2,0,5,4,5,7,5,5,6,1,6,6,6,7,4,7,4,5,5,4,4,5,6,7,3,4,4,4,3,6,5,7,7,5,6,3,2,4,5,5,7,5,6,5,6,4,3,4,4,7]"
"[2.62676087,3.19537978,3.73801096,7.46472965,10.39957145,16.93374804,17.24616223,18.79020036,20.91519188,26.32177902,27.613587,29.85923852,31.50678607,31.72814395,41.70609784,42.96645325,43.59850977,46.56454271,47.62733142,51.33020186,59.76252314,60.05044315,60.23075815,66.0308518,66.60507265,66.6906762,66.76235926,66.88057192,70.47786589,72.06181317,72.56197534,74.20282629,75.19787188,75.92089647,76.01110836,76.54827561,76.78965509,77.54266186,78.2925703,78.46291072,81.84682182,82.18261972,82.57101073,82.67803436,83.48230745,83.55013618,83.60394078,86.15392876,86.28429871]","[1,2,3,1,4,1,2,7,2,5,5,0,6,0,7,1,7,2,6,0,1,1,0,6,4,5,6,6,7,2,7,7,6,1,1,2,1,3,4,5,2,0,5,4,5,6,5,6,4]"
"[7.59847569,8.4088062,11.99800878,14.08808732,21.95224096,22.00845408,28.88398424,29.8299597,30.40153943,34.28140463,34.84077348,35.27317144,35.42160793,39.83494913,42.03780443,44.07822784,44.23491601,45.19716506,47.49240106,47.86960501,48.02005283,51.84979198,58.82665351,59.24250519,60.80927825,61.7722983,62.25401216,63.01981021,64.23602994,66.87815253,75.0577267,75.37135548,80.48479363,82.43568451,82.80425795,82.91587509,83.22375274,84.21825498,84.46512512,84.75563169,84.85361821,84.92475397,85.92077824,86.1534167,87.74316887,94.1573272,97.70862584,98.75404872,100.26081373,100.4401119,100.71741297,101.2918544,101.77148199,101.97300586,102.63428933,103.50634447,104.24952152,105.17316798,105.66340759]","[0,6,7,1,5,2,2,0,4,6,7,2,5,6,0,5,6,7,5,0,5,3,0,2,2,5,5,4,4,1,2,6,2,5,4,5,4,5,6,7,4,7,0,2,4,0,4,5,4,6,5,5,4,5,4,5,6,7,5]"
"[0.56929388,4.77018736,13.05162111,19.03295315,21.14761262,22.8985984,26.34634983,26.99649284,27.97695908,28.41205836,29.66452586,30.32080861,30.74011674,31.61915376,31.82190106,33.03612985,33.22026569,33.6265749,39.12875042,39.79235848,49.24467806,54.15873235,55.62835567,56.33981612,56.89252785,59.44423299,59.49017459,59.74295093,59.79717706,60.02408938,60.04014042,60.46192529,60.46718786,61.15132174,62.64812401,63.45432225,64.14989433,64.29097939,64.59267422,64.60178884,64.65949912,66.30256987,68.72811128,69.16853751,69.68332092,70.55640903,71.37080578,72.25337312,72.3096255,72.32073338,72.38117351,72.42356498,72.6443429,72.64709619,73.60794576,74.42528396,75.88039773,77.01409547,78.0899918,82.61147414,83.19285322,83.29001478,84.82807152,86.31698817,86.6574681,86.94380219,86.97818395,87.08684913]","[1,2,7,2,7,5,5,1,0,4,4,5,4,4,7,5,4,1,3,0,0,2,7,1,1,4,4,5,5,5,0,5,4,5,4,0,4,7,5,4,6,0,1,0,5,4,4,6,5,5,6,4,7,6,5,0,3,4,0,4,4,5,5,6,4,5,5,6]"
"[2.42552294,4.27432575,6.25258993,7.01733296,7.09332231,7.58733348,10.78254794,13.56351868,17.41003518,24.850419,34.6541754,36.8675794,38.71439208,45.66146294,51.53716729,51.92828694,52.41846056,54.62744953,67.5341608,67.95672655,68.84451463,68.87029863,69.3124898,69.63474465,69.88230911,69.88660566,70.04516662,70.35435428,71.75099629,72.29208169,72.6717739,73.10909587,73.26543928,73.41542377,73.51675385,74.24223377,74.40274549,74.45969802,74.6986359,74.82486022,75.10113512,75.23151028,75.56876064,76.76378601,76.86835942,77.16216624,77.69850723,78.41802284,81.92423271,82.79677562,84.04055961,85.2592489,87.70806621,87.75923834,88.21297229,88.51029953,90.96913361,90.99532155,91.08049786,91.68216566,92.18396826,95.16067836,95.39870655,95.91558649,96.09524985,108.47634001]","[1,0,0,5,1,6,6,7,6,1,1,2,6,7,1,2,2,1,0,3,4,5,4,6,5,5,4,5,6,4,4,5,2,6,6,5,6,6,5,6,6,2,7,7,6,7,4,6,2,5,4,6,5,4,7,0,4,5,6,5,5,7,5,2,1,1]"
"[3.36088607,5.53857041,8.54398752,8.64280652,8.67361565,11.37732865,16.58313437,17.7609031,20.24744262,20.48576911,22.45118419,22.6825883,23.44439785,24.39636638,28.05744632,28.66281762,30.04120873,30.56302722,34.2199783,34.46937201,35.61480927,37.4453467,37.98551528,38.00079518,39.19045344,44.79147779,53.30044036,53.94804242,54.4389024,54.65503711,55.30927035,56.314971,57.05536826,57.27326417,57.37448284,61.35238874,63.01916743,63.07142722,67.24276013,73.99303065,75.76790589,76.05637412,76.9187867,79.03321683,83.72236735,88.76826467,90.53381762,92.2293404,92.30031726,96.88671232,98.30481523,99.14302678,100.86545257,101.3837106,114.82201435,115.12248758,115.26358219,115.30636334,115.60004458,115.67762144,115.83120297,116.27453714,116.89189763,117.60319572,117.87119163,118.19511002,119.60345705,119.92556976,120.12226917,120.37456871,120.70454555,121.93526689,122.05489878,122.2206536,122.44596957,122.69689179,123.81442195]","[2,2,5,4,5,1,7,6,7,7,3,4,7,2,5,6,1,6,6,7,2,1,7,1,3,7,5,4,5,6,4,6,6,7,7,1,3,6,4,0,3,4,1,3,7,5,5,5,6,7,7,2,7,2,5,6,4,5,5,6,3,4,2,5,4,6,6,4,7,6,4,5,1,2,6,6,7]"
"[12.99435523,14.90857418,16.4613027,17.21924901,17.63913545,17.67881328,18.22834084,18.87028962,19.00837125,20.76784128,21.1428789,21.21296027,21.69708608,23.00563809,23.03441175,23.63193315,24.64706809,24.74901447,24.92817274,25.10317293,25.93255972,26.13972477,26.14932297,26.28342173,26.3329936,26.33541689,27.91526937,28.19354661,28.48995014,29.13114051,29.38384075,29.43133481,29.61634579,29.75251869,29.85114083,29.85472562,29.88673184,29.89197494,29.9678311,30.06108545,30.33836291,30.70428292,30.7991864,31.13233092,31.2033156,32.35064128,32.87380147,35.88525961,38.86234286,42.00101007,44.45929066,44.93982299,45.11326378,45.72912673,46.20990946,46.51300853,46.86185879,46.97990058,47.15860071,47.16466371,47.42433828,48.14311527,48.46860042,48.70266387,49.7013843,50.14222129,50.22975417,50.75596595,51.03759583,51.25100836,54.48266138,54.76095977,56.42251355,57.30914838,58.0252289]","[3,7,5,4,4,4,5,6,4,5,5,4,6,6,6,2,7,5,4,6,4,4,7,5,6,2,6,7,4,5,4,5,4,4,5,4,7,6,1,6,5,6,5,4,6,3,1,6,7,3,5,6,7,4,4,6,5,5,6,6,4,6,6,7,1,7,6,6,7,7,7,6,6,7,2]"
"[1.63187856,3.07270703,3.15219368,3.93556404,12.51798699,13.07750753,13.85786878,14.2115325,14.85425087,14.88328607,15.00525329,15.02045989,15.13880093,15.67781957,15.69773029,18.20184697,20.88758971,21.52053296,21.8747723,23.01056336,34.81678281,36.73925787,44.6005147,46.10998879,50.76373071,52.1049598,52.97631034,66.64404823,67.1082863,70.23146983,73.50064133,73.60072547,74.40621719,76.13616245,78.40375141,79.33873699,80.02416567,80.56945042,82.26206086,82.5329537,83.80112608,84.42217689,84.72748318,84.79517823,84.95318826,86.82125842,87.41440392,88.20595503,91.85517242,92.31865817,94.48957082,100.13424085,105.45474187,105.89135473,107.69279187,109.5772091,109.66665394,110.2854601,110.5887665,111.3665934,112.49955724,112.93684423,113.73239845,113.78621662,113.88825094,114.35913651,114.46518956,115.21224101,115.54322499]","[0,7,1,5,2,0,5,6,5,4,4,4,4,4,6,5,2,7,0,7,0,6,2,3,1,0,1,4,3,0,0,5,2,1,2,4,4,5,4,5,4,6,5,7,4,4,6,4,7,7,3,3,5,3,4,5,7,4,4,2,6,5,1,5,4,4,5,6,5]"
"[0.21216905,1.86567436,4.73007124,6.17619844,13.19817446,25.22095165,26.69324158,28.8303734,30.2778975,30.72521751,30.95537487,31.65165067,31.99843258,32.17072939,32.32640863,33.22084056,34.44645742,37.40214479,38.36173388,42.36915259,42.40915366,43.39613534,43.77146997,43.77307249,43.95028497,44.50583151,45.19982747,46.10514694,48.2489084,49.21634257,50.75145743,51.03539869,52.31695128,52.73065734,52.87659562,55.24896899,55.78713001,56.18691185,57.08225576,58.11212209,58.21642696,58.5800566,58.58470334,59.26810788,59.66307843,59.98381369,60.5775009,60.72772137,60.9763635,61.15783832]","[0,7,1,1,7,2,2,7,4,5,6,5,4,7,7,7,4,1,4,5,6,4,6,5,4,6,3,4,5,1,5,4,6,4,0,4,5,5,5,4,5,6,4,7,3,5,5,6,5,4]"
"[3.49518142,6.33958509,6.73344126,7.3056002,9.65176251,19.43403031,23.80053841,26.57155602,29.86212989,30.32333023,31.29024855,31.41041581,31.66384047,31.67711748,33.17576961,33.21179253,33.54147707,33.59066664,38.05772281,38.43058447,39.26966411,39.44756768,40.61632644,41.52629658,46.68007898,46.69487509,47.6150386,48.41756341,48.53530383,48.86450998,49.85723085,50.13923108,50.9056908,53.98207918,54.64675884,57.19805791,58.42515207,59.0702574,60.17787242,61.09792495,63.97789054,64.87664133,70.34723051,73.07531044,73.16814723,74.27259752,75.50606478,76.11297011,78.01708623,78.5070391,81.32122664,83.6113895,86.86342849,87.10243864,88.6229362,88.7450634,91.15743464,93.83862096,93.98466909,101.97164202,102.67328775,102.80877906,104.32520069,104.43810174,105.76720703,105.79487735,106.18685607,106.24624345,109.4022355,112.78022803]","[2,5,4,0,6,7,2,1,1,5,2,4,6,5,6,6,6,7,6,6,0,7,6,7,5,0,4,6,6,0,3,2,2,7,1,2,6,1,7,7,1,0,1,5,6,6,4,5,6,1,0,0,5,6,5,6,2,6,7,6,7,1,5,1,6,5,4,2,6,7]"
"[4.99848324,9.30435562,11.88007168,12.11596119,12.15622791,14.766149,15.21067652,17.0258987,17.58937735,18.11372161,25.78816925,26.70756357,27.51721902,28.86489271,29.15341391,37.48439976,39.95930249,43.81730394,43.97127717,43.98746506,44.17138921,44.41812163,45.220297,47.23333704,48.07059621,52.43615026,55.27559454,56.50920038,56.5750712,57.76493052,58.49614997,58.82365217,59.15674875,59.73745148,59.94444828,73.0289642,75.32670918,76.11748274,76.31547169,78.22817528,81.16098083,81.1917516,81.45632474,84.5139521,84.51756833,85.27175646,85.90938011,87.73798036,87.8712465,90.48169323,91.74082018,91.96880299,92.06487034,92.34400946,92.47131234,93.24885078,93.85899374,94.16315787]","[7,3,6,3,0,3,1,6,3,7,4,5,3,4,2,0,6,4,5,2,6,4,2,2,2,2,5,6,7,7,6,4,6,7,5,7,7,0,3,4,1,6,5,6,6,6,1,7,2,0,5,6,5,6,5,4,4,5]"
"[0.67239717,10.09683527,14.87720841,22.29947451,25.93262182,25.99827822,27.29820065,27.43377693,27.98556818,29.54445022,30.09260532,36.59776193,37.90085394,38.86958835,49.25030688,49.33036813,49.34579551,50.46678378,51.04922499,51.66579258,61.6868363,70.1784018,70.34121224,73.57488636,74.49280181,85.42942193,86.90111151,90.09534428,90.44544731,91.88814444,92.36063993,99.27708237,99.56323071,99.75791975,99.90626217,100.4167783,100.96796073,102.17305847,102.31898019,102.56461411,103.25776283,103.76941858,105.81622895,107.7680831,107.94688668,107.95088907,108.0398139,108.73055827,109.11496719,109.56356017,110.26259212,110.343758,110.39233139,110.58753861,110.92818556,111.07188584,111.27517496]","[0,2,0,1,0,0,6,5,6,3,2,5,2,3,4,5,5,4,5,4,0,0,2,2,2,2,2,1,3,3,0,0,5,6,4,5,4,6,5,4,5,6,5,4,5,5,4,7,4,7,7,5,5,4,4,5,4]"
"[0.3211201,0.55157891,3.30653813,3.61450527,5.10844321,5.47517992,5.96185209,12.86561494,16.6092427,22.9521543,25.88832802,27.73686942,30.08536934,34.29996374,35.66820739,35.76502779,38.78411025,38.91797848,39.42628929,40.15091171,40.22404825,40.34553732,40.5261379,41.08477006,41.50852656,42.03808499,42.26697641,42.82192457,42.84852736,44.81439522,45.21244458,47.04595879,47.94817788,49.6605667,51.04560271,52.63042805,52.72869015,52.94033382,53.06443929,57.54911943,59.11367606,61.52238293,64.7572299,67.41513813,68.82043178,69.86101122,70.78185085,71.44021316,72.55978101,80.59681835,82.1748164,82.35252981,83.37280648,85.45295555,85.7519571,86.19732537,86.30429902,86.65538241,86.67840832,87.06304302,87.15607018,87.43310263,87.52092509,87.52951853,87.69623103,88.0257983,88.19911706,88.64024514,88.96201709,90.70696282,90.81131919,91.31991491,91.51607273,91.96434459,92.18388671,92.61217258,92.90212143]","[5,2,7,7,5,1,6,3,5,2,0,5,0,4,5,4,6,4,4,7,5,5,6,4,7,4,5,6,7,6,7,0,7,7,2,5,6,2,4,5,3,7,1,5,0,4,6,4,7,4,3,3,4,5,4,5,4,5,5,4,5,4,6,5,4,6,6,7,4,4,5,5,4,5,7,4,5]"
"[2.44872564,6.11834667,6.4583346,7.64805119,7.67273777,7.70096727,7.79015178,7.89473786,7.91341791,8.22277692,8.25557749,8.53267787,8.61036248,8.70585685,8.91428903,9.58009263,9.60411216,9.65732838,10.44740348,11.76292618,11.78271315,12.74771531,13.17754744,13.26395537,13.30365224,16.13066357,16.57277072,16.79515652,17.32747331,17.82661565,17.89339763,18.9459874,19.40789007,19.71432827,20.13752183,20.13853063,20.15669469,20.92513001,21.25835996,21.43178515,22.42423437,23.06465636,24.11635848,24.16257043,26.18570308,29.36001423,29.40345716,33.65332734,34.93064284,35.24828626,37.27486147,37.79238753,39.61639044,41.81645042,48.17536079,54.95745134,54.96076963,54.98189589,57.00809252,62.13365163,63.47013471,73.47766988,76.54559749,76.73146418,78.39994473,86.77491023,87.762396,92.55370261,93.92196469,94.48100665,99.82307659,101.1680277,101.56199697,102.63335204,103.39454361]","[3,1,4,5,5,6,6,4,3,2,0,4,6,6,6,5,7,6,1,5,6,7,4,1,1,5,5,4,6,5,5,7,5,5,6,7,3,0,4,4,2,4,5,7,0,2,4,5,0,0,5,0,2,4,0,6,5,7,6,4,7,5,6,3,0,7,7,1,2,7,3,0,5,2,4]"
"[1.39155198,2.83980537,3.56347955,3.71538748,3.80798128,6.38516532,9.97209101,10.00145762,11.77206367,12.48243212,15.14330797,15.77925304,16.65792569,17.98811276,18.25916034,18.29019073,19.10159119,19.16818538,19.33082415,19.55968484,20.1484234,20.5662938,21.00088109,35.73214925,35.74124337,36.12003642,46.99330381,49.37944974,50.34936672,50.79826347,51.66894555,53.36882862,58.44224285,59.26934461,59.73863555,62.16124461,62.18909205,62.42870223,63.19238996,63.25376339,63.37158395,63.60788446,64.18982029,64.22701901,64.71837108,64.75223138,64.8030408,64.92106775,65.23405437,66.20023659,66.68264092,67.90736783,68.50752371,68.65825857,69.04155392,69.48445114]","[1,4,5,4,7,5,6,6,5,4,0,7,2,2,5,4,6,7,6,7,2,5,6,3,1,2,2,0,2,3,2,3,4,5,4,5,4,7,4,6,5,5,6,4,5,6,7,5,5,6,6,7,6,6,5,7]"
"[0.46400958,2.83706633,3.00090428,3.89825938,8.47141993,9.43924088,17.13347277,18.38061549,18.62416114,18.75015316,18.81619641,19.01570335,19.57851983,20.29900467,21.96493195,24.45327488,32.58597993,35.80897497,39.27810913,41.00764849,42.14337838,42.95671705,46.77182771,52.61567154,57.22518536,57.77942221,75.00509518,77.23804288,77.41535473,81.7297193,82.2357955,82.61685098,83.04819461,83.25849945,83.3281083,84.3170174,85.18796264,85.53886588,85.66694124,85.96521508,86.2343663,86.58452097,86.83561014,87.29760167,87.77133804,89.48247611,89.50944147,90.0737287,90.16165893,90.90727806,92.01745495,93.89114886,94.02336408,94.04664835,94.28842467,94.34296981,95.02740017,95.11796743,95.14189678,95.27786379,95.36673917,95.36878898,95.41043356,95.48750398,95.73635085,95.81453279,96.08233267,96.1427989,96.17817796,96.21587588,96.28580709,96.43815619,96.48381414,96.56731089]","[3,7,2,3,0,7,3,4,3,5,5,3,4,4,5,1,4,6,4,4,5,1,3,2,1,1,5,6,2,0,5,5,6,6,7,4,6,7,6,6,6,2,7,7,1,5,6,0,6,1,4,4,5,5,5,4,5,5,4,2,6,7,5,4,4,4,4,4,5,6,5,5,4,4]"
"[1.95411664,4.93418117,5.54380212,5.90287799,7.03864022,8.01081427,10.70036702,10.74473324,12.38884489,14.46281336,16.43846718,17.54296581,18.53476551,19.2887247,19.48573246,19.94632973,20.21567043,20.42925281,21.27827827,21.94063059,22.26702535,22.614415,22.72403873,22.84112262,22.9809994,23.14824346,23.89736381,24.09396639,24.12413162,24.35577168,24.65914088,25.56910826,27.24119524,30.87821342,33.08572699,36.28032564,39.04123232,40.23047492,40.5868916,40.81787761,40.99998861,41.1162324,42.98902073,43.27553839,44.09994541,44.59375725,45.22748116,45.40390537,45.41400581,45.45345988,45.49825674,45.60248435,45.66386441,45.69086327]","[3,4,5,6,6,4,5,3,0,4,5,4,5,2,6,6,4,6,7,7,5,5,6,3,0,4,7,6,4,6,7,6,7,2,1,7,2,4,5,6,6,7,7,5,4,4,5,4,5,5,6,6,4,6]"
"[4.46701206,5.34140776,13.01134234,15.21873577,17.18283265,19.24809592,24.58981848,24.94329182,32.98145919,33.38825579,33.58050839,37.02303391,37.34917146,37.52078096,38.22206222,40.9906646,41.9670365,42.71877018,44.22585316,44.35062062,47.54134886,48.02869843,48.17162715,48.82747301,48.95129082,49.39226456,50.66799272,52.72518651,54.68734045,56.40566873,57.64052941,60.29954244,61.78705092,64.30826664,64.3336585,65.89726845,66.24816644,66.9342632,67.39959105,67.53316405,69.08761004,69.67429487,70.17184065,71.42709,71.82039077,71.90236276,72.44298719,73.26553841,75.41776596,75.58733326,78.4006703,80.04965859,82.11019442,82.3322794,83.02108847,83.73997936,84.22589739,84.256404,84.42280326,89.51542207,91.29158324,91.77584788,92.06346472,92.86683513,96.66244874,102.66629115,104.52975188,104.92042602,105.62036583,105.66074803,107.21832163,107.50228667,107.63962185,107.68860746,107.7216581,108.08516936,108.09507555]","[1,6,4,1,5,5,4,2,1,6,3,5,6,6,1,4,3,4,5,5,6,1,0,0,2,7,1,2,6,2,2,5,6,4,5,4,5,3,5,4,2,1,5,4,5,6,0,7,5,4,3,5,4,6,5,6,7,4,7,1,6,0,6,7,4,1,4,1,5,6,6,4,5,5,4,1,5]"
"[0.02109485,2.66912905,9.16120478,14.16604166,14.95455884,15.81992049,17.00410022,21.93236464,25.23346033,29.88840397,32.18828336,32.71239909,33.17835571,33.3734908,36.92999701,40.75452421,49.58259026,54.10136647,55.08145927,64.16077705,67.7134699,68.35268877,68.99757977,72.06490754,73.73487453,75.77705656,77.52845019,80.54835735,85.02160876,87.04168965,87.33929429,87.43755131,88.27283218,88.36326508,88.80493875,90.63866701,99.1815898,101.87867937,106.52627442,107.23783513,107.28143039,107.89920331,108.27533082,108.42947802,108.92687882,109.45119414,109.58291999,109.6158104,109.92853017,112.19627617,112.46634045,113.13310861,116.22855342,121.32664146,127.02740915,128.86707759,129.0464874,129.35660383,130.98187711,134.27634952,139.85201122]","[6,6,1,6,4,0,7,2,7,7,2,5,2,6,6,2,1,2,0,2,6,1,7,0,2,1,6,1,0,6,2,1,7,6,4,6,2,6,3,5,3,4,4,4,5,5,6,6,7,4,4,6,4,0,1,3,2,4,7,7,4]"
"[2.82131003,2.98150323,3.21953572,3.77544909,4.06995765,4.92169572,7.11636826,7.8539431,8.07729731,9.59360098,9.98059905,10.52574827,11.84398725,12.76574815,13.76356622,13.90287212,16.52338528,20.25285366,21.14835082,25.15896771,35.14191924,35.607786,47.13914183,51.81022936,51.94165115,57.39080234,58.77709334,61.08294386,61.10742083,61.68514861,62.53651562,64.3534115,64.97379373,68.23897482,68.85117884,69.17401428,69.6335212,71.29461598,72.71285517,75.73425723,81.55410225,82.23202938,82.49467666,96.85274384,96.89720938,99.99197108,100.39130694,102.57862751,106.02051165,106.33530953,108.05170686,108.57293489,109.45358052,110.34136189,110.46654254,112.70020088,112.97875111,113.45403047,113.73787745,115.2927765,117.30152067,119.3784076,122.90208292,123.56740122,124.28202207,125.47656828,125.60906762,129.97585092,132.44923642,132.79151,135.57090242,138.94784969,140.05788754,140.50985086,141.70665623,149.32039339,151.11215295,151.21637476,153.04230283,154.88586443]","[3,3,3,1,2,7,7,4,0,4,5,4,5,1,1,3,0,7,7,3,0,7,2,3,2,0,7,5,6,1,6,5,4,3,1,2,2,3,0,1,6,6,7,3,4,0,4,6,7,2,5,4,5,4,5,0,7,2,3,4,6,7,5,6,4,7,6,1,4,0,6,5,6,2,7,7,7,7,1,0]"
"[1.6419776,3.24247605,8.39945053,8.93356214,9.19289428,22.21473241,23.26342367,24.73490483,29.5728578,30.35709708,31.57282115,33.86852269,34.85118146,35.48802964,39.2196207,40.40204339,41.19132475,41.73038314,42.06660859,43.37473358,46.00600868,46.32913783,48.0619048,49.16026532,50.89061288,51.00732504,51.68288587,57.34355093,61.34192158,62.27117148,62.32374249,62.94988999,63.51478237,63.56731565,65.73484113,67.85080592,69.46962792,70.03800273,71.46973436,71.70821764,73.29215422,73.34765808,73.42260047,80.72686913,82.14668876,83.89082015,84.14498677,87.18814788,89.22362929,89.67303124,89.81527497,94.14473146,97.18174789,101.38466746,101.40826017]","[5,4,1,1,2,4,2,0,7,0,0,0,0,1,7,3,1,4,5,2,6,7,6,7,2,6,6,3,4,4,5,5,6,6,6,6,0,1,0,4,6,5,6,6,7,4,5,6,0,6,5,6,5,3,0]"
"[6.10315725,11.17211725,12.44906082,12.9929162,16.12590266,16.21008336,16.60396553,16.63295152,16.84708654,16.9032994,17.03616981,17.34899887,17.50318753,17.82973477,19.20832571,22.68818366,23.41902352,23.658857,25.64287515,26.44646638,26.7355294,31.36896376,33.16448373,33.72864256,34.20688437,35.3357981,35.57462359,35.70767853,35.86422563,37.57656464,37.75940742,37.9862809,40.01205712,53.49505985,59.16444643,62.25734017,66.98997887,67.29330614,67.54160097,67.68155132,68.11008344,68.20629455,68.28787887,68.37235717,68.49047637,68.96145118,69.00103354,69.08267627,69.56557654,69.58675833,69.78254016,70.07217698]","[0,2,5,4,5,4,5,6,5,4,5,1,4,6,6,7,6,6,4,5,4,1,5,4,5,5,6,4,6,7,6,6,6,1,5,4,5,5,4,5,5,6,6,4,4,6,4,6,5,6,5,4]"
"[3.05994122,3.5272272,11.99707889,13.31523315,19.40079254,19.43409645,25.93345452,28.66394197,30.21291683,30.31580527,32.12877384,33.45384227,33.62463515,38.03959989,38.56411634,38.59728903,39.23952458,54.74158663,55.13652099,55.32664062,55.42613023,55.52042607,56.20051074,57.44744376,62.45501278,64.25482332,64.94597336,66.75494535,67.32223367,68.25927456,68.81324747,68.92408819,69.22148821,70.41833253,70.46449991,71.01996854,71.54026288,72.11612731,72.33426798,73.53316264,75.1226788,77.0370813,80.1432975,82.08245073,86.57722326,89.46735678,90.298843,93.89309162,98.1218749,103.16004954,104.41724216,104.86144657,105.22131155,105.42184277,105.49761862,105.61536671,106.97439754,107.61059575,109.67273988,109.675124,109.84776245,112.41386177,114.29218264,115.21927481,115.64997666,115.77503156,115.78672125,116.41837795,116.66424182,116.80309816,117.31008309,117.69888336]","[1,2,3,2,7,1,0,5,6,4,6,7,7,5,5,4,6,7,4,5,4,2,6,4,5,0,4,5,5,3,6,7,4,5,2,7,4,6,7,7,5,1,6,1,3,2,3,7,2,4,5,4,5,5,4,4,4,4,3,3,3,4,4,2,5,2,6,5,0,6,1,4]"
"[9.79132056,9.93151577,11.29887887,16.30658163,20.1642207,21.54501042,23.81636692,29.7375644,31.10978043,33.06636605,34.57916674,37.73939146,39.17238075,43.29258476,44.41730206,44.91550877,45.89901502,45.92107096,46.13517504,46.41697886,46.62676602,46.81920063,46.88568314,46.92916844,47.31930983,47.74984351,48.28693144,48.66955302,48.93253633,50.21398306,50.22068886,50.31107871,50.5125849,51.54639803,51.8940427,52.126627,52.55058177,52.56098937,54.64441472,55.02801635,55.28117467,58.11224804,59.16099747,60.8829358,61.60286772,62.76576952,63.05129292,64.24500389,64.64908019,64.97094014,66.34525694,66.44814071,66.59765468,66.69194642,66.73267246,66.91405791,67.01616439,67.12745012,67.40311097,67.5360016,68.68364027,68.7011373,69.26327275,69.97143323,70.00883938,70.59065396]","[1,5,1,0,7,0,5,0,6,0,0,2,1,6,3,3,4,5,6,4,5,5,4,6,6,4,4,5,6,4,4,5,6,4,6,5,4,5,5,2,6,5,4,5,0,5,6,4,5,5,6,5,6,6,5,7,4,5,4,6,4,6,6,7,7,6]"
"[0.60852515,3.7292583,8.28598993,9.03145903,9.23060866,19.82029886,25.65795795,29.93445307,30.95638108,31.91655819,34.00255278,34.31718707,36.28896713,36.63599712,41.06702459,50.15742624,50.16201543,53.3933415,58.52079419,59.87505266,60.57176691,61.72825684,66.20666373,71.0703497,74.85426022,76.39853706,77.13899342,77.61044187,77.70971252,77.8142784,78.09832139,78.18985206,78.23137654,78.44812236,78.48346028,78.78540984,79.18042176,79.26152509,79.42265543,81.74681413,81.80444126,84.30656417,84.44192794,84.71763815,85.40543888,86.17445674,88.67124134,89.80430685,90.57594649,93.01551928,95.10461992,95.25244025,97.19961054,98.50845347,100.14851216,103.41768907,105.09462541,106.85180598,108.21299767,109.10203207,119.42614295]","[2,4,1,1,6,7,6,0,7,5,4,5,1,2,1,3,1,4,7,1,2,4,6,6,4,7,5,6,6,5,2,6,6,6,7,4,5,7,7,2,2,5,4,6,7,5,4,0,5,5,6,6,7,7,7,1,5,1,1,6,5]"
"[1.06298554,1.23326522,1.29556561,1.69801632,2.11992829,2.16301773,2.24573034,2.35404392,2.69732482,2.90297985,3.11487329,3.1861765,3.39426381,3.6965573,4.45771285,5.35760458,5.54843269,5.67583471,6.2281179,7.00961809,7.93759742,8.39631586,8.50365311,8.86115248,8.99965227,9.21420007,12.30978129,13.27841189,13.45068593,14.09043028,14.28593577,14.87330498,14.9452495,24.10131591,24.70024162,27.64633945,28.36647563,28.89862958,29.02125938,30.86870203,33.05687602,34.77125997,40.47206947,42.60105498,42.73218005,45.46035393,45.65664611,45.82013418,46.31888079,46.53515059,48.00698969,48.04228901,48.13283832,48.57841658,52.36282825,55.77417632,61.08150941,63.58537104,66.2819668,69.89187965,70.11216248]","[1,5,4,4,5,5,6,4,5,4,6,5,4,6,5,5,4,7,6,6,7,4,6,6,4,4,5,4,6,5,4,0,6,4,5,7,5,4,5,6,6,7,3,0,2,4,7,5,5,4,3,6,5,4,0,2,2,2,0,5,7]"
"[0.98291638,5.00896592,5.26880143,5.65539884,6.41212114,7.37361599,8.87249514,9.34533195,13.62994317,13.89481186,16.65810296,16.99188889,18.64701763,23.30049479,24.35412098,26.06671043,30.1214433,30.27836509,30.92218653,31.8231538,31.91283376,33.58457849,33.86742488,33.93458797,34.49142374,38.3523552,40.00581143,40.56600956,41.40467751,42.0953952,42.33274146,42.38707225,42.97465084,43.19172487,43.34345376,43.60646683,44.00993041,44.07981334,44.12800083,44.59445103,44.79329221,44.87401243,44.98539858,45.72954387,45.86530139,46.07537858,46.28237592,46.50442378,46.56306117,46.90702453,47.10487053,47.14192622,48.22307119,48.36482878,48.51689692,49.15692773,49.37560431,50.49231804,50.55690731]","[5,2,1,1,5,2,1,7,7,3,3,6,5,2,2,5,5,6,6,1,6,5,4,4,6,4,5,6,0,4,5,4,5,4,4,4,5,4,5,5,4,6,6,5,7,4,5,6,5,4,5,5,4,6,5,4,6,6,6]"
"[4.46160171,8.01065382,18.01340884,22.2093387,22.2107727,29.2655771,30.87376245,33.77778659,34.81967726,35.3159236,37.60001798,39.66915661,40.36320756,42.87675326,45.72766352,46.24497967,47.07985277,49.75386414,49.95902546,50.00251379,50.1538556,53.55116955,57.69966304,58.47055329,58.78721761,59.8519197,60.17587059,60.20600891,61.15721634,61.18368607,61.25604771,61.31391535,62.64413514,62.74623414,62.89624663,63.50539689,63.63928961,65.05800391,65.33922853,65.53135654,65.78577443,66.08701619,66.64170906,67.22311381,67.49776761,68.1738443,69.68716036,70.79992172,71.01911562,71.08083648,71.49488876,71.68103052,76.07224926,76.55493632,77.61205497,80.56949353,81.79187377,82.81897417,84.21575939,85.13060362,85.23905167,85.73740553,86.10802747,86.16367058,86.19406586,86.37576471,86.49645677,86.59985238,87.0593965,87.21115396,87.29309661,87.63716666,87.66125537,88.63443513,88.66023294]","[1,2,7,1,0,1,1,1,3,7,3,7,2,7,1,6,3,3,4,5,0,1,7,4,5,4,6,6,7,6,5,1,0,4,5,5,6,4,1,5,6,6,4,5,5,6,0,6,7,7,7,1,7,6,0,5,7,5,4,6,5,6,7,3,4,5,7,6,4,3,5,5,1,5,4]"
