event_times,event_types
"[1.48703668,1.89844935,2.3436688,2.42926605,2.75933784,2.82642231,3.57927156,3.58031874,3.84199289,4.4990363,4.51973854,4.55937509,4.77966087,4.9708978,5.17417299,5.3116746,5.34885342,5.40460784,5.59827557,5.70881279,5.91787925,5.94410369,5.94478187,5.98364989,6.00194702,6.03579941,6.26114415,6.60867518,6.6886737,6.71936259,6.79453093,6.8258041,6.86883429,6.88682269,7.05040147,7.2396836,7.32327569,7.43596867,7.57387349,7.78806546,8.11422682,8.14320692,8.42104197,8.4597605,8.51999873,8.60826627,8.68264459,9.19150942,9.25989093,9.36735204,9.40030242,10.10246167,10.30044406,10.30932985,10.37979065,10.49328927,10.57458215,10.70964297,10.95034992,11.17441266,11.33545916,11.48035836,12.56653361,12.57664061,12.93040767,13.06466859,13.23353728,13.53076084,13.67754301,13.68621126,13.72954249,13.97913198,14.02779194,14.06248958,14.17214972,14.47784723,14.60375211,14.61281059,15.40298426,15.53770392]","[2,0,4,5,4,4,0,4,0,0,0,0,0,4,4,5,1,4,4,0,1,4,5,0,4,4,1,5,1,0,5,4,1,5,4,4,5,0,5,0,0,0,1,5,4,0,5,4,4,4,0,1,0,4,1,1,0,0,4,0,5,5,0,4,0,4,4,0,5,4,1,3,0,4,1,4,5,5,0,0]"
"[3.05426949,3.88692996,4.07959661,5.83451647,5.85261711,6.84612157,7.57148899,9.21139172,15.2478832,15.44062329,15.44063188,16.08346655,16.40001095,19.94014694,21.88801246,22.04281339,28.51728403,36.18679164,36.36185192,37.08145857,38.41829324,38.8583507,38.89674699,39.20524593,39.88369931,40.81040272,40.96742709,41.28335185,41.52145855,42.10347152,42.26200296,42.68801749,44.37166656,44.64139431,45.46547315,45.86586707,45.90380348,45.94107839,46.26568709,47.09365463,47.42341266,50.83159688,51.37608103,51.46843244,53.63793626,54.86537665,55.29211098,57.30474998,60.10344928,60.44568444,62.81990515,67.3138472,70.26007051,70.53577542,70.82210569,72.99573044,73.41387548,73.44155922,77.46039196,78.73698588,83.12173004,93.16365623,94.79844357,95.51059518,96.4579882,101.2996818,103.96656161,104.17020945,106.16978269,107.73844214,107.94603682,108.54024169,108.93935733,108.96587658,109.38849451,109.44824256]","[7,1,6,1,5,5,5,7,1,5,5,4,2,0,4,5,7,1,5,1,5,1,1,5,1,5,5,6,1,3,5,6,1,6,5,1,1,5,6,5,5,6,1,3,5,1,1,5,1,5,5,7,3,4,0,5,5,2,0,0,0,1,5,2,6,2,0,4,0,0,4,5,0,1,4,5]"
"[1.91012423,2.38118058,4.03244559,7.63735593,8.54888216,11.02792389,11.3779853,11.83291555,11.88194333,12.0635256,16.8001266,17.31154801,17.51992177,17.84058431,22.47358116,25.38910062,25.5964,30.51695545,31.39066349,31.60754811,32.53326341,32.63808153,33.72473971,33.89704941,34.88067243,42.73559832,43.09781267,43.68843138,47.56488903,47.58799529,57.90091785,58.7546104,59.01514858,59.21369427,59.56903538,61.60178292,61.65045623,62.54182837,62.55260421,62.62817901,62.72873983,62.88364485,63.05013251,63.23211227,64.06055103,64.82951368,65.52671827,66.4298335,67.49002076,70.78422426,70.8012508,71.10077587,72.81305261,72.96887864,73.37037802,73.65815081,75.00628971,76.97557171,77.59840634,77.62476623,78.61158937,79.68820861,79.87329171,80.2461256,80.38825613,81.01060198,81.06207431,81.99590462,82.84820638,82.85731693,82.98378729]","[1,5,2,5,1,5,0,4,0,0,4,0,4,6,1,0,4,5,6,7,1,5,1,5,3,0,2,4,1,5,5,0,6,6,1,1,6,5,5,1,5,1,1,5,5,1,5,5,2,1,1,5,0,4,4,0,4,1,1,5,5,5,2,5,1,5,1,1,2,5,1]"
"[3.21065712,4.96653578,5.66232404,6.03844294,7.42773145,8.86432428,9.00888745,9.21316273,9.21927278,11.01853321,13.54575616,13.8919862,17.32773967,18.87995783,21.76561802,21.82111268,22.18096159,24.4634823,24.7575469,28.2708953,28.47487092,29.42408141,29.510707,30.73529209,31.1191671,31.34033295,31.36029564,31.72881628,31.79241477,32.83338837,33.71221288,34.55578213,34.6590424,34.95473052,35.43963047,35.89436546,38.51368412,38.61849007,38.7408061,39.34507505,39.64360736,39.68157142,39.80075841,41.6201566,42.42426741,43.95039876,44.03139889,44.25496825,44.32432607,44.67874811]","[3,6,2,3,6,5,1,5,5,1,1,5,7,6,5,0,5,6,4,1,4,2,4,0,4,4,0,4,0,0,4,0,0,4,0,1,5,4,4,0,4,4,0,4,0,1,4,4,5,0]"
"[1.783001,1.92982263,2.10523516,2.38592561,6.19069792,9.6086717,11.06373951,11.78794214,16.3846644,18.27340576,18.51704406,18.82129278,19.38295425,19.4250005,19.72540348,19.84116126,21.13817833,21.49584976,21.93811161,21.9837404,22.24569991,22.33509511,22.64830404,23.31120971,23.43391106,23.61261601,25.03149015,25.39982835,29.28777931,31.17119622,32.30988052,36.85751244,43.03328125,43.29438718,43.70507881,43.72826956,44.60163097,45.94436344,47.31414204,55.71977999,58.53580603,59.92767088,60.32475864,60.95809369,60.97771693,63.58708068,63.99574905,64.98545002]","[1,5,1,7,2,0,1,3,5,3,4,0,1,5,1,5,4,0,4,0,1,4,0,4,0,4,4,0,5,5,7,7,2,2,7,5,0,6,4,4,7,1,1,5,5,5,1,5]"
"[0.7878169,2.42314707,3.57786128,3.87694281,4.82219215,6.28325769,6.29919065,6.47518948,7.01233297,10.21117995,10.84090196,11.31659085,11.98928498,12.74437018,13.14018772,13.74445622,14.19445465,14.53834849,19.5354462,20.78784339,23.28299097,23.94486445,29.07178441,29.75254303,30.1319761,31.0642946,31.88149662,32.28575539,32.37750538,33.0443341,33.22652484,33.66595055,33.91459546,34.082631,34.66521358,35.0191286,35.51022019,35.74894832,36.33210948,36.63504931,36.63526717,37.70088863,38.4485349,39.11847018,40.70242893,41.04159359,41.31795162,41.90425155,42.33693156,43.12035579,43.25156075,43.37793928,43.57700439,44.8541032,46.53577716,47.27976302,49.29518306,50.03739628,53.03125311,53.3755064]","[5,4,0,2,7,3,0,4,5,1,5,5,1,5,1,5,5,1,5,2,7,7,5,0,1,5,4,1,1,5,4,0,1,5,1,0,4,1,4,0,5,0,4,3,1,5,4,1,0,5,1,3,1,1,5,5,5,1,2,0]"
"[0.15308536,0.76264241,0.83859927,2.23175956,2.81975022,3.84970206,4.08023041,4.53163659,5.65266591,8.54723126,8.68501701,8.84878031,9.35019837,10.19720248,10.31857746,12.81227895,13.03168937,16.74414979,19.8726732,24.93796905,26.52804195,27.36082202,27.98097284,28.51611882,28.98243479,29.03330435,29.28542449,29.97192052,30.19382904,30.43183887,31.59653403,31.78237478,32.14365812,32.34411789,32.75370606,32.80048979,32.8639566,32.98300842,33.31273979,33.53550402,34.23816322,34.34005495,34.45274072,35.02027328,35.22219098,35.39209626,35.39425131,35.70209817,36.31920593,36.34002817,36.60173464,36.75036515,37.04965948,37.39589501,37.43224959,37.47260538,37.81507426,39.22472949,40.28996421,40.44504937,40.80365895,44.92175951,45.58583236,45.73149473,45.74274567]","[0,4,0,4,3,4,0,0,3,4,5,2,1,0,4,5,7,2,2,1,1,1,5,5,1,1,2,5,0,5,5,1,1,5,4,3,1,5,1,5,5,5,5,1,5,1,5,5,1,1,1,5,1,5,1,1,1,5,7,5,1,1,5,1,5]"
"[0.88334098,1.06564284,2.31229014,3.18616651,3.31421499,3.75361988,4.29350995,4.81847985,5.85614762,7.31895087,7.93821475,7.94800257,8.93095028,9.23681853,11.47110666,12.00795009,12.65680018,18.04087104,20.18437655,22.16830106,22.52149044,23.28281726,23.45344977,23.69587352,24.26367889,25.18843018,25.94170613,26.79407791,27.37894678,27.67745229,28.16135409,28.41317861,28.48530145,28.67001518,28.68657515,28.94593673,29.06465129,29.08110322,29.53532355,29.57459657,29.64491157,29.7614487,29.77815593,29.95680715,31.28715005,31.57950746,31.75837449,32.2732648,32.60939513,32.86592821,33.17676833,33.23137516,33.36538287,34.39858915,35.92522646,36.2131484,36.36475265]","[0,5,4,6,0,4,2,4,0,0,1,4,1,4,3,1,4,2,5,4,0,5,1,0,5,4,0,1,5,5,1,5,5,1,5,2,5,1,1,3,5,1,5,0,5,5,5,1,1,0,1,5,5,5,5,1,4]"
"[0.452287,5.17771825,7.53327382,8.13374611,9.86517528,14.31024304,15.7756186,16.6210207,20.35696808,20.52984335,21.2268642,22.11735371,23.1202271,23.27566782,23.39447221,23.63061969,23.9203073,24.33533122,25.80930302,26.08564669,27.63307739,28.56691699,28.92077522,29.59912658,30.1508418,31.25414249,32.6211723,33.73049944,38.78441619,39.42258546,44.14602417,44.1684594,44.91669283,46.43654751,47.9503478,48.54265182,48.6157365,48.65281027,49.27962686,49.38515729,49.51172053,50.12575328,50.37472878,50.79386394,54.17185265,54.53824345,55.19037026,55.33639942,56.05373997,56.50131391,57.19035913,57.82577391,58.14688682,58.82492703,58.93604403,60.29828771,60.59419718,60.65158482,60.70490686,60.97993547,68.17962923,68.22382248,68.29353706,69.95520238,70.0449355,72.31194985,72.71840936,72.91365797,73.29613163,73.64928241,73.74151821,73.81734691,78.3741015]","[6,5,1,5,3,2,6,5,1,5,1,5,0,4,7,0,4,0,5,5,0,4,2,2,1,6,0,3,1,1,0,7,0,1,0,4,0,5,4,2,0,4,6,4,4,3,0,0,4,5,4,1,0,7,0,0,4,0,0,4,3,1,5,5,5,6,1,5,5,1,5,1,5]"
"[0.05992277,0.63140591,6.54408137,7.19056542,7.39447514,7.60927005,7.81952292,7.84271685,9.44037385,9.45802813,9.68136475,10.46720198,11.80216845,13.20829349,13.61907196,16.36552101,16.48728078,23.39661011,25.67554311,25.96120992,26.71973981,27.73696686,28.69162839,28.98364639,29.30899375,29.63541958,30.05687341,33.86854872,34.82083186,35.37048313,35.46992998,35.97586194,37.08811336,38.47254688,38.71799389,39.48245877,39.61311716,39.66754043,39.67983241,40.02899987,40.61466088,40.61946313,40.81016097,41.90692052,42.02209666,42.12959449,42.31821188,42.33349115,42.59460349,42.81992571,42.93832977,43.0199914,43.28041643,43.28151127,43.55778363,43.82332025,44.89184464,45.06624133,45.20503041,45.67586188,45.69864703,45.71212375,46.20720692,46.33474306,46.35655023,46.69645083,46.70849817,47.25982536,47.73062789,47.81216819,47.88616994]","[3,4,5,4,0,2,4,1,0,5,1,7,5,7,5,4,0,7,4,0,4,4,0,5,2,1,0,7,4,3,0,4,0,2,7,4,0,4,0,0,0,0,4,4,5,4,4,1,1,0,5,1,5,4,5,1,0,4,1,1,0,5,5,5,5,0,1,1,1,5,1]"
"[0.2539674,0.25985061,0.27664826,1.10873861,1.15250972,1.65435865,2.03839779,2.96866921,3.43424167,4.08460416,4.1756726,4.29749281,4.3781338,4.4376796,4.70695091,5.09626787,5.45493855,5.4941142,5.55544915,5.79116578,6.31677911,6.67420014,6.74018941,7.05626164,7.29430947,7.51339742,10.96659478,14.68437876,15.70706114,15.89614425,23.28505689,23.80737465,24.677142,27.42335783,27.44048743,38.33165104,46.52841496,54.47887624,55.38033722,56.08989497,63.70351125,64.2026263,69.47040611,73.45711869,73.68353865,73.78897366,73.87713965,74.06210813,75.02415376,76.47604668,77.50783382,77.78185451,78.12207398,78.61349496,78.79916565,78.87438129,79.13505089,79.30008192,79.40655231,79.53250474,79.99543227,80.09230188,80.2538523,80.796806,81.19836599]","[5,1,5,5,1,2,5,4,6,0,4,0,4,4,4,0,4,4,4,0,0,0,4,4,0,4,3,3,7,7,5,1,5,1,5,4,6,4,3,4,6,7,6,1,4,0,5,4,1,5,1,5,1,1,5,5,1,5,1,1,5,5,5,7,1]"
"[5.82293188,13.29967868,16.55214494,19.16494204,20.27267315,20.50026775,21.32661299,26.48021739,27.98521771,34.97022473,39.64971786,40.76850791,40.9600833,43.07195514,49.8532563,52.63145334,57.45700928,57.46757499,64.24835121,68.4371022,68.74617566,71.5277498,74.06570408,75.62960513,76.53763405,77.3595448,77.38934372,77.72629328,78.87140715,79.55984799,81.395653,82.22931261,83.13841916,84.53043883,87.21446689,89.0404933,89.48502348,89.67045421,90.47586139,90.5599328,91.43610395,92.04142203,92.11466592,92.24443292,92.26529246,92.88992591,93.02177167,93.21151439,93.3600976,94.34779051,96.12742551,96.28767109,96.79262607,96.94745921,98.35135793,98.48996223,98.95700016,99.54924247,101.17038758,101.28218414,102.58285502,103.0909838,103.1538781,103.54178565,103.89340341,105.52496362,106.28193421,106.79646291,107.20986264,112.06897453,113.69885997,114.04169569,116.11957308]","[5,5,2,5,1,5,1,4,2,7,5,1,1,1,7,2,2,0,5,6,2,0,1,5,1,1,5,5,5,1,5,5,2,6,4,7,1,0,4,0,4,0,4,4,0,0,0,4,4,0,4,6,0,4,6,5,1,6,1,1,5,5,1,5,5,5,1,4,3,2,6,0,4]"
"[8.75116152,12.36341412,17.63710693,20.60943525,21.10796555,21.22537442,21.37274789,22.61801602,23.95809425,25.14842373,30.10961924,30.11177428,30.2421582,31.45161507,32.00830203,32.40839418,34.47253934,36.03374606,44.92764593,46.49559276,47.10011786,51.67314891,52.41287094,55.36728475,56.18910834,58.38969209,58.46832501,59.88940305,60.4780573,60.47965005,61.03254298,62.19942703,63.88994679,64.66544138,68.5096496,71.46913804,72.49583945,73.35626556,73.44316909,74.25924605,74.33709126,77.25443409,77.97990246,82.26687178,82.32485056,82.83651881,86.20942452,86.67390502,86.85063499]","[3,2,5,3,6,1,6,1,5,5,7,7,5,7,1,5,1,6,1,1,7,5,5,1,7,1,6,5,0,1,5,5,1,5,3,6,1,5,5,6,2,2,1,7,2,6,2,1,5]"
"[6.13378828,6.16178795,10.93509593,12.10242626,13.01352596,14.18270999,17.99350092,18.5749792,19.53085947,19.73128108,20.14128859,20.98664438,26.41229324,29.84212464,31.22282837,31.32154153,35.99441459,39.02355439,40.69312865,41.59430538,46.25168149,47.5166392,50.88932348,51.83296436,52.64907837,52.77275589,52.98121104,53.74981338,54.68903498,54.77112265,55.05969371,55.42784865,55.44389523,58.50627601,58.85828191,59.26679526,60.39337323,62.51717256,62.69578444,63.17155041,63.3949828,63.51822451,63.6184405,63.99521359,64.8951691,65.60326089,68.22190064,68.61914483,70.1162867,72.26635388,73.99825755,75.3696823,76.24547252,77.58487861,77.8792801,79.04677091,81.10141032,81.91388403,86.47077722,87.58320465]","[6,1,0,4,0,4,2,3,7,1,5,3,2,0,2,4,2,2,2,2,1,6,4,2,0,7,4,3,5,1,5,4,5,1,4,4,0,0,7,4,4,0,4,6,0,0,5,1,0,5,2,4,4,1,0,5,4,0,5,4]"
"[0.4183842,0.61088192,2.80539146,6.86331794,7.76000495,8.91545103,9.7131464,11.76350011,11.89608665,12.39801004,12.40087621,12.46351112,12.54644566,13.0490217,13.33853652,13.43567668,13.74730806,14.3976473,15.46709855,15.62609752,15.75449628,16.00982143,16.60785163,17.36505357,17.38672141,17.45352211,17.60031428,17.88631459,17.89226784,18.08744474,18.21339319,18.90834689,19.49384718,20.84554518,21.53056477,22.08240433,22.53305499,22.58806925,23.19193859,23.19778151,23.39624328,23.8434017,23.94483429,24.31736288,29.01989511,32.2606245,32.88495037,37.92798077,39.1345992,39.32529547,41.01698705,42.23284822,42.92829346,47.20765725,47.33635771,47.63406127,49.2374967]","[1,5,1,7,5,5,1,1,5,1,1,5,5,5,1,1,5,5,2,5,1,1,5,5,1,1,5,5,1,7,1,5,5,5,7,1,5,1,5,5,1,5,1,5,0,2,6,7,7,2,1,5,1,1,5,1,1]"
"[1.50446982,4.09116753,4.53225219,5.29766893,12.65675551,15.16856999,18.52112543,18.66495981,18.7767622,19.43455859,25.54296703,25.92210144,31.21960033,32.04854808,35.31570046,35.73703001,36.32205652,36.94845141,37.23994466,37.32762142,38.96269814,39.60007575,40.396061,44.35374226,44.66830002,45.24668941,45.99454964,46.0480747,46.0692929,48.18600245,48.46274871,49.268283,49.32522607,49.36529372,49.43269278,49.52236796,49.57554969,49.86846351,50.42225416,52.2922045,53.24447842,53.42898226,53.66201258,56.1392225,56.70231266,58.56402411,58.75919166,60.59982812,60.65370514,61.60398697,65.09137522,65.91486297,71.99696593]","[0,6,5,1,1,3,7,0,5,1,3,7,2,1,5,4,4,3,0,4,0,4,0,4,2,1,5,2,5,1,5,5,1,1,1,5,5,7,4,2,5,1,5,5,1,3,6,5,0,4,0,2,6]"
"[6.44506446,8.70248375,8.82243016,8.98011456,10.26085437,13.59672636,14.30967819,16.04956127,16.83145758,16.87241124,16.88545436,17.27463002,18.08736995,18.39688674,18.55641958,18.74689796,19.38933378,20.04634238,20.73083396,20.95891104,21.07303744,22.97530935,23.49946243,24.6540081,24.66365951,24.73029345,24.7448221,24.88723266,24.8958899,25.45546311,25.46175562,25.48895558,25.7097462,25.88687983,25.88993386,26.04161237,26.16014259,26.4385929,26.87672941,27.13162301,27.79470516,27.90572854,28.10120188,28.66362625,28.94922177,29.67542069,30.0014656,30.48788422,30.9953434,31.08975106,31.42166397,31.44190155,32.07269212,33.4740365,34.28486044,38.09638603,38.92212578,40.07530083,41.8186637,42.04322771,42.34434858,49.51227639,53.43503266,64.77955572,65.19182558,65.20251597,65.59404156,65.71386272]","[0,2,4,7,6,4,0,1,1,4,5,5,5,5,4,1,5,1,5,0,1,5,5,1,1,5,5,0,1,4,5,4,1,5,1,1,5,5,1,5,1,5,5,5,5,5,5,1,1,1,5,1,5,5,1,5,1,4,5,1,5,5,7,5,1,5,5,1]"
"[1.70800005,4.0137101,10.50757945,10.52380559,11.37688195,12.05036265,15.88754101,16.44672143,20.43073725,20.74174127,21.77181989,25.21871182,32.04326651,32.35436417,32.35839461,32.71190024,33.63008734,33.93834297,34.61041617,34.63398214,34.79418905,34.82993004,35.09160658,36.05331493,36.21506227,37.29956644,37.61211688,38.01622847,38.69516484,38.79875332,40.83661557,41.10996501,46.42376205,46.75422356,47.21702518,48.31305124,51.52243598,53.54992722,56.05717616,60.77498435,62.73594669,65.76226986,66.25502387,67.03313644,67.11034564,68.5613514,69.30452348,69.96624745,70.08422832,70.0931951,71.53007651,73.73720725,74.21784729,76.24419311,76.84179518,77.22167355,77.37641791,78.68744357,78.71327757,78.75510482,79.65759506,80.31087818,81.03944666,83.31233443,83.37559386,83.80989866,84.29868653,84.88538641,85.01655388,85.61920107,85.75721157,86.89878258,87.81614929,88.31735618,89.67896371,95.91191168,99.0461304,99.36887115,99.52443237]","[7,1,4,5,2,1,1,5,0,5,2,1,5,3,1,3,4,1,1,5,5,5,1,0,0,5,2,4,5,1,5,1,2,5,7,1,7,5,7,3,7,2,0,7,4,4,0,2,7,2,2,1,5,0,4,4,7,4,4,0,0,0,3,5,5,1,1,5,1,5,5,5,3,2,5,4,0,5,0]"
"[6.66640253,6.95421945,7.02735582,7.329477,7.87187671,8.59290904,9.22505424,10.20014477,10.86873908,11.2580273,13.73201594,15.37205635,15.51674996,16.01649476,16.84356018,17.90491,18.01391257,18.24435842,19.48553293,19.64335128,20.25585186,20.3147726,20.58404816,20.99267941,21.53477365,22.44313215,23.74627984,23.74828558,24.52971471,24.72798166,25.99005251,29.32909407,30.39163237,30.7005741,32.69369722,32.82299098,34.16378538,35.65058657,35.69986977,38.47315348,41.55506809,47.45669397,48.79057938,49.28117593,49.94241315,50.55587806,50.5843761,50.60585057,50.80402105,51.56785183,51.97225479,51.97390607,52.23405208,52.32866325,52.86829437,52.89014177,53.99839556,54.25302426,54.30528967,54.70979486,55.36985987,56.08404496,56.38086415]","[4,1,0,5,0,4,4,0,4,4,3,7,4,5,1,0,4,0,3,4,1,4,3,4,0,0,1,4,5,5,1,7,1,5,1,5,3,4,0,2,4,1,1,5,1,5,1,5,5,1,1,5,1,5,1,5,5,5,1,1,5,1,1]"
"[1.46632841,2.88386762,4.10519227,4.78385102,12.94133921,14.37430715,14.51483047,17.19993786,21.04348991,21.63115693,22.71866997,23.93342735,24.95245658,26.52163296,27.78045307,33.65445288,34.14517814,34.17094955,34.21466074,34.40237657,34.7998269,36.24803759,36.30480829,36.97092766,37.001179,37.08475282,38.69373522,38.80105336,39.91623769,43.19358792,44.42490308,44.98130034,45.28396257,45.6869741,46.39690043,46.82162858,47.3396488,47.48916645,48.11389909,48.69710499,49.35535704,49.50596849,49.63176836,49.6558284,49.68781114,50.27091379,51.12610817,52.17561486,54.63279335,55.06816382,56.00253415,59.32774988,63.08195193,71.9442872,76.9917521]","[7,1,1,6,5,7,2,6,5,1,2,1,2,5,1,5,1,5,1,5,5,5,2,7,4,0,1,5,2,2,2,0,0,1,4,5,5,2,1,5,4,4,0,0,7,0,4,4,0,5,4,5,6,0,0]"
"[0.41067086,0.89477999,2.52707541,2.67052687,2.82693868,4.33605623,6.24825512,8.3858279,9.82721996,10.32649768,10.73007254,14.61396498,15.52555226,17.45576863,17.66951628,18.25319439,19.80240977,21.64862179,22.57774583,25.25321535,25.36693459,25.38110391,27.27740096,28.13761798,29.33883953,30.08642135,31.37468585,34.51276104,36.67965,40.80884613,42.71289784,42.92987176,43.87183299,44.49002136,45.87004761,46.79342511,47.99756479,48.27161862,48.79424612,49.14441202,50.85244896,50.88913038,53.82920966,54.03233814,54.38031991,55.01599373,55.09698479,55.83887094,56.01275032,56.50152885,57.09890861,57.10890121,57.54971042,57.57352074,58.14059478,58.15185997,58.17556582,58.43943495,59.3384724,59.46936359,59.73139708,60.23310555,60.25808933,61.03203116,62.02166505]","[1,5,1,5,1,5,1,5,7,2,5,1,5,5,1,5,2,4,0,4,5,0,6,3,5,2,2,5,1,5,4,1,0,1,1,5,5,1,5,1,0,5,5,1,3,5,1,5,5,1,5,1,5,1,0,5,7,5,1,5,5,4,0,1,5]"
"[8.15222273,12.07595158,13.68408006,13.97691437,20.12539188,20.26643662,20.83806905,21.17263474,21.73796134,22.10040839,22.43936439,23.03800221,24.16143959,24.1898544,24.46211363,28.74899147,30.62033136,32.03220779,32.18676405,32.29590429,35.24858427,35.87319273,39.00943095,44.70823862,45.17058036,46.30807659,47.43600476,51.30662172,54.4933166,55.58247266,59.62406981,61.85552479,63.70128732,64.38457172,65.27952703,65.37906189,68.06134483,71.60722879,72.00344283,72.29940024,73.55048838,74.74247093,78.68050412,79.73604702,82.11508589,83.76666988,83.81238966,88.53516396,88.74949199,90.28567378,91.53562712,91.86198483,92.03199548,92.95315405,93.32534428,93.63962208,94.66388963,94.7759289,95.61192463,96.65899914,96.6607879,96.76523511,97.00108927,97.2128536,98.2170279,98.23715528,98.4839603,99.42242758,100.69119928,100.76843515,101.39193165,103.65618882,104.26062058]","[0,2,7,2,1,2,5,1,5,5,5,1,1,1,5,1,2,5,1,6,5,1,2,6,2,0,6,5,6,0,6,3,5,1,5,5,2,6,6,6,6,6,6,1,5,1,4,0,4,5,1,5,0,4,3,5,4,7,4,1,1,5,5,2,5,1,5,1,5,6,5,1,1]"
"[0.323116,6.02393548,11.24791171,11.57257214,12.65292328,13.90544085,13.90606533,15.04386909,16.44212059,16.54674041,16.88557596,18.16142106,19.1172787,19.14266309,25.76009634,26.66072107,30.96889527,31.29795399,35.41182711,36.94636794,37.3839699,41.1053391,42.52383802,46.65458314,50.4280586,50.4731261,51.18981047,51.92402432,52.25157759,53.05340266,54.40768372,54.80406949,55.0183077,55.48741101,55.50753615,56.72624167,56.84226181,56.85285921,56.96744955,57.50123875,59.91388185,61.51970019,61.702694,63.60382403,63.80190453,66.72941639,67.14707072,67.90860292,67.97608935,70.68716468,74.17068851,74.80671952,76.10770568,77.23630356,77.92384926,78.1832138,80.24428739,80.41403499,81.0552193,81.42410255,82.02387679,82.05478069,82.21242953,83.13947073,84.35463447,86.57494589,86.6125403,87.01329649]","[7,3,4,3,0,4,5,1,0,4,4,4,2,0,4,2,7,2,3,0,4,0,2,5,1,5,1,5,5,5,1,1,5,1,7,5,1,7,5,1,1,2,5,4,1,2,7,1,5,1,2,1,5,5,1,1,1,5,0,2,4,5,4,5,4,1,5,1]"
"[0.71065127,1.0008098,1.13100233,1.21762367,1.21934909,1.81818392,2.05955403,2.11721267,2.40629164,2.61068197,3.04482439,3.26980937,3.93047904,4.21709119,4.5605905,4.66600673,4.98372324,5.35630087,5.40448709,5.44913139,5.89974488,6.53114963,7.61681563,7.62989407,8.72321515,8.82461561,8.97236477,9.13262548,9.33119589,9.35060855,9.66502832,9.66762262,9.71895592,9.98554952,10.009155,10.12613411,10.42762722,10.79387317,10.822442,11.08708399,11.37739406,11.43735107,11.85861,11.9206225,12.22976654,12.65213313,13.22706934,13.29427795,13.33740114,13.53585407,13.70278655,13.74670766,14.53872405,15.14472207,15.46376199,15.81244446,16.11740309,17.63456639,17.81998723,19.76437733,21.37347056,21.62286818,23.4069514,24.88631222,24.93501208,25.49248892,26.04088187,26.25898807,27.36620383]","[4,4,0,5,4,0,0,0,4,5,5,4,4,0,1,0,5,4,3,5,4,3,2,1,1,5,0,5,3,1,1,5,5,1,5,1,1,5,1,5,5,5,1,1,1,1,5,5,5,5,5,1,1,1,5,4,0,1,5,5,1,5,5,1,5,5,1,1,5]"
"[1.70366785,2.27743587,2.59759466,4.22280781,5.02951589,5.19293369,5.19786712,6.14883567,7.19191032,8.5882092,9.06905779,9.7561636,10.71032799,11.69235718,11.7097308,12.04480464,12.72775371,12.79058279,12.88848351,19.20134525,19.936026,20.01753774,26.23042641,26.31566431,27.2257037,27.78707123,28.01861331,28.20858909,31.09585945,31.70877269,31.80082361,36.02214231,36.96520123,37.5895022,42.55531606,43.7827419,46.89603632,53.11999303,54.45473154,57.27392204,58.64801923,60.09160947,62.35679709,63.0817111,64.64172866,64.94153932,65.24033957,76.78822531,77.8932558,77.91502119,79.34508777,80.52828847,80.88378394,81.11630351,81.12570855,81.15295298,81.22645523,81.26317805,81.37483868,81.49158486,82.07604456,83.17246381,83.26815197,83.29324274,83.80702308,84.25352545,84.2950118,85.06927674,85.70285439,87.14752896,87.77295945,87.98231105,88.68560662]","[0,2,2,4,0,0,4,4,2,1,0,0,4,4,5,1,1,4,3,6,1,5,6,5,1,5,5,1,5,5,5,0,2,5,7,4,2,3,7,2,2,2,5,7,2,1,5,4,1,5,1,5,5,1,5,1,5,1,1,5,5,1,5,4,1,5,1,7,1,0,4,5,0]"
"[9.54856963,12.25253594,24.065894,26.57806421,28.16162514,28.52496781,29.51552881,30.44176183,31.62923221,32.08947774,33.54503346,35.25246225,35.80916491,36.17836175,36.79457026,36.88034065,37.14979014,38.256659,39.81678131,41.31849175,44.1940455,44.29108295,47.11133309,49.08627738,49.61942743,50.91010028,51.30591711,51.46075405,52.02154352,56.05456997,62.2227732,65.2512755,66.57446842,67.32442692,68.37985032,76.44702345,81.29460422,90.12598232,93.78107767,95.50800869,95.61154322,96.43748116,97.33934887,97.39684542,98.46020866,99.13520368,109.02547115,109.44820374,110.11546061,110.35150572,110.51190075,110.64692391,111.03002582,111.24097707,111.2758123,112.13331272,115.62184349,118.498169,119.2374893,120.42380291,121.16860279,127.64257279,128.06864041,128.81101568,128.9926763]","[7,7,2,2,4,0,0,3,4,2,3,2,0,2,1,7,5,7,7,3,6,7,2,4,1,5,0,2,1,1,5,4,3,7,2,3,7,6,7,3,1,5,0,6,4,0,0,4,0,0,6,4,4,5,0,0,7,2,6,4,3,6,3,0,4]"
"[3.29097462,4.30497068,4.31961181,6.34611846,10.44898019,11.2583995,12.392236,12.61571527,14.4090513,14.6494204,16.49857607,17.85259475,17.99672576,19.00454617,24.82500584,27.95803276,28.11380995,28.16053229,29.6225572,30.52132059,32.62338073,33.04367727,34.81661751,37.664381,37.75251135,42.01386246,42.06248165,42.31162498,42.57622478,42.91531141,43.74866872,43.78771983,44.29272333,44.39958432,44.67623048,45.2399344,45.30782859,45.54635348,46.43753753,46.47914573,47.73607627,47.82909881,48.354319,48.67854069,49.32605076,49.90888471,50.35236156,50.45079982,51.03735747,51.85507452,52.77295132,53.93528398,54.49769663,55.88544321,55.97099405,56.15575896,56.26709032]","[0,5,5,4,4,0,1,1,5,3,2,7,5,2,0,0,4,5,5,1,1,5,6,5,6,4,0,0,0,4,4,4,5,4,0,0,0,4,4,4,4,0,4,0,0,4,0,0,0,4,4,4,4,0,0,1,4]"
"[1.02219348,2.93814101,5.12999077,6.25992911,8.08794193,8.60612604,9.07624809,10.73929057,11.67346952,11.69194092,12.60599174,13.5656684,14.18292292,16.5339788,18.46877478,18.60085506,18.63301306,18.75258823,19.84466286,20.99048338,21.37672112,21.57024607,21.70034249,21.79298444,23.45594526,26.79264081,35.40312716,40.19895987,41.43787874,42.08196238,43.28693472,43.54965511,43.70528962,45.71322454,46.12444012,46.34977413,48.98463372,49.03709044,49.52815779,49.83248643,49.90883777,52.26616939,52.31229695,53.27786912,53.72963631,53.74569175,54.07071312,54.63489188,55.86872017,56.31227176,56.54116979,56.57274369,62.00566156,64.39447366,65.09323791,65.2608412,66.91042864,67.61685351,76.34389187,76.52856856,80.26616698,80.82145677,81.86639756,82.92755631,83.11856596,89.40759007,89.4418996,89.98007746]","[5,1,2,5,1,5,5,1,5,1,2,2,1,1,3,0,5,4,0,4,1,3,5,1,0,2,3,5,1,1,7,5,5,4,0,5,4,4,0,4,0,4,0,0,2,0,6,4,4,0,7,5,4,1,1,5,6,1,7,7,2,5,3,0,2,4,0,4]"
"[4.2818311,6.99173899,14.77279533,19.20866078,25.53240965,26.70053295,29.23503291,30.21777258,39.64641808,39.87430796,40.12004938,40.29872966,41.31060862,41.63723716,42.59032069,43.48456504,44.02761066,44.3819871,47.09219437,47.36320844,47.90609566,48.21946154,48.2572763,48.35864098,48.97402735,48.97579135,49.10469344,50.92598862,57.12300513,57.89820635,58.53298419,58.64156834,60.17581695,60.22202135,60.42089303,61.39304263,61.55833646,61.92180967,62.04179762,62.20527735,63.11281873,63.27600398,63.2922397,63.62995582,64.24194261,64.29083807,64.53131648,65.12031511,65.14827851,65.42964239,65.63557927,67.56620136,67.61292557,67.79353628,67.83829659,68.10101713]","[1,3,2,2,2,0,7,7,4,7,3,0,4,0,0,6,6,4,5,2,4,7,0,0,1,1,5,7,1,0,4,5,0,1,2,5,5,7,5,5,1,5,1,5,5,1,5,1,1,5,5,4,1,1,0,5]"
"[0.39247522,0.49934041,0.57450129,0.81007077,3.05658067,6.84747131,7.33481549,13.39063482,14.60516357,14.97099862,17.43760671,18.64249167,20.08770228,20.11039819,20.59682683,22.87913004,24.1157291,27.01012711,28.01643714,39.13292551,39.7733219,42.04365361,42.07311629,43.61699642,43.987673,47.62993915,51.83928811,55.00308322,55.13010329,56.47759821,56.80920453,57.21745886,57.31510341,57.71889283,58.13974572,58.40036586,58.47716618,58.54695203,59.02198631,59.64234063,59.97285057,60.03966471,61.15304243,61.39869437,61.41829059,64.33664605,66.37784045,69.76826374,76.95662845,79.39122933,84.73407566,87.52136381,87.65026967,89.07850271,89.65891607,91.20442645,91.40810254,93.51725334,93.74060835,94.17801999,94.44283804,101.6724245,110.39703808,111.22554063,111.39547604,111.44438237,111.50991839,111.53663808,112.01453098,112.25598569,112.39771021]","[0,0,4,4,3,5,1,7,3,1,3,5,1,4,0,7,4,6,5,7,5,2,2,6,7,2,3,2,2,0,4,0,4,4,6,4,0,0,4,4,0,5,4,1,3,0,4,5,1,5,5,1,5,3,4,0,0,0,7,2,3,0,0,4,0,4,0,4,4,4,1]"
"[0.4347947,0.81127193,1.86783722,3.56209867,5.01653155,5.06513899,8.47181183,8.80040004,9.02740142,9.75159929,10.30387987,10.69903626,12.34089743,14.01780488,14.54517303,14.65215222,15.78955538,16.27152027,16.70606668,16.82383689,17.2011454,18.09749567,19.08317989,19.39222743,22.91370118,23.45490845,25.02209037,29.965691,30.95031195,31.06505679,31.98108156,34.45016169,34.69030495,34.81295806,35.63343971,35.91771742,36.02204888,36.14456636,36.34449905,36.37832133,37.06278077,37.46437275,39.68991619,40.44550731,40.47308779,40.74290483,40.83153862,41.4548563,42.31248081,43.13704885,43.42277535,45.21781076,46.84225674,53.42582142,57.54351847,58.09918483,60.03954421]","[0,4,0,4,7,0,4,5,3,4,3,0,4,0,4,0,4,1,4,4,0,4,7,0,4,5,7,2,1,7,1,5,1,1,1,5,6,5,5,5,1,5,5,1,1,5,5,7,5,1,1,1,5,3,2,6,2]"
"[1.14203792,8.42322687,14.16920877,14.54731069,17.38761482,18.4283536,18.75231781,19.45831384,33.55167509,50.97392282,55.29813827,58.3345307,61.71374121,62.9704462,63.4730665,65.00939973,65.09960728,65.5122799,67.4362856,69.60098035,69.88406188,70.30901247,74.25535159,76.02065935,76.04841535,76.16008737,76.32444675,81.28007883,81.31147801,81.85785749,82.36408687,82.54983934,82.82434019,83.56905109,84.2508456,85.0455452,91.04976939,96.17337503,97.95357524,105.96702827,106.93096864,110.6484023,110.98030237,111.13831177,111.43834497,114.5059845,114.58998441,115.00288887,115.50043108,117.29707236,118.61808181,119.20572561,119.300862,119.51702961,119.64133235,120.64265256,120.71657967,121.14902465,121.17215198,121.23063371,121.97717493,122.17265278,123.01826253]","[7,7,0,3,0,4,0,7,3,1,5,2,1,5,1,1,5,1,1,5,3,5,5,5,1,1,0,3,5,5,1,1,2,1,5,2,7,0,1,1,5,6,0,0,5,0,6,4,0,0,4,2,1,0,5,0,4,4,0,0,4,4,4]"
"[2.02704045,2.06266262,2.0742721,2.33496414,2.63915654,3.04455201,3.67925537,4.00785149,4.03897759,4.05439619,4.3820014,4.43848086,4.88119803,5.46309845,6.04148849,6.18399569,6.75375111,6.90973021,7.01673929,7.55136879,7.67136735,8.05312702,8.15627682,8.26959759,8.45319681,8.6256098,8.83563132,8.90653031,9.30651016,9.30681743,9.54619028,9.78205028,9.90890559,10.15568135,10.26350338,10.27198444,12.32420288,13.03005094,13.15095486,15.20267935,18.0879269,20.90292318,25.35710623,27.80728432,34.09637783,41.12504977,41.13312153,41.2778366,44.78861555,45.84830031,46.42497764,47.81789716,47.85442817,48.33140716,49.03547825,51.45323232,51.71063776,52.623819,52.77667207,53.3093341,53.94329951,55.04016822,58.758929,61.27147135,62.69952727,63.04160293,66.28009238,66.42520311,69.03692604,69.33561168,75.42496166,77.31894767,78.45769084,80.68228163,82.69985352,84.56429075,85.98623743]","[5,1,1,5,5,1,5,5,3,1,5,5,5,1,0,1,1,5,5,2,1,5,4,0,1,1,5,1,4,1,5,5,0,5,0,4,0,5,4,1,1,2,4,0,4,3,5,0,0,0,4,0,4,0,0,3,4,2,4,0,0,0,4,3,3,3,5,1,5,6,5,1,1,5,1,5,0]"
"[1.37103604,7.16735738,7.29538155,9.95346284,9.97559502,11.90158427,16.86809583,18.27623145,18.75044082,22.07918595,28.01910919,28.59354547,28.84689053,29.0484444,29.32793701,32.526389,32.78403461,33.03608617,33.04898049,33.55663998,34.32816984,37.89675872,40.4926957,40.62014882,42.50291608,42.95170069,43.22780224,43.30216763,43.34844726,43.35321365,43.54236472,44.30285945,45.3389866,46.42480983,46.51168999,48.11526846,48.23068794,48.39808847,48.46914066,48.63315373,48.78334554,49.68882832,50.18551621,51.11023637,51.63442041,52.68697031,53.51489667,53.75545477,54.08911334,54.22076957,55.15639346,61.60751399,61.72530555]","[7,6,3,4,0,4,7,5,2,0,0,4,4,5,1,5,1,5,5,6,1,7,0,5,1,5,5,5,7,1,5,5,5,1,1,2,1,5,5,1,1,5,5,1,5,5,1,1,1,5,1,7,1]"
"[10.33233467,10.46142478,10.97985676,11.78274031,12.52075194,12.74305923,12.74464261,12.92463994,13.30469982,13.32799271,13.46543545,13.65510965,13.68521294,13.96624059,14.00295202,15.62765293,16.267348,17.58302979,18.28304139,18.55257462,20.00350681,20.31652704,20.98722337,20.99099571,20.99850972,21.05204896,21.09618858,23.32743642,23.77224435,23.98658052,24.0644815,24.54147141,24.90073045,25.53900331,26.17839189,26.36052413,26.55681346,26.71049068,27.10110145,27.12126704,27.87195497,28.12101333,28.99626167,29.3116753,29.34569188,32.02753265,41.31458962,42.33599913,44.56489299]","[5,1,4,0,1,5,1,4,5,1,4,5,1,5,5,7,2,4,2,5,1,0,0,4,7,0,4,4,0,4,4,0,0,4,3,4,0,5,5,0,5,1,4,1,1,1,5,1,5]"
"[3.79083761,4.71066416,5.673799,6.28216726,15.50231287,18.83527474,20.45697885,22.2750137,22.42867679,23.30071355,24.44782612,31.60111285,31.94986484,32.92264974,34.48914509,43.37792195,43.91546751,51.55334246,55.11759723,59.20868905,59.54067227,61.04838266,64.40656331,66.16021745,67.01250773,71.24800624,71.60485515,71.96511919,72.61157555,73.18534803,73.29031966,73.41381387,73.64351424,73.68554415,73.80365569,74.72443782,75.57733806,76.76620091,77.47629037,78.14908187,79.17334203,81.17045473,81.17087751,81.22254732,82.13764203,82.85929656,87.12030671,87.18743207,87.88721592,88.90202481,89.22485456,90.94750291,91.41368263,91.59622328,91.75745574,93.30237855,95.04830924,97.59011279,100.72430533,101.56322393,103.53229284,105.65901366,106.05918863,109.13155939,110.27563563,112.19140313]","[1,7,7,5,2,5,0,4,0,3,1,0,5,7,4,2,5,5,6,7,2,4,4,7,4,0,2,3,5,1,5,5,5,4,1,0,0,1,4,2,7,0,3,0,4,4,5,4,0,4,4,0,0,4,4,4,4,2,1,5,5,7,2,7,2,1]"
"[2.10971287,5.3824044,5.8717433,11.64031885,12.17548938,15.09116619,16.41509803,23.28550531,24.12934456,28.46910853,28.58896019,29.34092189,30.42192266,30.47919167,30.63699873,31.28365123,34.27623959,39.4382382,40.97948237,41.98463956,42.58509329,43.4459818,43.94900786,47.15379093,49.01612598,49.03489314,49.55961038,50.1471489,50.25134601,52.96975941,53.03484973,54.33337517,54.81816064,55.59254532,55.84286857,56.27561592,56.3025545,57.50872775,58.40847985,58.61824642,59.15823258,59.39713545,59.64724042,59.74517447,60.01347019,60.72787677,60.96657101,61.02062483,61.45485779,61.98272918,62.26429494,63.68163197,64.56150585,65.41735611,65.49689286,75.09869395,78.02475805,79.25919108,79.4902117,79.92170378,80.57633196,81.08763282,81.85926791,83.03934307,86.72544021,90.06827523,93.87975811,103.69322425,104.78162479,107.81888421,108.28451364,108.75045148,108.88401721,109.14680939]","[7,4,0,2,3,6,4,5,0,5,1,5,1,5,3,5,7,2,7,5,1,1,5,2,5,1,5,1,1,7,0,4,0,4,0,4,0,0,4,3,5,1,4,0,4,4,4,0,4,0,0,0,7,0,4,7,6,1,5,5,6,2,2,6,7,4,6,6,6,5,1,7,2,5]"
"[1.0227251,1.92174814,2.53892128,4.11401667,4.45633663,5.21556214,8.36850465,11.18842441,12.90712126,17.38245794,17.80698493,17.98573987,18.29135658,18.53045514,18.56310195,18.62017024,18.66375752,18.92479508,19.29021953,19.34097399,19.68745317,19.74299378,20.40619745,20.79572491,21.12173049,21.85106844,23.99852647,24.18624384,25.68206855,29.60182922,29.63363759,30.3662714,31.47451421,33.40689718,36.69603523,37.169829,38.3117488,38.83376154,39.93740982,40.3210572,45.12200484,45.75687975,46.43653617,48.12659489,53.60897194,54.87567324,55.11638614,55.71540504,55.73497666,56.16948285,57.28818232,57.72030903,67.58480941,69.04705405,69.29100725,69.54266609]","[3,3,0,2,0,4,1,2,4,3,1,5,5,0,4,1,5,1,1,4,5,5,1,5,5,1,2,5,1,6,5,5,1,5,5,1,5,5,5,5,2,1,1,2,5,1,5,5,1,5,5,5,7,5,5,6]"
"[2.07050632,9.23455573,9.27934752,10.95469923,10.9800116,11.13156297,11.81763902,12.93681475,13.16799025,14.05914658,14.08063022,14.16565736,14.29567285,14.37519166,14.57293162,14.6227178,14.92878493,15.23784092,15.3501537,15.54119872,15.74725035,15.83873355,16.2469313,16.38934741,16.50811457,16.94555234,17.02896212,17.04922883,17.46203548,18.14970673,18.46153764,20.11709042,20.24166687,20.54567909,20.7490421,21.11947216,21.72123265,21.8852689,22.88396058,23.24685144,24.66185803,28.08261295,28.43804446,28.80647024,28.83787182,29.76997221,30.06578809,31.08585489,31.27020656,32.94930751,33.33724388,34.34140715,36.97908716,37.1491877,37.33675563,39.188577,39.44758767,40.28701696,41.37070905,41.54797123,41.56742277,41.94602715,42.07493642,42.13361501,42.53157369,42.64478575,42.69877319,42.70395588,42.93303313,43.1074372,43.5065583]","[1,4,2,0,4,0,4,4,4,0,4,4,0,4,0,4,6,0,4,0,0,4,4,5,0,1,5,1,0,4,4,4,5,1,5,1,4,5,5,1,5,0,7,1,4,4,5,5,1,0,5,1,5,1,1,5,5,5,1,5,5,1,5,5,5,1,1,5,1,5,1]"
"[6.29318262,11.46478678,12.53617708,21.93141163,22.18686348,22.33253655,22.41680602,22.8247478,23.16956722,23.19448552,23.34364032,23.40658556,24.29945959,26.55073523,26.83434858,26.86478032,28.44538918,28.95861484,30.49371812,30.86915939,31.11571322,31.12863625,31.56288747,31.60238453,31.73876505,34.72606154,36.15828488,38.56577504,41.44812408,47.84587509,48.40595661,48.8949701,49.06196273,49.29604334,49.66929206,49.68169442,52.21756668,52.51777534,53.19718567,53.67833073,55.18836864,55.31412274,56.5576072,56.99577322,57.648538,57.94752206,58.0167128,58.21917768,58.23233305,58.3720179]","[1,6,2,4,0,0,4,5,1,4,5,2,0,4,4,0,0,2,7,0,4,4,0,4,4,6,6,0,2,1,5,5,1,6,1,5,1,5,5,5,5,5,1,5,1,5,1,5,1,5]"
"[1.23656775,3.80426169,5.02722935,5.24500185,5.5082059,5.82063336,6.43252686,6.67914679,7.02483212,7.74956553,7.86557385,8.6663566,8.75844158,9.7778485,9.90167991,10.30017807,10.8855108,11.57019263,11.57743828,11.58084554,12.00487307,12.09247999,13.3956886,13.48080096,13.84824649,14.47513892,15.58744384,16.09239191,16.5182065,16.58970978,16.75569303,16.9635369,17.87650425,18.32960724,18.34964217,18.43282943,19.1689194,19.36507259,21.28159613,24.50883634,25.06012514,25.59537741,25.80597262,26.09331949,26.31710204,27.03731121,27.48073065,27.78282473,27.93539168,28.43617999,28.80068669,28.93063472,29.09554022,29.91118454,31.01663442,38.37135387,38.8385416,39.23239995,42.24845195,43.25428985,43.4623296,43.54740924,43.57833813,44.22995469]","[1,0,0,4,5,4,0,4,4,0,0,4,5,4,5,1,1,5,0,5,1,6,5,4,1,5,5,1,5,0,5,1,5,6,6,5,5,5,7,4,0,4,0,5,1,4,1,5,1,5,1,5,5,5,1,5,3,1,4,5,5,1,0,0]"
"[6.21228683,6.96815124,9.61964991,9.89487276,11.38066562,16.48999675,17.60140648,18.86877201,20.83776205,20.84220242,21.1754194,21.49524732,22.62031989,24.70050984,25.4531443,26.66173184,27.02250548,36.14170961,38.03552456,42.01437851,43.34498337,44.09619667,49.53304642,65.06503701,66.46097296,68.66851428,69.273224,69.77570716,70.24874062,70.68715547,70.81522515,70.89785385,71.39283077,71.77417662,72.10794498,72.58670226,74.43450201,75.30866037,75.30976888,75.7183732,75.98604382,76.04964417,77.16240614,77.4699019,78.01384024,78.79692761,80.28468756,80.37026674,80.4448124]","[1,0,3,7,6,1,5,1,5,5,7,1,1,4,2,1,0,5,1,2,7,2,7,4,0,4,3,3,0,4,7,4,0,0,0,1,2,0,4,0,0,0,0,0,5,4,0,4,6]"
"[0.06285224,7.75638203,7.88878247,8.46108853,8.85890962,9.56983923,11.26064869,12.46971485,12.6616229,13.84055635,14.38888154,15.12850075,15.29971378,15.33928172,15.68502811,16.24142577,17.73521652,18.01258976,20.23068298,21.20656532,25.21633969,26.27304825,26.33438456,28.61525997,29.53586644,29.94951853,31.27629871,32.03655752,32.16955719,32.38180158,32.57667505,32.65791856,33.36570231,33.45670173,33.74664328,33.97734324,34.29194497,34.3169293,34.33482498,34.65356089,35.4222493,35.59787081,35.80291811,35.82078765,36.16240778,36.54055918,37.3047865,38.2352995,39.55939827]","[7,0,4,5,7,4,2,0,4,4,7,1,5,5,0,5,7,1,1,5,5,5,1,0,1,1,5,1,5,4,5,1,5,5,5,5,2,5,1,1,5,5,1,1,1,4,1,0,6]"
"[0.88978447,5.78815613,5.89037513,6.44106262,6.53989845,6.76763116,7.42507396,9.03999733,10.30737803,10.42638279,10.57794272,11.31570661,12.97828283,15.71293419,17.04773064,19.74509354,20.39239334,22.48192419,23.32919637,23.5486881,30.35957055,32.73191076,32.98739419,33.56704485,33.95679791,34.6352813,36.7620647,41.75979632,41.95110841,45.61667878,46.0102595,47.06593525,47.38721935,48.04255056,48.72222967,50.1396009,52.62498489,52.72255594,56.27190726,61.67609623,63.74565936,64.76558993,64.7746172,64.92638092,66.13307338,66.99958737,74.11444181,77.29603101,78.48362299,79.12276859]","[1,4,6,0,4,4,7,4,7,0,5,1,4,1,5,5,1,5,1,7,4,0,0,4,7,0,4,4,0,2,5,1,0,4,4,0,4,4,2,5,7,1,5,6,1,5,2,2,0,5]"
"[1.49482016,2.58099838,3.0475774,3.15249737,3.4978485,3.5307554,3.62129207,3.72748055,3.95762991,4.60475127,5.29577192,5.33482548,6.5072365,7.0905384,7.92240774,8.14408058,10.22226422,11.15012981,11.57079138,14.11334651,14.8581864,18.39798821,18.95636844,19.89002226,21.42250222,22.56345441,26.531548,28.36784753,30.59779861,34.50273837,34.6039451,37.78186674,37.868622,43.47281115,46.02181406,46.41856815,47.22100816,47.2729604,47.28441554,47.43505357,51.32102744,52.19449895,52.73931849,54.27470699,54.74709144,54.79370905,54.96900846,55.06654535,55.24519165]","[4,0,5,1,4,0,1,5,4,0,5,4,0,4,1,1,5,5,5,2,0,5,1,5,1,5,3,7,0,1,7,7,7,5,0,4,0,4,5,0,4,5,1,4,1,5,5,5,1]"
"[1.29544685,4.70169467,11.19155035,18.0725422,18.36922204,18.39871656,18.49808429,18.60148187,19.14716039,19.39902679,19.54891836,21.23637947,21.65897717,22.21795247,22.94370255,23.15689249,23.21631874,25.18904189,25.62517523,26.22287196,26.45425317,26.8426675,27.93595971,28.80790805,29.91444373,34.48026457,36.74736166,37.20430222,38.0436463,38.09056217,38.23436899,38.88707413,39.31625036,40.99682119,42.84025083,43.11817231,43.48115533,43.48889693,43.928168,44.41105931,44.75956276,45.33520155,45.87833843,45.94688989,46.4965959,46.57722588,46.86512471,46.92331174,46.94806118,47.06208195,47.28158211,47.42938898,47.92881229,48.30167481,48.75586813,48.77987168,48.80625379,49.08709732,49.3034901,49.79372574,49.9907882,50.01065166,50.18894488,50.52667455,50.82210542,50.83139456,51.16592593,51.54519533,51.76756671,51.92590949,52.09884978,52.31768331,52.31992612,52.75227802]","[0,5,5,5,0,4,3,1,2,0,4,4,0,4,0,4,5,7,0,2,4,4,0,7,3,4,0,0,4,4,4,0,4,0,5,4,0,1,1,4,0,1,4,0,7,0,5,4,0,4,0,4,4,1,5,1,1,5,1,0,0,5,4,5,4,3,5,1,4,5,5,1,1,5]"
"[1.91620976,3.73229227,6.50085501,6.99884515,9.47397479,11.04131078,13.51427431,13.65307496,14.64100412,15.06342097,15.13702667,16.53489,16.73261576,17.12434195,17.29951678,17.4463631,17.71123363,18.40504512,31.51777899,37.0643234,43.47911699,44.7713852,45.01584314,45.13590209,45.35871357,45.43809634,46.17685405,47.92646923,48.17283285,48.35670015,48.56037323,49.69944563,52.65328395,58.70627702,58.90104803,58.9054957,58.99227824,60.07760101,60.72208878,62.89976393,64.36613241,64.61961008,65.5503274,66.3010837,66.63807028,67.61105852,68.1282682,69.74698662,70.35457537,70.39394656]","[4,6,1,5,6,6,4,0,0,4,0,0,0,4,3,5,0,3,5,1,5,1,5,1,1,5,5,5,4,7,1,5,2,0,4,4,7,0,6,2,0,6,1,1,5,1,1,1,7,4]"
"[0.32793614,6.66926421,7.59173748,7.93577766,9.55635175,14.39682837,18.24558846,19.15624604,21.41441144,21.48136496,37.52701105,45.13140441,56.58569191,58.21163756,58.26988307,58.30462251,58.45994776,59.05480972,61.24478749,67.33295233,67.96299522,68.38138921,69.62268768,69.68999924,72.50422942,74.78331335,75.31837862,76.1602478,77.14683624,77.76279932,78.22099704,78.89797509,79.64763458,79.81977436,79.84408359,80.65610058,80.97540967,81.45314421,81.71630665,82.22389756,83.37895352,85.16456019,91.24202065,92.35841498,97.36150347,101.98978999,102.19609499,104.34240165,108.66598921,111.25241656,114.15248968,120.02235348,120.75695229,120.92658392,123.79209386,129.11360207,129.91295502,131.05066513,131.06630233,135.90179046,138.62668054,141.88614652,142.62158063,144.60857635,145.54358444,145.71165291,146.1098598,146.63666742]","[5,7,3,2,6,4,0,4,4,4,0,6,5,1,5,5,1,5,3,2,5,1,5,1,4,0,5,4,4,0,5,1,0,0,5,5,1,4,0,5,0,2,5,1,4,4,7,0,3,7,5,2,2,7,7,5,2,0,2,1,6,0,4,1,0,5,1,4]"
"[3.40427912,8.52663441,9.20622645,11.12913021,11.14262684,13.32846485,17.03067234,19.31824166,20.09431031,21.09325954,21.14979613,21.74594837,23.50589598,24.96975711,28.04357825,32.24159011,33.04919342,33.37525476,35.90404045,36.73166926,38.49927505,39.49188232,41.57465523,41.74423421,41.8640303,41.97775114,42.73289498,43.21137173,44.27903153,44.48388886,45.22624339,45.51000952,49.83118629,49.84860674,51.68691642,51.90513836,52.70434771,53.3234082,54.97721245,55.99027095,56.38387521,57.17055632,57.32894458,57.9444375,59.36259614,61.61452712,62.1773683,62.99769545,64.51240766,64.68669172,64.69328627,64.70344274,65.5624532,65.76410514,65.97089749,66.04294677,66.39090693,66.47647223,66.71892085,70.32443616,70.71525722,70.75139854,71.62628291,73.15957762,73.67854833]","[0,0,4,7,0,1,4,0,1,4,0,5,4,4,7,7,2,2,1,5,7,5,1,5,1,5,5,1,5,5,1,5,6,1,7,0,4,0,6,7,2,0,4,4,0,5,7,2,1,4,5,0,1,3,5,5,4,0,0,4,0,4,0,5,2]"
"[8.36085534,8.87715663,11.81137281,12.64191192,12.72581634,13.37185234,13.63497765,13.81847884,14.33150928,14.37708587,14.83634175,15.58619755,15.59701532,16.51165038,16.82184,16.8467236,17.63806975,17.74731659,18.65106546,18.93597788,18.98190896,22.18728838,23.07669008,23.31415313,23.38113669,24.43390386,25.60180842,25.90037863,26.45013183,26.67406383,26.73152262,27.26371926,27.51094938,27.54723961,27.85067586,28.13443656,28.20428198,29.09952265,29.21939876,29.701738,30.45443889,30.55537555,31.47181923,31.54460172,33.32449373,34.58930033,34.83659946,35.96370596,37.78030988,41.87898708,43.5354938,45.06887641,45.11516182,47.06868415,57.61512836,61.56763462,61.82124743,62.61555888,64.11670266,64.35039491,65.0573637,65.41012724,65.99804077,66.20712986,67.59894822,68.96659811,69.9188892,70.20710288,70.29087838,70.40902799,70.60410157,71.18209581,71.47918612,71.93615789,71.94108069,72.2210028,72.65816344,74.90526027,76.52150425]","[2,5,5,1,5,1,7,5,1,5,5,4,1,0,5,1,4,4,0,0,5,6,0,5,1,0,4,4,5,1,1,5,1,0,5,1,1,4,5,5,0,1,5,5,1,5,7,1,7,5,1,0,5,3,1,5,1,5,5,5,1,1,5,7,3,3,2,5,1,3,2,3,3,4,5,0,4,3,2]"
"[0.82440985,2.23430977,7.81067911,11.48450274,17.56132044,18.74682735,20.05905394,21.32927167,23.04536065,23.80241299,25.60936804,27.87131406,29.44585903,29.77688414,31.21827038,31.8854851,32.42574861,33.20420296,33.29097917,34.23098823,34.31448079,34.46152577,34.543141,34.54536283,34.57835716,34.65852562,34.80673021,34.90629755,34.96589449,35.75991289,35.89204285,36.17487978,36.48189696,36.49075645,36.58840787,37.07318618,37.6961488,38.09328179,38.40785558,39.11713536,39.30774821,40.25555116,40.95949539,41.33901355,41.53987728,41.7024373,41.8135012,42.07879101,42.10245212,42.37960404,42.42956386,43.01416291,43.27239031,43.29919455,43.5467202,43.59311038,43.59714673,43.61227323,43.62903686,44.3965029,44.45254536,44.48407643,44.72494101,46.75520732,47.02924535,47.38005498]","[0,4,2,5,5,1,5,7,3,3,6,5,0,0,4,4,5,0,0,0,4,4,0,4,0,4,0,4,2,0,0,4,0,4,0,4,4,4,0,0,5,4,0,4,4,0,0,4,0,7,4,4,4,0,0,4,0,0,4,5,0,4,0,4,4,1]"
"[6.8576557,7.41964291,7.57346669,7.9659303,10.59369128,10.90872078,11.11744055,11.63481026,11.74362996,11.90955472,12.08420764,12.14087392,13.58800527,15.56589752,16.01061693,17.17843464,17.99165432,18.12815886,22.00115633,22.40640294,22.412585,22.8876871,23.26849921,25.26104765,25.64112939,25.67490161,26.52819861,31.67772697,34.7721901,35.44441922,38.33870392,45.71029457,47.04641648,47.86913102,50.58746537,50.68347346,53.88822396,54.46923997,54.92757688,58.66967505,60.11071066,60.5864541,61.23040212,61.74058248,62.69871632,63.37130241,65.76905833,66.84910317,67.21529584,68.1477408,68.30954156,68.3325977,68.74975553,69.05503051,69.23985063,69.26403992,69.2739869,69.28023789,69.72227474,69.72637256,70.01909536,71.24874955,71.43570488,71.67961273,72.5462824,72.86242487,73.40909203]","[1,5,1,5,2,5,5,0,4,4,0,4,0,5,4,0,4,0,0,4,4,0,4,5,4,1,0,3,6,6,2,7,7,1,1,5,0,0,1,7,5,6,1,5,2,1,6,4,5,1,0,4,0,4,1,4,0,4,4,0,4,0,5,1,4,5,0]"
"[1.96598637,4.24491708,10.34716753,12.33101328,12.58247377,13.87107622,14.51631387,14.70488742,14.74562419,14.89760815,16.69460531,17.76670088,18.10076185,18.15976742,18.29192176,19.27489674,20.08506627,22.62804136,23.41545076,27.01179511,30.13043242,30.50515146,36.98501436,40.09791022,40.91522827,42.24388664,44.12407149,44.13532563,44.46497758,51.13774763,51.61620045,51.78790556,52.17002916,52.29398266,52.52406538,52.92187321,53.52150694,53.67200918,53.78551442,54.00833427,54.55688007,57.20717007,58.09956355,62.62278799,62.9554375,64.05828193,64.54254813,64.93097729,65.64905145,66.60304292,68.70388516,69.45972771,70.24774581,71.40769045,79.05208174,79.47845336,86.70299096,87.2579124,87.78175117,88.79493821,89.66738923,90.20057508,90.56023095,95.18926468,97.31234721,98.35949986,99.99514535,100.1666768,100.98169729,101.26073848,101.32120533,101.71211102,102.18149561,102.22115939,102.75131815,102.8341213]","[6,7,0,5,1,5,1,0,0,5,4,0,1,0,4,4,4,3,2,4,7,6,4,1,3,4,5,4,4,4,0,5,6,4,4,0,0,4,0,0,5,7,4,1,5,2,1,5,5,1,5,1,5,5,7,6,4,4,0,4,0,5,0,3,3,4,0,4,0,0,4,1,0,7,7,4]"
"[3.25427319,3.72203457,4.36919252,4.98843334,5.04857203,5.20637156,5.86777085,8.35224379,8.3676778,8.40239345,8.59396156,8.73400841,9.04393721,10.8475617,11.52174653,12.58816699,12.97947583,13.04796114,13.43774014,14.2902038,15.5793237,16.44121687,17.02427188,17.11658233,17.14035246,17.83976459,18.77383831,19.0339861,20.8698746,21.19805682,21.88743028,22.12976367,22.17786747,22.61743068,23.84674017,25.13961478,31.6939294,32.73307893,32.97469926,33.97036352,34.88244741,36.23311155,37.04881269,37.09036894,39.87353779,41.31687957,43.60110566,44.9747084,53.00880268,53.38781449,67.2256116,69.34041691,70.32671773,70.49362097,71.77505258,71.88433524,72.33100298,73.13076668,73.29444278,73.61910045,74.03827092,74.52265361,74.53875402,74.65603625,74.68370401,75.09241271]","[0,4,0,1,5,5,0,0,4,0,6,4,1,5,4,0,5,4,0,0,1,5,1,1,1,5,1,5,5,1,1,6,5,5,5,5,1,3,5,5,1,5,2,5,7,2,7,3,2,3,7,1,7,7,5,1,5,5,1,5,5,1,5,1,5,5]"
"[1.80395695,3.98305279,5.09290857,7.88230352,11.85417462,13.19238917,13.40291418,14.31964682,14.68349501,15.15986773,17.00141943,18.01619922,19.31910325,20.27445099,21.84014458,25.16929732,25.76885992,25.99099464,26.10749856,26.47594892,27.30011465,27.48941179,27.5613581,28.10161984,28.99340582,29.27608653,29.75542875,29.8803683,33.55920859,33.8615371,43.55979017,43.57209397,44.21519982,45.86114879,49.98748606,50.94762164,51.29895996,52.50894216,52.85373068,60.66443638,65.01661181,73.2710583,76.15904952,79.08766555,79.38542852,80.37822342,97.36272573,106.18248946,107.28983722,109.16594423,110.08640508,111.35504332,115.919468,121.96575224,122.97418305,124.26737857,126.18219464,126.26592201,126.9844907]","[4,7,2,0,7,1,5,1,5,5,5,5,1,1,5,5,2,2,5,1,1,5,2,5,1,5,1,1,5,4,3,3,2,0,7,5,3,0,5,5,2,2,0,5,4,5,3,5,3,0,5,4,3,2,1,1,5,1,5]"
"[6.25474194,8.20573044,8.27237852,11.55482441,12.3445143,12.8339222,13.93415362,13.99555448,16.56418081,18.71848097,19.57725568,21.51767032,22.50734066,22.8515289,24.86067416,25.09930862,25.67843054,26.19000947,26.61309281,27.13888786,27.59153049,27.6734268,28.78602956,28.88770212,31.06507973,31.16213385,36.58779308,37.07823706,37.1128975,37.38350216,39.6507229,40.12464015,40.16058171,41.75476718,41.9322762,42.48596509,42.6981042,42.86066877,43.10924014,44.08356819,44.56992738,45.44829744,45.45414523,45.64964721,45.66615338,45.90352846,46.83790884,47.07080787,47.15846343,47.61101966,47.70471579,47.79782183,47.9212415,47.96172088,48.05523693,48.19100803,48.43475303,48.55433311,49.70653444,49.77747849,49.96471744,50.22189348,50.26605282,50.2765172,50.28435931,50.43654332,50.47589011,50.84567106,50.85177206,50.90875767,51.35849275,51.95569366,52.28864871,52.59997241]","[1,2,1,4,1,5,1,5,1,5,1,5,5,5,1,1,5,5,1,1,4,5,5,1,5,5,0,4,0,7,4,7,0,0,4,2,4,1,5,0,1,2,4,4,0,1,5,1,0,5,1,5,0,4,5,4,4,4,1,0,0,5,5,1,5,0,5,1,0,5,5,1,5,5]"
"[2.25844877,3.23471729,4.3919681,7.17454157,7.25341006,8.27975348,8.73412696,9.07216161,10.49206482,10.53448478,12.33384765,20.82807026,22.23933241,25.56260027,26.91212288,27.14848706,28.16636409,30.14394422,30.50700325,30.60686272,32.37742716,32.67606568,32.753209,33.32175205,34.4965063,35.16753234,35.5193915,35.53934857,36.01505523,36.31883081,36.47408767,36.55481559,36.63112613,36.7567886,37.09805815,37.64084366,38.0282321,38.57853584,38.58897265,38.66261945,38.73523569,38.89824222,38.99808824,39.31829644,39.32986681,39.37121487,39.40602644,39.48879112,39.69507274,40.09495828,40.61939915,40.72826762,40.91729087,41.19349975,41.19453849,41.31552804,41.39616899,41.59233596,41.92780067,42.00404143,42.24532211,42.84799216,42.92014981,43.06587308,43.09218983,43.13602962,43.17426039,43.17623969,43.18717251,43.21838956,43.41186753,43.67487229,43.70353517,43.8712552,43.91975564]","[5,4,6,0,1,6,0,4,5,7,1,5,1,0,5,7,4,1,1,5,5,2,4,1,5,1,5,5,5,1,5,5,0,1,5,1,5,1,1,5,1,5,5,1,5,5,1,1,5,5,5,5,5,1,5,1,5,1,1,5,1,5,5,5,1,1,7,5,1,5,4,5,1,1,5]"
"[0.27463404,1.37174858,2.85976438,4.40978963,4.57586352,8.9281429,9.16871722,9.82714624,13.1681674,14.91481303,17.66316536,22.46607027,22.5947835,24.47261634,25.14334026,27.21951334,27.44679984,28.35002198,28.37049776,29.00367896,31.03780999,31.99927936,33.86053774,35.36461448,36.52380839,38.2600714,38.68144116,41.52194774,41.99638038,42.0501521,42.47051415,43.03815587,43.11049669,43.55453364,44.45058122,46.41373752,47.93082906,48.01277389,48.68790277,48.69465333,50.2579713,50.28600096,52.57756581,52.76847836,52.85555903,62.60563462,64.35662388,65.02869901,72.1752713,78.37533147,78.78057603,81.73707613]","[4,0,4,0,0,5,6,0,3,2,2,3,3,1,6,5,5,1,5,5,1,7,2,7,5,2,6,1,1,5,5,1,5,1,5,0,4,0,1,4,1,5,1,6,5,7,7,5,0,6,7,5]"
"[5.60070797,6.11646185,6.38246896,15.99520944,17.70630183,19.76325393,24.32735056,26.01843533,27.40304852,30.30398416,32.53646015,32.71296136,33.39678689,34.06834938,34.12481194,34.76300343,35.37035485,35.4651254,35.65882616,36.95326031,37.01853284,37.33313991,37.57410904,38.21796896,38.81598224,39.65764509,40.38661566,40.54995081,40.76319887,40.93661242,41.99236139,42.48072934,44.07390343,45.36931796,48.02146406,49.42385284,55.7695457,55.82302907,56.91511206,57.70203069,67.34572973,69.15129969,73.63666059,73.74432765,73.78935479,74.05295478,74.16199111,74.5988857,75.11532407,76.25550407,76.51350817,76.55857368,76.95887906,77.53380117,78.16813906,78.73126261,80.61915856,81.45203093,82.00735938,82.14349936,83.15719769,83.21178638,83.50034346,83.73302234,83.83796581,84.39688394,84.41472621,84.49299668,86.16282413,89.2830974,90.88097443,90.98673515,91.90436004,92.35465973,93.90540401,97.53477733,98.79037028,99.26281206,99.33962127]","[1,2,5,7,0,7,6,7,1,5,5,5,1,1,5,1,5,1,5,5,1,5,1,1,5,1,5,5,5,1,1,4,2,5,5,2,7,5,1,7,7,5,5,1,5,5,5,1,1,1,1,7,5,1,5,5,5,1,5,1,6,5,4,2,0,4,3,0,1,5,5,0,5,7,7,3,5,5,2]"
"[3.87858303,8.82709113,22.98466636,24.32864011,31.59010369,34.4017908,35.90900443,36.30455033,36.50733873,38.14686402,39.11063111,39.35866628,39.53860991,40.1235672,40.88616115,41.21747813,41.88182485,45.78402968,45.85344725,45.87524125,46.17636235,46.5131571,47.15757248,48.20860707,49.64580445,49.78491289,49.79853903,51.24294108,51.46982565,51.51180602,51.67572985,53.84444194,54.14808566,54.29655627,55.08572203,55.39589246,55.92664388,56.0437,56.16441875,56.5128233,56.62038351,56.77061611,57.33503763,57.68039619,57.69917106,57.79042163,57.99058129,58.06323017,58.34295683,58.4258296,58.54711792,58.7924616,58.90829317,59.3851506,59.39121676,59.96453941,60.18702207,60.63118853,60.6787383,60.79097808,62.08907601,62.52545802,62.77157419,64.86300338,70.52987577,73.64999088,73.76291357,79.50037051]","[6,4,5,4,2,3,4,0,3,3,0,5,3,7,1,7,5,1,1,5,5,2,5,5,1,1,5,7,1,5,5,7,3,5,1,5,2,1,4,5,1,1,5,5,5,1,1,1,1,5,5,1,1,5,1,5,1,5,5,1,5,1,5,6,2,3,2,1]"
"[0.31968505,0.76550252,0.92870844,3.24017734,12.85388342,13.69526631,14.06907743,16.07719548,17.51102585,19.36270096,20.45008268,20.50925756,22.33186376,22.92162366,23.90774935,24.40400156,24.50252608,24.80089552,25.10256538,25.17370783,25.26822803,25.41192337,25.62727421,25.6484571,25.78635638,26.18372875,26.29471857,26.32788835,26.3382792,27.06782479,27.27065443,27.59707604,27.75051166,27.83085803,28.25540006,29.09908939,29.13847801,31.10536057,33.00059724,33.29302303,33.43899796,33.52468106,33.82143716,34.14805213,35.11426455,35.26721131,35.34771551,36.56904821,36.73164674,37.24864074,37.35196329,37.53742365,37.6280852,38.48064396,38.97612454,39.04861692,39.23269384,39.31326841,39.39498285,39.57965206,39.84605832,39.92069958,40.51089681,41.2006213,41.53401207,41.66818834,41.7044749]","[7,2,3,2,3,4,3,0,0,7,4,0,5,4,6,0,1,3,4,7,0,5,4,4,4,0,0,4,4,1,0,5,6,1,4,0,1,0,4,0,4,5,0,7,4,7,5,1,5,5,1,5,5,4,5,0,4,0,1,5,0,0,4,4,6,4,0]"
"[11.60950073,12.23793079,12.30108449,14.01055414,21.26019934,21.78738208,30.0646465,33.37429923,33.45073979,43.54259365,45.12936524,45.8827695,48.21613738,48.6224527,48.86347735,50.15987023,51.33780055,58.92459736,72.17838314,73.92142575,75.36324888,80.38945773,80.66957152,84.35145657,85.11090179,85.1429917,85.91585437,86.27360529,88.00018736,88.35651875,92.27163761,92.51507469,92.60656722,93.24897613,93.31370185,101.55999725,101.68673412,105.04396463,110.76493181,115.21540213,115.29678898,115.78821557,116.7878423,116.95784414,120.35290987,122.91476107,124.61637313,129.08684,129.96025311,130.85885013,131.98096322,133.47666141,133.872672,136.39115707,140.37246402,141.66792191,141.68111396,143.26543622,147.7197857,149.70150682,153.83243257,157.52529399,158.0645085,158.11537134,158.99051873,162.77477882,164.6275202,165.1381816,165.41119516,165.80159778,166.95932416,167.81947193,167.96644724,168.60419547,170.63092314]","[6,6,4,6,1,6,7,2,4,3,1,0,5,1,5,1,3,2,7,1,2,3,2,5,1,1,6,5,2,7,4,2,1,0,4,4,3,6,3,4,6,5,2,6,3,5,2,4,0,0,4,0,0,5,5,1,5,7,7,1,7,1,0,5,1,0,4,0,4,0,4,4,2,0,1]"
"[2.42773645,4.43199495,9.52344465,14.92079669,18.35701513,19.32125426,22.41220167,23.62576047,24.13526509,24.33171109,24.57619803,25.27826744,25.64977111,26.56320511,34.83843981,35.4637861,43.9789883,44.26033936,46.11386172,46.50865146,47.77782949,48.47530598,48.8583102,49.41436821,49.53339302,50.09824107,50.51943539,51.74332039,53.20134345,53.89845921,55.52892628,56.78316717,57.18164623,57.31098457,60.42768615,61.74450202,61.99241102,62.54803106,62.9118847,63.30003165,63.49894529,64.47677647,68.14304971,68.7539778,69.14783791,77.14012055,78.78755306,80.21208071,84.02949939,91.33690675,92.89151924,93.4328057,95.44635025,96.40588638,101.72976422,101.99962261]","[1,5,7,5,2,0,4,3,4,4,0,5,0,7,7,2,5,1,4,5,5,7,1,1,5,5,5,5,0,5,7,0,0,4,0,3,4,4,0,0,4,0,4,0,4,7,2,7,6,0,1,5,2,0,7,5]"
"[5.44845131,6.18989639,6.35178246,10.51016877,12.89181175,15.79819994,15.94208277,17.94290127,18.61227627,25.3165088,27.39438911,27.46443198,34.85391557,36.853784,39.63325688,41.34864836,52.36401533,53.94968868,60.57163285,61.88834392,62.56103571,63.87354792,63.88420476,63.96082357,64.0380357,64.07600282,65.19019866,66.62020635,67.12018334,69.37765064,70.07636409,71.11216521,71.67458329,72.14429674,72.55499597,73.34174435,73.67262226,75.05802133,76.20565141,77.47909251,79.97691097,84.14260982,85.03446153,88.77643513,89.02745276,89.41368862,90.74144327,91.52265267,93.29691241,93.74721621,94.06289322,94.19988094,94.27020662,94.64434871,94.74425106,95.92798069,96.1637582,96.49797767,96.93729909,98.46509713,100.7237077,100.78913945,101.51478209,101.53380142,102.87374117,102.96500404,103.04362042,103.33207536,103.96573502,104.18530521,104.443808,104.63282951,105.1330658,106.17785138]","[7,1,5,7,4,0,4,6,4,6,4,3,2,6,3,7,5,1,2,2,5,1,1,5,1,7,5,0,4,0,7,4,0,3,4,0,4,0,4,0,4,7,4,1,5,1,1,5,1,1,5,1,5,2,5,5,5,5,6,2,1,5,5,5,1,5,5,1,5,0,4,4,0,4]"
"[1.64453365,3.78153143,3.80835256,4.10265771,4.63675033,5.08262385,5.20368712,5.26217767,6.17158727,6.20909256,6.35525031,6.48094476,6.5562987,8.48002635,10.55882824,10.92376271,10.94792811,11.97214245,12.00760873,13.49347537,13.72568813,19.94734824,20.44900577,21.11997895,21.16955407,21.99206381,22.0582523,22.74705426,23.51122324,23.77946413,23.9220614,24.20999791,24.39817805,24.48431022,24.87678096,24.97970851,25.26134276,26.22488633,26.29066276,26.44096885,26.61749855,26.7465656,27.53609962,29.68113537,30.8104662,33.75125236,37.63443207,38.07054758,38.22604628]","[0,1,5,1,1,4,0,5,1,4,4,2,0,5,0,4,0,4,0,0,7,0,1,5,1,0,5,4,0,4,0,0,4,0,6,0,0,4,0,4,4,0,4,7,1,0,5,1,5]"
"[1.8982726,3.00925914,4.02283352,5.49879794,5.96251501,6.74909814,7.36127031,7.5679985,8.20951099,8.66938732,9.0194003,9.09595121,9.2753447,9.62641302,10.01460619,10.16570679,10.28698137,10.96325552,11.04072398,11.21908223,11.64530793,11.65532049,11.69284575,11.93051256,12.10088111,13.98673921,14.09454406,14.17469588,15.83687949,15.99746134,16.59658366,17.36708226,18.35609615,22.64039721,24.80090963,25.46907743,26.36870833,27.28217853,29.18690968,29.92337855,31.33691431,32.00422773,32.48458821,33.11665789,33.97380166,33.98234863,34.50235455,35.40271572,35.93463548,36.8119471,38.86112661,39.21892468,44.22076672,44.4598439,45.00404396,46.30145178,47.74529464,52.18176528,53.25157072,53.51825627,56.40862216,56.50757095,60.15819226,60.85815043,65.59235264,66.72218785,66.72618755,67.01823857,67.18121048,68.25597378,68.26034132,69.17359894,69.45330102,69.86769979,70.37985808,71.93825324,74.23060211,79.00961129,81.58411635]","[5,2,5,0,4,0,0,1,5,1,1,1,5,1,5,1,7,5,1,5,5,1,4,1,1,5,5,5,1,5,1,5,5,5,7,1,3,5,0,4,0,1,5,4,5,1,7,0,4,5,5,1,4,5,0,4,0,7,4,0,4,0,5,2,5,4,0,0,7,0,1,0,4,3,4,0,0,2,5]"
"[5.11735937,7.64795062,7.73881215,7.81363906,7.94223451,7.96922554,8.06970149,8.59460601,8.77225977,8.83695365,9.50531071,10.53114712,10.96370282,11.12362636,11.34574581,11.88417716,12.08004151,12.12736069,12.23342973,12.43531098,13.54307333,13.55111419,14.72498785,15.35352307,16.10276836,17.20873,19.93033667,22.14019431,24.77096289,25.17988745,25.5738496,28.32570177,30.08047302,30.62854898,30.85087469,32.12073788,32.16496609,33.79320671,33.92616766,35.00995232,35.2860931,36.03914644,36.25192262,36.61314905,37.199291,37.72403705,37.86901789,38.11806763,39.7022906]","[1,1,5,0,1,5,4,4,4,2,0,0,0,4,7,4,5,0,0,4,3,0,4,4,4,0,7,0,4,0,4,1,5,1,5,1,5,5,5,1,5,5,1,5,5,1,5,5,4]"
"[2.63987416,7.86114145,8.18756731,8.7043197,8.87740458,9.63999944,10.11185369,10.25486412,11.54296318,11.87415948,12.38595801,13.27220471,13.87400569,13.97550179,14.41675777,14.98766922,15.65250664,16.50874702,16.5167904,16.61169754,16.8645077,17.35885272,17.89360257,17.89825459,19.35402638,19.94840983,20.28379247,20.38263977,20.4374169,20.66752335,20.69017926,20.79999146,21.09985841,21.48993095,21.54506632,23.67394684,24.28964402,24.40575125,24.42806981,24.50507352,25.0234722,25.42999495,25.55325753,26.83244622,27.05621086,27.73001028,28.69887186,28.85733622,29.46947863,30.02348185,30.61078874,31.56058383,32.59405278,32.7295448,34.34613942]","[5,1,5,0,1,4,0,2,6,4,0,4,0,4,4,0,4,4,0,0,1,0,4,5,7,0,4,4,4,0,4,2,4,4,0,0,0,5,4,2,4,5,6,4,4,0,4,0,4,4,5,0,0,4,0]"
"[4.29973826,4.4098314,6.92162145,11.05374676,12.3593144,16.43932537,23.07841483,26.68233938,28.89521974,32.71553694,32.99366661,33.14526463,34.82126521,40.48499655,45.67869126,46.22554516,46.87022481,47.79265849,50.80277556,51.7765223,52.55721528,52.88099406,53.65945971,54.20191614,55.13743738,55.77292452,56.23105294,57.71174875,58.31622454,59.23390229,59.44685846,64.7198965,64.99188244,65.24635522,66.37397099,70.37562086,70.52086175,71.91998189,73.730387,75.701639,78.58543298,79.12292656,79.30984973,81.67216268,83.04651267,84.3121755,84.91459615,85.34498418,86.07603713,86.3782951,86.94049321,87.52867587,88.42387495,91.49336836,93.97638643,98.72079148,99.03942906,99.55506973,100.37221933,105.37419873,105.60151497]","[2,7,0,4,4,7,1,7,2,3,4,0,4,3,4,5,0,5,0,4,0,1,5,5,3,2,5,5,1,5,5,1,0,4,7,4,2,4,2,0,4,2,4,5,7,1,5,5,0,1,5,5,1,5,2,3,3,4,3,1,5]"
"[4.04082648,4.50910385,8.43438809,8.60923567,8.62560869,9.16132135,9.25227159,9.51000126,9.69842432,9.92742306,10.72067868,10.76752066,14.46673314,14.69988513,14.97770071,15.47465076,16.80058244,20.87223914,27.01211757,30.16615069,30.71331311,32.61678,32.74443932,33.59148239,33.81346535,34.57487393,36.06096617,36.13252888,36.58813705,37.61998816,37.706533,37.78749044,39.14400092,41.21838448,41.63507478,41.70466059,41.71274266,41.72723378,42.35739864,44.45286546,53.506918,53.74092506,55.51562519,59.22592094,60.42556495,62.20493408,63.27096182,63.84797796,66.45187014]","[4,7,3,5,4,3,5,0,7,6,1,0,0,4,0,5,0,1,3,7,1,5,5,0,1,5,3,3,5,1,5,3,1,5,1,1,5,5,7,5,0,4,0,5,1,5,3,4,0]"
"[0.6367712,1.69856007,2.10177144,3.22960703,3.35457004,4.27921453,4.31663915,4.41922923,4.53258273,4.71173096,5.0077394,5.15417017,5.47607448,5.56091192,5.58334099,5.72101691,5.91527756,6.43643888,7.23035377,7.48943805,8.05047355,8.71568108,8.84968782,8.97909484,9.25653718,11.20444451,11.51680933,11.69796693,14.73620434,14.95928524,15.32703344,15.33904612,17.02926221,17.80836436,17.90377514,18.01045844,20.48250659,20.77526507,21.13552495,25.39589998,25.49143824,25.66461744,25.70456946,25.82928394,26.39131346,27.17036874,27.23619875,27.48924777,27.91623672]","[5,0,1,4,5,0,1,5,1,4,0,4,0,4,6,1,0,5,1,6,5,5,5,7,5,1,2,1,1,5,5,5,0,4,0,4,6,5,0,1,5,5,1,2,5,5,1,5,4]"
"[8.69805781,10.45283191,11.45960138,12.05115377,16.89029852,16.91927,17.18749489,17.50972571,18.06070559,18.52789129,18.59276715,19.21764853,20.23552733,20.31931955,21.18831516,21.55701737,22.01420355,22.42902555,22.76436393,23.57122575,24.71788115,27.95675144,29.70509634,29.84848823,30.85429689,34.02840208,34.33878857,37.62216933,42.58784957,42.70119672,42.70319757,42.88158057,43.07159608,43.20068277,45.23867546,45.39881917,45.60216793,45.84396162,48.60628235,49.15919664,49.955674,51.97379696,52.12923705,52.46275936,52.96719394,53.45665245,53.66221437,54.13352018,54.41192918,55.02240799,56.64741957,56.65094397,57.860009,58.14868964,58.46407274,58.9448871,60.31863482,62.3345253,63.2035958,63.58376996,66.69704278,66.85314444,67.36931823,70.63388265,73.08415245,77.11384678,80.13206104,84.97261189,85.40872855,85.46094034,85.51593423,86.60048775,87.09053986,93.59619619]","[2,7,1,7,0,7,1,4,0,0,4,0,4,4,0,4,0,0,1,5,0,5,3,6,0,5,1,5,0,4,5,0,0,1,1,4,4,0,0,4,0,0,7,4,0,4,0,0,5,4,4,4,0,5,5,2,1,7,2,6,4,0,5,1,6,2,3,4,0,7,4,7,0,4]"
"[2.40907356,5.55373153,5.77157216,6.15229918,6.6059912,6.73312653,7.8124774,8.1001208,8.59066526,8.84410784,10.38160116,10.54796282,10.669172,11.35298113,11.57667762,13.0798981,13.17434449,13.31867773,13.38178148,15.39891753,16.05121931,17.82177365,18.42004955,19.17069102,25.88068355,39.87590555,41.9314707,42.17543312,42.25643329,42.379542,42.45280761,43.49879138,44.09412982,44.18665864,44.28642874,44.84989785,45.58412359,45.78105679,45.96240588,47.2595776,47.40969285,47.47128263,50.4992745,52.02296789,52.1130107,52.71371701,53.35932803,53.71705125,55.92269626,56.25437071,59.40558461,60.646238,61.25371685,61.89230252,62.8111686,63.56774815,64.85149521,65.42671518,66.22523623,70.86943593,72.14808701,73.66001413,75.43847275,76.26011151,76.38896847,76.54663809,77.24827628,78.21786461,80.24235274,81.29628183,83.53620196,85.18221391,86.13142262,86.58591704,86.62344011]","[1,7,2,2,0,4,0,2,4,4,4,0,0,2,0,5,1,4,1,1,5,1,0,1,5,7,0,4,0,4,0,4,0,4,2,0,0,1,0,4,4,0,4,3,3,4,4,0,0,4,1,1,5,5,5,1,5,5,5,6,3,4,0,4,4,3,0,4,0,5,1,3,3,4,1]"
"[0.68854374,0.97902508,1.09584511,1.93630848,3.47068675,3.48377643,3.87967977,8.72334907,10.61845054,14.51466233,14.86714147,18.25633024,19.41735226,20.8271909,24.04601571,24.28107962,26.23450487,26.43242732,26.45920448,27.29168655,28.33077998,31.3131291,33.11425354,33.35367301,38.70820049,38.87752357,48.0619277,48.21810207,54.27594566,54.90222039,58.15391316,58.81698028,58.9593548,60.61408179,61.69249369,64.77196842,64.94071345,64.9908655,65.83578449,65.90925291,66.15003252,66.65893245,66.663489,66.82493879,66.88461206,67.02667412,67.37544211,67.59093813,67.60619158,67.75158752,67.88397657,67.94395235,68.46313859,68.94616247,69.2542176,69.42401787,69.50090618,69.84188696,70.09804128,70.82154772,71.10743565,71.36081119,71.50447133,72.35347429,72.68127439,73.12908928,73.50328552,73.6752445,73.83379793,74.21510337,74.82501763,75.62068594,75.71118468,75.79036001,79.55685131]","[7,2,7,2,2,6,2,6,2,1,5,6,3,5,6,6,6,4,0,4,1,5,7,2,0,0,5,0,1,5,1,5,1,5,1,5,5,5,5,1,1,1,1,5,1,5,1,7,5,1,5,1,5,5,1,1,5,5,5,5,1,5,1,0,1,1,5,5,5,4,1,5,5,1,5]"
"[0.47811767,1.23814554,1.40690411,3.06149305,3.12144593,3.23751365,3.77864341,4.16338328,5.56858459,8.0769942,9.13067511,9.16944233,9.29807505,9.67999941,9.91974848,10.63071589,10.85172761,10.98202793,11.18606162,13.97554456,21.66742553,22.5456003,22.56065327,22.56202356,22.64451662,22.89205445,23.17418342,23.35682079,23.42333403,23.42352729,26.22203438,28.95229578,29.67380912,31.50557175,34.0441676,37.03463052,37.69836227,39.69360275,40.83987,44.24142641,52.0196893,59.65812487,67.98969588,68.85080522,70.85920699,72.78024759,75.34832056,76.07319335,77.33180628,81.59502662,81.66353387,86.53273839,91.05358577,91.92666018,92.73794612,93.48979374,94.62245477,96.54301408,96.9460294,98.99558205,99.43973179,99.73381369,100.22563574,100.32586855,100.73004588,100.98906994,101.03248616,101.60351367,102.16888221,102.30081895]","[4,1,0,3,5,1,5,5,5,4,0,4,4,0,0,1,4,5,5,6,7,1,5,0,5,1,0,4,2,0,3,5,4,4,1,0,5,1,5,1,2,7,0,4,6,1,2,5,5,7,1,7,4,5,1,5,7,2,1,5,1,5,1,5,1,5,5,1,5,1]"
"[0.00520351,0.96353962,1.48870193,3.98485678,7.96762519,8.08423508,8.22226906,8.65104575,9.2926082,12.93888286,14.60753701,23.51833388,25.69373511,26.50532122,28.35644833,29.19612883,29.56831008,29.98887927,30.66929367,32.28619849,32.67013117,33.46949449,33.63033008,38.20497953,39.25499673,39.98649282,39.99808546,40.55491075,41.53884068,42.16488901,42.3546837,42.40725007,42.88209819,43.0273907,43.56630498,43.73549153,44.14844357,44.35688002,44.43072475,44.83746268,44.91002908,45.27484254,45.34714378,45.62240012,45.85682573,45.8572347,46.2392302,46.25689064,46.46357704,46.79692906,46.89222494,47.67485573]","[2,3,3,4,1,0,5,1,5,7,6,7,6,0,3,4,4,4,0,0,4,4,5,0,6,4,0,4,0,4,4,4,0,3,0,3,0,4,4,0,0,6,0,4,0,4,4,5,3,1,4,4]"
"[3.52632348,5.62212355,6.50257928,6.94520623,7.00000213,7.80627257,8.14244235,9.48626566,10.45476433,12.27675734,16.1443622,16.40148804,16.65271342,25.69871158,25.85411428,26.03736904,26.73289721,28.5756256,28.64316783,31.87154958,32.03502921,32.58678469,32.73893888,32.94006219,33.47431186,33.67571309,33.81761453,34.31075612,34.64845006,36.45779294,41.19310376,42.15859066,42.16876673,42.47639907,42.50297779,42.7678793,42.84342332,42.93761105,43.34988584,46.4328828,47.08613256,47.7587183,47.9229306,48.05909958,48.65851277,49.3797714,52.29188381,53.22691992,56.2548164,58.89846662,59.11974648,59.49617133,59.9752791,64.05010951,64.14171866,64.14450979,64.61001197,65.03224743,65.08944769,66.5269327,66.5592749,66.85327723,67.53083043,67.59537547,67.84843493,68.32690665,69.83492102,69.86289883,70.3497473,70.80733227,71.02339375,71.02621713,71.06223891,71.45947495,72.21033817,72.41071853,72.74400355,72.86250614,73.74138575]","[3,4,4,4,5,1,1,4,5,0,5,1,5,4,5,1,1,0,5,2,5,5,1,5,5,5,1,1,5,2,5,1,5,1,5,1,7,5,5,5,1,6,7,1,7,5,0,4,2,0,4,7,2,0,4,4,0,0,4,4,2,0,0,4,4,4,5,0,4,4,4,1,0,4,0,5,1,0,5]"
"[2.11540676,2.65473501,2.70512953,3.00691205,3.78236178,3.89502761,4.31400182,4.65825076,4.76588713,4.97666778,5.05931225,5.07858873,5.37969509,5.89730866,6.64793411,6.78283126,9.57932207,10.49687748,11.71029581,11.77688976,11.86499991,12.08969955,16.75012727,17.27135135,25.64478206,30.85750654,30.87593848,31.26404135,34.15238306,35.90793392,37.44382433,44.40847678,44.72331412,45.18008808,54.77920293,56.5713841,56.64782828,56.9452465,57.07456203,57.16324484,57.46001915,57.47870545,58.0336785,58.33713789,58.38077621,58.54917923,59.30844597,59.973205,60.00252419,61.09216691,61.21261092,61.34689384,62.34047985,62.91086929,63.22870333,63.63469599,64.21528763,64.81327994,65.00971562,67.48960435,77.21733254]","[2,1,5,5,1,5,4,5,5,1,5,1,1,5,1,5,0,1,4,0,4,0,4,0,3,1,5,1,1,1,5,1,5,2,5,1,5,5,5,5,1,1,0,1,1,5,5,1,4,5,5,6,0,1,5,5,0,5,1,1,2]"
"[1.09939921,3.83802154,4.81429091,5.13878048,5.81136146,8.36491291,8.41098039,9.72487099,11.14631586,12.22765323,12.41517533,13.21645089,13.94172875,15.99074395,17.72617188,18.14461883,21.04799718,22.03739805,22.20441056,24.0067553,24.01670275,27.19753413,28.06663721,29.47780061,30.06137226,31.38963405,32.2544722,33.6616164,36.33321857,36.82324974,36.9289576,37.79084352,38.02401679,38.27674971,38.44945394,39.20590397,39.53914043,39.69658498,39.72720209,39.84398261,40.31306825,40.60951198,40.67074251,40.84416266,41.32835655,41.65369354,41.68410135,41.73483497,42.02848743,42.26096094,42.42226591,42.89556018,44.61949536,44.86397642,45.48450841,45.69329276,46.09563449,47.23664262,47.58237458,47.63935215,47.76315465,47.96126775,48.08890451,48.33251102,48.39615599,49.13792377,49.72731255,49.88441443,49.98267189,50.03645655,50.19540325,51.45176619]","[0,0,4,4,0,4,0,4,4,0,2,0,2,0,6,6,4,6,0,0,4,4,0,0,4,0,5,0,0,4,4,3,4,5,4,0,4,7,1,0,1,5,4,5,0,1,4,1,0,1,5,1,1,5,5,4,0,5,1,1,5,7,5,1,5,1,1,1,3,5,5,5]"
"[7.78264344,9.09160448,15.82223479,19.87768884,23.74022888,31.24143766,31.61352063,32.17166428,33.27593123,33.5906443,33.75177601,34.70316409,34.8305393,35.51927725,36.71716969,36.9011821,37.29677039,38.28237442,40.37327303,41.0169269,41.78361738,42.10283444,42.93809108,43.45060549,45.81059207,46.22666163,46.24773873,46.33719599,46.41882216,47.36556529,47.77910359,48.0107947,48.09557023,48.36042807,50.23723607,52.07908383,53.57665828,53.60608209,55.19630696,55.23081178,55.47071734,55.78552802,57.7704459,62.77786482,63.12491334,63.86321918,64.195416,66.27403292,69.05111392,70.52694759,72.01028086,72.56779174,78.82757931,78.84317547]","[4,0,4,2,5,1,5,5,1,5,1,1,7,5,5,1,6,5,2,1,7,5,1,0,3,4,0,7,0,0,4,0,0,0,4,0,0,4,4,7,0,4,4,1,5,5,2,1,2,1,4,2,1,0]"
"[6.77324095,9.96063941,14.16005633,14.27459506,17.30395752,17.39210105,19.59391337,20.09817424,20.74191701,24.0308146,30.1895019,30.64495641,30.9015102,33.86279586,34.41098622,34.64211746,36.63688307,37.41314161,37.43443441,37.79066523,37.98221057,38.52940173,38.54511136,38.9416266,39.13077484,39.48665753,39.70028764,39.83886362,40.30570367,40.58756838,40.7375707,41.32155134,41.88189984,42.05609354,42.0790135,42.61110035,42.67350199,42.69406781,43.08408179,43.14777106,43.66428489,43.79219895,43.96958141,44.14613521,44.95701566,46.90386664,47.25430682,47.45683631,47.81230196,51.46068729,53.67358791,53.74210148,53.8114196,53.94576508,54.54073054,54.72164199,54.94647886,58.53500671,62.22020858,63.27646427,64.21410704,64.97292653,65.80508788,66.12375631,67.25979924,67.75240286,68.93801632,74.33708797,75.002296,75.46795819,76.02022841,76.11155251,78.86241785]","[0,4,7,7,1,5,4,0,7,6,0,4,2,5,4,1,5,5,0,1,4,3,5,0,1,4,5,1,6,1,0,4,4,1,1,1,0,0,4,4,4,4,4,0,5,0,4,4,0,1,5,1,7,5,7,0,1,4,0,0,4,7,4,0,1,0,7,4,4,0,0,4,5]"
"[1.88986686,2.93496479,6.84747977,8.27748664,9.70140981,11.03359712,11.88702511,14.7722081,18.95784519,20.76113141,20.88960051,23.5899675,26.71650024,29.31901421,29.8122337,30.14130047,30.3355085,30.836936,33.29210986,34.67646224,34.69141213,35.47670805,36.1126223,36.75535068,37.9982816,38.48900698,38.80860972,38.86447293,38.98663223,39.72810006,39.87490697,39.94577941,40.15184408,40.19352702,41.03885224,41.040948,42.01321257,42.20077269,42.42592146,42.71249223,43.45305012,43.59133633,44.07035316,44.5380499,44.837011,45.01141172,45.3801369,45.94918898,46.6274091,46.95059552,47.16112576,49.22567812,49.85223898,49.93811199,50.00279791,50.02476081,50.14642474,50.22213111,50.22584806,50.40795524,50.59398465,50.89698724,51.06581296,51.12419401,51.1467764,52.0373171,52.11420824,52.54172751,53.80409416,54.19096216,55.35676725,55.74168125,56.38003121,57.16673937]","[5,5,0,2,3,1,5,5,4,2,4,0,4,1,0,0,4,4,7,5,1,7,1,1,1,5,5,1,7,3,5,5,1,5,1,5,1,1,0,5,0,1,5,5,1,5,1,5,1,1,5,0,4,0,4,0,5,1,5,4,0,1,1,4,5,4,5,4,0,5,4,5,1,0]"
"[3.85904824,3.97193602,4.61154715,8.77933257,9.37417263,10.72029858,10.80939839,10.83726503,11.3334004,11.54704681,12.39005789,12.49465997,12.87271814,13.06022222,13.69895745,14.04450169,15.23092383,16.90130571,17.02901773,17.23339176,19.26649012,19.87249482,21.59887052,21.98961826,22.02559876,22.58039639,23.61260791,23.80825236,26.16786972,26.68293814,26.89732276,27.25188722,27.4305595,29.41657277,29.85631954,29.87507047,30.70185878,30.87629055,33.64721251,33.77687711,35.2010245,38.2571983,39.66308403,39.78337539,40.71548229,43.83020345,44.04479856,44.43758521,44.7356109,47.47198031,47.53604288,48.03782444,48.97184692,52.85427543,54.5194787,55.39472753,56.46461387,57.21969309,59.48426041,60.99974234,63.14906028,63.62909693]","[4,1,5,1,4,7,1,7,5,1,5,1,1,2,5,5,2,1,5,1,5,5,3,3,3,3,1,5,2,1,3,1,5,3,5,5,1,5,7,1,5,1,5,1,5,1,5,5,7,1,5,1,5,1,1,3,2,3,7,7,7,6]"
"[3.75601954,5.80489246,9.7761009,13.14033284,14.59624378,15.08254388,15.33615532,15.69530615,16.68134368,16.87103125,17.66927706,18.24677634,18.33420023,19.32385231,19.34018774,20.15282309,20.5417798,21.22109137,27.77229211,31.36046925,37.83405089,38.17206417,39.64123084,39.85122209,39.95101038,40.19606418,42.37824237,42.57870154,42.71105593,43.04766573,43.25369659,43.26197162,43.30026111,43.43107945,43.86733292,44.12838115,44.59334485,44.60277493,44.76980246,45.30173262,45.95326204,45.97216467,46.99320304,47.07031025,47.22371689,47.39985224,47.4500347,47.53979274,47.92752392,48.34601359,48.50872646,48.73029298,48.83718721,48.90929531,49.17011108,49.36528166,49.38401582,49.49863832,49.51383123,49.60356568,49.64145494,49.72361202,49.75318837,49.85223037,49.92819059,50.44058105,50.62432492,50.6802637,50.93085899,51.04693178,51.11325052,51.23998046]","[7,3,1,4,3,0,4,0,0,4,4,2,4,4,0,4,0,4,6,6,0,4,0,4,0,4,5,0,4,0,0,5,4,4,0,1,5,1,5,4,0,5,1,1,0,5,1,1,5,5,5,1,5,4,5,5,0,1,0,4,5,0,1,4,1,5,5,4,5,4,0,1]"
"[0.04516273,3.79204011,5.22407496,6.40611534,7.16504565,10.60334993,12.25030723,13.09099953,16.83466921,17.3032839,17.74568661,18.89063204,19.59026127,23.26348003,25.36154219,25.75125754,26.64416922,27.33896425,29.33954684,29.75476334,32.04827091,33.01450902,33.38185823,35.00529384,36.36506158,36.54754962,37.5150632,37.82454308,38.3390721,40.73305537,41.47349387,41.69800488,43.23452946,46.21511435,50.01800185,57.87851885,57.90721045,57.90754047,58.23856945,58.34652893,59.11935563,59.95601946,59.97390173,60.13512319,60.20834799,60.25154688,60.52186712,60.55033665,60.91777541,60.93706815,61.65233602,61.88177439,61.90292539,61.94603894,62.01787981,62.52361459,62.91436918,62.95324791,63.97586419,64.01865112,64.43662758,64.44361116,64.81830848,65.24775461,65.99844968,73.38402032,80.82241102,86.48440945,86.66884434,87.73375118,87.8099226,88.16778144,88.23460452,88.59990022,88.86035472]","[4,0,2,0,0,3,6,6,0,4,7,4,1,0,4,5,1,7,1,5,1,5,1,5,2,1,5,1,5,0,5,1,3,3,6,5,6,1,4,0,5,0,1,5,4,6,5,0,1,1,5,1,4,0,1,1,5,0,5,5,1,1,5,7,5,3,1,5,1,1,5,1,1,1,5]"
"[2.61413736,2.96344418,5.5915447,5.63329667,5.91216315,7.64033292,9.92266468,12.75673857,13.78221846,14.12587065,14.36160218,17.07630337,21.4756536,28.34380313,28.41168186,28.46997235,28.48684999,29.0338768,29.26823488,29.62007186,29.62995598,29.92814156,30.84698413,30.96007136,31.92027412,32.27902126,35.65723785,36.79063908,42.18594435,42.19515413,42.20071705,42.5148303,46.10491074,46.65403269,46.67298912,47.61572447,47.67976602,47.77414226,47.97606143,48.23611381,48.29027882,48.74850535,49.33067115,49.56257647,49.90491543,50.34584595,50.70119894,50.977005,51.02992192,51.31243695,51.42249095,52.09165579,52.25605328,52.74729823,53.22905506,53.31443859]","[5,1,5,4,1,2,3,5,5,2,3,2,2,0,5,4,4,2,7,0,1,0,4,0,3,4,4,1,4,0,4,4,4,5,0,1,5,4,5,4,4,0,7,4,1,0,0,4,0,0,0,5,4,4,6,0]"
"[2.132118,7.75364906,8.2489446,9.57060077,10.51603563,10.79811389,15.15335319,17.82092206,25.31653816,25.8083818,26.16735173,30.19609545,30.76374015,36.00944944,36.1825343,36.39897588,39.26474439,40.27593141,40.71404827,41.09953175,42.39026848,43.0399915,43.07671013,43.23220499,43.86469892,44.00212167,44.05264534,44.21645631,44.26559025,44.29961247,44.69996146,45.83641844,46.11298176,46.67992189,47.0959543,47.35343426,47.6188267,47.74538465,48.13146155,48.58367143,49.56327629,52.35520458,53.56157537,54.60829506,60.1573776,60.52560234,61.36454817,67.32625694,70.77289221,77.30213411,78.92441655,79.26846919,79.48208108,79.8540035,80.37984299,83.03090754,85.80916475,91.81597983,94.13132297,96.62880925,97.656888,98.0802341,98.8207079,99.61519579,100.70875837,101.00761693,101.16256757,102.07992855,106.05147083,109.4634371,110.45425848,111.00991317,111.62230206,111.74062424,111.74852788]","[3,5,2,0,1,4,4,4,5,2,1,6,3,1,5,1,7,0,1,5,1,4,1,5,0,2,5,1,0,4,1,0,5,4,6,1,5,5,2,1,5,2,3,3,1,5,5,2,1,5,5,0,1,1,5,1,5,4,5,1,5,4,5,0,4,0,7,4,4,1,4,1,0,4,5]"
"[0.0607648,4.03442136,8.9527867,9.95134218,15.34998271,16.35998601,19.26420686,21.87930296,24.03998221,25.59468519,27.00744463,28.17262078,28.86293559,34.11431511,34.34499138,34.56409996,35.17813858,35.3914524,35.50351016,38.2366129,48.53202403,50.23302902,52.92564739,53.19026596,53.49413257,54.61503509,54.82623892,55.18316507,55.63842089,55.7005064,55.9980875,56.59512216,56.79867753,57.20013675,57.26506848,57.38467082,57.81831223,58.04794732,58.30810403,59.28395089,59.8627311,60.06558789,60.54795644,60.57422139,61.21943224,61.73166036,62.86285224,62.93827488,62.99385991,63.19573239,65.08241771]","[7,6,0,4,7,2,2,6,7,7,4,0,4,5,1,5,1,5,5,4,5,1,1,5,7,5,1,5,1,5,1,0,4,1,5,5,7,4,0,5,1,2,5,5,1,5,0,1,5,4,0]"
"[1.53977762,4.56451899,5.07114636,5.27389258,5.33055264,7.80058097,8.47340912,9.52092403,9.79874773,10.08900873,10.76003417,11.44899101,11.59865252,12.62269506,13.04605185,13.60560806,13.84685127,14.88265871,17.76090367,18.00212291,18.30691821,18.34757937,22.56756801,24.56025389,24.97692571,32.86217438,40.9663876,42.34486618,42.40612198,43.18774969,50.06584516,50.64501173,51.08132458,51.54786766,52.08102425,52.773977,52.99751153,53.27717246,53.62229132,54.13561264,54.25656106,55.02111746,55.4588351,55.98592118,57.84729135,58.79625488,59.42261021,59.97540362,62.56057374,65.61439081,68.59547614,73.46832192,73.7899041,73.82910653,74.42576793,75.53546777,76.14581133,76.57780413,79.62967143,81.99206138,85.28636416,85.29199603,87.28947426,91.40139361,102.26618187,108.00661926,111.05108839,111.56585789,111.71974735,115.54602497,116.00973257,116.11875853,118.27169779,118.62736366,119.09455404,119.34467404,119.45131841,119.59554632]","[2,4,0,4,0,4,0,4,0,4,4,4,1,4,2,0,0,4,6,6,6,6,7,6,0,6,0,4,0,7,5,7,1,5,1,5,1,1,1,1,2,2,5,1,5,4,5,7,1,5,5,4,0,5,0,4,0,4,3,4,3,7,3,5,3,4,4,5,1,7,2,3,1,5,5,1,5,5]"
"[6.33162042,6.36530593,7.16344845,7.21605643,7.23687883,10.58115555,12.1911156,12.19494466,15.05595705,19.10234255,21.27635217,22.8186904,23.07006281,26.58726309,29.12398012,29.82486957,29.96514312,30.87464993,32.63515769,33.0314557,34.5732625,36.60250372,37.6380709,37.83318268,38.08200689,38.3179587,38.56919927,38.76029955,38.86459611,39.37490748,39.85345794,40.3006249,40.81279586,40.86615973,41.14142014,41.83360561,42.47464501,43.49648496,45.18796878,45.45468504,45.50958489,47.07426106,48.35128336,50.01785978,50.42791012,56.31762936,57.45290197,57.77876719,58.5911462,62.97001917,63.57749063,64.40581496,64.52628032,65.18214233]","[5,1,2,3,4,0,4,0,1,5,3,4,5,1,0,4,4,0,0,4,4,5,5,2,2,0,1,5,3,4,1,5,5,1,1,1,5,5,5,1,5,1,5,2,5,7,0,2,4,1,5,1,2,1]"
"[0.20412512,13.978826,18.74773797,20.12733965,22.97493001,25.2800452,32.65938195,33.73427582,37.04146411,37.26126336,39.58949174,41.77774752,52.13551528,52.30376692,52.80188213,52.82298758,53.15732824,54.24947011,57.37869441,60.06355971,61.44193319,61.78846358,61.87474233,61.93983931,62.57532328,62.60020805,63.41508105,63.91913019,64.28174179,64.28677369,64.31778436,64.3290366,66.56608379,66.64428957,67.78627354,70.87299086,71.43145614,71.88215486,72.23262723,73.81596509,74.02173546,75.45147809,78.23620475,80.90875853,84.00461422,84.66928395,90.40454291,93.30337703,95.1050733,96.32274406,106.98518239,107.63222891,108.16151076]","[2,5,2,5,0,1,6,6,1,5,1,2,3,3,0,4,2,4,2,4,4,2,0,0,5,4,1,5,1,5,1,1,4,1,5,5,1,5,5,5,5,1,1,2,5,5,2,2,6,6,0,4,3]"
"[8.8106838,13.24457478,13.74748646,14.81184328,15.82973171,16.61567822,17.26469059,25.88807413,31.31716526,34.4167904,36.43688912,36.54664877,36.69565008,38.51970794,39.19161603,39.19231971,40.00690186,40.23469301,40.58289445,40.92366846,41.3392536,41.87997716,42.09075925,44.51216461,44.96270857,48.24777201,55.32206493,56.0157638,56.5197537,58.20926465,58.54062071,59.13026452,59.81716819,60.00496054,60.9507872,61.07179518,61.23801732,61.34059589,61.41557969,61.4372359,61.44101222,61.78105609,63.68547004,64.21709115,64.7330931,65.25265252,65.42733708,66.68348289,66.81455634,66.93876522,67.03796052,67.42438734,67.4330338,67.47134214,67.53465388,67.57163424,67.89494653,68.12334324,68.26224636,68.27851938,68.28013788,68.32241291,68.54454503,68.59749324,68.65028243,68.93337158,68.95417296,69.01767331,69.17680115,69.19072697,69.25116226,69.56163057,70.07291804,70.25067549]","[5,0,4,1,5,1,5,2,5,5,1,4,5,5,1,5,5,5,1,5,5,7,1,6,6,6,1,5,1,5,4,1,5,1,1,0,4,5,5,0,4,0,0,4,4,0,4,4,0,4,0,0,4,6,0,0,4,4,4,0,4,4,4,0,0,4,4,4,5,0,0,1,4,4]"
"[11.70214277,13.56987791,14.83516284,15.98460706,16.80988449,16.84170563,16.94761254,17.82380699,19.10525529,23.72517329,25.50394391,27.12922394,29.33462604,29.56770125,30.0896326,30.71748142,33.04151353,34.28370553,34.64380012,34.83320366,37.66168226,38.60358997,38.76959549,45.42729535,51.31059917,60.21142118,61.25161103,65.81172198,74.06288127,76.06346902,78.41789585,79.1618606,79.78606435,79.80847166,80.50503303,81.65353168,86.03301893,90.50109775,94.57976261,95.31628172,95.39347092,97.01977285,97.81979175,99.48139789,100.48654103,100.50981451,107.072889,107.11457841,107.83219422,107.94045811,108.60017958,109.73588749,110.22820509,114.56557091,120.21887763,121.39331811,121.54027194,121.68517427,122.22192484,123.29914414,123.4243533,125.76888197,129.30683932,130.02398885,130.77742225,131.99337897,133.25371957,133.9933613,134.18738823,136.14743333,137.72283052,140.10599404,141.22480151,142.21069021,142.56919769]","[6,0,4,0,4,4,0,4,3,7,3,4,3,1,5,5,0,4,0,0,1,4,4,0,5,0,5,7,0,5,4,0,4,0,6,7,4,7,0,5,0,3,4,4,1,4,0,4,4,4,0,0,0,7,1,1,5,3,1,5,1,2,1,2,3,0,4,1,5,5,7,3,0,2,4]"
"[0.96944467,8.056246,13.87442419,14.05153531,14.77466555,16.17060175,16.92182102,19.55752082,20.03767819,20.2083098,20.319079,21.53690966,21.77313383,22.34357138,24.03564577,24.32497352,25.18844047,26.08330151,27.68245924,29.77651371,29.81943415,30.11191623,30.61436476,31.90976575,32.79607162,32.97623055,34.71032768,35.13623171,35.33052739,35.48784248,35.48906036,35.78856366,36.98504741,37.1959553,37.51235335,38.86707473,41.9435967,42.77231782,43.48587282,44.14702405,44.7142305,45.50047738,45.79808623,45.91537011,46.05799209,46.26321843,47.17406417,47.69517735,48.91944269,49.56043737]","[6,2,2,0,1,7,3,6,6,6,0,6,4,4,0,4,0,2,4,0,4,4,1,4,0,5,6,1,5,5,1,0,1,5,4,1,1,5,5,1,5,6,1,1,6,5,5,5,3,5]"
"[0.80233418,1.35950675,2.73918533,3.68660161,4.60500564,5.2067094,6.20254754,6.88667521,7.01650178,7.58608302,7.92229947,8.25949099,9.75420961,10.34462267,10.45957127,10.69142681,11.76760688,12.22795331,12.35505999,12.95728783,13.31392155,13.49418511,13.59439649,14.44320758,14.74998528,15.35219918,15.54654959,15.67747316,16.01803404,16.1708627,16.17825997,16.28461955,16.5031402,16.57967498,16.70559328,16.90235136,17.15374499,17.4076272,18.12939878,18.30431884,19.23322766,20.80382271,21.29419435,21.50779729,21.61482388,21.93456528,22.38317754,26.17017831,26.4595293,26.50374996,26.54723448,27.30769123,27.55047645,28.45096222,28.47234203,28.48269983,29.60535187,32.46794623,32.82569098,33.05468272,33.21001641,33.49711123,33.71974032,38.544657]","[4,0,7,0,5,5,0,4,4,1,0,4,0,4,0,4,7,0,0,0,4,1,4,0,6,4,0,5,0,1,0,5,4,1,0,1,4,5,5,1,4,4,0,5,4,0,4,7,0,0,4,0,1,4,5,1,0,7,3,4,5,7,7,2]"
"[2.62055278,3.29600288,3.87151299,4.16771044,4.87936612,5.00565121,5.09912274,5.58678162,6.15608633,6.58011398,7.49050065,7.63207889,8.27651082,8.89504658,8.92493215,9.32629026,9.39537191,11.44547419,11.83510414,11.89361261,16.24299928,17.55222118,19.58915456,20.09422668,20.18879215,20.31191645,20.73328964,21.15141374,22.1801659,23.20873819,23.39960812,24.04849266,24.11903524,25.44694149,27.43289017,30.92021179,34.20706088,35.10184517,35.13015338,40.79068069,41.36828597,51.12518441,51.13005609,51.20507097,51.74223522,53.16564956,55.29372143,59.43595536,70.27430075,70.79425084,71.15509783,71.2460013,71.73418263,71.79129624,72.75694562,75.62882442,75.73041591,79.62646284,81.21445148,82.96215546,83.64765082,84.77643228,86.96191833,90.92671828,100.84378697,101.22452661,101.79151233,102.10620529,102.17933844,103.22279895,104.86733376,104.89262413,106.02956972,108.4068036,109.0293925,109.08997518,109.3373239,109.67564362]","[2,0,0,5,1,1,4,5,5,0,5,7,1,5,4,1,5,5,1,5,5,1,1,5,0,4,4,0,7,4,5,0,2,0,4,7,7,6,7,1,5,0,4,0,4,7,6,3,0,0,4,6,4,0,5,1,1,3,7,1,3,4,3,7,0,1,5,1,5,1,5,1,5,0,1,5,4,1]"
"[2.29608116,2.60402985,5.85750172,15.97356962,17.67443178,22.7006969,25.00413157,35.38934851,40.48422369,42.84750734,44.70549202,49.20384113,51.20570719,51.78380273,52.81293637,53.69934492,54.04517938,57.53661054,58.04177654,58.05803248,58.09958923,58.1295698,58.26390248,58.5305959,67.76990889,70.14404304,72.20262664,73.21930852,77.07125923,77.7258611,78.31705152,80.86690702,81.75067302,82.3288676,83.69069907,84.42747531,84.62818852,87.06158734,88.41059445,89.8716951,95.55583233,97.94329227,98.28022322,99.21178079,100.11641813,101.92131287,101.97291876,102.0765897,102.25958813,102.25991808,102.98084609,103.01992409,103.52266197,103.60790289,104.09447252,104.57827428,104.81875197,104.8198384,105.00025892,105.30378186,105.68722286,105.96494979,106.66764854,106.99262214,107.21370806,107.34496279,107.42069491,107.45366605,107.49317593,107.51003523,107.56039102,107.84591601,107.88549028,108.05507993,108.2780404,108.29136186,108.45380183,108.70385626,109.60408081,110.43488575]","[4,2,4,7,5,6,2,5,5,5,7,4,0,5,5,1,1,1,6,1,5,5,5,5,2,6,1,5,4,7,1,2,1,5,7,5,3,2,6,7,5,4,0,4,1,1,5,5,1,5,5,1,1,5,1,5,1,5,5,5,1,5,5,1,5,1,5,1,5,5,1,5,0,5,5,5,5,5,1,5]"
"[3.53341787,4.85947488,6.04836744,8.41594059,13.6217181,15.94353151,16.04662152,16.45583395,17.10664116,19.1738948,19.19354117,20.58164352,20.67838252,21.03671893,21.94760995,23.44601173,25.63172968,25.90066633,26.40315703,26.68257433,26.80131678,27.44435774,27.47656579,27.50089288,27.82146137,28.03664456,28.10555512,28.16693559,28.39591977,28.66923135,28.98462535,30.31402868,30.55473552,30.60275139,30.77369172,30.89349259,30.90276422,31.2643513,31.40103562,31.61250975,31.62167291,32.34350463,32.73716539,32.99648431,33.29526949,33.31801122,33.32017099,33.4256542,33.60674385,34.41343347,34.81327025,34.91239121,35.64716581,35.69972576,37.92383866,41.70346719,41.79876935,45.14100336,52.77172786,53.50015778,54.6173489,56.35872386,57.47148281,59.28135316,61.37189424,67.59361601,67.91713689,68.22119476,69.95025524]","[1,3,5,7,6,1,5,5,1,1,5,5,1,1,5,5,1,5,5,1,1,1,5,1,1,5,1,1,5,1,5,5,0,1,1,5,5,1,1,5,1,5,1,5,5,5,5,5,1,1,1,0,5,1,1,5,5,2,0,2,4,4,5,2,1,3,3,7,4]"
"[2.85093508,3.12636927,3.93483104,4.04223754,4.3849388,4.48220785,4.96181353,5.01126753,5.26508998,5.75885709,6.38759358,6.725199,7.20070033,7.30030238,7.53914911,7.6092138,8.01710263,8.36017767,8.37801701,8.56707962,8.66994735,8.76947756,8.85742887,8.96811266,9.46188724,9.48482983,9.6463314,9.8840504,9.88727636,9.97281113,10.06775062,10.08865518,10.29318684,10.32571577,10.40693318,10.65975265,10.75943246,10.82068385,11.05286733,11.06691441,11.522365,11.56621405,11.74860307,11.91149234,11.96235003,11.97635246,12.01110036,12.03627249,12.05498956,12.14604721,12.40190249,12.59886579,12.73754142,12.81648657,13.20000498,13.34113944,14.46223758,14.56119842,15.17005335,15.2230648,15.34015595,15.50416663]","[4,0,4,1,2,2,0,4,4,4,0,0,4,0,0,4,0,4,0,4,4,4,4,4,4,4,0,0,0,0,0,4,0,0,4,4,0,4,0,0,5,4,4,0,0,5,0,4,4,4,4,4,5,0,0,4,4,0,0,4,0,0]"
"[2.02603153,7.2482825,8.94101993,9.30945536,10.97595545,11.03813887,12.0990268,13.82750753,20.22773667,20.68881564,28.44979495,28.90940821,30.69399034,32.15466411,33.59383425,33.71573524,34.1706318,34.21595838,34.71156713,35.17215221,35.59117551,37.23880953,39.83134453,40.03141426,40.93198854,42.6166276,43.54223968,45.88187554,46.95292729,49.91251061,51.42094818,51.88576628,52.50923174,52.98977072,53.17009145,54.03068103,54.05349814,54.1694084,54.37799042,54.96217612,55.01138637,55.31375401,55.41089491,55.42802188,59.26293858,59.6886296,61.41469531,62.31912246,62.71815551,63.1530575,69.02575335,76.87032939,84.86107072,85.99714953,87.11650177,91.18464744,98.21445891,98.54987262]","[1,5,3,2,2,0,4,2,5,2,7,3,3,1,7,3,0,4,4,0,4,0,1,7,5,3,5,5,1,1,5,5,0,4,4,1,5,5,1,0,4,1,4,4,7,5,4,7,4,1,7,4,3,2,7,6,1,1]"
"[1.68567524,12.59669511,17.97599288,20.31127075,20.75406643,22.93549261,24.17411791,24.33635008,24.46488579,26.90079468,27.73005454,30.0833208,34.17341008,35.50910599,40.30843176,41.25374078,42.88144928,43.0425575,43.71676968,45.69129577,49.23448312,49.89884318,51.90848528,53.24626341,54.26516127,54.74805277,54.88118279,54.98407683,55.01540564,55.15408526,56.05933415,56.5044719,56.63754228,56.82794054,57.68472878,69.13179439,72.03443732,75.66116186,77.10841699,79.1579111,80.75956868,81.33923481,81.8367206,82.73175933,83.47713216,83.51535838,85.20479201,86.09807736,89.17273021,89.9246024,94.30213366]","[1,2,7,3,3,0,2,4,4,0,1,7,3,3,0,4,4,0,4,4,4,4,2,1,5,0,4,3,4,4,0,0,4,4,2,3,2,5,7,1,1,5,1,0,1,2,0,5,4,0,0]"
"[0.42342536,0.76928116,0.99197816,1.56558063,1.7084776,2.91096881,6.07040106,8.15316297,8.72652234,11.09701515,14.49700506,15.11426939,19.86230494,20.32009561,20.44406039,20.76909424,20.88389277,23.76970076,23.80650882,24.4000626,27.07822389,28.13237026,28.84458452,32.95550625,33.05178955,34.83995152,35.00756188,35.27557499,35.69528911,37.89727663,37.9292106,38.11568278,38.32785393,39.57946676,40.06121548,40.76587095,41.51794018,41.57980222,41.90899139,42.09125568,42.28880861,42.68222474,42.91298851,43.46609667,43.72034866,43.83057491,43.98453478,44.48382156,44.50036633,44.73309681,44.86533331,45.32020118,45.96331828,46.84872823,47.74356735,49.62398177,49.99556452,52.90174545,52.99801597,53.300044,55.49575069,55.89256325,57.89887949]","[1,5,5,1,5,5,2,2,0,3,0,4,1,1,4,0,5,1,4,0,3,7,5,5,3,1,5,2,1,1,5,5,5,0,4,0,1,4,5,0,5,5,4,5,1,5,1,1,5,5,5,1,5,2,1,1,5,7,1,5,1,5,1]"
"[7.75339992,8.00222411,9.11382658,12.04344043,13.22001216,16.05387273,24.93763282,25.75033752,25.89812805,26.6765883,28.31940747,28.96938745,33.78461346,34.39804498,34.72453468,34.75007618,35.85999796,36.48104235,38.41767921,39.88753387,40.43498798,44.68516834,48.49738001,50.34301251,50.4961982,50.85027802,51.1899455,52.75951254,53.02134049,53.97457573,55.74698455,56.85558633,63.95384585,67.39885136,70.14735681,70.27436053,72.99262507,73.34879478,73.52995239,74.19543048,76.60686873,76.97245058,78.9028569,83.1457054,85.80718078,87.88744855,89.0319742,89.48850448,89.6399631,90.03717954,91.13260705,91.29893372,94.8523937]","[4,2,5,0,4,2,6,7,5,1,6,0,2,4,0,4,1,0,7,4,2,3,4,0,4,4,4,0,4,5,5,2,5,1,5,1,1,5,7,5,5,1,5,5,5,1,5,1,5,4,0,0,5]"
"[0.80840244,0.89112461,1.11045077,1.24334607,1.66315149,1.84555004,1.9538371,2.07917339,2.16568877,2.26618226,3.11065224,3.38051025,3.39365686,4.62074867,5.03910252,5.86343587,5.98845414,6.9691125,8.38942771,9.50797274,10.7135104,11.62931632,12.42497644,12.76454593,12.8546585,14.02779829,14.13318517,15.0352863,15.44244271,15.45323373,15.74566572,16.40102575,16.71135959,17.08610585,17.20563749,18.15295623,20.53246864,20.80897199,21.27047587,22.386406,22.72832693,22.90546804,23.02674291,23.04067144,23.57532314,23.67403347,23.92252394,24.26717146,25.79947199,26.68845492,29.03768761,29.63059811,31.79816437,32.36735431,35.07037474,36.79797962,45.35954757,51.31556704,57.68440457,60.6417183,62.12272344,66.71150221,66.86466886,67.68135569,68.00985819,68.50937159,68.85834898,69.44003372,69.66111732,70.07117097,70.9750841,72.22980948,72.23814255,73.33452145,74.56082126,76.26937625]","[5,1,5,5,1,1,1,4,1,5,0,0,5,0,5,0,1,4,0,4,3,0,4,0,4,4,0,4,0,1,0,4,3,0,4,0,0,4,4,1,0,1,4,5,5,5,3,0,5,1,5,1,1,3,5,2,7,5,1,2,7,1,5,5,1,1,1,7,5,3,5,3,5,1,6,1]"
"[0.62874269,0.68015737,9.34003437,9.35539689,11.36527092,11.64766515,12.4099782,12.41036446,12.58555595,13.18284504,13.71163916,28.67396198,29.9715147,30.83834677,32.32575921,32.53354805,32.70948658,33.02715936,33.24474457,35.26519284,35.49097491,36.57499533,39.49076963,44.00050676,46.53878833,46.76731214,49.65018813,50.25299539,55.48378562,55.63101149,55.76226569,56.92371087,57.14154194,60.01058402,67.09200903,67.62017731,68.01321716,69.14412462,69.5016988,71.08823125,73.4784425,73.7097043,74.54163435,78.64178399,79.43917955,80.45413705,80.85355651,80.9878164,81.03283923,81.14664103,81.49352446,82.29760989,82.87914506,82.97525902,83.57671089,83.59682565,84.95478958,86.4800861,87.07340762,87.62489617,88.05833675,88.06523797,97.49971565,101.67044507,101.96060084,103.09060537,106.38937491,108.58098979]","[6,0,3,0,1,4,4,5,2,0,4,4,3,4,0,4,0,1,5,5,1,0,3,7,3,5,3,6,1,5,2,5,1,2,1,5,1,5,1,1,7,7,0,4,0,4,4,0,7,0,0,4,4,0,4,4,4,0,0,5,5,4,2,2,1,5,1,7]"
"[1.61201606,3.35902347,8.49004703,8.5678562,9.52054954,10.06751224,10.09985774,10.52983128,10.99707218,11.17877438,11.41751599,13.92925523,14.55342401,14.59996666,15.00289052,15.39206637,15.68938042,17.75774142,20.04553432,24.97114178,25.28644811,28.18850738,29.68480997,31.48058374,33.49195743,33.58470155,34.09943625,36.52076126,36.68252927,37.16915399,37.17782606,37.54385635,41.9097074,42.42484334,43.95837046,45.71195926,46.43213313,47.91637175,48.55442326,49.78899052,50.97981041,52.876333,53.38607125,53.54302972,54.72329835,54.81035367,54.86378566,55.46019145,55.77560631,58.19684561,59.16550239]","[7,3,5,6,3,0,5,4,0,4,1,7,1,2,5,0,4,0,0,4,0,0,4,0,1,5,1,0,1,1,4,5,4,4,2,4,0,0,4,5,4,4,0,5,4,4,5,1,0,5,2]"
"[5.72411983,6.31120827,9.25498951,9.59022411,10.03163583,10.23412195,10.28654598,10.59752283,10.68908861,11.136504,11.65548548,11.85874856,11.9923295,12.32083315,13.45026019,14.54818836,15.62235531,16.5658854,17.10148881,17.4400457,17.52338337,17.55796292,18.15439705,20.03943964,21.68613541,23.83573132,25.75128283,34.22756448,36.53768895,36.63451411,36.97043164,37.01876245,37.26168254,37.63455376,37.8722717,37.90631828,38.32560242,39.20879027,39.51242206,40.00307621,40.03708587,40.1755268,40.22916091,41.23377223,42.03800393,42.71658447,42.92774175,42.94210317,43.29872758,43.82022639,43.87017834,43.94124821,44.29737616,44.37886004,44.49226058,44.66303593,44.97055271,45.24017091,45.40185184,46.9331891,49.08013624,49.27407623,50.28555554,50.70692329,50.77793604,50.99385521,51.04809628,51.26520962,51.33914521,51.375429,51.54792183,51.63639299,52.44259884,53.08980697,53.54458735,54.3758944,56.11950769,57.53782041]","[6,7,5,1,0,1,1,5,1,4,4,0,4,0,0,4,0,4,0,4,0,4,0,1,4,0,4,5,3,1,5,1,2,2,5,1,5,5,1,5,1,5,1,2,5,1,5,1,1,1,5,5,5,1,1,5,3,5,4,1,5,1,0,5,5,6,5,5,4,1,0,1,1,5,5,1,6,5]"
"[4.7781798,5.56980709,5.78677985,7.30876861,9.14838762,22.65436688,27.20933333,27.63484598,27.6390809,33.04383027,33.45093241,33.76481592,33.97196823,34.03783113,34.04940845,34.38809972,34.4021882,34.40467482,36.67213916,37.16887734,37.66612263,39.62811212,39.94219674,40.06590376,40.68497123,42.64798263,43.29343633,44.96914232,45.75677318,46.2432029,46.66986461,46.70455751,46.87099547,47.20536941,48.75699222,49.19578673,49.35374942,49.42921797,50.01812565,51.57639086,51.98640485,52.80329007,52.81140934,54.05172207,55.40124739,55.56658429,55.57820957,55.82187585,56.71503847,57.97196199,58.33058741,58.89338787,59.37679469,59.64458731,59.65815048,59.71368596,59.91271122,59.96750175,60.02147089,60.44106318,60.89052064,62.16552637,62.26871106,62.81467238]","[7,0,2,4,2,5,6,4,0,1,5,1,5,0,1,5,5,5,4,0,0,1,4,0,0,4,4,4,0,0,4,4,4,0,0,4,4,4,0,4,2,0,4,5,1,5,5,5,1,1,5,0,1,0,5,5,4,2,5,4,0,0,1,4]"
"[4.1871031,5.26837505,14.09587707,18.62595883,18.84385976,19.16255422,19.17048406,19.60789445,21.94065183,22.64324023,23.55434118,24.33313281,24.50327325,28.98527003,32.84452494,32.96298554,33.17992188,33.24150643,33.37288643,33.45348689,34.19316999,34.35325079,34.69406474,35.63464384,35.82610895,35.83304252,36.57894256,36.71469438,37.00990237,42.03929262,42.74789036,43.72744348,45.02124766,46.03493737,47.40679612,47.48077075,48.05668007,50.27970047,55.57778183,56.99352757,62.35187425,63.6085514,64.03346536,64.6559561,65.09149835,65.21439195,65.68480581,65.84513586,66.00075212,66.06735918,66.13273251,66.30741825,66.9552819,67.10577843,68.23071259,68.36556838,68.77722556,69.72263577,70.03359768,70.07244527,70.17567888,70.25090646,70.52297462,71.21786817,71.24936669,72.13485128,73.52007587,75.48397425,75.56150523,75.66929408,76.0545411]","[6,6,7,5,7,2,2,1,5,1,6,5,1,2,5,1,1,5,1,5,5,1,5,5,1,1,5,1,6,5,1,0,5,2,1,5,5,1,1,2,1,4,0,5,5,4,0,4,7,4,0,0,4,0,0,0,0,4,3,4,0,4,0,4,4,7,1,0,5,1,0]"
"[6.24806879,9.01363647,14.64598099,22.61735401,23.12001671,24.51603301,25.04074948,26.88221357,29.31737466,30.32999983,30.55431889,34.15190004,34.1881102,34.24638537,36.19652063,39.65214362,41.63121162,42.22157657,43.10773507,43.73837921,43.77387488,44.38020499,45.91535006,56.00444812,59.48202793,59.85692999,62.23647144,62.59612411,62.92761407,62.96958421,63.59210712,63.77670892,64.05939276,64.29357631,64.36106227,64.42443565,64.45060744,64.98152766,65.1652397,65.38777562,65.62933312,66.75035562,67.54336501,67.6933513,67.94939472,67.95347169,68.1546469,68.16928778,68.23903626,68.37599153,68.90488312,70.54357951,70.76520775,71.11865912,71.1200123,71.17923918,71.35694966,74.2620892,75.78750211,87.39260502,90.56760537,90.97065999,92.49562257,93.34076244,95.93288291,97.01205112,97.29464406,97.74377928,104.00722406,105.31208805,106.59458708,109.95554292]","[2,4,2,3,2,4,1,0,4,0,5,5,5,1,0,3,0,4,4,0,0,4,5,4,0,4,1,5,7,5,1,0,4,2,1,0,4,1,5,5,0,4,0,5,1,5,5,1,1,5,0,4,1,0,1,5,4,0,4,3,7,0,4,1,2,0,3,0,7,6,6,0]"
"[2.31497744,2.50895841,3.24065258,6.41053839,6.44054397,7.10302726,7.10627129,7.59176855,7.64209244,7.73349576,7.78175853,8.09995858,8.22320958,8.9068867,9.50594632,10.97598678,11.54443472,11.67766739,11.93358621,13.60954635,13.97430837,14.98522668,15.30251398,26.85029355,27.04483015,27.54827967,28.12819734,28.92524443,31.93380207,32.68070718,33.11609119,34.60105571,35.55010324,37.537118,37.98496799,41.88151617,42.24978846,43.46240891,44.39574101,44.73254353,45.58172597,45.87443167,48.38603873,51.54311266,59.76249386,59.84067155,59.94278541,60.16743118,60.21654902,60.44014321,60.71062896,60.90167986,61.38223273,61.57437718,61.74227328,61.78369109,62.18053072,62.36996773,62.86313469,62.93326593,62.9391295,63.03260151,63.25702237,63.29100928]","[2,5,7,1,5,1,5,5,1,5,1,5,1,5,1,1,5,1,1,1,5,5,7,5,1,5,5,3,2,1,5,5,6,1,6,5,1,1,1,1,5,7,1,5,1,0,4,4,4,0,4,0,0,3,4,0,0,4,4,4,6,0,0,0]"
"[3.96057212,4.8470397,5.14309336,5.26802076,5.27791674,6.59844731,6.65030093,7.12049033,7.5438418,7.93392573,7.99193514,8.35053549,8.3860537,8.43117653,8.54711049,9.95351157,10.18509876,10.34754228,10.41706534,10.60693849,12.2924551,12.79381153,15.6790182,16.36736497,17.38743775,17.75417059,21.61565026,23.35563939,23.77065243,24.60418771,25.77352001,28.51032406,34.26335203,37.05184683,37.39956069,39.23406377,41.81931055,41.97871984,42.05753984,42.12494885,49.92708074,50.11785986,51.54825722,52.16864268,52.40857853,53.01073664,53.20487956,53.57972526,53.86998963,54.241653,54.26820543,54.28681774,54.40260218]","[4,5,7,1,0,4,5,5,1,5,0,4,5,1,5,1,1,5,5,5,1,4,7,6,6,0,0,0,4,4,3,7,4,0,1,0,0,4,4,0,6,0,0,1,5,5,4,7,1,5,1,0,1]"
"[2.66694513,3.5635388,4.62355824,5.35644507,5.8350406,6.3772386,6.44178067,6.50697798,6.63012595,6.71474801,6.90661553,6.9789766,7.34822179,7.45154475,8.19884093,8.43045316,9.56365493,9.85015765,10.64594223,11.09633846,11.10256435,11.17804333,11.2676919,11.76228728,12.09386113,12.40632973,12.89002555,12.94015025,12.97368291,13.58893714,14.94837434,23.57847162,25.72417246,25.76769791,26.9642066,27.71476247,31.6278078,32.34584304,33.22335649,35.0446611,35.16056572,37.06333536,37.16866774,37.60381999,37.74400321,38.00406472,38.03046753,38.49732179,38.91156893,39.15731335,39.46569053,39.63846099,39.84453147,39.95644413,39.994348,40.87056855,41.17447463,41.1815444,41.64908847,41.87236034]","[3,5,0,4,7,1,1,7,1,5,5,1,1,1,5,1,1,0,3,5,5,1,1,1,5,5,5,5,5,1,5,1,1,5,3,5,3,1,4,1,3,6,0,5,3,0,1,1,5,7,5,4,5,1,1,5,1,7,4,0]"
"[0.63848129,2.56565406,3.86560942,5.19239029,6.27650875,7.65017309,9.95267513,10.89164691,11.52699813,19.07952001,21.77143103,22.32502645,25.15592131,29.77076774,35.27411202,40.83142134,41.90724006,42.00871167,42.74551742,43.15716908,43.98174764,45.87055612,46.01713573,47.21907725,47.27538658,47.67908863,48.12293449,48.62446457,50.09706323,50.35034771,50.52470445,50.82727697,50.94814368,51.14862537,51.45277174,51.62605512,52.35795104,52.53983095,54.12592012,54.29125539,54.58120089,54.69986072,55.00387916,55.22936795,55.84123877,57.49358692,57.60687926,59.08142111,59.7555241,61.14312908,68.14632728,68.93457218,69.97760628]","[2,3,1,5,4,5,1,5,5,4,5,7,7,1,4,0,4,5,6,7,4,0,0,4,3,4,5,1,0,4,4,4,4,4,0,0,0,4,4,0,0,4,0,0,0,4,0,4,4,4,5,5,1]"
"[2.80998693,8.34578021,9.00891863,9.66140367,14.03927272,16.83314723,22.11459961,26.83487021,27.41991396,27.69444245,28.98330882,32.00741394,33.20726099,36.14291741,43.45352038,43.91612579,45.41446464,46.37671384,46.78792167,53.44053892,55.00487035,59.07111737,62.1228295,69.23308708,71.60228819,72.01133956,72.37088107,73.34070434,74.07751531,74.26411455,74.45272769,75.55168217,75.95022941,77.42208132,77.861365,80.00460404,80.22725751,81.06866603,81.47247637,82.07931704,84.24074104,84.38368606,84.41028842,84.82889574,86.40868604,86.61235574,87.26369436,87.97643659,89.30989888,90.60719604,91.65776767,91.8721759,92.02053235,92.08850212,92.93087529,93.1633013,98.20033296]","[2,7,7,2,3,4,0,1,1,5,5,1,5,3,7,0,5,1,6,1,6,6,5,5,1,5,1,5,5,1,5,1,2,7,1,5,5,1,5,5,1,1,5,5,4,0,1,5,5,4,1,5,2,5,0,5,5]"
"[9.06979966,11.99039853,14.6497099,19.26214626,23.85041235,26.2169807,27.70538216,28.00924614,31.25180165,32.71395507,33.98942779,34.25629654,36.91271228,37.03547694,37.11827093,38.8335792,38.85023136,39.17800211,39.42001255,41.36811221,42.75521619,43.09534455,43.10944663,43.9635546,44.14442324,44.24212648,44.64095488,44.71616853,45.50409543,46.06021501,46.1096371,46.78929019,47.20883428,48.82192821,49.49032889,53.74068073,55.55340288,68.67999785,69.95127459,70.6620859,70.78565706,70.84141798,72.0951123,73.6095485,75.54697104,76.20519024,77.12420372,77.22171609,78.11920747,79.14885134,79.16027475,79.89470214,80.00581862,80.02920325,82.02222961,82.45241313,85.62269825,85.93194168,86.71778539,88.88346061,88.91672704,89.63615948,90.62798067]","[2,6,1,7,1,5,5,1,1,5,0,4,4,4,0,0,4,6,4,4,0,4,6,0,2,0,4,0,4,4,4,0,4,4,0,7,1,5,0,2,3,4,4,0,0,4,0,4,0,7,4,0,4,4,5,0,0,5,4,1,0,5,2]"
"[11.12265125,13.44324454,15.57399461,17.2073709,21.09375698,25.12987164,30.96355259,32.44509902,35.42670746,36.50734848,40.72277833,44.64795609,45.17279955,48.16979925,48.29211481,48.7783996,49.34111336,49.93588181,49.98591823,50.55356626,50.87887881,51.47387418,51.48572317,51.60432252,51.87129064,52.23251406,52.35809578,52.56714593,53.40202506,53.69384297,53.77635194,54.31629885,54.37009554,54.38273893,55.54373885,55.75881165,55.89379155,55.98084677,56.69232891,56.97570104,58.23289242,59.25334287,59.3927126,59.5211389,59.52932092,59.79779088,59.84942857,61.90162531,62.03660827,63.14240283,63.34874592,63.79093786,64.32598203,65.75106402,66.10038691,66.8153758,67.95847166,68.01217205,68.42137905,68.64386983,69.28109141,69.5310274]","[2,2,5,6,7,5,5,2,7,2,2,4,6,0,4,0,2,4,5,1,3,5,4,4,0,1,3,5,1,5,5,4,7,5,1,0,0,4,5,4,0,1,5,0,4,2,0,4,5,0,5,5,1,7,5,0,1,5,5,1,1,5]"
"[0.81621781,4.3842337,7.43932757,8.88460886,10.96147064,16.19375996,17.15103514,19.22527006,22.75804684,23.79250227,27.55260412,30.38570057,41.77850447,41.90073417,43.49053132,44.4746278,44.96449164,46.90231921,47.49609501,47.52564841,48.34658788,49.03467509,49.1805792,49.37077647,49.54300219,49.82137863,50.13838179,50.28499079,50.4390457,50.47946215,50.91322181,50.98736855,51.05067288,51.62368035,51.64286115,51.74161205,51.838147,51.84026218,51.92305034,52.05446479,53.65473525,53.7510977,54.27374659,54.45217145,54.94682432,55.32343142,55.59792067,55.67350756,56.08316608,56.7611842,56.83998465,57.00039245,57.13890216,57.16980678,57.20914637,57.27606604,58.29231179,58.56292257]","[5,5,5,1,6,5,1,2,3,4,5,3,7,1,6,5,2,1,5,1,5,1,1,5,1,5,6,5,1,5,5,1,5,5,1,1,5,1,1,4,1,5,5,5,1,1,5,5,1,1,1,1,5,5,1,5,1,5]"
"[1.91451039,3.52723139,8.69702368,11.42562077,11.4919722,13.79370765,14.70314828,17.08762759,18.14229125,18.98292322,28.30432332,28.98617197,29.15271222,31.18303064,34.98769855,36.76771457,39.24345203,39.98940011,41.39048503,41.48567048,42.03419401,42.52355423,43.4315796,44.35781594,45.97015824,46.42735728,47.46328703,57.16519708,62.8622118,63.69756919,68.4788747,68.59247176,69.92779348,80.50290492,81.60224293,83.91361821,85.25021324,86.52740897,90.7984086,91.87450797,94.89321971,99.09783787,109.83611014,111.72164854,115.78647356,119.09724019,123.71223298,124.30452654,125.06836157,125.65859312,126.7987708,127.28306355,127.69056495,128.0740136,128.66942035,130.27816044,131.21092711,136.69111693,137.28188597,137.65696617,138.08613786,138.17811454,138.86954742,139.49259399,139.74231676]","[2,3,6,7,2,0,6,4,0,4,5,1,5,0,1,5,1,5,1,5,5,1,5,1,2,1,5,4,1,4,5,1,7,7,3,4,2,7,7,2,0,2,0,2,2,3,2,1,5,1,3,5,6,6,1,5,6,5,5,1,3,1,5,1,5]"
"[6.35823419,19.03376354,20.23852168,31.75299107,33.83345549,35.60565053,35.88538415,36.78328201,37.44567136,37.73794235,37.85601167,38.17552487,38.88671193,39.38412794,39.49086765,42.04378935,43.19719792,49.96181638,50.35588611,50.53882837,50.90841104,51.03743607,51.42363471,51.95947575,52.02910537,54.10833055,54.21399042,54.26656167,54.38193769,54.84951138,55.36953507,55.74586685,55.88564714,56.3025454,57.241582,57.26303865,57.37023106,57.76151364,58.84393025,58.98063719,59.40840233,68.37119392,69.74267723,71.81593263,74.19296909,74.21416946,74.40493478,74.72168852,75.16299597,76.2375572,76.3007556,76.35385228,76.37197983,78.21047465,78.2443879,79.60311844,82.36867149,83.42576601,90.27450196,90.95809891,91.69003854,93.10776824,93.70816991,95.84962571,97.11167006,103.8063113,105.63810701,107.0720426,107.08253511,108.49875476,108.989757,109.62196851,110.90633429,113.18433015,115.34828683,117.92138828,123.35418993,128.59061274,129.95359682,134.70754857]","[2,2,4,2,5,5,1,5,5,5,4,1,1,5,1,5,3,1,5,5,5,1,5,7,5,1,5,1,4,7,0,5,5,0,1,6,5,4,3,1,2,2,7,0,4,0,4,4,0,0,4,4,4,0,0,5,5,1,2,7,1,1,5,7,7,7,7,7,1,3,0,2,0,4,1,5,1,1,5,4]"
"[6.39835124,7.60659717,8.54336836,8.67412706,9.42622596,10.98908805,17.50674022,17.57743766,17.85068803,17.93275609,18.0318508,18.32829855,19.73093827,20.51367662,21.19837675,27.47366402,30.96141117,31.18090593,32.941835,33.20645124,34.17204357,34.1934511,34.48618377,34.71795293,34.74768609,35.60020743,37.24804165,39.1958297,39.39100844,39.62880101,39.86278003,40.28462232,40.73554328,40.75775073,41.89080956,42.83109221,43.89156699,45.55984448,45.69249021,46.19422314,46.33505924,46.43502229,48.40980082,48.85097274,49.68107235,50.46772149,50.75820342,51.19692599,51.95905393,52.67826239,53.27886567,53.41854062,55.24894872,56.25179524]","[3,5,1,5,3,2,0,6,6,1,5,5,1,5,1,6,4,0,7,0,1,4,0,0,0,4,0,6,0,6,4,4,0,0,0,4,0,4,0,0,0,4,5,2,4,0,0,0,2,6,4,7,4,6]"
"[2.39375808,7.68022192,8.10905086,8.42191688,8.78626524,8.8660106,9.24991327,9.2592738,9.42796073,9.73889822,10.85280004,12.82342153,15.55896958,15.81360524,16.27667862,16.43389257,16.88715209,17.53429726,17.71289476,17.75289733,17.95992993,22.82037515,22.82063187,23.35028214,23.69810748,23.87702087,23.89272865,23.9182355,24.51389734,24.76673456,25.02108942,25.25742773,25.67033482,25.70172691,26.0729019,26.10571531,31.71999069,34.4210379,37.29577222,38.18199522,38.66237304,38.75336496,38.85461964,38.93768907,39.52464974,40.52610231,42.64877167,44.94677192,46.60302061,49.93251572,51.04720925,55.06126863,55.24023741,55.99962877,56.59267648,56.68277723,56.82249673,56.99100438,57.60269759,58.25420986,59.17626822,60.27911383,60.84787225,61.22293553,61.65733501,61.838298,62.2119231,62.28897039,62.51091539,62.84289892,62.88282989]","[2,4,3,0,0,4,0,5,4,5,4,0,5,0,4,0,0,1,7,5,1,0,4,0,1,6,0,4,4,5,1,5,0,0,1,4,4,0,5,4,1,4,5,5,7,0,5,4,5,2,6,1,5,1,5,1,5,5,1,1,1,5,1,5,0,4,4,0,0,4,0]"
"[1.69079791,4.24324426,5.32100477,5.66890169,8.6895785,11.32035387,14.49291173,14.54833708,14.65988342,14.7713021,15.87189386,16.28050389,16.39080206,17.72813711,17.77931065,19.11105813,22.57108517,28.04389825,29.16143699,29.63110699,30.44952097,30.56996898,31.17564514,31.65213054,31.66941075,31.69137665,32.1120749,33.571295,34.32406111,34.50607732,36.73299577,37.56693382,38.33689896,38.38011702,38.65706361,38.7829059,40.10636324,40.19864394,41.9435308,44.06100395,48.05734615,49.73642538,51.13799825,51.22330764,51.2816801,60.15473271,62.43483934,62.76219021,63.36391918,64.01405727,68.38344964,70.22311928,76.32232652,77.46399748,82.83490058,86.26017651,94.95680004,100.67144532]","[1,5,1,5,0,4,7,6,2,0,4,4,1,6,4,6,2,1,5,7,1,5,0,5,4,1,5,1,5,5,5,2,1,5,1,5,5,1,3,5,1,3,7,1,5,5,1,1,5,5,5,0,1,5,0,5,7,0]"
"[0.63147629,4.1926852,4.81391201,4.9958628,5.17772189,5.277614,5.92222238,6.79398742,6.89793886,7.01678765,7.56671369,7.57313316,8.67132472,9.59094985,12.46584032,13.98573028,16.6674392,22.22800894,22.6688789,23.00339924,30.27430613,37.72968881,40.69932999,44.41133741,45.07888587,45.21816685,45.23447859,45.24798667,45.25811463,45.27319888,45.30917906,45.35999381,45.82237287,51.8394651,51.92176601,56.91288761,57.05533879,57.38551996,59.7085822,59.91447792,64.83095078,65.03328343,67.0563216,69.8767807,75.09779099,75.69520092,76.5346775,76.95783541,79.44520172,79.6561341,80.72359309,81.13699925,89.60453376,94.60699707,95.19658194,97.34399375,98.27460116,98.78140442]","[1,5,1,1,5,5,1,1,5,5,5,1,0,1,6,5,5,4,0,4,1,4,1,7,2,7,1,5,5,1,1,1,5,0,5,0,4,2,5,4,6,2,6,5,2,0,4,4,3,0,0,0,1,3,3,5,2,5]"
"[0.57188129,0.69100976,2.30285231,5.71598318,7.84506589,10.31489094,12.24180464,13.00108901,13.66335711,14.12018568,17.36563355,26.17353824,26.27908535,28.70756992,31.16967985,32.91056412,33.83633485,34.25109153,34.30720667,36.21686717,36.82022054,37.72110701,39.54670178,40.16678211,40.28455607,40.63198467,41.21017956,47.0683234,47.17421711,57.97474604,59.40543657,60.27382172,60.83871204,62.37139099,62.58419061,63.30550598,63.74828543,63.77127806,63.80881704,64.09560242,64.61091078,65.39980716,65.52406689,66.61618852,67.21475991,67.67278177,67.82398906,67.88901102,68.7526181,68.99888848,70.61017069,71.08608627,72.01594928,73.72075838,75.6622942,76.71560578,83.92464983,86.37961535,86.57377189,88.19891508,88.29910785,89.0037998,90.38917552,90.76731931,91.40423538,92.62357283,92.91501278,93.17182307,95.16432336,95.41854635,95.60771712,96.5171957,96.69948901,96.99659365,97.34065859,97.68257392,97.70199995,97.73758538,97.82684807,97.84339122]","[2,7,6,5,7,5,2,7,7,0,2,0,1,6,2,1,5,5,1,5,1,5,1,5,1,5,1,5,2,2,1,5,5,5,1,5,5,5,1,1,1,5,5,5,5,5,5,1,7,5,1,5,5,7,5,1,2,0,5,5,5,4,0,1,5,0,2,4,0,5,0,4,1,0,4,1,5,0,4,4]"
"[3.51853477,5.50124623,6.87324271,7.4573706,7.63941046,9.78267086,10.41718429,10.98959711,12.79649157,13.01306343,13.34331204,14.1733172,14.30061083,14.55335695,15.00035897,15.55301086,15.64114947,16.14955658,16.65293426,16.9142179,16.93910277,17.55323351,18.70236566,18.82663675,19.41062783,19.60150527,19.6923258,19.8113285,19.88295417,20.15663341,20.16524548,20.5048083,21.57039746,21.85734601,22.33135573,22.71203978,22.93325829,24.35532819,24.75462528,24.88458017,25.11239011,25.35081226,26.01923625,26.28035372,27.36436637,27.50595349,28.35917043,28.40654327,29.00527123,29.18019266,29.48608441,29.6621213,30.58065384,30.87670877,31.03023268,31.43921955,31.79317702,31.8697444,32.19383617,32.24323911,32.40276531,32.41249787,32.4198714,32.43798714,33.53810898,33.62481346,33.89080758,33.95619327,34.44379408,35.85845985,36.51137297,36.71349871,37.21807538,37.40615583]","[7,5,1,5,5,5,5,1,5,5,1,2,1,5,5,1,5,1,1,5,5,5,1,5,5,1,1,1,5,5,5,5,7,7,5,1,1,5,1,5,5,5,5,1,1,5,1,5,5,5,1,5,5,5,5,1,5,5,1,5,5,1,1,5,6,1,1,6,1,5,2,1,1,0]"
"[3.42685473,7.51092189,7.61086315,8.18678349,8.19281481,11.35564422,12.56002691,12.97210517,13.29513173,13.4451981,14.35616209,15.04826485,16.33893343,17.47303422,17.52889401,18.42655316,18.98957912,19.10617658,19.19497991,20.14734132,20.38240919,20.68683359,21.71183898,22.54599804,22.60932091,23.09354682,23.88593538,30.18127975,30.54916566,30.68404148,30.70740466,34.61682139,43.08469002,43.91370681,43.99005917,44.99793309,45.52758205,46.6048065,47.0480389,47.0804867,47.35497738,47.71038679,50.23536999,51.83678786,52.14271399,52.15056348,53.58607345,53.6404062,55.16332828,55.5820071,57.9212104]","[7,0,4,0,4,5,5,4,1,5,5,5,1,5,1,5,0,5,0,4,4,5,4,5,7,1,6,5,1,0,4,1,5,2,1,0,7,5,0,1,4,4,5,4,1,0,0,0,0,5,4]"
"[0.40798769,0.90502788,5.22516162,9.0244448,10.43957183,11.15520376,12.09665802,12.27587929,15.52606731,15.6209641,16.41631412,16.67342394,18.30586179,19.36569997,19.61868205,19.99359629,20.35807097,20.4237791,20.57538691,21.17051075,22.00837518,22.49812809,22.53938359,22.96935167,23.38181414,23.60671394,24.62738373,37.06998887,37.22521565,39.05694044,40.16479369,41.13309077,41.32967769,45.22568944,45.92692791,46.88867974,47.85258124,48.9471285,50.81070731,57.32783367,58.11122192,60.69395725,60.78175522,62.31774462,64.87154846,65.32407669,72.09694595,73.32143151,73.68338653,74.57496096,74.65991832,74.86857625,74.98184389,75.6829917,76.50473487,78.12709659,80.39282534,80.94872722,82.44076941,83.15255972,83.27939181,84.14437968,84.78581233,84.96012713,85.1787558,86.76934147,87.53535175,87.56492957,88.69932215,88.72624442,88.79650554,91.15856116,92.19183163,92.4872705,92.5028742]","[1,5,2,4,0,4,2,4,2,5,0,1,1,0,5,4,0,4,0,7,0,0,4,4,0,4,0,3,0,4,0,0,4,4,0,4,1,2,1,5,7,1,5,6,1,5,0,4,0,1,6,4,0,6,5,5,5,1,4,5,5,5,5,3,0,4,1,1,6,0,5,6,0,5,7]"
