event_times,event_types
"[2.75668384,5.53450037,7.98180893,8.74207755,12.30307955,12.91462392,19.49939029,21.74872706,26.39594783,26.67602019,27.24265022,30.74477416,31.02137467,32.92254526,34.41158594,35.42524259,36.63855412,41.3990794,41.47079261,44.75770986,44.99603818,45.29606121,45.51503794,45.66175989,46.08040148,46.83971505,47.30763935,47.51929712,49.35529341,50.90050699,51.19163005,51.6229167,51.79492625,52.70926671,52.80869054,52.99478414,53.4038633,54.66659435,55.80792606,55.92114851,55.92304015,56.04042331,56.86433376,56.93435457,56.9887488,57.05279298,58.34861405,58.7242093,62.65326212,68.55657146,70.48469505,71.73727391,71.88402103,72.5281458,73.18749838,73.55074663,73.75670334,73.98271241,76.15436057,78.16574393,79.71777008,81.6924922,82.76900244,84.71547473,84.92977229,90.40554366,92.07588171,94.6688417]","[7,7,0,5,1,5,0,3,5,4,2,0,2,4,6,7,6,0,4,0,7,4,4,7,0,6,0,4,2,0,4,1,7,5,0,5,0,0,4,5,0,1,4,5,1,1,5,4,3,4,0,7,2,4,0,5,0,1,4,0,4,4,0,3,4,3,0,4]"
"[5.26813276,8.16087331,9.59297019,23.7907668,25.60959691,25.97563137,26.48779938,27.32800716,28.87674806,29.10930551,29.31166659,29.60725505,29.79284754,30.24365011,30.32456944,30.55970432,30.70605159,31.33374693,32.85331953,33.01413284,34.25108095,34.74016424,36.21902282,36.65681701,39.318543,39.62907397,40.03940012,40.47127847,40.66206534,41.3209791,41.65636582,42.2790413,42.33742164,43.1416098,43.28600037,43.74266787,43.92348817,44.32653682,44.58716377,44.65830387,44.99479672,45.93030092,46.7739894,47.29729125,47.51047755,48.50977226,48.91017592,50.32924782,50.65733632,52.24913065]","[2,7,6,0,4,4,0,2,5,0,2,4,0,4,0,7,1,4,2,0,2,2,1,5,0,4,5,4,0,4,0,6,5,0,5,1,4,4,5,4,5,0,5,1,1,0,4,0,4,2]"
"[0.78996944,2.54042516,5.75186451,9.88037917,10.19410995,10.60731541,12.08448698,12.78943759,12.83945653,15.05022818,18.80500498,21.58152156,24.37164924,24.48058347,26.15177774,27.62632624,30.75673727,34.91097015,35.57752269,35.85223714,36.93002461,39.63536114,39.74333845,40.69057812,41.44824484,44.20211847,45.03443407,45.75823073,45.77927916,45.86676811,45.98707174,46.01927352,46.51195908,46.67392023,46.67866367,47.25526402,47.28251276,49.15209847,49.17885831,51.62781023,54.43070898,57.48635925,60.4576423,60.81751983,62.47244511,63.30211444,67.8422152,68.6647146,68.97126346,69.82187366,70.25463836,71.13863736,71.14519843,71.199606,72.23809957,72.24950729,73.02253318,73.63480157,74.86787836,75.06445655,75.11839164,75.63521915,75.80745049,78.5587777,81.16950513]","[7,1,2,3,4,3,3,7,2,4,3,5,0,5,1,3,5,7,0,4,2,7,2,5,5,4,0,4,0,7,4,4,4,0,4,1,0,1,4,4,0,5,1,5,1,6,5,4,5,0,1,4,1,5,1,0,2,6,4,5,4,0,0,4,4]"
"[1.74918261,7.60924238,8.50902382,8.68946388,9.50806695,10.51740499,13.58821512,13.98662327,14.37122385,14.62073307,16.65046669,22.52210237,22.81149169,23.49268308,24.44476827,25.34240032,27.31457558,29.31937332,35.54658282,35.83443378,35.91666164,35.99106583,36.01090609,36.10410658,36.43301428,37.57942167,37.90948178,38.15051315,38.32383807,38.72526668,38.74122773,38.74576852,40.1553504,40.85509661,40.90740702,41.26507658,41.40584912,41.49390375,41.62040258,41.97356701,42.04680495,42.70064896,42.86889732,43.23480665,44.39459912,45.70375376,46.22092744,46.657883,47.51729287]","[2,7,0,7,4,3,0,4,7,4,0,2,3,0,7,4,2,0,5,7,0,4,4,0,0,2,5,0,4,0,4,0,4,1,6,0,0,4,0,5,4,4,7,4,5,7,0,4,0]"
"[1.8352418,8.87117937,12.59159093,12.92950729,14.0718074,21.4735545,21.74177453,22.6664524,23.70028341,25.36343036,25.84779375,27.03233171,27.78349275,28.09263047,28.329151,28.7696539,29.80295986,29.89347116,29.90089041,31.54370731,31.83723846,31.98492829,32.41350948,32.97806108,33.06616817,33.32995874,33.33569358,33.72267985,33.81419831,33.84587814,33.89670642,34.45199964,34.5742149,34.82048067,34.84434387,35.64192,35.69010885,35.80411581,36.24112989,36.38587296,36.60315847,36.63851198,36.69177927,36.84536055,37.02725165,37.42599069,37.42768367,37.58214694,37.99933558,39.37518152,40.13673509]","[5,2,7,2,5,7,1,5,2,5,1,5,1,5,1,5,1,5,1,5,1,5,1,1,5,0,1,5,5,1,1,5,1,5,4,5,1,5,5,1,5,5,1,1,5,5,5,4,0,1,5]"
"[0.65740662,1.52133053,1.81775725,3.07796113,5.3268396,7.7826642,9.51575006,11.08843445,12.33984132,12.71212775,15.21654411,23.81439888,27.27130187,27.48769477,27.85898287,27.86518036,28.13654286,29.9113112,30.52001932,32.30188578,32.70683795,33.65707059,34.86468931,35.72039467,40.93140021,41.01994173,41.09867829,41.56284496,41.68460272,53.22516597,54.90190996,54.90707807,54.94678301,55.0567013,57.21869432,63.9607778,64.5941619,64.78417628,65.59580453,72.09000952,73.10217256,80.59451412,83.3848422,84.24768279,84.51815535,84.56629686,84.96449346,85.16018658,85.36734733,85.40511997,88.12043075,89.18513652,89.96893771,90.36825742,90.57318203,92.32957449,92.45557931,93.04708426,93.49108989,94.7532434,96.00621279,96.07032777,96.1220853,96.14300335,96.3636554,101.55472503,103.59553563,104.57333362,107.60714784]","[1,5,1,5,6,1,5,1,7,2,6,1,5,1,1,5,5,1,5,1,5,1,5,6,5,1,0,5,5,2,6,1,5,1,3,2,7,4,0,2,3,2,7,0,7,4,6,4,0,6,4,0,4,3,4,2,3,3,0,4,5,3,4,1,0,7,0,4,0]"
"[1.52692315,4.64508743,8.54715477,10.77829897,14.62094465,15.8950359,16.23287919,17.55352078,17.90993358,18.43875489,33.3420225,34.78771662,35.02454935,35.39122193,35.83528337,37.01748971,37.84928846,38.12830493,38.25190436,38.5825191,39.08718476,39.20971525,39.43853645,39.88603365,40.08518144,40.23340115,40.28799446,40.31352706,40.56060793,41.80830901,42.03074883,42.06095909,42.07627213,43.18919448,43.35508789,43.54489598,43.79820054,43.82600893,44.18869517,44.27387427,44.33377121,44.8720815,46.95843282,49.36433895,49.40116452,55.09980738,59.08271577,66.01544683,67.03220618,67.60582306,69.92292841,70.26953468,70.37547134,72.14941154,72.30751428,74.35870634,74.6441003,76.03102984,76.68350147,77.78140535,80.93991519,82.75842087,85.64214246,88.19374853,88.66590055,91.77563696,93.98319343,94.02277332,94.92990091,98.90398333,99.64651502,113.42847361,117.78802956,118.63087956,120.50729099,120.61130319]","[0,4,6,4,2,1,3,1,7,5,1,0,4,0,0,1,4,7,4,0,4,4,0,0,0,5,0,4,0,0,6,0,4,4,4,4,0,3,3,4,4,7,2,4,0,4,4,4,2,2,0,4,5,4,0,0,4,4,5,0,5,0,3,7,7,0,4,2,0,0,4,6,7,7,1,0]"
"[1.49838603,3.57399168,4.35878274,4.72394983,5.30218658,6.11579614,6.3711494,11.46938201,12.53668991,16.24099688,18.89032004,22.18716238,22.74649733,22.92240639,23.10986257,23.20029402,23.34132665,24.28772696,24.76365135,25.02348307,25.25169375,25.88577983,25.9344999,26.51135135,26.59959487,26.7194179,27.59542196,28.47201838,28.67330429,28.87198668,29.18408783,29.67118458,29.72109565,31.20338264,33.28982756,34.4218709,35.55462596,36.11595776,36.20080706,36.30348065,39.40185699,43.71079267,44.71752662,46.17031978,46.51139011,50.34216,53.03756483,53.1934646,54.16548605,55.2383089,55.27489075,55.77690079,55.8093837,56.6856003,57.31349944,57.97653628,58.68865419,58.88625441,59.11780499,60.13420566,62.61568667,62.65192973,63.18262529,64.04913308,64.18642809,64.25539091,64.43455067,64.73814608,64.77306152,64.95157498,65.35298387,66.29949544]","[0,4,4,0,5,5,1,5,5,3,5,0,7,5,4,1,5,0,5,2,0,1,4,0,4,5,5,1,4,2,0,0,4,5,0,4,0,4,7,0,4,5,0,5,1,4,7,7,5,4,0,0,4,4,4,4,0,7,0,0,1,5,1,1,5,1,7,5,1,5,5,5]"
"[2.01890562,2.08261947,4.23163172,4.6533949,5.3369906,5.85648158,6.80625536,6.91059692,7.81720474,7.89555456,10.27945031,10.48510537,11.86823835,12.47091556,12.60443954,12.79979384,17.42299373,18.03243966,19.34418411,21.47514975,23.46643494,24.56501748,28.73225932,28.78130191,29.42188958,29.65641307,34.93375044,37.10092612,37.24457646,37.46807783,37.96608774,38.81518229,42.86700297,43.75467892,48.13315731,51.09378229,51.14621131,51.26960349,51.70420543,51.78671525,51.98517919,52.21765399,52.47612322,52.74220124,54.07955271,61.30894347,61.52179609,61.53471062,69.02244884,71.53418715,72.90236279,72.94982113,73.28737033,74.43849809,76.18938262,79.07867317,79.34443686,84.76440225,92.22643842,93.63320282,94.05850262,98.11155212,98.85067243,105.41464113,105.82583351,106.05220562,106.46328644,108.09237175,110.50818513,111.68975055,114.25805335,114.6153803,121.38745552,122.20807742,124.75616218]","[5,5,5,1,5,1,1,5,4,1,2,2,0,4,4,0,5,1,4,0,4,4,5,1,1,0,2,5,1,5,7,7,1,5,1,4,5,5,1,3,7,1,5,2,4,5,7,1,5,2,1,5,1,4,2,6,4,2,3,4,5,0,0,1,5,1,5,1,1,5,0,7,1,5,1]"
"[2.78450374,11.06448147,11.15061001,12.02152109,12.35654589,17.97025078,24.90139329,25.65767406,28.14671716,28.78207821,30.93797292,32.97915453,33.01609705,33.44398698,33.49228108,33.54198741,33.55459078,33.83970526,36.17950016,36.76752616,38.83557785,39.9524346,43.69010546,46.07656026,48.0413448,48.57549113,52.47604523,53.1768894,54.65530404,57.43124207,57.50733676,60.00094635,61.63026754,66.24207432,66.62497197,66.85070465,67.15122834,67.78457008,67.94679824,68.24751979,70.16194706,71.14447181,71.50129161,72.94623142,73.3606803,73.81171507,75.59148798,75.89929764,76.89338605,77.30441205,77.81837448,77.84120163,78.84562561,79.17120482,79.35302481,79.62464288,80.10034575,80.51926466,80.53951147,81.50700693,82.93761048,83.54236575,83.69377024,83.71992264,83.73974727]","[2,3,3,7,4,2,0,4,4,0,1,5,0,4,6,2,1,0,0,0,6,2,4,0,4,3,4,2,0,7,5,2,1,5,3,1,1,5,5,5,5,1,1,1,1,5,1,2,5,7,1,5,1,5,0,4,4,5,0,0,4,0,0,4,5]"
"[7.23697641,20.019344,20.27056464,21.90579222,24.07967576,24.41558809,24.79641876,24.90920195,24.92486727,25.46871994,26.24744563,27.77138997,27.98301509,28.31274425,28.42019658,28.73465891,30.20066549,32.41837225,33.65305287,34.56588869,35.41396922,37.56187728,38.26297475,39.76670014,40.33090076,40.43999378,41.09240857,41.74342272,42.94436132,43.57972598,44.20320076,44.94984102,47.66800785,47.75526488,47.77735745,47.93742174,48.42513426,49.1186132,50.87527426,51.30760844,51.6477148,51.67990112,51.89957458,52.15695255,52.4657868,53.00842207,53.04357315,53.59282871,54.23494491,54.6963061,55.24961325,55.58464854,55.64012296]","[1,0,3,5,1,5,7,1,4,5,1,5,1,5,0,4,2,7,5,2,1,5,4,4,0,4,1,1,5,1,2,5,1,2,5,0,5,1,5,3,5,1,5,5,5,5,7,1,1,1,1,5,5]"
"[1.18283229,3.85148484,5.25489982,7.34064513,7.89025683,8.10486685,10.2245298,16.37133183,16.92028933,17.33534699,17.34247153,17.56081691,17.89698948,18.09050707,18.1647319,18.19536114,18.60521802,19.71062707,21.7048996,22.66026721,22.93688754,22.98367549,24.89152775,24.91767726,26.05114213,29.62634956,29.842161,30.29769945,30.83632925,30.84381081,31.31605941,31.94434696,32.32140687,33.73843165,34.37732809,36.2716251,37.18722422,37.35203244,38.28252479,38.97336918,40.26299886,48.23040055,48.29623076,48.87769323,49.40477291,49.55939112,49.58913987,49.84894126,50.29925508,51.47751447,54.64395876,56.13330484,57.08632538,57.33591578,58.04751675,58.16964487,58.94903466,59.85112414,59.96545863,60.07363825,60.49072833]","[2,0,6,2,0,4,0,1,5,0,4,4,1,0,0,4,0,4,0,4,0,4,0,4,4,0,5,4,5,0,1,4,0,2,5,0,0,4,4,2,5,5,1,3,5,1,5,3,1,1,7,2,5,1,0,4,1,0,4,4,0]"
"[0.70536534,2.46832415,5.20033239,5.42030602,9.55108567,13.7981594,19.93009477,20.48174138,20.6559616,22.64076749,22.71675636,23.86907797,25.12747203,29.11528815,31.07001125,31.50533241,34.13558744,41.16697705,41.9859314,45.71118121,45.94921711,46.47557582,46.67531517,46.69586291,47.19774816,48.20598491,50.28140016,50.83082763,50.98347674,51.27493487,52.43886776,52.55697067,53.0356984,54.136937,55.3021034,57.63022742,58.96353767,60.98285544,64.90516105,66.71982057,66.92784891,67.10453839,67.86421789,68.00470706,68.67694902,69.02514451,69.663808,69.96524931,70.11163226,70.36820635,70.5557113,70.63536087,70.78183034,70.78671517,71.17788507,71.37801142,71.47230986,72.67850042,73.04476429]","[0,6,1,5,5,1,7,5,1,5,0,5,4,5,6,2,7,6,2,4,1,5,5,1,1,5,3,0,4,4,0,4,0,4,4,1,7,5,7,1,5,5,1,4,5,1,1,5,0,5,1,5,5,1,1,1,5,5,1]"
"[2.07059409,2.25701082,5.86296752,6.58220009,7.30246181,7.31494417,7.47094042,7.75335381,8.24212854,8.5172137,8.57529773,9.09453358,9.25206196,9.3073299,9.48919309,11.15128312,12.63460336,12.64768032,12.85208083,13.06885257,14.1115089,15.70049469,17.12704171,17.18837578,17.56805693,17.59000139,17.69109367,18.53711506,18.71844172,19.36142693,20.42712766,20.44236212,20.86433297,20.88178857,20.93581311,21.11526411,21.48687734,21.80268351,22.97120265,23.18266323,23.4052325,24.81186921,25.11479765,25.89348167,26.19843243,26.41870546,26.54229317,26.62666492,28.51059289,29.46475448,29.79241013,30.13781175,30.5204467,31.05763969,31.60973892,32.69472198,33.34667202,33.4409806,33.75392068,37.10973218,37.69333145,38.27789642,38.48473681,38.51512335]","[7,7,1,7,5,5,1,1,4,5,5,5,5,1,5,5,1,1,5,5,1,5,1,3,1,5,2,5,5,1,1,5,5,5,1,1,5,7,3,1,0,0,1,4,3,5,1,0,5,5,1,5,5,1,5,1,5,1,1,5,1,5,1,5]"
"[3.33299354,3.51521322,3.88537553,3.9502011,5.57190809,8.6266479,8.90688768,9.78231762,11.31251123,11.97346919,12.48132075,13.1462138,13.50582941,13.77032985,14.12989495,15.60812842,16.68846068,17.53926271,18.3585692,18.51100348,18.79546885,19.80550045,20.0407933,20.14886005,20.15239068,20.51430202,21.0799396,21.38672164,22.31835949,23.04541599,23.10742935,23.18366373,23.71701638,24.54200609,24.89505473,24.97063979,26.70629571,27.3866754,28.05210961,28.54880845,30.13119433,30.29015312,31.27287822,31.60929995,32.26914368,33.81606486,34.58589555,34.83367032,35.35260863,35.80416757,35.86102423,35.98503733,37.46721381,38.10618277,38.18746905,39.44200886]","[4,1,0,5,0,6,0,1,6,2,1,5,5,5,1,4,0,0,4,5,0,4,0,4,4,0,1,4,5,4,5,7,4,0,1,5,0,4,4,0,4,0,5,6,0,0,4,0,5,3,2,1,4,0,5,3]"
"[5.23698047,6.89302034,9.89580665,11.25969307,13.58891025,13.88450895,14.64557918,15.13742752,15.579421,15.6275511,16.55477902,18.67800286,21.17225693,27.12865409,30.33857702,32.30946088,33.23337678,33.42809946,35.2581973,43.34217798,52.70129901,53.98909592,56.35577467,56.3839228,58.36647109,61.06467314,62.06091325,64.1043559,65.1528307,65.71157147,65.96801762,66.39896823,66.83998784,67.80418576,68.68532773,69.28964962,69.63098238,71.07777772,71.26943406,74.03564622,74.36802453,75.14858682,75.35641332,75.45846722,76.65491069,77.59151505,77.70402116,78.8395634,79.7199224,79.84144064,80.20873377,82.88089034,90.29517766,94.44152285,94.48167634,95.20563521,98.47616118,98.72271446,98.84327675,100.92295129,101.45933301,109.14450019,110.09955875,111.35054819,112.68427462,114.843442]","[6,5,1,2,5,1,7,5,7,1,5,7,4,2,7,1,5,6,1,1,3,7,0,5,4,0,4,5,0,4,4,0,4,5,0,4,0,0,0,0,4,4,4,0,4,7,0,4,0,4,3,0,5,6,5,7,0,4,0,4,3,3,2,3,6,2]"
"[3.74628339,7.16368453,12.18224315,12.27865481,12.72851215,12.78630191,14.35209942,15.59859292,15.72948231,16.06720551,16.24522198,18.16763631,18.99728033,19.6581558,19.97202479,20.48341512,20.86837605,22.70064077,22.94166392,26.34274304,26.84797708,26.91668015,27.17516015,27.52288482,28.92756384,29.2929566,31.08972735,33.76222152,33.90287189,34.02127742,34.45872237,35.17392356,35.23538033,35.42488961,35.47960243,35.6613406,37.14494192,38.62225824,38.93620409,38.94779688,39.31446761,39.62726585,39.70425452,39.86310778,39.99669929,40.47445859,41.96736219,42.87396595,43.34542722,43.467158,43.64603481,43.88616148,44.00273641]","[4,3,1,5,5,1,1,4,2,5,1,5,5,4,5,6,0,4,4,5,1,5,1,5,4,5,1,0,4,5,1,1,0,5,0,1,5,0,5,4,5,4,0,6,1,5,6,0,6,0,5,1,5]"
"[8.82330232,14.77183701,15.03795993,15.95038789,19.41206391,22.85930567,24.64363751,26.48974344,27.08989134,31.7145648,33.4668925,36.16127017,36.45389925,37.37891399,37.72294495,38.25106557,38.88533293,39.1762156,39.92559011,40.21827167,41.13974395,41.75613735,46.03831886,46.22834835,48.15982984,52.46429785,52.73233096,52.8710658,53.64724803,60.07497989,62.98054122,63.53372938,63.73272717,64.88003631,65.14315596,65.3462834,66.89273048,66.93753577,67.67276222,68.08007399,68.21879017,69.30464562,69.80860339,70.35976982,70.92577884,71.35765287,71.89519177,73.12335704,73.21970631,73.43270461,73.56025279,73.70461392,73.73611845,73.94627958,74.19365486,75.00137033,75.79491805,75.98739117]","[3,2,2,5,7,4,0,4,0,2,2,0,7,5,4,1,2,5,5,7,5,4,1,5,5,6,6,1,2,1,7,1,5,5,1,5,1,2,1,5,7,1,5,5,5,1,5,5,1,5,5,1,1,5,1,1,5,4]"
"[1.5814881,9.12844794,9.81388831,10.56691015,14.07405186,17.64530348,17.81306713,17.93861649,18.33124312,18.84078722,18.92270403,22.34305853,28.13712408,29.48097668,29.8239775,32.37901733,32.73588717,33.1733976,33.26324787,33.38110747,34.05841739,35.53419876,36.33793232,36.34796711,36.89377149,37.22092802,37.8176591,38.51786803,38.78800531,38.90093273,38.92722259,39.00861116,40.15890494,40.21011971,40.45307301,40.78373485,40.88563559,43.20919785,43.29421729,43.47376873,43.69434484,45.15778382,46.39742136,48.89626791,49.00139165,49.91284217,57.18915828,57.43986254,57.86495082,58.47406095,61.58691004,71.96777635,72.14505424,72.53545146,73.33497909,73.89872116,74.07711345,74.09172529,74.21568537,74.72675607,75.322901]","[2,4,0,4,4,0,4,0,4,4,4,7,4,0,4,0,4,4,3,6,0,3,0,4,4,5,1,5,4,0,1,4,0,1,4,4,5,0,4,4,1,7,4,0,4,0,2,4,4,6,6,5,1,5,5,2,1,5,1,5,5]"
"[2.70158185,3.11521797,4.61268659,5.57589361,5.64582401,6.18398013,7.05393865,7.31984491,7.40714902,8.31126545,10.74014119,11.10990757,11.34804521,11.83694217,12.08394512,12.37041508,12.43585585,13.7141429,15.69354159,16.30964378,17.21983122,17.87785582,18.2264055,18.73094376,19.0172129,19.61318968,20.20621587,28.39683612,29.43224562,32.1149464,33.02826078,35.19895014,36.26700684,38.04839134,40.35711299,40.7911603,43.38381239,46.4987594,51.72144889,51.82282974,52.1652195,52.36844317,52.58383431,52.76862746,54.84257869,61.87036621,61.99549464,62.13885287,63.11149922,63.14465218,63.20423159,63.56686117,66.8060718,67.38615442,68.07921499,68.67469478,71.06481181,75.14541594,75.79524506,77.41185221]","[7,5,5,7,1,1,5,1,5,1,1,5,1,5,7,1,5,1,1,5,5,3,1,1,5,5,5,5,6,5,1,4,3,4,1,0,0,4,4,1,5,5,1,7,5,2,7,1,1,5,5,1,3,0,3,5,2,4,6,6]"
"[4.27523917,4.29094495,4.6778516,11.84813158,15.08465873,17.83930248,18.15419802,18.45778099,18.63790977,18.6603475,19.59669333,19.69501833,19.80812425,19.89863953,19.98119307,21.66512625,22.50246059,22.7556391,23.33701662,24.45428893,26.30508016,26.79429208,27.73300968,27.8243647,27.88706211,28.50790109,28.73274017,29.41112986,29.60568674,33.23017884,33.34003034,33.36120833,33.47242744,34.37288808,34.58633983,34.6396427,35.71842658,35.72561324,38.74393674,40.85790487,42.54434643,42.59931174,43.42997087,51.19401835,52.75304107,55.15775468,59.02613509,67.84934905,69.67793239,74.99394306,79.33344593]","[3,6,1,5,1,7,1,5,5,5,2,1,5,1,5,5,5,1,1,5,5,5,1,1,5,1,5,1,5,5,1,1,5,5,5,7,5,1,1,2,3,3,3,5,2,2,5,6,7,2,5]"
"[0.48064859,2.68824021,3.31399495,3.55728944,4.18599949,9.13695774,11.18461477,11.18698575,13.68591615,15.04628007,15.79044156,16.88185639,17.4565707,18.92249715,19.13440471,19.49862301,19.66256443,19.96414145,20.4856244,21.06570403,21.44977317,22.852705,23.07304929,23.26444537,23.80426393,23.93838119,24.83436226,24.88956208,24.96689329,26.54700649,27.51472973,27.94975763,27.96028442,28.09976319,28.99309275,29.10466108,29.12621605,29.13734349,29.20396625,29.74679035,29.74953579,29.75083091,30.03344294,30.19146026,30.27796428,30.48158112,30.65544428,30.66222062,30.69297007,30.84225739,30.94555661,30.97982002,30.97985821,31.22286597,31.24831691,31.66996629,31.68746757,31.74993519,32.0296652,32.44584586,32.71879933,33.22526268]","[3,2,2,7,3,7,1,5,7,1,1,3,5,3,4,5,0,0,4,0,1,4,0,2,4,4,4,6,7,4,1,0,5,0,1,0,5,5,1,5,4,1,1,4,4,0,5,0,5,1,5,1,5,1,1,1,5,5,7,5,1,1]"
"[0.44882139,5.13493222,5.48400306,5.94909995,6.35008022,7.51023156,11.96533598,14.3472642,14.77375903,15.95226548,19.77467726,20.02948125,20.28687007,20.6880103,20.96747927,21.310795,22.02713627,22.96412059,23.60737748,23.73864467,23.87216677,24.89000966,25.7012747,26.79214998,28.33539574,28.75532014,28.87593437,30.56240826,30.76492616,30.78126769,30.96232048,31.23785582,32.51600624,32.81693952,32.84084419,32.8877468,33.3920582,33.76575461,34.59222995,34.97533186,35.2538799,35.53179958,35.88270661,36.66092425,40.07308839,40.6043607,40.76038046,41.58455409,42.18416867,42.77497273,43.40620106,43.66187729,44.640135,48.82558668,48.88737411,50.02802269,51.90122678,53.53748557,53.65673075,53.72323374,53.77374882,54.79039594,54.95184503,55.13602306,55.88080475,55.8845687,56.42563149,58.60619481,69.91284535,70.95508088,72.13984068,72.57221798]","[4,0,6,0,5,4,1,7,6,0,1,1,5,5,1,5,1,1,1,1,5,5,2,5,5,1,5,1,5,4,1,5,1,0,4,5,0,5,1,4,5,5,5,1,1,7,5,5,1,7,1,5,5,1,5,1,5,1,5,0,4,0,2,1,5,1,5,4,1,0,1,7]"
"[3.33602534,3.62210059,4.47678254,4.79616938,6.42307232,8.22674815,8.72798441,8.91189379,9.11192468,11.85438336,16.23445532,22.35860805,26.90701907,27.91245692,28.48279474,28.95007807,29.46129463,29.96524587,30.35392431,30.461826,30.48910271,31.05973671,31.56025014,31.79470944,31.87253766,32.01147116,32.12504031,32.14136318,32.21948333,32.22144491,32.41156252,32.48604899,32.84562352,33.16837479,33.6879052,34.23212471,34.54759922,34.85895685,34.92335197,35.96260022,36.21316747,36.54582653,36.56568778,36.65126593,37.53108031,38.68236518,38.99080878,41.38845116,41.56487829,42.20143117,42.6669955,43.3744841,43.78421598,43.93976981,44.2441209,44.33273777,44.83787999,45.48836471,51.56474601,53.68194032,57.33328178,59.39994009,60.20534369,68.13175007,78.07138373,79.27310712,80.81561469,83.15877366]","[3,3,0,4,3,5,0,4,7,4,2,7,5,1,4,6,0,0,0,5,5,4,0,0,0,0,4,4,4,4,4,4,4,0,4,2,4,4,4,0,0,4,0,4,4,4,1,7,5,0,3,5,4,7,0,4,4,0,1,6,4,1,7,4,6,0,2,2]"
"[18.95678963,22.05775003,24.33254515,37.85369477,47.60037454,48.00444517,48.30428885,49.31131144,50.93574077,60.14442013,60.29616259,61.00956603,66.81881483,67.84624716,75.48201174,79.10056251,79.67397228,80.02368436,81.14497481,81.56890842,81.92886835,82.63178063,84.21513173,84.26277981,84.99873393,85.94901449,86.16746491,87.6345581,87.73360952,87.80766335,88.59494681,92.11737317,92.74174096,93.7414238,94.73458828,94.75891129,94.79707652,98.41585867,98.51595317,98.5691883,98.70853308,99.46453244,100.2296499,100.27865902,100.53293468,100.74197597,100.74445296,100.92331664,102.00960652,103.05811836,103.20648769,103.54140907,104.07937774,104.80245587,105.28029587,105.382901,105.44008202,106.0640116,106.30362702,106.39290448,106.74369351,106.96054453,107.66573564,108.1483666]","[7,5,7,7,1,5,5,1,5,7,1,7,2,5,2,3,4,0,4,0,0,0,4,0,5,0,4,0,4,0,7,0,1,2,4,4,1,0,0,4,7,1,4,5,0,0,4,4,4,0,0,4,4,0,4,4,3,0,4,0,4,0,4,4]"
"[7.73256989,8.81670278,12.19468199,12.87817136,16.4929588,17.13468255,19.69067632,21.06718128,21.17077841,23.17257793,23.83779346,24.35491442,24.53267199,24.78646539,25.00445276,25.16282397,25.94208078,25.99749059,26.08697702,26.29986954,26.53429846,27.13716172,27.3040301,27.31216946,27.90361453,28.66105714,28.83193839,29.51707226,29.71162334,30.65645211,30.84080736,31.08175761,31.32929139,31.95195375,32.06472628,34.06230798,34.47708827,35.31766324,39.58463801,43.40684407,45.9901657,46.82703912,54.45162707,54.60016287,54.68299585,55.04869639,55.42502747,57.13430195,59.63192829,64.79907578,66.7942477,67.25257134,67.47471768,69.45844135,71.47380541,71.51343328,72.01171842,72.49902471,73.18084326,73.24780654,73.51381708,74.09498907,74.27649267,74.64133178,74.98232132,75.38614614,75.4374276,75.52062621,76.86056441,77.19906804,77.23482123,77.48586286,77.61818049]","[0,5,5,4,1,5,5,4,1,1,0,5,1,5,1,1,5,1,2,5,1,5,5,5,1,0,4,4,5,1,3,4,3,5,1,0,6,5,7,5,1,5,4,0,0,4,0,0,2,4,0,3,5,1,1,4,3,5,5,5,1,1,5,5,3,5,5,1,1,1,5,5,1]"
"[1.69595882,2.92947836,3.02834623,4.36788663,4.90095961,6.28446937,6.44764882,11.15934606,11.770139,12.03844433,12.51184523,12.92460819,13.10643122,14.61068804,14.82350985,15.23901454,15.45763793,16.02899342,16.64165898,17.47011615,19.61573287,19.82075465,21.8406674,23.13011381,23.56820273,24.00969637,27.33033512,29.05915182,29.26543063,29.39259325,29.72756912,30.28694158,33.8176487,34.51447316,35.02503557,35.14232326,35.69993834,36.28832453,36.48684533,37.15269902,37.33652768,37.70745385,38.00464045,38.42291194,46.62035159,57.49025125,57.80181427,58.83241037,58.88425011,60.55698974,68.41097891,68.85186112,69.52388554,69.76304261,70.45739837,71.3124065,71.80924708,72.01041152,73.06812078]","[7,7,7,1,1,5,5,2,5,1,5,1,5,1,3,4,1,1,5,5,1,5,5,1,5,5,3,7,4,0,4,0,4,1,0,5,5,6,1,1,1,5,1,6,7,5,1,1,5,4,1,5,5,1,1,2,5,0,1]"
"[2.41141764,3.35670583,3.390445,5.22599644,6.5812796,6.76085253,8.29570247,8.69669878,8.75044814,8.79018133,9.09099663,9.1192426,9.41040989,9.66177309,10.46568814,11.20599081,13.35986498,13.53688224,14.62035189,15.17368863,15.29627292,15.53947496,15.62630472,16.1723983,16.33465416,16.38790757,16.40006282,17.31091471,17.55937095,17.64722832,17.85530254,18.76931962,19.16243994,19.58827566,19.63197901,19.74062614,20.31072218,21.02511231,21.47406722,23.90399295,24.1885104,24.45334294,24.8423374,24.98353323,25.30226649,25.5479423,25.61507097,25.88536603,25.90544085,26.02630996,26.12104514,26.44312383,26.50218684,26.51841625]","[1,5,1,5,1,1,0,5,4,1,5,5,1,5,1,5,1,5,5,1,5,1,1,5,1,4,5,1,1,1,1,1,5,0,6,5,5,1,1,5,5,3,1,5,5,1,5,1,5,1,1,1,5,5]"
"[1.93402097,2.09866912,2.19419453,3.0913638,3.32147748,3.77367722,3.85720588,4.00499779,4.06262121,4.10865053,4.75567727,4.77697585,7.89812654,8.87571813,10.26282728,10.34908145,10.3868831,10.66563728,11.30871266,11.6622502,15.0789584,15.2747038,15.41216452,16.41374193,18.72691293,19.41777223,19.44544104,22.21047965,22.60583721,23.81031289,26.24617583,26.32592497,27.37142624,28.99301562,29.02626514,30.07502592,31.05349774,31.32511654,31.75475584,31.97658719,36.18060692,36.73692822,38.82872832,39.02370828,40.03295398,41.17138981,44.68987192,46.03405133,56.06536141,56.50418183,57.96358236,60.5683612,63.14092608,64.19435077,64.97061856,65.07519035,66.452136,67.62321934]","[4,2,0,0,4,4,1,4,0,0,7,4,4,4,4,0,4,4,0,0,1,2,5,1,5,1,4,5,7,4,0,0,6,4,1,4,7,1,5,5,2,4,2,5,0,2,3,3,5,0,7,5,5,5,5,0,1,5]"
"[0.01256734,2.20343845,2.69912557,5.5344787,5.63910396,6.1038876,10.74861176,12.72142443,13.26396384,17.30828742,17.74019148,19.84593984,20.560223,21.22138865,21.92576071,22.31641602,22.34340851,26.22358912,30.36091646,31.75920424,34.00158365,44.52003803,50.44808094,54.50872847,57.87347169,58.9438104,59.22806932,59.52211692,60.30895723,60.33488449,63.00611489,63.65901937,63.99259126,64.56618679,64.88459329,66.89629728,66.95625779,67.56597133,68.22146878,68.27664235,68.59041933,70.71553294,77.89297806,80.65175405,83.47803596,84.42195209,85.24237287,85.51071621,85.74830588,86.47688307,86.65299601,89.56013299,90.23624969,90.4699349,90.79361913,91.48282784,92.71183696,93.70033635,93.78710642,93.96958823,98.59407404,100.13272461,101.80520386,102.32681088,103.13064764,103.8958494,106.60383056,108.43394758,108.46451268,114.97985472,115.08351831,115.39356931,115.51674427,115.61666732,115.65722004,116.11770403,116.51213812,116.5812404,117.57698655]","[2,1,5,4,5,7,0,4,2,2,4,3,0,4,2,4,6,7,6,0,7,4,2,6,4,0,4,5,4,4,2,4,5,1,2,2,0,5,1,5,5,5,2,1,3,1,4,2,2,3,5,0,5,5,1,5,5,1,1,1,1,7,5,4,0,2,1,2,0,5,5,1,1,5,0,5,5,4,1]"
"[4.93592204,8.75495879,9.37787764,9.49937846,9.61334173,10.14108419,11.46142773,11.99385742,14.35457784,14.64156909,14.74648699,14.76513678,15.01673398,15.24073018,15.42914384,15.94497367,16.18915698,17.47066391,17.97441431,19.56670275,20.59522693,20.66899652,20.80160637,21.78682559,22.06673674,22.56095755,22.67549093,22.68570299,23.62227683,24.55773594,25.67084984,25.80587941,26.23484662,26.35232008,27.48890712,28.37211633,31.79582552,33.79639779,33.80389748,34.25397986,34.46036886,34.63952145,34.89105726,34.91570227,35.0600694,35.11251557,35.21213447,35.89438342,36.106223,36.11512029,36.13839753,36.22640258,36.42359789,37.51225843,37.64265039,37.93878263,37.96843599,38.02755774,38.4438587,38.84224319,38.98845934,39.34768773,39.41975737,40.143034]","[5,3,4,0,4,0,0,4,4,4,0,4,0,4,1,5,5,1,4,1,5,1,0,3,1,5,5,1,5,1,5,1,5,5,5,1,1,5,1,5,1,5,5,1,7,3,1,4,5,5,1,5,5,5,5,1,5,5,2,1,5,2,5,1]"
"[0.69063653,3.21967221,3.71321388,5.28473475,5.50985261,8.07581205,8.74311915,9.22352515,10.55031465,11.05350489,11.46362433,13.31402307,13.47181581,13.55807378,15.04880189,15.22238693,15.24716456,15.83713177,15.95104806,16.12034435,17.03196972,17.21808651,17.7658852,18.24112944,18.24667955,18.32632086,18.45628904,19.24040065,19.59548341,19.71137231,19.79970211,19.83343556,20.05258581,20.72599542,20.77460051,21.06029716,21.06324121,21.07786045,21.28599261,23.76716722,24.26433055,24.42639976,24.43389151,24.49126718,24.95284159,25.11273227,26.00264372,26.19448114,26.97779658,28.28531063,28.28860799,28.51614673,28.60002849,29.14218177,29.59955365,31.57864485,31.72641501,33.22863658,38.64308512,38.80205193,48.7377106,49.10137198,50.19149063,50.66820607,51.25933303]","[2,5,5,1,7,5,1,1,5,5,1,1,5,1,5,1,5,5,2,0,4,1,1,7,5,2,5,2,6,5,1,3,1,1,3,5,4,5,5,5,1,1,5,1,5,5,1,0,5,5,1,1,2,7,5,5,4,7,0,0,1,5,2,5,1]"
"[2.6718935,2.86599638,3.37101108,3.73692053,5.17921863,6.21741149,6.98962604,9.29363713,9.43165667,11.06724022,12.44271577,14.07425896,14.99444455,15.49945894,15.63455524,15.69925657,16.75180682,16.90684641,21.94329875,22.03940164,22.53085034,23.67133574,24.39853995,26.42857072,26.83511759,27.88321618,29.03316008,32.05149812,33.07435041,34.831919,36.12002042,36.23151528,36.79738142,43.43100503,44.39434938,45.17831033,45.5834742,45.72754427,47.21273971,47.58397068,47.588253,47.72659673,47.79244242,47.83503207,48.16690916,52.03195518,53.00862558,53.26512131,56.43107182,58.25492983,58.60156873,58.99135271,59.98247458,65.11042587]","[4,2,0,0,7,4,4,4,0,4,0,4,0,4,7,2,4,1,3,3,7,4,7,4,0,0,4,0,3,4,0,5,1,5,1,1,4,5,5,1,5,1,1,5,0,1,1,7,5,5,2,2,1,5]"
"[7.26146957,7.93521015,8.44374201,10.38887878,15.30844889,19.57104768,25.03890652,31.17624762,39.64338781,45.47155102,49.63513081,49.7864923,52.48180741,55.31993143,55.80715726,58.67307855,59.45689405,68.92534587,69.51645552,69.58254239,69.86021852,70.18114234,72.6148417,74.57318033,74.77880619,74.98082567,75.32225741,77.14219276,77.95835348,78.15545348,78.40853202,79.72267788,87.4263374,89.33550653,89.97136692,91.08337446,97.25276466,97.76588169,108.84473604,109.6561137,109.75790416,110.37312272,110.63030388,111.19982508,111.26755355,111.98620456,113.37063651,113.55807089,115.14144211,117.67590442,117.91453279,119.57431161,120.50369895,121.00127509,121.36908995,121.63952518,122.92529969,122.94241133,123.676185,124.01833032,127.97187689,131.48114731,131.95121494,132.52562224,134.28675199,134.34349075]","[6,7,6,2,7,1,0,7,6,4,7,3,5,6,2,3,5,1,5,6,1,5,5,5,1,5,5,5,1,5,6,5,5,1,5,5,2,1,7,5,1,5,1,5,1,5,3,0,4,0,5,4,0,4,4,7,0,1,2,5,7,0,4,4,4,4]"
"[0.46068005,0.94667879,2.60961634,2.73883098,3.14720946,3.60098184,3.90926245,4.89499459,5.0672004,6.26035536,6.61248955,6.66950402,8.98967156,9.03322826,9.20399097,9.88181703,9.96608755,11.61788709,11.81052568,12.31278443,12.92353695,12.96044735,15.52036107,15.70703031,15.85082092,16.02628054,16.41651333,16.54106954,16.60354432,16.96497729,17.21307792,18.6322973,19.11183613,19.22482598,19.4346616,19.50889462,19.59843067,19.88161026,21.77870753,22.31469747,23.47315285,23.88514204,27.12850527,27.5989122,29.0412369,29.46453916,29.65997476,31.32885119,31.73955855,32.02291874,32.07137063,32.07221,32.50920608,33.04460422,33.56682261,37.28834244,43.76452705,47.93731538,50.18503198,54.41870873,58.73703006,59.77219104,59.77381036,60.24801181,60.49899447,62.51346215,69.05522048,71.7025304,76.37347809]","[0,4,1,6,6,3,5,0,5,5,1,5,0,4,0,2,0,4,5,0,5,4,1,5,5,1,5,1,0,4,5,6,4,5,7,1,5,5,5,7,2,4,1,5,5,1,5,1,5,1,1,1,5,3,3,5,5,3,5,5,0,1,4,4,5,5,2,0,2]"
"[6.09018935,7.93811149,8.14844282,8.73981234,8.9048483,9.03713849,10.34082652,10.7931464,11.66097704,11.85384345,12.10027857,14.10076808,15.04537354,16.6927501,20.39762301,21.07693651,21.77075599,22.04410975,22.87963212,22.89739898,22.90651992,23.07107411,23.19448803,23.43625318,23.46656339,23.7743852,24.16577558,24.30480546,24.88261008,27.10166238,27.8764146,30.22752425,30.57153055,30.63221495,31.63654354,34.78192247,35.27827174,35.55914268,35.84325322,36.209461,37.58015888,45.53774828,45.6909026,51.48267335,52.24288011,52.60060278,53.15663797,53.87832224,54.76528847,55.60534628,55.68912049,55.76152582,55.82370057,56.29394855,56.34198835,56.55500046,57.15540359,57.33470491,57.83474482,57.87535958,58.7808729,58.99855605,59.32759984]","[6,4,0,6,6,0,4,3,0,6,4,0,4,0,7,6,4,5,0,0,4,0,6,4,4,4,0,1,5,0,1,5,5,4,7,5,4,5,7,1,5,1,5,0,0,4,7,1,5,1,0,1,3,3,3,1,1,5,5,0,1,4,5]"
"[3.32661251,4.2047827,10.97704143,27.05194232,27.33024002,27.53536204,28.20964363,28.32232748,28.51415946,31.46052203,32.59437445,34.27644317,34.66789996,36.05941487,38.49148325,40.12766064,42.09937827,43.47707653,44.67485982,44.75058338,45.97348966,46.48954519,46.74862433,46.78545075,47.09421999,47.11998863,47.27640171,47.32940598,47.54594541,47.73594134,47.90187246,47.98905494,48.76315759,48.8321097,49.1005459,49.76335021,50.03463498,50.18579724,50.42006292,50.57246801,50.71593618,51.33490429,51.36496225,52.02075319,52.65645826,52.76881094,53.64061933,53.99313632,54.63706453,54.86938452,55.08046106,55.26316875,55.28636499,55.41319543,55.42999875,55.53206423,56.01228628,56.03639027,56.15772286,56.33898021,56.34630137]","[1,2,2,5,1,1,7,1,5,2,5,2,5,3,0,4,2,2,0,4,0,4,0,4,0,5,5,4,0,4,5,0,0,2,4,4,0,0,4,0,1,4,4,5,0,0,4,5,1,0,4,4,0,4,0,4,4,5,0,4,0]"
"[2.60436213,2.98298262,3.75491301,7.58747102,9.67692262,14.69382846,15.6440987,16.06436657,17.99467074,18.70159595,20.01598918,21.17742368,22.01392046,22.14430093,23.17243027,23.81713471,25.19762764,25.79547127,26.31701416,27.12918878,31.10974186,32.04501468,34.61574246,35.15530048,36.2408068,37.71972282,41.62988069,41.65993754,42.73270916,42.93075141,43.12100328,44.82434877,49.08812133,49.10746683,49.5105015,49.72872341,50.53161684,51.3970396,52.14804832,53.92525915,54.08869946,55.47985244,55.60133858,56.62082481,56.98417158,57.07238824,58.07035047,58.84698462,59.02686796]","[5,7,1,6,0,0,4,0,4,7,2,3,7,6,0,0,5,1,7,4,0,0,4,0,4,4,0,4,2,3,4,7,1,5,5,5,1,2,5,5,1,5,5,5,1,5,5,1,5]"
"[5.32019792,6.46887101,6.68528507,6.97050032,7.35991546,10.89906736,14.34301731,14.69467612,16.27572315,17.13843244,21.49396887,23.62954368,27.14550551,27.82103499,27.88895093,28.41269369,28.61410612,28.82336479,29.16484531,29.23251265,29.51888062,29.76262829,30.07700816,30.1843069,30.46011931,30.57744135,30.8055538,30.92615678,33.03073283,33.11384238,33.33222949,33.58553632,33.79140453,33.86956401,35.26497475,37.05858812,37.06088342,37.08246307,38.35703504,38.46052577,40.58860654,41.48296726,41.55534825,41.7303288,42.01166211,42.24716888,42.72658209,42.74765925,43.70322537,43.73241179,46.78272342,58.62678234,69.02913761,70.0694591,70.1329117,71.65026632,71.65850943,73.18959895,78.41218816]","[0,4,0,4,7,4,0,4,0,3,1,5,4,1,5,1,1,1,5,5,7,1,5,5,1,5,2,0,0,0,1,4,4,5,4,0,2,0,1,4,0,4,1,4,5,7,7,5,1,0,4,5,7,7,1,1,7,5,3]"
"[6.92253648,11.35906961,12.38866858,14.3934891,14.43821138,15.90286278,15.96948822,16.47262443,16.87880985,16.97030318,17.56790608,18.22534389,19.5850578,22.8959975,25.31828241,26.63079954,26.8057882,26.98913008,27.21504366,27.43398923,27.89108478,28.48716985,29.12272918,29.26154067,30.04408402,36.1548562,37.40898395,38.58393497,39.17904056,40.03817876,43.86511424,45.10388083,46.72388203,47.3070983,47.34314085,48.06510779,48.08781051,48.42721154,48.63152016,48.68586208,49.39302839,51.32774541,51.47622792,51.94872718,53.38513028,54.0849765,57.03543491,57.53100899,59.59623353,61.36525532,62.49615663,62.99332021,64.11554513,64.13074177,64.32122708,65.40305007,65.43359974,66.11041731,66.50244618,67.73905086,67.91179931,68.93960768]","[6,1,5,5,5,7,1,5,5,1,5,5,2,3,4,0,5,0,1,5,5,4,2,0,2,4,0,7,4,2,5,1,1,3,5,5,0,1,5,1,5,1,5,1,1,5,1,5,1,5,5,5,1,2,0,1,5,1,5,5,5,2]"
"[1.23631754,3.05817195,4.35400667,4.58350982,7.72731399,10.97743058,11.83537169,14.47023355,21.16614402,22.41198357,22.74460334,22.96314293,23.0564272,27.98953316,30.8745877,32.40398488,33.43186648,35.21294704,35.48718748,37.34909851,37.7380327,38.17380836,38.94801055,41.69737481,42.56046555,45.53082411,46.12259479,47.21751189,47.48714679,51.02388012,52.54239477,53.25189722,55.39821682,59.58390537,61.99262144,64.80747567,66.81854078,68.57206692,69.71551827,73.04981265,74.41601707,76.56417524,76.70345661,78.60666066,82.43895468,86.36659553,88.04357171,89.94994466,92.13167926,92.93872079,94.77456266,94.9717443,95.12301756,95.71632326,96.16693069,96.40607643,97.24480024,97.90903439,98.02819408,98.28219759,98.3044844,98.35201963,98.55772549,98.97825819,99.00025317,99.1241335,99.4127737,99.62044207,99.64051334,99.97831063,100.23218655,101.09931416,101.60573215,101.66787066]","[1,2,5,0,1,7,7,5,7,7,1,7,5,5,6,3,1,5,4,7,2,0,4,4,2,5,6,1,7,1,5,1,5,2,3,6,0,0,7,4,0,0,4,4,0,7,5,4,2,2,1,5,5,1,1,5,5,5,5,1,1,1,5,4,0,6,1,0,5,1,4,0,4,5]"
"[0.29988433,3.09230585,3.91358052,5.05926625,5.17072886,6.24253115,6.65185746,8.07851301,8.5198933,9.6535855,10.13202329,10.35907813,18.68965452,22.24414336,24.30608308,24.55958482,25.66388144,25.75436514,26.18383496,26.41337412,26.47791913,27.32067617,27.34047783,27.54380843,28.0465102,28.13079167,29.0645605,29.29469758,29.43034069,29.67257428,29.83168736,30.25658711,30.26783102,30.40919686,30.87847771,31.12346814,31.29000244,31.33649943,31.69835909,31.94597433,31.98271531,32.38207048,32.62995131,32.86607695,33.02881336,33.033661,33.53302437,33.66389269,33.68436826,33.72590191,33.86088741,34.11691404,34.65245491,34.66587464,34.93640999,35.02131648,35.14245931,35.34248509,35.86348541,36.10845136,36.20520823,37.61175712,37.71638088,38.41226547,39.0949794,39.25209354,39.36315076,40.4080484,40.83796021,42.47823328,47.18547642,47.26077607,47.42946214,53.23054932,55.62010255,57.43778216,61.31891576,61.74170852]","[5,4,0,4,4,4,0,0,4,6,5,0,6,1,5,5,5,1,1,4,5,5,0,7,1,4,1,0,4,4,4,0,0,0,3,4,0,4,4,4,0,4,0,5,1,4,5,0,4,7,5,4,1,5,4,0,0,4,0,5,1,1,0,0,2,0,0,7,4,4,1,5,1,2,7,2,0,2]"
"[8.53656011,10.27822258,12.90581257,16.81154013,17.40614233,18.68645893,23.02781427,23.755628,24.35658244,24.38640045,25.39609796,25.47197477,25.93208708,27.14768659,28.05528661,29.057035,29.15400837,30.15201842,32.89288302,33.26011065,33.52843345,33.94279276,34.21086351,35.14012013,35.19965712,42.50635091,43.01586743,49.80697531,58.78796866,59.86649903,60.04905445,60.0679675,63.23340181,65.03594672,67.19838459,75.51569422,82.38927702,86.81168811,87.28594775,87.58902913,89.32209511,89.53772094,91.00409095,94.43622904,94.95857242,95.59969145,95.76582833,97.02806685,97.06141364,98.84394642,99.47704304,99.75939454,100.23955028,101.37160496,104.90179485,107.3780322,118.4027125,121.02304628]","[7,7,3,4,1,3,4,0,0,4,0,0,0,3,4,4,0,0,4,0,7,0,4,4,0,3,2,7,1,2,5,1,3,7,7,1,4,1,5,1,3,4,3,0,3,4,5,5,1,3,3,1,5,5,0,5,6,4]"
"[8.24185332,8.88274198,12.26390626,12.51504248,13.41205191,19.18284132,21.8894501,24.50308844,24.55039534,28.07126766,28.56098525,33.83210652,37.31617413,38.56710777,39.38626083,41.09037947,41.78471499,42.54418122,46.45223507,50.18783892,50.31187622,50.80419429,51.0983687,51.13787212,51.30216311,51.40007451,51.58345203,51.62230479,52.15329702,52.44616605,54.44393476,54.80073016,57.03971646,57.09072441,57.10758857,57.29359526,57.76180991,59.03558467,59.4704558,59.65500532,59.78172687,60.18369069,60.39224616,60.45266876,60.55454024,60.58865096,60.61707564,60.73816614,60.76380647,61.61547068]","[1,5,6,5,1,7,5,3,1,2,2,3,5,2,7,2,1,7,7,4,1,0,4,0,0,4,4,5,0,4,0,4,1,0,5,4,4,4,0,0,0,7,0,1,3,4,0,4,5,4]"
"[0.60984231,0.77161442,6.3315972,7.36117371,12.89640576,13.48301909,13.58948148,16.11528304,16.97906176,16.98563513,26.24610018,27.62898464,28.73201724,29.1512055,30.99201579,31.03267506,34.51884707,34.74741469,34.88073786,36.58851566,36.92737594,38.24600553,40.9337478,43.97206993,44.98352266,46.96369806,46.99610131,47.72192222,47.78192411,49.42456986,52.15937736,56.24355341,57.7827591,59.53994724,60.95863658,61.11566512,64.6988687,66.75806823,67.0164084,67.94329309,68.45745885,68.93453674,70.64088033,72.80105158,73.07477613,74.06740953,74.55301392,74.64882276,80.28633343,81.36574429,82.88345287,83.94316743,85.05936693,85.07724468,85.32057681,85.61211636,85.62424154,85.78176553,87.61578785,89.88408454,92.45115944,100.35311385,101.25442511,102.69603275,102.71823054,102.97518321]","[0,7,6,2,5,0,4,0,4,0,1,0,5,4,1,1,1,5,1,0,4,5,6,1,3,6,4,0,4,6,0,6,7,2,1,2,0,5,1,1,5,2,5,7,1,5,5,7,0,4,4,0,4,0,4,5,0,0,4,4,5,0,4,0,5,1]"
"[3.64697137,4.07927035,8.88531688,10.28770021,10.95264346,21.95702397,26.23818241,28.92066432,40.656968,41.65482463,41.85203087,42.93264566,43.75903882,43.909792,43.99993912,44.35702724,44.42388861,44.43794451,46.07213985,46.19183751,46.69097665,47.06494701,47.11541973,52.57666669,55.254151,55.59583582,55.98094414,56.02757608,56.05514191,56.0773441,56.16294955,56.19104172,56.33227418,56.58392027,56.60328139,57.13958016,58.46197842,60.54855718,60.65345459,62.16738126,62.26459322,63.15058788,65.87943772,66.32697205,72.38382142,72.55862126,74.42565305,76.36875705,83.15642516,84.57253563,85.69114238,87.72413242,88.75561256,90.22956396,92.43326148,93.43838467,97.88685448,98.7598511]","[2,6,2,7,5,7,5,4,0,0,4,0,4,0,0,4,6,5,4,0,0,4,5,4,0,4,4,0,4,0,0,0,4,5,0,4,4,0,4,4,2,4,7,2,4,3,0,7,4,6,6,5,7,5,1,4,1,1]"
"[0.98931839,1.05601106,5.11962901,5.59806976,6.23344763,6.28455569,6.29375162,7.82639999,7.86188918,7.89076166,8.31730484,8.37481489,8.41021124,8.42053979,8.61188642,9.07703508,9.78069836,9.92372383,10.17626276,10.74838327,12.02470197,12.34837102,12.84444767,13.58211782,15.36764564,16.23603057,16.49448158,16.56675531,16.81579202,17.93889667,19.15115409,22.82873305,23.26500128,26.68504077,29.5075877,32.28061227,32.8935138,32.91841628,33.00598637,33.70747784,33.78806256,34.22495468,34.99570321,35.27760133,37.33630456,37.42012977,43.12153153,43.60453545,46.33712016,46.7313557,46.9308402,47.63785732]","[7,7,4,0,2,4,4,0,4,3,4,0,0,0,4,0,0,4,0,0,7,4,3,4,7,0,4,4,4,0,0,4,0,3,3,0,4,4,0,4,0,2,0,4,4,0,0,4,4,0,7,3]"
"[3.27917149,7.33121882,7.38266526,10.00210645,10.21924364,10.5491706,15.75414061,16.85067962,17.02128216,17.37255993,18.049795,18.63192493,19.21759832,20.74324223,21.0849702,23.95239656,24.4162593,24.48892875,24.66365152,27.02416295,27.22450285,28.82052563,31.79582141,35.19550535,37.14632924,38.35595594,39.09899719,39.35163102,39.3663829,40.09532738,44.34299003,49.19865938,54.66401659,55.0015708,55.46148867,55.75188186,55.90890626,60.03375212,60.33261294,60.76896275,60.99498571,61.25512948,61.61232489,62.0340445,62.35991585,62.69806153,63.14515572,63.50910509,63.6242483]","[3,5,4,1,5,7,5,1,7,1,1,5,5,1,3,1,5,1,2,5,0,2,5,1,5,7,1,5,5,3,1,0,5,4,1,5,5,1,5,5,1,5,1,1,1,1,5,6,5]"
"[3.60760647,6.90164877,10.64040369,12.93738433,17.38490537,17.95231538,18.01107257,18.78910225,18.79544063,20.19720321,21.95058031,21.95480208,22.0411963,22.25155315,33.53113169,33.82815122,37.52116733,40.6921356,41.85552316,43.64070779,56.10300324,56.52869262,68.32775191,69.92565353,70.55564202,71.13517145,71.29769974,71.66279117,72.23097643,72.75795147,72.76412279,72.79918238,72.92512574,73.00997924,73.12920551,73.15775826,73.21138998,73.47485785,73.69783801,73.88226889,73.99131317,74.00907193,74.40339736,75.21529873,75.22695219,75.500325,76.07346641,76.38061604,76.96326091,77.3086411,78.2216544,78.23258081,79.11516878,79.33543673,80.41272664,80.66591063,80.89359921,81.63750369,82.56129428,83.21650167,86.48233394,86.67674284,87.52936064,87.66177117]","[7,3,7,1,2,1,5,6,6,6,5,1,5,5,1,7,7,2,7,2,7,7,2,7,6,4,0,0,0,4,2,4,0,4,0,0,4,0,0,4,4,0,4,4,0,0,4,0,4,5,7,1,4,4,0,5,1,4,4,0,4,2,0,4]"
"[3.81467095,4.65872031,5.91195116,18.44657397,24.81927134,37.28214545,37.8358511,39.08106646,39.45813515,44.72373303,44.73444541,47.79629871,49.22943974,50.53635577,51.54211226,52.29856943,53.50640309,56.04536877,58.83282532,58.97504063,59.02971656,60.28799505,60.28934593,60.48287794,60.50154695,62.17717108,64.9301537,65.34563815,69.92925375,70.47947069,70.78829034,71.68718462,71.73785967,73.36863543,73.59307577,73.72421951,75.86691767,78.70805913,79.02883238,79.22096708,80.1535054,80.53315788,80.54217178,88.97827247,93.8206567,98.38313573,99.91108393,101.9872062,112.43762328,112.82482205,113.0946068,113.97267324,114.22489892,114.24473522,114.32556173,114.32894764,116.17090275,118.72960904,124.06053096,124.6953701,125.17549881,126.77186383,127.70173556,128.54925584,141.10744167,141.87694648,143.1439342,143.28167644]","[1,4,2,1,5,2,2,3,0,1,5,2,1,5,1,2,1,5,1,5,1,1,1,5,5,1,1,4,5,0,4,1,5,5,1,5,7,3,4,3,4,4,5,2,7,6,2,6,5,5,0,1,4,0,4,1,0,3,4,1,5,7,1,1,7,1,4,5]"
"[2.87446273,4.79219769,12.78800638,12.79072944,13.61809677,15.01038887,16.98872563,17.31935659,18.42035427,20.54559992,22.98690337,23.13595952,23.42234565,25.41898529,28.48257137,29.33924651,29.64730421,30.03106872,30.37151245,31.01209427,31.90987457,32.51047327,32.6420398,33.46285504,33.53189585,33.92422892,34.09683812,34.82774004,35.4949523,35.88583762,36.51163514,36.51725481,36.51830998,36.99526082,37.23668225,37.5274934,37.67029321,38.19362723,38.24100719,38.3642096,38.66390994,38.71704618,38.99894403,39.1062339,39.15635741,39.48465716,39.70350638,39.73528859,39.86364656,40.23698696,40.30230953,40.49243236,41.25173389,41.61577582,42.17988336,42.18018266,43.25806677,44.0584763,44.45907188,45.50716192,45.59695994,46.37851494,46.57100818,46.60310521,47.01174005,47.97717762,48.5080238,48.91234358,49.05301247,57.42751228,59.20899588,59.34481522]","[2,6,5,1,5,3,1,5,1,1,0,5,1,4,5,1,7,5,1,1,1,5,4,5,1,5,1,1,5,0,1,5,5,5,5,1,5,1,1,5,3,1,1,5,1,5,5,1,5,1,5,1,5,5,1,5,1,1,1,5,6,1,1,5,1,5,5,5,5,0,5,2]"
"[1.32878201,3.71086014,3.99234653,6.47436768,17.56078428,38.68998018,39.90862538,40.72976087,41.10394511,41.32933859,42.18677027,43.15989702,47.58851196,49.8724095,50.14124227,53.17552843,53.71739128,65.33870245,66.16759588,66.6216701,67.38284487,68.5300637,70.37723513,71.93362059,72.47153455,72.72637332,75.62727518,77.82891059,80.32080647,80.45253504,80.65601028,80.70019882,80.97013368,81.19620591,81.53018371,81.75162336,81.95762811,82.08023329,82.48143767,82.71131994,82.72306004,82.76000458,82.87870806,83.11191534,83.61888308,83.87138744,85.79981129,87.34680195,90.56978148,92.3126799,96.99654931,97.2994453,97.54279244,98.36330167,98.69525256,98.71034012,99.46136677,99.57963659,100.20953992,100.8961098,101.79163971,101.94751058,102.64098675,102.73113432,103.16127803,103.38661353,103.85280873,103.98240424,106.93521666,107.15781841,107.2248723,107.30461993,107.7900399,107.80685486,107.90635161,108.09604082,108.77888788,109.37577487,110.40143211]","[5,5,1,7,2,5,3,1,0,5,5,1,1,5,5,5,1,1,5,1,6,5,5,1,2,5,5,0,0,4,4,4,4,0,7,0,5,0,4,4,0,0,4,4,0,0,0,0,1,2,5,1,1,5,1,5,5,1,2,5,1,5,1,5,1,5,1,1,5,1,5,1,5,5,5,5,2,5,1]"
"[0.35601565,3.01304218,3.13314972,3.8905895,4.23790806,4.6582658,5.12743419,5.34983902,6.07272104,7.08891179,7.30573785,9.81187344,9.92414101,10.06471592,10.18259522,11.28034645,14.1146114,22.53123105,25.34724155,25.4268597,26.15504038,26.36976931,26.44687015,26.58382729,26.63194719,27.04978193,28.22464338,28.57448763,28.91003163,29.02439485,29.37018525,31.56048434,31.96753873,33.50431005,34.434358,40.09504816,41.40543882,42.53979445,42.54355309,42.60663468,43.47773873,47.02594126,50.99595039,52.46315772,64.04760308,65.05818084,66.03399353,66.68052976,67.05915161,67.53972,67.69376743,68.33498972,68.4180628,69.11826222,69.20160045,69.87280789,70.0725215,70.26685951,70.48913382,70.66670003,70.69563429]","[7,5,1,5,1,1,5,6,5,5,1,6,5,5,1,1,4,3,3,4,1,5,4,1,0,4,4,0,0,4,0,4,4,4,0,5,2,1,5,3,3,2,4,0,0,4,2,0,0,4,3,2,6,0,4,4,0,0,0,5,4]"
"[1.11746561,3.5991896,3.8906808,4.88704072,10.39227182,11.73554632,14.32766496,14.82607445,14.99364207,15.87479014,15.93182618,16.10137818,21.03689924,22.13412618,22.14175142,22.22464084,23.83218553,24.6095423,24.6306123,25.78170984,26.66587798,29.17877218,30.13641095,34.08713665,36.3475868,36.65013514,38.51305374,39.13057346,40.82986369,41.99291882,44.87012537,45.7022471,45.81755947,48.58545966,48.6879785,48.75911789,49.55282196,49.97807284,51.42082114,51.65537057,51.87900864,52.07084892,52.45718632,52.72151592,53.16398154,53.83432584,54.2236126,54.42951443,55.89115435,55.94277263,56.53128337,56.8576499,57.39214689,59.11814799,60.26495235,61.3949274,61.92497908,62.6134377,63.13758245,63.79045319,63.82170069,63.8457092,64.06638089,64.21576027,64.23036046,64.80750789,64.92094976,65.1763425,66.23355956,66.49102613]","[0,7,5,2,5,0,3,4,3,0,4,6,0,4,5,0,4,4,2,1,5,7,6,0,1,5,4,0,0,5,0,4,0,6,0,4,4,1,0,4,0,0,4,0,5,4,2,0,1,1,5,1,5,1,4,4,4,0,4,4,4,0,0,0,4,6,0,5,4,4]"
"[2.91235113,4.21799984,4.87277101,5.58809072,6.30286361,12.3113252,12.51376503,13.11452176,14.1636558,14.36137499,14.5594304,15.0864895,16.80378028,17.11904841,18.28739161,22.50502956,22.76528121,22.86402816,23.79433534,24.58200337,24.96580047,25.86530115,25.89159919,27.16877278,28.22736977,30.21103473,31.66248748,32.17691571,34.68994427,34.83891088,34.88960261,35.46293831,35.94043687,35.99638519,36.12627942,36.29746202,36.65256425,36.79515238,36.87583154,37.19008788,37.20682683,37.41255828,37.42843608,37.50025359,37.89468355,38.02996212,38.2378233,38.56180717,38.96006221,39.6852537,40.39406898]","[4,0,6,6,1,7,5,1,5,1,6,5,1,1,5,5,4,7,2,2,1,5,1,1,5,4,7,1,3,0,5,0,1,0,1,5,5,1,4,5,1,5,5,1,1,5,5,3,1,1,7]"
"[0.18477587,1.23060281,1.47134789,1.71441993,2.12115013,3.21288008,3.82630863,7.19195756,7.81381023,8.46021453,8.74552274,9.00065552,11.80392707,21.02414811,25.14003186,27.68714159,29.40212625,30.17471134,34.07797827,35.21721073,35.6252993,38.38156803,40.62034516,40.70658087,41.17133284,42.04070693,42.85860172,42.89632294,43.90388716,44.28153806,45.01563819,47.81560701,49.70138482,52.34685617,52.53997544,53.1034268,53.31435865,53.94329472,53.98228413,55.02662923,55.44449084,56.4689902,56.9772397,57.7167055,57.90573645,59.73781448,60.3690346,60.56016194,61.28920431,68.3578022,69.56209279,74.65626237,79.28214887,79.38481708,79.49987626,80.14562985,80.17100421,80.38931854,81.09081361,83.38172403,83.7895735,86.85733442,88.50186576,88.76973554,91.92376848]","[1,1,0,5,5,0,5,5,4,0,4,0,2,2,7,6,1,5,1,5,3,1,5,1,5,1,5,5,5,1,1,4,6,5,1,1,5,5,1,1,1,5,5,1,5,2,5,2,4,6,6,0,1,5,1,6,5,0,5,2,1,2,2,2,7]"
"[8.97875397,9.04218735,10.54423115,10.96952527,10.97191689,10.99751429,11.52457808,11.91155964,12.80623433,12.81128767,12.9747797,13.14452093,13.8757779,14.52471269,14.83307668,15.38830138,15.4250657,15.49841674,15.80869956,16.97136635,17.01330661,17.23419804,17.56282932,22.72966606,25.16088725,26.50252967,26.85031509,27.47505198,27.94199391,28.46937825,29.85052776,29.97037524,30.06833952,32.15451532,33.75621556,35.26161195,35.49721372,35.96052916,36.24861683,36.25068646,36.78125646,37.0524047,37.29872522,37.43666884,37.45599271,37.48227289,37.66965387,37.97861587,38.10587343,42.45697902,45.72362528,53.36439067,55.88488531,65.94257318,66.75336322,68.33955029,68.71032941,68.7672862,69.03885457,69.21664785,69.34545916,70.47455577,71.00498131,71.22985905,71.65859091,71.72666802,72.70767066,74.38166001,79.86494586,81.12806235,84.25425049,84.30630076,89.56804315,90.89301688,92.63083083,92.64765753,93.00601585,93.36174284]","[5,1,5,1,1,1,5,5,1,1,5,6,5,5,5,1,5,5,1,5,1,5,1,6,0,1,5,1,5,4,1,5,6,5,6,5,4,0,0,2,1,0,5,1,4,1,4,0,0,1,5,7,2,1,5,5,1,5,6,6,5,6,1,1,5,5,1,5,1,5,3,3,1,5,1,5,5,1]"
"[2.1304209,4.48077301,4.83757229,5.32176882,5.55654239,6.87328423,7.67026868,9.48278924,11.08986111,11.57267042,12.87201998,13.0949791,13.49713391,15.63341742,16.21566449,19.23220691,19.26933623,19.72304415,20.27642125,21.97474178,22.46677197,22.64526524,23.57240799,25.08596797,25.69122671,25.95140924,27.81510617,30.33627355,38.69269675,39.13847015,40.0675026,40.66783277,41.33886217,42.83361965,51.24729602,73.10302962,73.39816452,75.72251477,79.55038651,80.49021937,84.28212106,84.58020002,84.73834644,84.74322005,85.66164446,87.97900058,88.46194473,91.81451109,94.93883093,95.2352697,95.96204387,96.17492513,97.08838212,99.59118226,99.8032086,99.91294934,100.06074503,102.88988817,106.67822283,109.10765984]","[0,4,4,0,0,4,4,4,0,5,0,4,1,4,4,0,4,4,4,0,4,0,4,0,4,4,0,2,5,7,0,0,7,1,2,4,0,5,5,5,4,6,3,1,3,7,1,7,0,3,2,3,5,1,5,1,3,5,5,1]"
"[2.95396165,3.14382271,7.75817965,8.40771764,14.97780129,16.47294594,17.94248744,18.7477888,20.49118208,21.04381639,22.30199249,27.20439126,29.51371808,30.76038404,31.27742956,31.30160602,31.63454017,32.18001358,35.53993836,35.81947095,37.67443365,38.45340433,38.98000278,39.08196183,40.06592953,40.39380588,41.27611266,41.50144523,43.61450864,44.51780855,44.61077863,45.230604,46.21745643,47.12737249,47.22179384,47.79642082,47.90379504,48.49760079,48.8100675,50.09393272,50.12888424,50.19764499,51.31980158,51.83257877,53.41848744,54.09089971,54.55810391,58.50934447,60.89531757,66.02253312,68.47765208,75.15680736,77.5772327,78.51605096,82.14032665,85.90023179,90.309686,92.00582681,92.75630163,93.80096008,93.84938418,94.0551687,95.02537417,95.30579069,95.50662174,96.93827261,97.10062264,97.93045492,99.08671717,100.37411255,110.63314169,110.81136847,112.4140227]","[6,2,0,4,4,0,4,5,2,6,6,1,5,0,5,4,1,4,3,4,0,4,0,0,0,4,6,0,4,0,4,0,4,0,4,3,0,4,0,1,5,5,1,6,5,5,5,7,2,4,4,7,4,0,7,2,0,6,2,0,6,4,4,4,0,2,4,0,5,1,0,4,2]"
"[4.21361798,6.60998805,6.73679879,8.95165317,9.55198837,11.13911625,11.77993052,11.90371914,13.2111641,14.9992585,15.94651046,18.47992963,18.9058768,19.91321795,20.13055871,20.82218659,20.88572506,21.01789264,21.4179937,21.77055417,21.79487294,21.83771913,22.00965287,22.3523735,22.3949035,22.43913181,22.54350631,22.62198106,22.66260408,22.74542934,22.78306541,22.79706981,22.85322446,22.91085315,22.98378667,23.16130816,23.3075659,23.78964258,24.16714744,24.22671147,24.45587772,24.62920069,24.70578828,24.82410006,24.86141872,24.98817631,25.13702083,25.18475707,25.20130161,25.42440733,25.43785635,25.54273721,25.62058862,25.71768205,26.0648692,26.36912066,26.46887143,26.6144798,26.70363692,27.07768429,27.08704276,27.11161673,27.19628295,27.26928969,27.37581802,27.63742899,27.66056581,27.68230084]","[7,5,7,1,5,5,1,2,1,5,1,1,5,5,5,0,1,3,4,5,4,4,1,2,0,0,7,5,0,0,4,5,1,4,1,5,5,0,1,5,4,5,5,1,0,1,5,4,0,5,1,0,1,5,5,5,1,4,4,1,5,1,4,0,5,5,0,1]"
"[4.67083093,5.92367773,7.02309998,8.5707903,9.39580147,10.67225522,10.87626571,11.14393838,11.40059825,17.92819539,17.95377119,22.21799783,22.46085898,22.51998592,22.66796955,25.78593148,26.03509501,27.20475293,27.69207522,27.87994573,28.19854983,28.33748089,41.84887905,43.72776849,52.07261633,52.17232749,54.59707236,57.10490705,59.84696677,62.11259018,63.40979563,64.80913688,65.31682133,67.90449102,74.13243123,75.08171315,75.12677641,75.58776507,75.70362176,75.99214897,76.02899424,76.74664762,77.31989468,78.45634758,78.56125527,79.4792688,79.76629167,80.13845591,80.49649323,80.80242739,81.01077406,81.11105029,81.38215809,83.04288156,84.78579797,85.6940548,85.94703676,86.40171575,86.45845383,86.9682606,87.36336222,87.50236239,89.44466705,90.51077592,91.04368732,91.22396722,97.18743579,97.2455009,97.26953483,97.37635083,97.41649167,98.44233096,98.47575062,100.07106571,100.24765136,101.04320166,102.34567963]","[0,5,5,3,1,1,5,1,4,0,3,2,5,7,0,5,0,4,1,6,0,4,7,3,4,3,5,4,1,5,5,1,6,2,1,1,5,5,1,3,7,5,1,5,1,5,3,5,1,5,1,1,6,5,1,5,1,1,1,4,5,0,1,5,7,6,5,1,0,5,1,1,5,4,5,3,0]"
"[6.32671508,6.81432735,7.85437279,7.98936245,8.33893902,9.98689232,13.00732558,14.35161045,16.10520887,16.36789744,16.46710204,16.71318045,23.15596928,23.43923417,24.06044061,24.50252128,25.13558577,26.03329978,26.32266604,26.33648628,26.53723442,26.68654801,27.41317741,29.12460912,29.32515924,29.78647059,32.37031969,33.62929103,34.00526322,34.57792995,34.86196301,39.75872833,39.9688188,42.11264863,45.48998316,45.68953986,46.10609399,46.52366896,46.84910181,47.43910914,50.18745859,54.91054257,55.02750935,55.67128783,58.39815412,58.41839866,60.58506681,60.63362496,64.96777119,65.56941548,66.24880255,66.3079048,66.92529584,66.95304077,67.09973894,69.07230887,70.78028995,71.12985506,72.6484053,72.85549242,73.75120371,84.15883457,86.25218776,88.06814484,90.91076774,91.84495828]","[4,1,5,0,4,1,7,2,5,1,5,5,0,4,0,4,4,3,4,0,0,4,0,2,5,5,1,5,5,0,1,2,5,5,4,0,4,7,0,3,4,7,4,7,1,5,0,5,0,4,0,4,5,2,0,6,0,4,4,7,0,3,3,0,4,5]"
"[1.84886553,2.42856769,3.79643881,4.13913719,4.36213184,4.45576639,4.89321953,5.80582752,5.97435417,6.19140956,6.57134398,6.68424832,9.01233994,9.60045969,12.91371017,13.29330669,15.78415029,17.17803207,17.50261904,20.46999846,24.25819642,29.09017609,34.4025657,36.62346807,37.57713294,39.43140514,40.70075782,42.37597501,43.53818917,53.18761852,55.04790646,56.25689824,56.45995721,57.95925401,58.23841614,58.53969111,59.30154031,59.39482146,60.14041233,60.1730347,60.18042282,61.93533753,62.09803949,62.23678117,62.64117868,62.74477201,63.11247953,63.28576416,63.40997363,63.67705513,63.81894624,64.10263083]","[0,4,0,0,4,0,4,0,4,0,0,4,0,0,5,4,1,5,1,5,2,2,5,1,5,5,0,5,4,6,6,1,5,5,5,5,1,5,1,5,0,5,5,5,5,1,1,1,5,1,5,5]"
"[1.73824094,5.48911604,6.66079004,7.21920664,7.68022064,7.79099492,8.31716006,9.30360346,10.88846536,10.89668593,11.01917506,12.76133105,13.92398087,21.21113027,21.24353934,21.59103711,33.04950927,34.06555808,34.29645879,36.24655429,38.75318377,40.98406043,43.24073675,43.97310623,44.11808782,46.69716403,48.94594416,52.3032089,52.45955407,55.07230998,73.77366325,84.11359569,84.36508557,85.12603577,86.21759636,88.37960255,88.54444227,88.65754736,90.77654284,91.1312138,91.13138753,91.16611352,91.31527222,93.03655318,94.28810979,98.40176884,98.88363767,104.66881038,106.25013668,109.34367431,110.73889342]","[7,1,1,1,5,5,5,1,5,2,5,5,5,4,3,0,5,1,5,1,5,4,0,5,6,2,7,2,1,7,4,6,3,1,5,5,3,3,0,2,1,5,2,7,7,1,5,1,3,0,3]"
"[5.50589063,5.53274828,7.39848355,10.01322759,11.38409595,13.31884577,16.58181585,17.55092721,17.97281241,19.63289091,19.71971515,20.08197954,20.17577823,20.19554097,20.19894415,20.38064181,20.9522512,26.45167476,26.78828988,26.90128045,27.2050185,29.90728221,30.24582425,30.64354861,31.19420147,31.65502683,31.91153868,31.99911213,32.17581661,32.37658904,32.44772195,33.2100243,33.78698099,34.02882494,34.23927065,34.29124184,35.13563538,36.01333528,36.04276599,36.15681959,36.69914201,36.78131396,36.86049102,36.87287569,37.04862431,37.44378958,37.57552987,37.63702181,38.44909608,39.5344197,39.59871016]","[0,5,2,5,7,6,7,2,7,1,7,1,5,5,2,5,5,4,0,0,4,4,0,4,0,0,4,4,2,5,4,4,0,4,0,4,5,2,0,0,3,0,5,1,5,5,3,5,0,1,4]"
"[0.9799203,1.19769843,2.04348186,3.43092472,6.84144231,11.59483046,16.42758425,27.4965971,30.79572232,31.39614581,36.290952,39.02857101,40.22443303,41.25204659,41.76514624,42.59411258,43.06711328,44.24315326,48.23458248,48.28390062,48.36199001,49.21641682,49.38720857,49.39261135,49.87528388,50.62495938,51.38932105,52.52227164,52.98002171,53.65527878,53.80192939,54.35236205,58.41067172,73.51865469,73.69712883,75.42094737,78.51672778,80.06278419,81.46938157,81.80247381,82.10154935,82.66369896,82.85082333,83.19349852,83.59148961,83.90933616,84.13685961,84.80731058,84.8294087,85.62461559,85.79075421,86.39689863,86.5195067,87.47976571,87.8185361,88.30052428,89.00360303,91.0643297]","[7,2,5,4,6,6,4,7,1,5,2,0,7,6,0,6,4,2,5,1,1,7,1,1,2,5,3,1,5,0,1,5,5,6,7,0,1,5,5,0,1,4,0,5,0,0,5,2,4,4,0,0,4,4,6,0,4,4]"
"[2.186852,3.91596527,4.58536079,5.72709346,5.87820694,6.93400787,7.99647309,8.17413929,8.66709617,11.02100866,12.05125247,12.37222368,14.45189984,15.51019169,15.87980184,16.27539201,17.69707592,19.53781424,19.74878477,20.48217613,20.86014172,22.07169209,22.68931752,22.8211891,24.14769844,26.7614675,26.77228407,26.87916407,29.84931964,30.59821099,33.5611086,35.75004703,36.66232771,36.68636207,37.39017707,37.75267794,40.10877941,40.15542699,40.95607033,42.94849649,43.22396282,45.01198574,49.31877476,49.41503308,50.43013745,51.10200102,51.11904535,52.01560151,52.1951096,54.43873598,55.89473827,63.82103476,64.92083562,66.93021028,68.18520199,69.74816894,70.78913655,70.98982098,71.185773,71.70449248,73.13755418,73.17835898,73.31154447,74.80363818,75.28825589,75.97119174,76.44845562,78.10924751,78.2413865,80.34980656,83.88257497,85.26082879,85.9805141,87.61761814,87.82873193,87.8480525]","[1,5,1,1,7,4,5,0,4,0,3,4,4,2,6,0,0,4,6,4,1,5,4,0,2,6,5,1,3,7,4,7,1,0,5,5,1,5,1,5,7,5,3,2,6,7,0,5,1,4,3,1,2,1,2,0,1,5,5,1,1,5,1,0,5,4,7,0,4,2,4,7,5,2,7,1]"
"[1.82952293,3.56442194,5.22517818,5.55965921,11.09925028,12.92888393,13.20479437,14.84158064,15.17672744,15.62729838,15.74845474,16.26478857,16.76639311,18.65610226,19.74605417,21.2590694,21.63365509,22.39144607,24.97130999,25.17099424,31.54204839,32.67534621,33.44905618,33.60979914,34.23400019,37.32950174,42.62033122,42.78093921,43.40138765,43.99682434,44.52804261,45.38326494,46.1521535,47.02886076,57.36806538,58.21149001,58.70697928,58.75430718,59.30763834,59.88236154,60.4081457,60.98787034,62.88819166,66.73156335,70.01779379,72.11687495,73.15282814,75.20780427,75.61284521,80.17209403,84.74332041,87.07421257,89.89141739,90.82961655,93.65061208,94.05438182,100.09922521,101.63174883,103.15475329,103.70537827,103.99187636,107.37336246,109.53892301,112.8921016,115.26404501,115.65783325,118.62995089,120.92331808,121.96097943,122.10227898,124.69045695,126.08487157,128.78367066,129.78083385,129.86318006,130.07994169,131.10452906]","[2,5,4,0,6,7,1,5,5,1,1,1,5,1,5,1,5,1,5,1,2,1,1,5,0,3,5,1,5,5,2,1,5,1,2,2,0,4,4,4,0,0,5,6,5,1,1,6,2,4,5,3,2,7,1,5,1,2,5,7,5,3,7,7,2,3,2,1,5,5,7,2,1,5,5,1,5]"
"[2.95049939,3.20642503,3.49777809,11.66540643,16.27220711,17.00456211,27.71363715,28.08437486,28.16514863,28.36500285,28.37648128,28.43122967,28.80954195,32.26848967,32.74311177,34.10178402,34.58432612,35.03061533,35.11016187,35.19096935,36.65982158,36.73925591,37.10698107,38.06546291,38.90577336,39.441155,39.62082907,40.56827248,40.91374422,41.82159811,42.72414991,43.24883712,46.32688484,48.03496414,51.46072226,52.14636326,56.79450567,56.84167996,60.47244655,60.97911989,61.01480465,61.1861841,61.97417392,62.03928022,62.63741227,62.96212564,63.40733421,63.64697701,63.9517605,64.24631905,64.3420763,65.71786195,65.91550734,66.12724899,66.71614222,66.86033031,66.98230381,67.81372495]","[3,3,5,6,6,2,1,5,5,1,1,5,5,0,1,5,1,1,5,5,7,5,1,5,0,4,1,1,4,5,7,5,3,3,0,2,5,5,1,5,2,1,1,5,1,5,1,1,5,5,6,5,5,5,1,5,5,1]"
"[4.79766994,5.85771839,9.53736452,13.07398404,13.0783314,13.79829564,15.92789634,15.96805425,28.65352338,37.5206037,42.40780423,42.75421947,46.52466419,46.65586007,47.8513283,48.09814436,48.1365772,49.73128501,50.78039545,51.70422398,52.48041883,52.75127361,53.24670441,53.27401706,53.69504936,54.46918178,57.98125388,64.80065981,66.08367449,66.22183992,67.83165239,73.13948635,74.78498632,77.03915083,78.6955065,79.45465863,80.89339836,80.91793261,81.31258818,82.2668274,82.63256627,83.23026912,83.70714153,83.72662301,83.82780238,83.93330305,84.28522851,85.61901081,86.84964812,87.96037011,87.98452511,91.7024711,94.49868574,98.60729188,98.75196389,98.99120011,98.9975195,99.24910758,99.31475255,100.15034514,100.61861981]","[3,0,6,7,7,2,1,5,3,4,5,7,2,1,1,5,0,5,5,1,1,5,5,1,1,5,7,0,5,6,1,7,1,0,6,0,3,1,4,5,5,1,1,5,1,5,5,2,5,0,1,7,2,0,4,4,4,0,4,0,4]"
"[2.14598651,5.38022677,8.28735543,12.39504142,12.6450895,13.40637311,14.39473697,16.81054555,18.4151668,35.01495934,35.03556602,35.68796473,37.21915621,37.62524524,38.45918813,41.29862861,41.90494477,43.88226241,45.69762585,45.8441099,46.09963685,46.45553243,46.60372557,46.79599875,47.0552487,47.09297051,47.8547729,48.0113985,48.06121675,48.22554763,48.68462094,48.72909054,48.77198844,48.89373437,50.37991776,50.48182945,53.03591286,53.44602906,53.52270455,56.40089974,57.38370876,58.18090697,59.94955463,66.33286217,67.35940436,67.53971756,67.59598881,70.55570265,76.07686497,76.84103233,77.03804629,77.33876207,82.47370848,82.88174494,83.64060986,86.38468771,86.62977423,86.84277217,88.04271926,88.14474955,88.24533681,89.38002268,96.22792621,97.85388713,98.3818685,100.01127529,101.34350782,102.71659296,103.065469,104.49189333,106.93784035,108.17292457,108.22525364,108.52949531,108.96680243]","[2,7,7,7,2,0,4,4,4,7,5,1,5,1,7,1,5,1,5,5,1,1,1,5,1,5,1,1,5,3,5,1,5,4,0,4,6,0,1,1,5,5,5,5,1,5,5,2,4,0,4,4,4,0,4,3,2,3,7,5,1,2,4,3,0,6,7,2,6,0,2,4,0,4,0]"
"[2.58714409,7.09845023,7.68384023,10.38452286,11.77346748,13.80614629,14.12154856,18.59562055,19.96264215,23.89851427,24.14553926,24.43190033,26.01715443,27.12413228,27.88440503,27.9787333,29.92633915,35.05190667,35.34879517,36.63013014,36.80056536,37.06200538,37.40110568,37.43578405,37.69585848,37.79710699,42.73097627,43.78160273,44.98303923,47.50386643,47.98588264,49.30370332,51.0544372,51.72822785,55.91898072,58.15989587,59.50278717,59.69012011,60.02142686,60.6801625,62.02584068,62.16370977,62.56280679,62.5874296,62.82640803,63.11330665,63.50288952,63.70171568,64.14308498,64.52367653,64.71046804,64.87769168,65.10817569,66.0422203,68.4442507,69.07099025,69.2113044,70.11889553,70.94019832,72.0651746,72.5240659,73.5693903,73.61839687,74.85489194,74.92290806,76.16985121,78.67341437,79.341284,79.53464641,82.32515429,83.8496563,84.68236986,84.81338137,85.75254627,85.97350033]","[3,7,3,1,5,6,6,3,5,1,7,1,5,0,6,4,0,1,5,5,1,1,5,2,2,5,6,6,3,6,7,4,3,1,0,1,4,5,1,1,0,4,1,5,5,5,0,5,5,4,1,1,1,5,0,5,0,1,5,5,1,5,3,4,1,3,5,2,3,6,1,5,1,1,5]"
"[1.81756557,9.90902337,10.12555391,10.19508456,10.23130395,10.44300471,10.60635038,11.47888507,12.42734671,12.48815468,12.74180739,13.85928326,15.56229815,15.64201473,16.07674865,16.22047856,16.45789116,16.47288283,16.54691557,16.79185409,16.83381857,17.46784289,17.56615499,17.9209096,18.3814071,18.73653136,18.87428151,19.54350144,21.99012281,24.85353907,25.02465499,26.08760723,28.07928809,28.10682135,28.71663769,28.72609402,28.98189345,29.79290674,31.33182542,31.41346403,32.34525181,32.46157348,32.90383784,33.09355583,33.20801671,33.50073395,35.16684971,35.34111795,37.11397459,38.70777657,45.68279078]","[5,1,5,5,1,5,1,5,1,5,1,1,5,1,1,5,2,5,1,1,5,1,5,5,5,1,5,2,2,5,5,1,1,0,4,5,5,0,1,1,5,1,3,1,5,5,5,7,5,5,5]"
"[4.12813907,5.80489857,5.97348712,13.2224521,13.65105141,18.56525347,22.85561707,24.08202502,25.88025104,26.67411761,26.7903152,27.91540998,28.98375412,29.06905087,29.24326378,29.74743372,31.65797715,31.71744196,32.52263976,32.56985286,32.93046188,33.32916591,33.63129638,33.77610612,33.80679765,34.12462559,40.23522554,40.97870356,42.46636237,44.42909038,51.29480146,53.44897859,54.97872927,55.19122714,58.54619453,58.79477634,59.10778459,61.21711566,63.08861638,63.31893399,64.31686392,64.82214594,64.8244871,67.50594678,67.87504443,68.18357092,68.34995263,68.48793227,68.49087821,69.39874675,70.94763754,71.13770995,72.10254267,75.49063783,77.55280891,77.88191214,79.61837299,79.62127319,81.43043299]","[4,1,0,6,6,7,0,4,0,1,0,2,4,4,1,0,0,4,4,0,0,4,0,0,3,4,4,7,1,5,6,1,4,0,1,0,2,4,4,1,5,5,1,1,5,5,5,5,1,3,5,1,1,0,5,2,1,5,3]"
"[5.33056341,5.99040791,7.36209237,7.61206498,8.86115059,9.40668937,10.66659301,11.51133521,11.56881123,11.5691264,11.90223011,11.99534654,12.12166635,12.16118709,12.21676216,12.29621474,12.32058437,12.6060428,12.79983029,12.85296534,13.07019582,13.09371276,13.19404724,13.22708584,13.32089668,13.46968463,13.52093627,13.53568535,13.56318407,13.57204109,13.71867744,13.97637736,13.98659472,14.14805255,14.44362836,14.53466035,14.72960863,16.20387817,16.34741843,16.56601544,16.71373355,17.12708932,17.35222701,17.53161762,17.95830824,18.15519271,18.64150979,18.68096173,19.15773762,19.20041325,19.31462672,20.10827131,20.43228695,21.27052487,21.27202153,21.522645,21.62360756,21.63578777,23.0442724,23.48641155,24.01099325,24.45558018,24.69132501,24.74812291,25.3994108,26.10617765,26.86924285,30.16724123,31.23770722,31.333489,34.52714974,35.52282178,36.6931715,37.28900576,43.90866827,46.12329692,46.86245634,53.94463475]","[4,0,0,6,4,4,5,1,0,4,4,0,0,5,1,5,0,0,0,4,5,6,4,0,1,1,1,5,5,5,6,0,5,5,5,4,5,0,4,0,2,1,4,3,0,5,1,1,4,5,1,5,0,1,5,2,2,5,5,1,1,5,5,1,0,5,4,2,1,1,5,2,3,5,4,1,5,7]"
"[0.74161001,1.94533976,2.47746784,6.22745521,12.18706499,14.82367295,15.28548496,15.66493581,16.85296755,16.95943408,17.68535354,18.54520802,20.69253884,23.58139119,24.71645744,25.41294915,34.21529428,35.89250111,37.07435001,38.30499374,38.69592747,38.70583117,38.90716823,39.57338552,39.98260371,39.99128409,40.02028498,40.45185314,40.7866551,41.19567165,41.25944457,41.38244644,42.28052857,42.60616821,43.64179558,44.32107297,45.0136914,45.63559544,45.91906042,47.54767124,47.71745052,48.26827488,54.81498275,55.97528388,57.34621868,57.54049569,58.71356098,58.96620394,59.60951647,59.62080076,59.66223258,60.04010835,61.41598566,63.1735996,65.37338195,65.61530295,66.05596838,66.10583579,66.90310704,67.35370148,67.86539552,68.41665215,69.15995512,69.43398033,69.47766503,69.7568103,70.88765988,71.439142,71.65471638,72.40781591]","[7,2,0,5,7,0,4,0,4,0,4,4,1,2,7,3,7,5,1,5,6,6,5,5,1,5,5,3,6,2,5,1,5,0,2,5,2,2,5,7,2,3,7,4,2,0,2,4,7,4,5,1,5,5,5,1,1,5,5,5,5,1,5,1,5,5,5,1,5,5]"
"[6.56476877,9.87806561,9.91603214,10.80644302,11.11836404,13.08871041,13.16298643,13.34249701,13.86023985,14.11631677,14.19714038,14.87999549,15.36590783,15.43675354,16.35773333,16.67916958,16.97737079,17.3310211,17.51483148,18.22365269,18.70732831,18.74149413,18.879024,19.28353824,19.47670797,19.72063908,19.83489974,19.90749481,20.11407316,20.21004633,20.21005391,20.24745008,20.32485996,20.41599023,20.88176313,21.09598258,21.40548558,21.82669469,22.08771966,22.42829981,22.66605237,22.76153275,22.93531746,23.20661835,23.22874073,23.27978004,23.4167263,23.48016066,23.5840976,23.62825192,23.7669659,23.87062124,23.92086001,24.0214338,24.08624334,24.3191381,24.3398963,24.37496334,24.64241992,24.65120763,24.66830333,24.70790417,24.72780085,24.75722851,24.94504758,24.99014705,25.20945977,25.4784606,25.63868803,25.9107174,26.32703188,26.3842607,26.46419292,26.74953691,26.88369708,27.10699534,27.37449087,28.43890002,29.38159739,30.3900726]","[3,5,0,0,1,5,5,1,1,6,4,5,1,5,5,1,5,1,5,1,5,1,1,5,3,5,5,1,5,5,1,5,1,5,1,3,5,1,5,1,5,5,5,5,5,5,1,1,1,5,5,5,1,1,1,1,5,5,5,5,1,1,5,5,5,1,2,5,1,7,5,5,5,5,1,5,5,1,1,5]"
"[0.31906008,5.10063367,5.11155339,5.77961802,6.30576645,6.58155381,8.52817083,11.82000981,12.13546029,14.52444426,15.61612714,15.64479344,17.35147018,19.43727184,21.70134901,21.98650705,22.19098537,24.25743993,24.29125716,24.4664187,25.14391201,25.1651012,25.45618569,25.77344414,25.80564959,26.01996716,26.25342795,27.46033078,27.58361321,27.76558076,27.82431797,27.85487476,28.0697733,28.47004521,28.92706364,28.94766816,29.01855811,31.85228038,32.43516682,33.72977527,34.94252773,49.71388826,53.48832257,55.64669791,57.74214171,57.7527358,58.09535791,59.99492376,60.1467251,60.81486918,63.79714057,64.325282,64.59305967,65.25697612,65.63606852,66.04729195,66.10591484,66.35043365,66.48561063,66.97666559,67.22811196,68.04936406,68.54215087]","[2,0,4,0,4,2,0,4,6,7,0,4,7,0,4,4,0,5,1,0,4,1,5,4,1,4,4,0,0,5,0,1,4,1,0,4,0,5,1,4,0,7,5,5,5,1,5,7,6,5,1,5,5,1,5,5,5,5,5,1,1,5,1]"
"[1.45336673,3.98257589,4.43122318,5.03574134,7.3110612,8.9805365,9.07584953,11.70129803,13.14225012,13.89926998,17.14711334,18.82484693,20.38534429,20.5664085,20.85734683,20.95932096,23.54820509,23.81147211,25.11194135,25.7327514,25.80609554,26.6717041,28.61713506,30.0083864,30.17615546,30.23168374,30.78105941,31.16045716,33.6631874,35.16594659,35.22721187,36.0718685,36.83997386,37.83597734,37.88636861,38.01234949,38.02227765,38.26033194,38.588884,39.30629489,39.3241769,39.3482612,39.47555418,40.21023915,41.30750764,41.72003059,41.72016276,43.36758033,43.50833072,44.35428253,44.40182265,45.1696103,46.70709571,47.71885911,48.37084053,48.43356803,49.43378737,49.73298928,50.31835326,51.28029471,51.98951762,52.08172466,52.7025502,52.75410712,53.00091237,53.05199501,53.38050501]","[6,7,1,5,5,1,2,5,7,1,1,5,0,4,0,0,4,0,4,0,4,4,4,6,0,4,4,0,3,0,4,5,0,0,4,0,4,0,4,4,4,5,0,0,0,4,4,1,4,0,4,5,5,0,5,1,5,1,5,0,1,1,4,5,1,1,5]"
"[8.39709924,8.79188247,9.81241687,9.84219502,10.05664376,15.13926567,16.23698254,16.4134122,16.51926943,16.62483555,16.70167908,16.91271712,16.98368428,17.00458673,18.80763267,19.03209226,19.21165772,19.65014684,22.34526829,22.70104611,22.9222673,22.94491061,23.46639249,23.93237246,23.98231955,24.20364331,26.10277388,26.96426385,27.21826361,27.82122982,28.78179166,29.19202062,29.48641998,30.50621392,32.07815779,33.18296558,33.22341922,34.34119733,34.44034293,34.61521931,35.96471037,36.67746757,37.52237823,37.6283366,38.01568605,38.04285682,39.53645573,39.64616128,40.45360089,41.72096394,41.75241899,42.54509184,42.98939991,43.41970779,43.65450269,47.08111397,51.0286028,53.71750891,58.38656286,64.11416839,68.1840786,68.34788907,69.60390484,69.84292358,70.85719827,71.04915751,72.37983316,73.50788708,73.95947136,74.08628753,74.64240811,75.29757398,76.31201715,76.86594881]","[0,4,5,4,1,4,4,4,0,5,0,0,0,0,0,4,5,4,4,1,0,5,5,3,7,2,4,0,4,5,1,4,0,0,0,4,5,1,5,1,3,5,1,5,5,5,1,5,5,1,5,5,1,5,5,5,7,7,1,5,1,1,5,5,2,5,1,4,7,1,0,5,4,0]"
"[3.53720991,5.16382171,5.36238561,7.8552556,7.97572351,8.2167559,8.30907544,8.61720468,9.54378734,9.62440763,10.81642971,11.53548524,11.88236977,12.28544979,12.32553284,12.72514382,12.94921114,13.37259969,13.58500218,13.73301155,13.98106619,14.19882353,14.37211387,14.83329009,15.09433062,15.0987813,15.4516489,15.98281215,16.04875988,16.78883307,16.93108252,17.43887783,18.21056249,18.65667743,18.89716903,19.06981937,19.39067696,21.34895466,21.57104485,21.72598229,21.90101236,22.54675921,22.87373479,22.88011353,23.35658614,23.82470747,23.9841624,24.10449981,24.3404713,24.35641618,25.12138334,25.20974241,25.53724254,25.98593848,26.21762833,26.48481155,26.59216021,26.95438769,27.40526374,27.55802575,27.67180878,27.67830487,28.00688813,28.3052204]","[4,5,1,5,1,5,5,0,5,2,1,5,1,5,5,5,1,5,1,1,5,5,5,5,7,5,1,5,1,5,1,1,5,5,5,4,0,1,5,5,4,1,1,5,5,5,1,5,1,1,2,1,1,1,5,5,5,5,1,1,1,3,5,5]"
"[0.77371185,9.34015815,11.48748094,12.36692664,15.42618737,24.01007886,25.00967726,25.65311225,26.38580094,27.73657943,28.70562837,32.12424024,35.88422882,38.48791662,40.19556375,41.21835951,41.95085886,42.40073557,45.91027575,52.15426383,54.86734572,55.5886681,56.37307335,56.4511296,57.57717032,57.69387793,58.89576635,59.38376552,60.04922478,60.53778043,62.27988166,62.31777077,63.587744,64.14742832,64.39684828,64.81091839,65.71213768,66.37499761,70.2938745,74.55819162,75.24481564,75.51606301,76.55340836,76.58320645,76.61413474,76.72062492,76.99758764,77.48675218,79.00063077,79.78843159,80.17873234,80.67173517,80.87455565,81.34690216,81.66140812,82.30526935,83.5051792,83.99455554,84.23027375,84.69829276,90.45253243]","[2,0,4,4,0,6,1,7,2,1,5,6,1,3,1,3,5,4,2,5,5,1,5,1,5,6,5,1,3,7,2,0,1,1,0,1,4,7,5,4,0,5,4,6,4,2,0,4,0,1,5,5,1,0,4,4,1,1,2,5,5]"
"[1.96164569,4.67031089,7.95680211,9.9766488,10.16039505,11.05668802,11.1299707,11.492054,23.38534252,24.3564187,28.77970561,29.14971613,32.06955418,33.42213113,33.83295483,34.26625227,35.00160621,36.79103415,37.60577481,38.07496187,38.32508069,39.22471102,39.5064875,39.50767016,39.72382956,39.74773149,40.33046179,40.34459404,40.61956712,41.42365006,41.59574808,42.33967897,51.07728211,51.65372755,51.71111778,52.85118238,57.92522073,58.63175309,58.91634204,59.71629395,65.3218067,67.06384823,69.26579636,72.27344537,72.42279813,75.04416926,75.35097766,76.84187166,76.98766357,77.20895859,77.68024461,77.90525717,77.96044398,78.60304859,79.50692519,81.08099477,81.57997714,81.61960764,85.42259571,85.49199064,85.66640343,88.24421991,88.57184509,88.93176342,89.53467047,90.680957,91.4601153,92.42506248,92.60517841,93.21398066,93.26842308,93.58429693,93.59458803,93.81641257]","[1,5,7,1,2,6,4,0,4,7,3,5,1,5,1,5,5,1,1,5,4,0,0,4,7,0,4,4,0,4,0,0,1,5,5,1,1,7,5,5,1,5,6,6,6,5,1,5,1,5,7,1,3,5,1,5,3,1,5,1,5,1,5,0,2,1,5,5,1,1,7,6,5,5]"
"[1.20230812,4.91651738,10.0681727,10.86101215,17.84664682,18.43562893,18.67578557,19.15456558,19.36645927,19.46658957,19.50614287,25.63998107,29.21468063,30.49900908,33.74314916,35.02646118,35.14898003,36.73731134,37.87539986,45.22447981,46.16520998,46.98600535,47.00787796,47.21580253,47.94673449,47.9824028,48.03900211,48.76827015,48.90681263,48.94436879,49.01533842,49.061191,50.15720853,50.62735606,51.0984479,51.56471418,51.68266802,51.96116157,52.47404447,52.66092156,53.05351377,53.06222421,53.62209861,53.90021774,54.05125599,54.50721539,54.51269645,55.0411763,55.39269008,55.42366688,55.54892559,55.65473542,55.6912999]","[5,2,2,3,0,5,4,1,7,5,7,0,2,4,0,0,4,4,5,0,5,5,1,5,1,4,5,5,1,5,5,2,1,5,5,1,5,1,1,5,1,1,1,5,5,1,1,5,1,1,5,1,5]"
"[5.24664573,9.23856005,10.57688703,16.63641944,18.5742466,18.64874672,19.2775174,19.38136915,20.41823443,20.74928773,21.16839501,21.46653811,21.69836819,22.45645328,22.58807405,22.66155631,22.72978353,23.44712924,23.53181989,23.8824672,24.40977962,24.55301546,25.0604341,25.20302193,25.57027579,25.76488122,26.44784551,26.55790733,27.49394197,27.56786059,27.62118764,27.67784677,27.69138364,27.7696712,27.88392795,28.27629742,29.12758018,29.3823242,29.85958687,29.93963512,30.17200918,30.63138791,30.64979684,31.83116467,31.89443589,31.92419156,34.58828972,34.79475778,36.04162777,36.23117135,41.0695369,43.04020085,43.70954571,44.09760997,44.32559007,44.91017492,44.94199075,45.99319193,46.33516879,46.37192488]","[5,4,5,0,5,1,5,2,5,3,5,1,1,5,5,5,1,1,5,1,1,5,1,5,4,5,1,5,4,5,0,1,2,4,1,4,5,5,7,3,1,5,1,1,5,5,2,1,3,5,4,1,5,1,1,5,1,5,0,4]"
"[2.13729358,2.82886228,3.11629172,4.10262986,4.11138377,5.83503628,6.21147085,6.77438655,7.13811456,9.43676591,10.50300814,11.61915646,11.94292612,11.9742474,13.18289462,13.59949598,14.10397363,14.40919489,18.02624376,18.28802443,18.44376255,19.0277457,19.34347495,21.79215465,22.15770091,22.52903243,25.35255039,25.56244945,26.51664327,32.78692168,37.16330715,37.17584919,37.24149013,37.42461549,39.96719125,41.31576063,42.1492068,42.43149145,42.70857085,42.79739848,43.26437156,43.66750579,43.78592566,48.10630209,50.33997602,52.1381378,54.47504467,62.74072833,63.00714143,64.37735474,64.55204366,65.99192455,66.27523002,66.4759439,67.01247016,67.61347094,67.9781988,68.59933874,69.24565046,69.87270249,70.00079614,70.21357428,70.55934372,70.56977025]","[1,5,0,7,2,4,0,0,4,5,1,5,5,1,1,5,5,1,1,5,1,1,5,2,1,5,5,2,2,0,0,1,2,3,5,4,4,2,0,0,2,0,4,3,3,6,6,5,7,1,4,0,7,4,0,1,1,4,0,1,4,0,4,5]"
"[1.83513467,3.64751662,3.95770437,4.24237586,6.95713961,8.36450832,9.91568875,10.08060678,11.45442928,12.14650706,14.43658,15.29761865,15.82875157,18.13609797,20.68268366,26.24216361,26.71315354,27.32079307,27.74544177,28.23457184,28.31198411,30.45133963,30.7339331,33.01837603,33.08704085,33.81951492,34.03241223,34.42429406,34.51599875,34.96611108,35.23425183,35.48657852,35.71626143,36.33246424,37.4402316,38.43418008,38.448775,39.07348789,39.94295416,42.75749149,44.7714483,46.37280356,46.84560094,47.39436955,49.11207846,49.53209208,49.99062811,50.47341405,52.20147019,58.08149823,59.1020252,60.38161767,60.72045784,61.39579219,61.68049328,63.35701351,64.01184455,64.21247825,65.76162293,65.87955026,66.07472509,67.99302815,68.27865232,68.63144524,68.7478671,69.37097422,69.80088726,69.92236109]","[4,0,4,0,0,4,0,4,0,1,5,2,4,5,0,7,5,1,5,5,5,3,1,1,1,5,1,1,5,1,5,5,5,1,1,7,5,5,5,5,5,0,4,4,1,3,2,3,1,5,5,7,1,1,6,5,1,5,5,1,1,1,5,5,4,5,0,4]"
"[3.33173333,4.91738029,8.24245947,9.55798,9.8814836,10.6646571,11.27818321,14.92444313,18.08240095,19.11090407,27.9795607,28.42663202,28.45675122,29.11264097,29.98807699,30.52197725,32.33048619,44.4208596,49.57061738,52.52832818,54.20086098,57.35701212,59.9065707,59.97859646,61.70106608,62.89748699,62.90066415,63.67057581,64.14824851,64.28216781,64.88844046,64.93061993,65.70014126,65.97151999,69.83320937,72.46125588,73.15690068,80.0351892,81.79793375,84.24946157,89.21299515,89.74971746,91.28432237,91.78364991,95.97742906,100.9834807,101.5071867,102.8151852,103.23124411,103.97643819,104.39732849,111.95520766,120.80773857,120.99369187,123.70255935,126.41263336,126.7007333,128.72542441,128.96470669,141.34498407,143.02012078,143.03491325,143.11060295,143.2129627,143.35409782,143.3895376,143.98832924]","[5,2,0,2,0,4,6,5,4,5,7,2,5,1,3,7,2,0,4,2,2,1,5,2,5,1,5,5,1,0,5,5,2,4,1,0,4,1,3,6,2,5,1,7,2,0,6,0,4,0,0,0,7,2,4,5,7,7,2,7,3,5,1,1,5,1,5]"
"[6.61588078,8.41939894,11.02636059,16.40928931,18.49269212,19.57671834,21.57580476,27.47894877,28.21272686,29.54718635,33.69653654,34.52346163,36.56797156,38.13697921,39.6323964,40.20919595,40.28457492,45.92468708,46.00574091,46.70972597,46.82778405,46.83456474,47.66521533,48.33011278,48.5241696,50.97906847,53.36298979,53.955782,57.88358724,58.30610011,70.35232319,70.65574303,72.57702347,73.46342246,75.4894989,81.75991522,82.30648268,82.60063307,83.42778771,83.83358392,84.22549983,84.24336297,84.59198721,84.82113627,86.92253696,91.2750646,93.28239381,93.89085637,94.13190516,97.43984773,100.76522623,103.53654767,105.9784032,106.11206328,106.96960136,107.68300608,107.92050214,108.06366194,108.28924831]","[7,6,2,1,2,7,3,3,3,7,4,0,4,4,4,3,0,1,2,5,1,7,5,1,5,5,1,3,5,7,0,2,7,4,7,5,1,5,4,5,5,5,1,0,2,1,5,7,5,5,2,0,4,4,0,4,0,0,0]"
"[1.60658583,2.81295923,5.02797935,6.96004837,8.56960326,10.72260983,11.40093142,14.70301826,15.32413184,17.61966028,20.19631561,21.40776395,26.20640102,27.53431633,28.88145176,33.96236302,34.69315595,37.14775308,37.55740943,37.71339419,38.5344918,40.99598038,44.37969441,47.9563427,48.4684923,48.53964634,58.33392083,65.42815705,70.38164363,70.50093772,71.4539194,72.16379909,73.86205767,74.80497376,75.0438011,80.43637375,88.02880738,92.59917962,93.31085532,93.36202037,95.30767209,95.8811008,96.39181666,96.54013907,98.85156233,101.02506778,101.79052837,102.55793815,104.8124257,104.9280895,105.53246938,105.60762439,106.48876501,107.3088391,107.60475064,107.85830988,107.91080278,108.24947267,108.4938675,108.75745733,111.0063104,111.02570607,111.08348259,111.27917869]","[5,1,1,5,7,2,1,1,5,7,5,1,5,1,3,2,2,5,1,5,2,3,1,2,5,1,7,2,1,5,1,0,5,5,1,0,4,3,4,0,4,0,4,4,4,5,1,5,1,5,1,5,5,1,2,5,1,1,5,5,5,1,1,5]"
"[3.30379676,3.48293298,3.72060558,4.06633758,4.20240668,7.27035543,7.62850752,7.79294802,10.33892162,10.34644017,10.8074204,11.10805706,12.84947548,15.15740178,15.98657504,22.3766723,24.4056084,25.16205039,29.04297888,31.79979882,35.5702214,39.51602588,41.64547897,46.21264443,52.61042414,61.50693107,62.72306154,63.86755172,68.53939469,68.7928938,69.08939073,70.69930675,71.44886908,71.86120195,72.09739586,72.28764027,73.28483951,73.34270063,74.05753685,74.82725878,79.64652693,80.01420529,80.1366319,82.16072178,82.86570679,82.93465826,83.99353879,84.16470729,85.06240231,85.08145453,85.37252674,85.70539087]","[1,5,5,5,1,5,5,1,4,0,0,4,5,5,2,2,6,6,6,2,3,0,2,5,2,4,5,0,6,1,5,5,1,4,1,5,1,5,1,5,2,5,5,1,1,3,2,5,1,5,3,5]"
"[4.21554876,4.51223928,4.66668671,5.84164564,5.87573465,6.37347566,6.96987016,7.72377879,8.12286707,8.29058712,8.75851219,9.80862227,11.53442618,13.22866523,13.90148853,14.83978699,15.7756504,15.98230182,18.88921938,19.58501987,19.89240316,20.24990488,20.50651593,20.64925819,20.72005449,21.08357686,21.41147325,21.68289267,21.68655427,22.48277225,22.80963295,22.81176248,23.02833493,23.05429775,23.44513949,23.71782106,23.90720954,24.0948369,24.48218895,24.63827308,24.94958037,25.59875669,26.45569289,27.03170349,27.24618445,28.09502006,28.48722763,28.58888059,28.99739518,29.71818434,30.13949954,31.64828606,33.2609861,33.81413812,38.87879642,41.53331438,41.83519711,42.25805235,42.58849082,43.45549174,43.54920769,43.59624848]","[4,0,4,0,4,4,0,0,4,4,6,0,0,4,0,4,0,4,4,1,5,1,5,0,4,5,0,0,4,5,4,5,0,5,4,0,0,1,4,6,0,4,4,0,2,4,4,4,0,5,3,5,2,1,3,1,5,5,1,5,5,1]"
"[0.52410527,1.63261545,4.7829168,6.26029876,6.45289023,7.52398242,7.87124849,8.75153418,16.71119526,17.62753315,18.41415558,19.64836129,24.74207798,26.35256677,26.92889383,27.31140441,30.82069784,31.01643343,33.87695459,33.91581568,34.11166839,35.35913578,35.95547135,35.97229001,36.0710881,36.07344363,36.08198489,36.68079372,37.25139955,37.40727705,37.87485232,40.24912046,40.83505396,41.11370613,41.39375371,42.15410418,42.57751887,43.43566527,43.68979484,44.14991094,44.19276083,44.65972848,44.88731444,45.67368527,45.83280695,46.34082045,47.16764354,47.50709572,47.5392784,48.05226625,48.1325085,50.43544644,51.41820711,53.23015508,53.80935514,53.88784038,57.71419918,57.77008712]","[0,5,4,1,5,1,5,5,4,7,5,3,7,2,5,1,2,1,5,1,5,1,5,1,5,1,5,5,5,5,1,5,2,1,5,5,5,1,5,5,1,2,5,1,4,0,0,0,4,4,5,2,1,5,1,4,6,1]"
"[2.67704511,3.2061142,8.25066423,13.62264821,20.69230468,21.21626384,21.30163941,21.59890782,23.36473672,23.6309848,25.44621344,25.92072314,26.7331999,26.94586522,28.17248185,28.24498837,28.25299188,28.72918263,28.75712868,29.0960825,29.45644383,29.46353546,29.84701001,29.92399728,30.2713569,30.62636768,30.68752496,30.79307253,32.3196392,32.45824392,32.56747035,32.76051921,32.87700334,33.12512295,33.26946439,34.50080936,35.22271859,35.39846009,35.44831258,36.07209522,37.1391191,37.29581244,37.34470979,37.87203637,38.21644851,38.28410748,39.08867331,39.29779331,39.46832669,41.21535571,41.35553028,41.40328607,41.62021683,41.62565477,41.67792539,42.00922092,42.0232469,42.42986243,42.43789052,42.44775524,42.85218569]","[2,2,6,0,1,7,5,0,5,1,1,1,5,1,7,5,1,5,5,5,1,5,5,5,5,0,1,1,0,5,1,5,1,1,4,5,1,1,5,5,1,0,3,1,5,5,1,1,5,1,5,0,5,1,5,5,4,1,1,0,5]"
"[5.79080372,8.65516973,13.32276689,14.54064878,15.11300225,20.65039683,22.07101836,23.58578638,24.06696022,24.1766454,24.30016821,24.66704635,25.09078674,25.78981245,26.26070351,26.55819135,26.670156,26.92436869,27.24081466,28.10251214,28.1772256,28.19133921,29.35087772,29.61130056,30.19728684,35.35546859,37.26783768,38.0875948,38.91751854,45.38535663,48.74574937,55.02214312,56.56997419,63.20389017,67.44930027,72.84227383,75.23642928,75.37421173,79.18768132,79.7695597,83.71889782,85.68674481,86.16751488,86.94088677,90.669326,96.33487209,96.85662773,96.95597061,97.65619746,98.01019645,99.16307059,100.29704698,108.95564728,110.06647414,110.79298706,113.94969114,115.79128956,118.20219612,120.42051064,120.52668029,120.86148941,121.25322254,121.95408693,122.47763558,122.92480509,123.04959573,123.21997106,124.38911932,124.42073418,125.42892305,125.96205765,128.47370254,128.49934376,130.01887862,133.13355946,133.20543817]","[4,0,6,0,4,7,4,7,2,0,0,4,0,2,1,5,2,4,0,0,4,4,0,0,5,0,4,0,4,6,7,2,1,0,4,6,1,5,5,5,3,3,4,7,6,4,0,1,0,2,6,6,1,5,5,5,7,3,0,1,4,4,5,0,4,0,5,0,4,5,0,0,4,5,4,6]"
"[2.44817281,8.70556545,9.10604408,12.83546074,13.28394931,13.78391869,18.54792358,19.04895591,19.09439219,20.78118305,26.28113199,26.79372778,28.59578306,28.69007544,32.09754003,32.45380715,32.68983574,32.7614244,34.73228498,35.18230328,35.37846242,36.56141695,38.11697102,38.12351215,39.09509989,40.85339509,42.20563884,42.91033631,46.59183138,49.75437142,50.08888828,51.69259536,59.29512693,61.52270535,61.65047239,64.18412041,64.22060578,65.14957741,67.25906821,72.35421189,72.76495615,73.21042747,76.95661986,79.75323293,80.04610649,80.98200471,81.16958495,81.63636651,81.75404523,81.79689725,81.8263355,81.90879864,81.9174627,81.99465692,82.46768627,82.75866736,83.47889456,83.58540849,83.8828534,84.0657848,84.11970822,84.2812703,84.45745284,84.55314794,84.79146126,85.95208836,86.29010277,86.95749681,87.34807151,88.06707536,88.11906294,88.27879749,88.67758191,88.74505333,89.42682868,90.06208181,90.18551678]","[7,5,1,7,1,5,1,5,5,2,4,1,0,4,5,0,5,1,0,4,4,1,7,5,1,7,1,2,2,0,5,2,5,0,5,1,5,5,5,5,2,3,7,0,5,7,4,4,1,5,4,1,1,0,4,0,0,0,4,0,5,4,4,4,4,0,4,0,0,1,5,5,0,5,0,4,4]"
"[10.80817967,11.72256037,15.80868047,17.1411008,18.5289981,18.78395386,18.99250381,19.49899219,20.29898463,22.77356013,27.50746236,27.58022926,27.59427728,27.65533373,27.9424948,28.47960288,28.61453078,28.69051723,30.41742816,30.52778429,30.95340379,32.15595403,32.29116884,32.69376571,33.08418019,33.35578027,33.38736205,33.48964581,35.14086028,35.36699575,35.66975375,38.14363616,39.28740746,40.07883635,44.79543435,44.86015847,45.52503941,45.56046338,51.06034275,51.50444413,52.49818105,57.71220928,66.67314925,68.24793559,77.04663942,77.60690446,79.69417823,81.95751117,83.91818022,84.48963575,85.17618585,85.45559589,86.90858451,91.10100491,91.24971524,91.74712108,93.30590135,93.83295398,94.27808476,95.14015339,96.83567979,97.34758422,100.33106882,100.34384799,101.89096095,102.06872355,104.53597642,105.13767527,105.21409779,105.51047178,105.705815,109.67928614]","[3,5,5,1,1,5,2,3,1,3,7,2,1,5,1,2,5,5,5,1,5,1,1,5,1,5,1,5,4,6,5,3,4,0,0,4,4,4,4,0,4,4,4,2,2,2,6,6,3,2,3,0,4,5,4,0,4,0,4,0,4,3,4,0,0,4,0,7,4,4,0,2]"
"[3.55253732,3.80352444,5.55644123,6.42169919,8.84013493,10.68841525,11.29585188,12.24139533,12.90422611,12.97224326,13.35351136,17.31035592,21.43429373,22.66679608,29.8445317,30.23255298,32.05834796,35.13931612,35.81170078,36.26660955,37.14271675,37.59209012,38.11452023,38.49450759,39.01044008,40.14902348,40.38862591,40.88930376,41.14677112,43.8594697,45.05131135,52.68289419,52.73358244,52.98051888,54.64469606,55.25125889,58.2160549,63.06045324,63.25454489,63.35947904,63.88159818,67.70452073,70.79130681,74.12459139,79.40788622,79.50866481,80.52987664,80.59415856,83.9912538,83.99328681,84.65927459,84.66797767]","[0,4,2,0,4,1,5,1,5,1,1,5,7,5,6,6,7,1,0,5,5,1,2,4,1,5,2,1,2,5,7,4,0,0,0,4,0,1,5,5,1,7,3,3,4,3,0,4,5,5,1,1]"
"[3.94921891,4.16548475,4.20825359,5.4096231,5.73292849,7.32351287,7.79578225,8.00467961,9.04495224,13.41326784,15.33892729,16.97744529,17.48663076,17.98141637,18.89932393,18.96244353,19.07634156,19.22037598,19.33496979,19.42416633,19.9791435,20.25937235,20.91899157,21.25863619,21.3839127,21.53561243,21.63556458,22.13405946,24.22278436,25.4388211,26.38490503,26.44447558,26.56963336,27.6361024,27.94673907,27.95920405,28.18923072,28.34690436,29.70105781,29.85181135,30.88169709,32.14225402,32.1618224,32.31780461,32.56260602,32.64622361,33.54762354,33.82856981,33.88819564,34.05695492,34.36968619,34.37952754,34.45701322,34.49104808,34.7205724,35.14575978,35.69988525,35.93456167,36.84849555,36.95355312,37.60057596,37.68242218,38.09453858,38.10022651,38.98863646,39.00863442,39.17059291,39.19602373,39.47528409,39.74652609,40.10595842,40.10767382,40.15193544,40.26358059,40.52656706,40.69306728,41.05219766]","[0,4,5,0,0,4,0,0,4,0,0,5,1,4,1,0,5,3,7,5,4,1,1,1,5,2,1,5,5,4,5,5,4,0,6,1,5,0,5,1,4,1,5,5,6,1,0,6,4,4,1,5,5,5,5,5,1,1,5,0,1,5,1,1,1,5,5,5,6,1,5,1,1,5,5,5,1]"
"[0.60651594,1.93665149,4.35580935,6.24008242,6.89119117,9.75815467,10.4068422,12.92985457,12.9512743,13.58038957,13.89902945,14.4065787,15.49283362,16.04548556,16.53167947,17.06523448,17.73542358,17.82269199,18.03450781,23.67515423,32.53228377,34.27700075,39.79073804,45.09958398,48.77710405,50.32030327,53.48372648,53.89220974,54.70965181,55.36502514,55.64480163,56.85814985,57.22716774,57.72183657,59.21360284,60.21949674,63.46111053,65.28410757,66.1982649,73.43953432,73.52794135,76.23941629,79.60144086,79.79109648,81.43585645,82.44123917,82.57638626,83.14186102,83.26243848,84.95134404,85.1361706,85.29629862,85.40461817,85.8323956,86.19052476,86.29128355,86.48502911,87.06111419,87.20808829,87.65288418,87.87935894,87.92188878,87.96889884,88.06960656]","[5,0,4,0,4,3,0,4,4,0,0,4,4,0,4,0,4,0,0,0,2,3,2,2,5,1,5,1,5,2,1,5,1,5,1,5,3,5,7,6,6,2,7,2,1,5,1,2,1,5,1,5,5,1,1,5,1,1,5,2,4,1,1,5]"
"[1.76650635,11.18617571,11.2132186,14.54020818,14.62923485,15.94541546,17.33574616,17.45760595,19.08466862,19.9778124,22.01059282,23.11372877,23.29135859,24.1385848,24.67212666,26.1117202,26.1473818,26.91568694,28.19040089,32.2679358,33.14679021,35.10695707,36.37377978,38.33583593,39.84828563,45.60977515,48.95122205,50.4712485,55.80340382,56.94585221,57.08036531,62.23476667,67.27718388,67.31410921,69.03421149,69.87942797,69.95352254,70.10261024,70.61662909,71.39938882,71.66157716,73.45873713,73.74964132,74.84755082,76.84715721,76.88489869,77.91379168,79.05944452,79.65457695,80.77216427,81.13684003,84.40333123,86.14387468,87.86865735,88.40342524,89.80735454,91.77304175,94.3275124,97.75867829,97.77961056,97.83742843,97.84942915,98.65047156,100.95451909,114.06946028,115.22283778,116.20513721,122.62151585,123.01211975,123.57900866,123.97545257,124.85535784,125.77589018,125.81967245,126.02784987,126.28532777,126.96093679,127.56082161,127.9029886,133.33515683]","[4,7,1,5,1,4,0,6,1,6,6,0,1,4,4,5,1,1,2,4,0,7,2,6,1,5,2,3,5,0,1,4,5,0,5,1,1,5,6,5,1,1,5,1,1,5,2,3,5,4,3,7,3,4,0,4,4,5,1,5,1,5,2,2,5,0,4,0,4,0,4,7,0,4,4,4,4,0,4,4]"
"[6.50869143,7.17433974,8.37992871,8.4925217,9.35059921,10.92730835,13.06430052,14.93351922,14.9571529,15.5133168,15.76320673,15.90733947,16.25647418,16.58620144,17.21080041,17.23930419,17.41709058,21.39910292,21.68371562,22.29778953,26.90059516,26.96157896,28.2051587,29.25863596,30.01836779,30.16217115,30.48693632,31.86206865,32.55477294,32.78234481,32.98572505,33.00181382,33.05044492,33.45949518,33.64980729,33.80454557,34.06242382,34.64037665,34.97657054,35.59665839,35.8174141,36.56311308,36.61556762,36.94620559,36.9773217,37.46096879,37.54627561,37.55353679,37.76880359,37.84454131,38.65057399,38.94167028,38.98161644,39.24232312,39.3265245,39.35315005,39.49181466,39.74964841,39.75663417,39.84662983,39.86195935,40.13159663,40.16846861,40.3268771,40.33511964,40.33723675,40.38316957,40.41508321,40.94187899,40.99961751,41.70302811,41.8406724,42.05125009,42.16237727,42.36718099,42.37213966,42.49309616,42.62950571,42.7304515,42.89142158]","[1,5,5,1,4,5,0,1,1,5,5,5,1,3,5,5,5,5,1,1,4,0,0,0,4,0,4,1,5,5,0,1,5,1,2,5,1,5,4,3,0,4,3,4,3,4,0,0,4,4,0,0,0,4,4,4,0,0,0,4,4,5,4,0,3,5,0,4,0,4,4,1,5,4,0,4,7,0,5,4]"
"[2.05402152,6.54086987,6.88329989,7.06061637,8.73874097,8.94088962,8.99696211,9.44503474,9.55761567,9.60018993,9.807969,10.08422472,10.13782375,10.29964018,10.33127182,10.3739709,12.30090954,12.68591851,13.21810079,13.68642677,13.77560563,15.51600664,16.15087065,17.0571807,18.70913407,19.43454119,19.66940032,19.67880453,20.2922935,20.46662697,20.62608763,20.73341951,21.38398582,22.35091253,22.36857677,25.99284635,26.37153001,26.38603132,28.62013325,29.43296207,29.54682891,29.67652538,30.0013468,30.5681792,30.96464828,31.22203401,31.91637953,32.2441654,33.01515508,33.90199719,37.87437715,40.9775882,41.14856913,45.29885255,45.56943465,46.63111783,47.09788057,47.30790755,47.47880542,50.06832951,51.29843606,52.46830631,52.70121937,53.45436451,53.91272712,55.4957885,56.82175132,56.95100767,56.97543814,57.40905176,57.89995201,58.19703419,58.70563703,60.23671657,60.29983797,60.95268978,61.70257634]","[2,5,1,6,1,5,5,6,7,1,5,1,5,3,5,5,6,1,1,5,3,7,3,2,4,4,0,4,0,4,4,4,0,4,0,0,4,0,4,3,0,0,4,0,4,4,0,0,4,5,5,4,2,0,0,4,6,4,0,6,1,4,5,2,1,1,5,1,5,1,1,5,5,7,5,1,2]"
"[0.10114904,10.68414488,13.72303849,16.35570827,16.69269103,21.08005919,21.29952061,22.11906944,26.35048077,35.87398989,35.99546324,40.61727419,43.19181171,44.23924882,44.58657013,51.32675324,51.4708893,54.71124497,55.25261864,55.73012942,58.63509227,59.47698198,60.06815468,60.46927807,61.33005775,61.9658601,62.11808183,62.16307318,62.22619304,62.55549992,63.06968067,63.8764551,64.23068944,65.25942859,67.12645487,67.39104895,67.83660048,68.20765906,69.05976526,69.69233704,70.57720615,71.58616395,72.71454367,72.80852204,74.8724167,75.06547117,75.19220648,76.9990169,77.93916918,78.01734105,78.15670766,78.51813313,79.09758954,80.17464165,81.24522669,81.37654315,83.23378733,84.58386912,84.65985108,86.33895021,87.18183436,87.20834304]","[6,0,4,1,1,2,5,3,5,7,2,2,0,0,7,0,4,0,4,4,0,0,0,7,4,4,0,4,0,0,4,4,0,0,1,7,7,4,4,0,0,0,2,1,5,4,0,4,0,0,4,5,0,0,4,2,4,0,5,7,5,3]"
"[2.25787161,7.77586857,13.87754496,14.69365977,14.7682782,15.04004021,15.74801334,16.30023848,18.88033332,20.84394819,25.83491409,30.72316225,31.50174403,31.80910514,34.34081422,35.79760842,36.09574367,41.8487439,45.06663761,45.56675749,47.0228065,47.36307438,49.24474635,52.18433728,53.68682697,54.01054073,54.36297271,54.48232957,54.94611645,55.62980927,55.76377427,56.08632036,59.77865192,60.28594361,63.13293617,64.13882033,65.26903554,69.86563069,76.47301349,78.56515479,78.80809252,79.45095259,79.63132567,79.88327169,82.16272316,82.20267046,82.92902039,85.33053105,85.92586989,86.10715389,88.17682155,88.77657263,90.036303,90.11063737,91.49250539,92.16255205,92.43007346,93.71580606,94.43696843,94.61208664,98.10552615,98.22932219,101.1125253,102.08656367,102.21296293,102.32543326,102.82920528]","[3,7,2,6,6,6,6,7,1,5,6,1,5,3,2,5,3,5,5,1,1,2,1,1,5,7,1,5,5,1,7,5,1,5,5,1,4,7,3,0,4,3,4,7,2,4,3,1,5,3,1,5,1,3,5,1,5,5,7,1,7,6,5,1,1,1,5]"
"[2.59370733,6.05933921,10.60012249,11.32119347,11.7696231,12.03104842,12.14307683,12.45011416,14.11033781,14.42633288,15.56298739,16.02547057,16.34868816,18.13651034,18.76403641,20.3099105,21.19005594,21.34318879,21.71533256,21.94749555,21.95159635,22.10754583,22.37988662,22.54936756,22.70115838,22.88512925,23.10208852,24.75135305,25.57213505,26.58340089,26.73963866,27.23171595,27.70978521,28.02862596,28.52026791,29.15722184,30.46525128,32.583942,33.79850854,33.8617486,35.84186721,35.93017551,36.19200129,36.36086919,36.44417157,36.51334012,36.86445941,36.93686619,37.7896748,37.96520331,38.17826818,38.66592955,39.43788493,39.92403246,39.93671058,40.50572358]","[6,2,5,1,5,1,5,5,3,3,5,4,1,3,5,2,1,5,5,1,1,5,5,5,1,2,5,5,5,1,1,5,1,5,1,5,5,1,5,1,1,5,5,5,5,5,5,1,1,1,5,5,5,1,5,1]"
"[1.177235,1.64731108,1.82855161,1.93837056,2.57854321,3.79637879,4.01506376,4.0647552,4.64667426,5.00572358,5.24797194,5.29265037,5.40381753,5.48694896,5.6833643,7.075451,9.21234305,10.06134998,10.07716427,10.97294005,11.18234423,11.55111886,13.35722367,13.56341739,17.67714342,20.26371917,24.05536115,25.00047182,26.40977045,35.00185105,35.15924838,35.4573602,35.85589967,36.14468316,36.27458218,36.29890295,36.60569052,37.16065526,37.53933114,37.61140256,38.08648192,40.44321211,40.68005748,40.81148266,41.85243373,42.0445477,42.07773603,42.24745074,42.38410455,42.66485639,42.74585245,42.76302293,43.95366716,44.10847125,44.58324554,45.4602301,45.62548793,46.52140319,47.1563019,48.20439909,49.59996824,50.41463246,50.80197234,50.82976605,50.92643883,50.94734924,51.73389429,52.00592446,52.16934174,52.57662195,52.95868948,53.27605985,53.43890088]","[1,4,0,5,5,5,5,2,0,5,1,5,5,1,1,4,4,0,6,4,0,2,7,2,0,1,3,4,2,0,4,4,0,6,3,4,0,4,0,0,4,4,4,0,0,4,4,4,0,4,0,0,4,1,5,0,4,1,0,5,5,1,4,0,4,0,4,5,1,4,7,4,2]"
"[2.16090008,3.08135644,6.19398233,6.73505882,7.02778848,7.72189682,12.29841234,12.68242353,13.17153668,13.48736113,13.50739855,13.97061027,14.92860009,15.23586215,15.76718724,16.14817814,16.55551547,16.75469832,16.7601189,16.97550689,17.19917654,17.37421143,17.8405542,18.38034666,18.4691214,18.47874649,18.5201637,18.70517198,18.82556264,18.91464025,19.30149664,19.30735444,19.36437568,19.90736393,20.03416161,20.13552963,20.50930368,20.82558003,20.92264383,21.13577627,21.68557702,22.33690095,22.91183721,22.9821275,22.99736145,23.02560615,23.96093705,24.19841923,24.48641538,24.49175587,25.39301477,25.50375942,26.23045549,27.52497932,27.62696147,27.78999361,28.11125476,28.27888608,28.85088067,29.4617271,30.57827235,31.27895699,32.09150531,33.64345365,34.01440421,34.64985424,34.66187539]","[1,7,3,1,4,5,7,4,0,4,5,0,4,4,1,0,5,5,4,5,0,5,1,4,1,5,5,5,1,1,5,4,0,5,1,0,2,5,5,5,5,4,2,1,0,5,5,5,1,1,5,0,5,1,5,1,5,5,1,5,2,0,4,5,0,1,5]"
"[3.93584226,5.28987208,7.71874114,12.72991032,12.8786378,13.42960493,16.79739686,19.52040565,24.8396449,33.24687844,34.61518352,35.20021392,35.33354435,35.45232583,36.30173048,36.45041334,36.61956821,38.29695207,40.78939585,41.69898019,41.97580354,42.1704676,45.72504276,46.66140238,47.25782231,48.45049142,49.31564228,51.63129354,51.77266774,52.79746387,53.00177955,53.34479761,54.57317275,54.60773986,54.77539467,55.27696876,58.02693507,59.75040872,60.02508298,60.18365258,61.01146604,62.27815889,62.77513102,78.19264324,81.88332447,82.41274266,82.50988846,86.31821615,90.34257843,93.13837408,94.73861398,96.86144165,97.93458564,98.24682552,107.95115248,109.63480995,110.03134249,111.97497061,115.39257606,115.43341322,117.0925763,117.23799782,123.46077627,128.71440414,133.18913935,133.38961297,134.56955518,138.76672411,138.97729938,139.98046724,142.67433627,142.69445326,143.55960258,143.61356658]","[5,4,2,2,6,7,0,2,7,0,4,4,4,4,0,4,4,1,1,0,4,5,1,5,5,2,6,4,3,1,1,5,2,5,1,5,5,2,0,4,5,4,0,4,4,6,0,5,7,1,1,1,1,5,7,4,0,1,0,5,0,5,1,0,0,4,6,5,1,1,1,5,1,5]"
"[2.0598045,3.82887769,4.61912264,8.18783611,11.2673344,11.51439208,11.89038776,12.62133647,14.45559694,14.67285284,16.90958741,17.79947116,17.93044034,19.38795012,20.36865449,20.5682128,20.71408112,21.85940969,21.98272081,22.03920542,22.2752783,22.82975664,24.30007335,24.39070868,24.50978988,24.73258853,24.93071698,25.17820549,25.28252085,25.28705392,26.84796973,26.85410305,28.17996768,32.23036403,32.63764522,33.18027177,35.66135479,39.41369399,39.807312,40.1108058,40.21664591,43.21392231,43.33331759,43.42553935,43.63171316,44.892414,44.96360864,46.29258299,48.5828629,60.09536191,60.35001905,63.93288566,64.79191224,65.24292216,67.55514319,67.78509886,75.4311343,78.19082241,78.39426426,87.01101354,87.63953309,87.76114061,88.1070902,88.80431066,89.08942747,89.68066562,91.81982816,94.20801923,94.68553256,95.58159197,97.6582755,98.01240557,98.63242457,104.36862739,104.91882543,106.52214077,111.68730425,112.96875322,113.13313928]","[7,2,2,5,1,5,5,5,2,5,4,0,4,2,4,0,4,0,0,4,5,0,4,4,4,1,0,5,4,0,1,4,4,0,7,4,2,1,5,5,5,5,1,5,3,6,1,7,6,4,0,3,0,2,3,3,7,0,7,0,3,4,5,4,1,5,4,5,5,1,7,1,1,3,3,1,6,7,2]"
"[4.8558123,9.97728951,10.07443147,10.28339883,10.91183367,12.19746249,15.35818203,15.4941017,16.94066315,17.8682138,18.00639373,19.89794556,25.02337384,25.29058228,25.66066882,28.2263358,29.18251433,29.81104096,30.63145996,34.17181646,35.68951898,39.40865142,39.48876966,39.51401602,39.55006483,39.5752291,39.62020289,40.16610954,41.23723686,41.3066646,41.94085871,42.07153734,42.13188177,42.51091572,42.90019717,43.11877096,43.32062011,44.42708148,45.2374685,50.67272937,53.23684373,53.28330136,53.46607593,53.57639135,55.24743906,55.75617865,56.81632308,56.92038737,57.11329664,57.11670689,57.55234258,57.66541502,58.9323901,59.05479862,59.62753388,60.28728571,60.68019928,60.81319312,60.9690987,62.25191868,65.76704572,66.42355278,66.68942683,67.10648236,67.64704483]","[7,1,5,4,1,0,5,1,2,1,5,5,5,7,1,3,4,0,4,2,7,1,5,5,5,2,1,5,1,3,5,5,4,1,4,5,1,5,1,2,1,5,1,5,1,5,1,5,5,1,5,5,5,1,5,1,5,5,1,5,1,5,1,1,6]"
"[0.28904197,0.43968027,0.84614728,1.04949166,6.95604186,7.46606519,8.08381849,9.1372994,9.46035773,12.08700405,12.20401937,12.42358186,12.5276366,13.82915285,13.85152663,14.22898416,14.57955426,15.94475516,16.48226335,17.7712881,22.15093834,22.22917746,25.42366972,25.90225242,26.17580305,27.28622319,27.35638928,27.43933871,30.81814957,37.04516942,37.39011697,37.52451018,38.39602307,38.79529194,39.97144055,45.4497477,45.59436926,45.64078665,46.33031169,48.50080877,48.61631467,48.75529949,48.89423779,49.10261153,49.20295685,49.34165158,49.40808785,49.52489061,49.79982933,49.81342481]","[0,7,4,4,3,3,3,3,0,1,4,0,3,2,4,0,0,0,4,4,5,1,3,5,1,5,1,5,5,1,6,6,5,1,1,0,3,1,5,5,1,5,1,5,1,5,5,5,5,1]"
"[6.19414918,12.42434404,12.48860424,16.129757,17.07829933,18.73882944,20.13044406,20.62477433,20.89342319,20.96303169,21.70214751,21.92576121,22.48067504,22.52128067,22.71427108,23.7758677,25.19377381,25.63501635,26.59326187,27.72436996,28.1073089,29.03530815,31.01411234,32.28568495,34.14288004,34.20179459,34.67660091,35.89755498,37.3623773,37.6730658,37.67745184,39.52295994,41.46738327,41.49576156,41.53589954,43.2023842,44.23851403,44.85923229,45.71388335,49.8792128,50.31973022,52.1661173,53.06126086,53.82586016,54.35166228,54.36955586,54.47236857,54.48571205,54.72030275,54.72808685,54.82840513,54.86779201,55.05606114,55.15812978,55.41815815,55.41918358,55.4971489,55.53590684,55.67954075,55.83911276,55.93268916,56.066521,56.08048299,56.16034702,56.43874377,56.52851933,56.52955039,56.54642616,56.72260288,56.85914916,56.87676266,57.06344287,57.35268993,57.59881184,58.03061361,58.08448532,58.43515104,58.48823089]","[4,5,2,3,0,4,4,0,4,4,5,1,0,5,5,1,6,7,0,4,0,0,4,4,0,0,0,4,0,0,2,2,4,4,0,0,4,4,4,6,3,1,4,0,5,4,0,0,1,5,5,5,1,1,5,4,1,5,5,5,1,1,5,1,1,5,5,1,0,1,4,5,1,5,1,5,5,5]"
"[2.25142997,12.87285707,14.47395126,17.46952301,17.71325081,17.72303856,19.37205748,20.79556717,23.96988919,24.16421324,24.33611161,24.39072029,27.27497587,29.67206407,31.16271136,31.1773946,31.42260629,31.89455533,33.38295763,34.3481221,34.78193286,35.95085756,36.18648883,36.80666146,38.42213576,41.81528358,43.25508283,44.20101412,46.34917964,46.82657124,47.58493393,49.80909985,50.05095981,50.68738837,50.76565357,51.68299129,52.37300802,52.51407465,53.04612809,53.45049297,57.97251232,58.32284566,63.70328515,64.99316634,67.62532582,74.69714214,77.4948985,79.04916655,79.54256921,79.54607462,80.19799104,81.38922728,81.78523342,84.00307575,85.46276815,85.56130038,85.6368484,86.27422328,87.26060114,87.94330685,90.10992278,95.60707842,96.53770499,98.40717956,108.18215889,109.50976445,109.81300379,110.19435352,111.06115203,111.59910773,112.46319046,113.63099741,115.5112874,115.96952569,117.03169221,117.48757196,123.99796293,124.1381594]","[2,1,0,4,4,0,6,6,0,7,4,7,3,0,4,0,0,4,0,4,0,1,5,5,2,1,1,5,2,1,5,5,1,5,5,2,2,7,5,5,1,2,7,4,2,5,1,5,1,7,5,1,5,4,0,5,0,4,0,1,4,6,2,1,1,5,0,4,2,1,1,5,4,0,6,5,0,4]"
"[1.29461612,2.12109053,2.31130464,3.25366778,4.08154799,5.69893911,5.91175227,7.23039388,8.88640639,9.12409847,9.90519334,10.12223988,11.84012625,14.96091657,15.1089627,15.58444933,15.93157474,18.36466343,18.37385434,19.03519295,20.32993249,20.77711793,20.87819124,21.09942956,21.4636171,21.50293112,21.61793036,22.20024043,22.207237,22.22079382,22.23200964,22.96767121,23.32341921,23.74986869,23.80445228,24.51132216,24.61077622,24.61422214,24.91886397,25.24898256,26.58459093,26.76159737,27.10649404,27.10842379,27.29802985,33.09887044,40.79192898,41.15393168,43.65872605,56.81464517,60.84956452,61.83595542,67.94118185,70.61570775,71.21141851,72.59248328]","[4,0,4,4,0,2,4,7,7,1,5,2,1,1,5,5,2,4,0,1,0,5,1,1,2,1,5,0,5,1,5,1,5,5,1,5,4,0,4,1,7,0,5,1,6,1,5,1,1,3,4,0,0,4,5,4]"
"[2.31949878,3.65333221,4.68879817,4.84913818,6.30486578,7.82637582,12.97354428,13.07403432,15.4711292,17.02456662,19.46208618,19.71182862,20.18577421,21.40201067,21.68158985,23.1170962,26.01977869,26.75567611,27.12659956,27.7244393,30.09806868,34.38918006,34.41641716,34.71478117,35.56996895,37.15945935,39.83650518,44.40497892,50.92383768,51.14596281,51.76196452,55.74597389,55.84155786,56.54853594,57.48883939,59.60825522,59.67389401,59.87560074,59.94842834,60.12540517,60.26620942,60.35977632,60.84769431,61.19100978,62.08662815,62.50254458,62.91727772,63.64319196,64.5690582,65.65885011]","[4,0,2,4,0,4,5,4,2,1,5,1,5,1,5,5,2,3,3,3,1,5,1,5,5,5,1,7,5,1,5,1,3,4,5,0,0,4,5,1,7,0,4,4,1,5,5,0,0,4]"
"[1.77326407,1.8305255,5.07110302,6.30537888,7.71516214,12.35277937,14.23525688,14.3204318,15.34379881,15.42790512,20.04925593,22.57066601,22.62977777,23.53781168,24.47617242,25.22044769,25.54906221,26.14648049,27.61079097,27.6418526,28.08703669,28.43385014,28.99905272,29.15082241,29.5415399,31.5749226,33.78447326,35.54735735,37.07700837,39.88789909,52.19021781,52.24242564,53.78049371,58.62847272,59.09919487,59.26843215,59.32422208,59.40231065,59.71911585,60.07249022,60.70650458,60.89027899,61.01923696,61.2228771,61.76303575,61.99203067,63.28785142,63.64366976,63.65953894,63.86356849,64.21037833,66.48288983,66.58598418,66.71935062,66.82729248,67.07191156,67.51862545,68.03570908,68.45354356,69.14042697,69.41109885,69.6767643,70.10530888,70.62797498,71.01906671,71.9010627,72.28294313,72.37661338,73.96487282,75.43602977,77.31119572,79.07425395,79.41547489,79.93419258,80.5158717,80.6533271,80.94789573,81.00316633,81.55024869]","[1,5,5,1,5,4,5,0,0,5,1,5,1,5,1,5,1,7,7,5,1,5,1,1,5,5,1,1,3,6,0,4,4,5,1,5,5,7,3,1,1,5,5,1,5,1,1,1,5,1,1,1,5,1,5,5,1,5,5,5,1,5,5,6,5,5,1,1,1,1,1,5,5,1,1,5,5,5,4]"
"[0.42689121,0.67662921,0.84576984,0.96538316,1.15444884,1.32190483,1.32422291,1.62183846,1.63364731,1.66418848,1.69640837,2.1706606,2.47491051,2.52886363,2.60137268,2.79301069,2.81628741,3.02498847,3.05448527,3.14712204,3.33532653,3.41335004,3.45365196,3.52876732,3.54826339,3.61258672,4.32630407,4.43445043,4.50669359,4.64440501,4.68533196,5.04825043,5.06329354,5.52491913,5.535841,5.63285997,5.75793277,6.11213723,6.86052458,6.8618325,7.04384714,7.56889024,7.70198583,7.9632083,8.62027718,10.55314856,10.95361557,11.58202941,11.99404973,12.78736323,12.79086452,13.39725615,13.41104847,13.79866129,14.24041017,14.92152658,15.02887776,16.00941437,18.73787529,19.44108745,21.08393925,21.57335688,22.09464278,22.8845374,23.04971356,23.1893113,23.62816166,24.52408442,24.65765879,25.11306982,26.46140785,26.56716987,26.69990531,28.22628119,28.83455662,29.82689491]","[5,1,2,1,5,5,1,5,5,1,5,5,5,1,1,1,5,5,1,5,5,4,1,1,5,5,5,1,1,5,5,4,5,5,2,2,5,0,1,1,5,1,4,5,1,0,3,3,4,0,4,0,3,4,4,5,0,7,0,4,0,0,4,0,4,0,0,4,4,4,4,0,6,0,4,0]"
"[1.58093405,1.84050501,2.50336445,2.68021629,3.14450853,3.1676291,3.21028133,3.29853817,3.82714885,4.44670459,5.34462652,5.72101791,6.41616436,6.52785557,7.12368213,7.5095591,9.00663273,9.32543189,9.98697771,10.19923802,10.32478306,10.52987597,11.35794321,11.63271639,11.81730426,11.98211168,12.59634768,12.69887903,13.30978677,13.49316588,13.81198229,14.08667925,14.16424598,18.31097686,19.31136002,24.74871839,25.6533906,26.41008025,26.84169639,33.14393822,39.79993977,55.16537293,63.18810945,63.97157998,67.03603582,70.75540843,71.7482149,73.55243417,77.67787607,77.85750868,78.23806196,78.73640997,82.93510725,83.10045944,84.97826631,85.28561269,85.37594514,85.37594884,85.39858312,86.42734745,86.54472097,87.45838453,87.47186494,87.85032443,88.09633729,88.32910541,88.61311127,88.90546225,89.90453634,90.18727617,90.5882539,90.99905431,91.41257496,91.96058968]","[1,5,1,4,4,1,0,1,5,0,0,1,1,4,5,7,5,1,1,5,1,5,1,5,1,3,1,5,5,5,1,5,5,7,1,3,6,4,0,2,1,6,2,4,0,2,5,2,3,4,0,0,1,4,1,5,4,5,5,1,5,1,1,2,5,0,4,0,0,4,4,1,5,0]"
"[2.05680729,2.84528533,7.08671824,8.75061844,9.43235148,10.47673813,10.91012952,10.94229014,11.32102604,11.33146861,11.71477196,11.92224405,12.28031719,12.43813293,14.67151431,14.87250271,15.18127953,15.40459361,17.04599152,19.51724041,22.56323093,23.68044292,24.03598791,25.12073978,25.49226338,27.0584483,28.38588766,28.54025705,28.55344889,29.29486191,29.85256253,31.05612864,31.22170672,31.29888046,31.3028321,32.05763369,32.24193696,32.434984,32.78836066,33.14240565,33.20707498,34.27640253,35.76013128,36.79872302,36.82127875,36.9934819,37.26068266,37.41005443,37.78804092,37.94712198,38.11521185,38.20132476,38.34286733,39.27714626,39.75554318,39.7862488,40.14869819,40.44092866]","[5,7,4,5,2,0,6,5,4,1,1,0,6,5,5,3,7,1,1,4,5,5,2,2,1,5,7,1,5,1,5,5,1,2,1,5,1,5,5,5,1,1,1,5,4,1,3,1,1,5,3,0,5,1,5,7,5,5]"
"[1.10455447,6.55983051,6.56637345,7.0341799,8.98463536,10.90536105,11.20747341,11.33835339,14.42871128,14.7312413,14.77478613,14.96071143,15.19266018,16.39186491,17.30272344,17.54476365,17.73396346,18.34002257,20.5898011,22.85587455,23.05949104,23.42477167,24.02512759,24.71795401,25.08944795,26.29649859,26.68925192,26.72320456,26.83570194,29.08308475,30.54590065,31.37473871,31.75656152,32.79170459,33.43657909,33.56135831,33.62488675,33.74242973,33.86567071,34.0595034,34.06625692,34.22004592,34.4385342,34.73354911,35.18061116,35.97555203,38.22183739,39.36084661,39.45075163,39.69102366,40.65695058,40.94711064,42.32079967,42.96776113,45.09940213]","[5,5,3,0,6,4,6,0,2,4,1,4,5,1,4,1,0,0,1,3,4,0,5,1,5,4,0,4,0,1,5,5,1,5,0,5,5,1,1,3,5,1,6,4,1,3,3,5,0,1,4,4,0,0,4]"
"[1.24352084,6.29565962,6.40479178,6.47966987,7.23568942,8.81112428,10.83497161,11.6144437,12.74469371,13.85535391,14.77613229,16.5269196,17.18500529,17.20128367,17.33629832,17.48279456,17.86460767,17.89478933,17.94674693,19.21736416,19.46995579,20.0237134,20.10577795,22.46665922,23.07391641,24.21807497,24.25400552,25.48813895,28.55695681,29.33627581,29.45395644,29.76103678,29.87630993,30.0479688,30.17471966,30.41881463,30.77915707,30.98521339,31.49093143,32.29283883,32.88301384,33.58977999,34.00968189,34.79717634,35.49753686,39.11631837,39.55960889,41.36740863,41.58897911,44.13915235,47.86661713,47.98603287,50.92644812,52.23443068,53.67980637,53.75435336,54.26523903,54.52237286,55.1015442,59.03742876,60.62396807,60.90629789,61.55398165,62.07488094,63.90669751,64.70325879,64.74304168,65.26719781,66.72422016,68.90736152,69.35401063,71.56709398,73.14103606,73.98597565,74.37425775,85.45841337]","[7,5,1,3,5,0,5,1,1,5,5,4,0,0,1,4,4,5,0,4,4,0,4,2,0,0,4,4,0,2,0,0,4,0,5,1,5,4,1,3,4,2,0,3,4,4,5,4,2,0,4,0,7,5,1,1,5,4,5,1,7,3,5,1,3,3,4,0,4,0,4,5,1,2,5,2]"
"[1.3012616,3.28138081,3.5247277,4.34762144,4.90988918,5.5951719,5.99512289,7.86838053,7.99163088,8.04273474,8.10535256,8.52116342,9.61177989,9.71906414,10.70404676,10.82941557,11.14021879,15.17030397,16.25107502,17.47786623,17.81216193,18.49570261,19.67579005,21.21877169,22.44719032,22.52588782,22.76275792,23.50478547,24.42829377,24.76208951,24.91458358,25.44554594,25.62824334,26.36654987,26.47804819,26.555235,28.79125936,29.46701872,31.4976768,31.69267527,34.18266905,34.67797423,35.21187855,35.49633162,38.12813202,38.54209573,41.06555197,41.46628411,41.50258414,41.81585266,42.98801739,43.6606078,44.31279516,44.31756,44.51499987,44.69249521,44.969759,45.25820676,45.58916798,45.6205391,46.79783883,47.9948285,48.23467691,48.6276276,48.83739871,48.92099296,48.97558307]","[5,6,1,7,5,2,2,4,0,4,4,2,0,0,6,0,0,6,1,1,5,1,5,5,1,5,7,5,2,1,5,5,1,2,5,1,7,5,3,5,1,1,5,7,5,1,5,1,1,5,5,1,1,5,5,5,1,5,5,1,5,1,5,5,5,1,5]"
"[2.78347584,3.42003633,8.03156679,8.19605366,8.30767105,10.57930041,11.18525955,12.02376187,12.12261091,12.70369845,12.83959146,19.09577511,19.64981275,19.84726722,21.12840079,21.46440227,25.13179083,25.48904359,25.85280536,27.9384946,28.13056774,28.16009657,28.81616071,29.52344499,29.72665654,31.10527035,31.86616201,32.41168252,32.98881748,33.36136497,33.66021155,34.29226704,34.36364636,35.83099841,35.84483476,36.67036749,37.20025498,37.46557365,38.16991916,38.22019554,38.36645378,38.56439365,38.72934009,39.72079585,39.7683494,39.91755656,39.9597652,40.13278736,40.60720529,40.65558475,40.73454372,40.79676711,40.96800904,41.11691347,41.29881095,41.54258037,41.75027843,41.79207752,42.02693728,42.06938086,42.60840504,42.62065998,42.67789194]","[2,3,4,0,0,0,4,0,4,7,4,2,0,4,5,0,4,2,1,1,5,1,5,0,5,1,2,7,5,0,5,5,4,0,5,5,1,1,5,5,1,5,1,1,5,5,1,1,1,5,5,5,1,1,5,5,5,1,1,1,5,5,1]"
"[9.32283659,12.12970533,12.16297003,13.60353583,13.68346219,13.70222894,15.1885008,15.50476843,15.75004688,16.66193945,18.98248541,19.44295882,20.22528283,21.4816419,21.67572856,22.1351882,22.41431384,23.47547862,23.50875098,24.11942388,25.08550509,25.52253993,28.06767031,28.79634262,29.626094,30.33221128,30.74213037,30.75162004,32.1193467,32.78301316,34.21382485,34.21766105,34.33462394,34.3436773,34.7030128,36.03490135,36.11145673,36.54709444,36.68123453,36.72405411,37.05288553,37.2935008,37.60071142,37.6945774,38.42701175,39.12710635,39.85235272,40.29963775,41.46326179,42.10132239,42.59514433,42.88283699,47.25664865,50.92167851,51.32470986,59.11276767,59.71842,60.24826582,60.44843907,60.45427213]","[7,1,5,0,1,4,5,4,5,1,1,4,1,5,1,1,0,1,4,3,3,5,1,0,1,5,4,0,5,5,1,5,6,5,6,1,0,5,3,5,1,5,1,1,4,0,5,1,5,5,1,1,2,2,2,1,4,0,4,5]"
"[4.21809385,6.84716057,14.96717627,15.16450628,15.37299533,15.43987397,16.0767959,16.83455197,17.85928987,18.47309158,18.50146542,18.64606793,20.11104366,20.13643926,20.3753936,25.0755413,25.21724044,25.66606007,25.96181978,26.13784246,26.45773554,26.57025542,26.667549,26.7668779,26.83030265,27.04872069,27.49149307,27.80895795,27.84811307,27.87684433,28.16395112,28.56994788,28.6295838,28.87520617,29.55814725,29.9394973,30.81334412,36.17453114,42.54837069,46.2137201,49.79742698,51.41336198,51.42916176,51.83501718,52.21291713,52.27556519,52.34433699,55.9326664,56.54375447,56.66798039,57.01436986,57.69823776,57.8149085,58.24566631,61.17474972,61.47451551,61.96710844,63.58733846,63.7976924,64.14181532,64.3175872,64.35690235,64.72447488,66.96436038,67.29581084,68.18021487,68.21610078,68.61279417]","[2,6,7,5,0,1,4,0,4,0,4,3,0,7,4,0,1,4,5,1,5,1,5,1,5,5,5,1,5,6,0,4,3,7,0,5,1,7,1,5,5,1,1,1,5,1,5,5,1,5,5,5,4,1,0,4,5,1,0,1,5,2,4,0,4,4,0,5]"
"[0.00055215,2.40858873,2.52398457,2.6754759,3.06120445,3.16013477,4.2520207,5.35079447,5.38442814,5.50187013,5.73538704,10.05492317,11.66813853,14.39490793,16.96288285,21.44555069,22.0760609,23.78539864,28.26120872,29.99577235,30.10390859,30.18505975,30.20017908,30.52723777,30.62117584,30.69047226,31.53605434,31.84235163,33.24883808,33.55153487,33.66619148,34.11702721,34.14636023,34.52245693,34.81490143,35.449947,35.61762543,35.83371164,35.96088,36.43582625,36.51666738,36.60830467,36.92979428,37.22723111,37.57491387,39.3988291,40.9664853,41.29741675,42.35420048,42.94660759,44.74794354,45.98156561,47.77371899]","[1,5,2,1,5,4,4,0,0,6,3,5,2,0,7,5,3,5,1,5,1,5,5,1,5,2,5,1,1,5,5,1,5,5,1,5,5,5,1,1,5,5,1,5,1,1,2,7,4,2,1,5,1]"
"[0.21760812,2.73535571,2.99316603,23.30264114,24.1922647,24.84172049,24.95900931,26.17384212,26.97372917,28.78842632,33.13227484,33.2823454,34.33403218,36.05004,38.17963556,40.09014634,40.76383424,41.15837689,41.65062919,42.03222437,42.68807291,43.21320254,44.62390824,45.01148331,45.59155218,47.38557889,47.69597473,48.47332728,48.49755791,49.07488343,49.18693378,49.32253175,50.28300195,50.72429245,51.11599935,51.51220504,52.52590872,52.70443829,53.58432644,53.63233783,54.57491525,54.72926455,54.98113533,55.33424109,55.66122509,56.14297329,56.46829963,56.7055462,56.85329849,57.40147946,57.59447891,59.96039502,60.2698303,61.54733917,61.71315228,61.79428158,62.29440677,62.70421248,62.76197181,64.19511046]","[2,6,7,5,1,5,1,4,5,0,1,1,5,3,7,5,1,2,1,1,5,5,1,0,1,4,6,0,5,5,4,5,5,1,1,5,0,1,4,1,5,0,5,7,1,0,4,0,4,5,4,0,4,1,5,4,0,0,4,4]"
