event_times,event_types
"[2.65584576,5.95585807,6.94391189,9.46330113,9.5927884,9.68224704,11.96497647,12.98320532,13.30904075,14.08538894,14.92048085,18.65095198,19.0533849,22.67981272,23.98293318,24.87793566,25.57960462,29.4305089,30.72399438,32.29952314,34.40681441,34.70139824,35.52014379,37.69709838,40.61671383,42.90954705,51.65810372,52.47771035,54.03471462,58.45726002,58.76823891,59.18837736,59.78948274,59.88855553,60.48197089,60.61274316,61.30043026,61.30452788,61.31314365,61.52245349,61.77560673,62.36282808,62.55491891,62.90330975,62.95437165,63.64920075,64.02642649,64.37570817,64.95230418,65.47920537,65.63893958,65.76725064,65.92695261,66.33886874]","[2,3,7,2,3,3,0,3,2,3,2,0,2,5,1,0,5,1,7,7,4,7,0,4,5,4,1,4,5,1,0,1,0,0,5,2,7,4,1,3,2,0,5,1,1,3,1,0,0,1,1,0,0,1]"
"[1.76059261,5.92198117,7.15395815,16.07224866,18.70543365,20.16248761,23.00630097,25.11250602,26.90946398,28.50731966,32.9602897,38.26983515,40.42571276,40.52065877,40.87497232,43.88933886,46.49470679,49.37928495,64.8163984,67.92388665,68.59704276,69.75804562,70.01213901,70.67312061,72.46933856,78.18556359,84.84262493,85.54237836,85.99206638,86.38579861,86.89466155,88.03715014,90.54984981,91.06365156,92.59388326,93.66228874,94.47766249,94.71958519,94.88656432,95.17329499,98.49789908,104.32493949,120.92196475,124.3401568,130.15783257,130.994203,139.65582443,141.26012477,143.22300951,144.36562273,145.93036847,150.46901923,152.23549525,152.53261816,162.8960092,163.7659315,167.346899,169.22435282,171.25614222,174.83885701,176.08829385,177.38914065,179.22507474,179.68111428,179.9972466,180.03333058,182.90680119,185.76467722,186.95786795,190.54468558,192.50082255,194.84044501,196.59693245,196.6929511,196.72999414,199.4858551,202.25421633,202.30898225]","[1,0,1,6,1,2,5,2,2,3,4,1,5,2,3,3,6,7,7,3,1,0,4,7,5,2,0,5,3,1,0,3,6,3,5,6,1,0,1,0,6,3,4,6,6,7,4,5,1,2,2,3,2,3,0,5,1,5,0,1,1,0,4,1,0,0,2,2,1,1,2,3,5,2,3,3,2,2]"
"[6.35915626,8.66641045,11.85476057,19.2535559,20.02650251,21.38989669,21.55049676,21.67470644,22.13207584,24.45927835,24.65699065,26.9378134,27.0235622,27.13728485,27.80241243,27.84630407,28.78673932,28.92932504,29.16936026,29.8609228,30.1434278,30.14550795,30.33631494,30.77278719,30.78290345,31.65440318,31.87602551,31.9592324,32.04729576,32.16159946,32.22331457,32.38606442,32.56680417,32.66244769,33.81167065,33.8445128,33.9627209,34.56456495,35.28730131,36.13927024,37.76947901,40.46712311,46.9343374,48.10054743,49.10013198,49.10089846,49.58811678,50.67547277,53.28912747,53.60209475,58.31198187,59.9560201,61.33414205,62.13643411,62.70524548,67.21817586,67.56888632,68.63762107,68.76060509,68.88180242,69.41321899,70.55356766,71.15970513,71.28586144,71.36311674,71.97464397,72.16353363,72.46610053,72.59993273,73.41167416,73.56432633,74.18578099,74.22259815]","[4,6,2,3,1,0,1,2,0,4,1,0,0,1,5,0,1,1,0,1,0,1,0,1,1,1,0,0,1,0,0,0,1,0,0,0,1,0,1,0,0,1,1,0,1,7,7,7,1,1,5,0,4,1,6,0,2,1,0,3,4,7,1,0,0,0,5,0,1,1,0,0,1]"
"[0.57477428,0.84744801,3.22768782,3.8057247,4.08060316,4.75221908,6.3968557,6.55912478,7.06728078,7.14209247,7.25878332,7.37531467,9.52327999,10.8516637,11.0820139,11.48041459,12.0793955,12.1077537,12.63810447,12.74251823,12.90411813,13.24539533,13.35904083,13.40715262,13.76577087,13.81999323,14.45474518,15.37186857,15.40964603,15.634343,16.11765917,17.27892423,17.90092635,17.99513435,18.4897469,19.99387773,20.2900009,20.56993966,20.67634226,21.04585351,21.48224414,21.52134148,21.96876362,22.8986119,23.09786901,25.01854309,25.90831207,27.57543569,27.89283672,28.37677453,28.45161983,28.78552496,29.18819926,30.12918191,30.64969388,30.81646789,31.36162137,31.40844954,32.49608902,33.17325125,33.80844337,33.96123416,34.64123391,35.23779686]","[5,5,7,2,5,0,3,1,0,1,0,0,2,1,0,1,0,1,0,0,5,1,1,0,1,3,1,0,1,0,2,0,1,1,2,0,3,1,0,1,0,1,0,2,5,0,0,1,0,1,1,0,1,1,5,1,0,1,0,1,3,6,0,6]"
"[0.71013261,1.2297015,3.95099206,5.05356994,11.79642382,14.57955387,18.85700726,19.59075651,19.91380132,20.24265118,22.36152634,22.4745134,30.74565519,41.28358266,42.16993324,44.34591898,45.30439332,48.3154043,50.42459513,51.46539306,57.7817945,57.98802334,58.18737737,63.48378823,67.72608323,67.74924644,67.79102639,70.10234237,70.11017478,70.4895737,70.77716472,71.18102473,71.73422223,72.21063185,72.47421037,72.98122115,73.16792541,73.27396652,73.59639869,74.05930336,74.06523339,75.01295078,75.44768214,75.52397037,75.60194612,75.67170345,75.94404897,75.99338434,76.19648836,76.39669329,77.14052039,77.38411714,77.7716099,77.81832032,77.86715139,78.12166061,78.19020239,78.21795707,78.7512501,78.9714757,79.14377154,79.68726459,80.8415374,81.31894156,81.36711981,81.79024914,83.49121433,83.5518683,84.16379654,84.60785062]","[3,4,0,2,4,6,0,1,3,7,1,7,7,5,5,0,5,7,7,0,0,1,7,3,0,1,1,5,1,2,4,1,0,1,1,1,0,0,0,1,0,1,0,0,1,1,3,7,0,1,0,1,0,1,0,1,1,0,1,1,0,0,2,3,0,3,0,1,1,0]"
"[6.0602112,6.08826716,7.53428392,7.89416285,8.15737453,11.40632619,11.41382818,14.34523202,16.61510408,18.32165661,18.9927571,20.85819844,28.98191723,30.34729036,30.78940221,32.52357287,32.92202508,33.92023661,35.97384673,37.35616742,37.88761229,38.54183124,39.02546047,39.65471949,40.20656843,40.81787323,40.84203476,41.7027149,42.30884639,43.09941032,43.51230399,44.47719123,45.71339423,46.12072243,47.97542256,48.97654887,49.0892364,49.28151935,49.47545145,49.65131309,50.20799928,50.76547397,51.32969951,51.46162376,51.49468769,52.07788445,52.52538939,52.87745721,53.57423112,54.54904516,56.61906975,57.05074921,58.52489295,60.46746603,61.42202418,75.84228723,78.98235863]","[2,3,1,2,4,7,7,2,7,1,3,7,5,0,1,2,7,4,0,1,0,1,0,2,6,1,0,0,1,6,1,1,0,1,0,1,0,1,1,1,6,1,2,3,0,3,3,0,3,3,3,4,7,7,1,0,1]"
"[1.80219645,3.47763033,3.53171165,3.59970546,10.4321416,12.14430692,13.02262394,15.38263449,17.5854587,20.61288549,25.300425,26.26649542,29.78152884,30.51553707,34.75192898,34.91748796,35.81028217,35.91671317,37.14190631,37.59859672,37.61573368,37.72051567,38.85479537,39.1347519,39.38553852,40.00705632,40.05699568,42.14107081,42.19781073,42.32243593,42.49733803,43.86771222,47.21717058,47.36766605,47.39197809,47.65481187,50.14343263,50.23864083,50.3457695,51.09152054,51.4287794,51.63984265,53.78035552,54.68883564,58.22783056,58.98341834,59.34286211,62.07037305,63.43762853,64.19176228,65.23780867,66.66039124,67.82299433,67.97638908,68.59798703,70.46346714,70.55423857,71.77947217,72.35490134,76.2911873,77.40648575,78.0672212,78.11167666,78.22471516,78.30729229,80.59183462,85.13902063,89.87212183,91.13762139]","[5,0,5,4,2,4,0,0,6,4,7,3,7,5,2,5,5,2,7,0,7,2,2,3,1,0,7,1,0,1,1,1,0,1,1,1,0,1,2,0,1,1,0,1,0,1,0,5,1,5,6,5,0,1,1,1,0,1,0,5,4,1,3,3,4,6,7,5,7]"
"[3.0504077,3.19241903,3.51847657,3.69600268,3.89032805,3.9681727,3.99995634,4.09968831,4.46775128,6.15039543,6.38342247,7.14039544,7.93175514,8.06687191,8.62687278,8.98350678,10.01676058,10.36075373,12.64263243,13.3639339,14.04429473,14.98178383,19.2142214,19.33844964,19.39039557,24.48186812,31.84074877,32.20150336,32.40865533,32.69602744,33.24190368,34.19649225,34.25876366,34.39855831,39.52817041,41.62047339,46.98576538,48.73509408,49.79414486,49.82118994,50.04621184,50.26016535,50.41008564,50.56330679,51.1974633,51.33843918,51.50569083,52.51401092,54.80875047,56.04883918,56.22466702,57.13783237,60.36609659,65.6820334,68.02532344,68.03399778,80.6072961,82.78364597,86.9646323,87.84685328,92.11496144,93.38861183,95.64820617,96.18388097,96.98978671]","[1,0,5,1,1,0,0,0,1,5,0,1,1,0,1,0,1,7,0,0,1,0,0,0,1,4,0,3,5,1,2,0,1,5,3,2,2,7,7,7,1,3,2,2,7,2,3,3,6,3,2,3,0,7,2,3,2,0,6,0,1,0,1,0,1]"
"[2.98263756,3.25396015,4.37343577,5.16397562,5.83981288,6.74493886,7.5537233,7.8696665,7.90513617,7.92751751,7.96223783,8.38177216,9.00403865,9.0431625,9.12098171,9.12324514,9.94416414,10.07155398,10.70268346,10.7277381,11.18099816,11.24273385,13.71181311,14.71914832,15.78884891,15.82029719,16.30784103,16.41274193,19.17403551,19.51911048,20.34321277,26.17062122,26.50889968,27.45568946,30.55346685,31.20119782,31.26164183,32.4723547,35.1187127,40.51335133,43.37670497,46.67550704,48.989032,49.07529381,49.10590278,49.78692876,50.8954637,51.01195088,51.06661483,51.39963798,51.47624697,51.82757108,51.85858554,51.90252093,52.12304794,52.25465224,53.04368269,53.11667359,53.24110526,53.42413772,53.51431245,53.97713543,54.26672392,55.41452314,55.88007107,57.49540183,57.52750598,58.37659266,58.77214587]","[2,3,3,3,0,2,3,3,3,7,3,2,4,7,3,2,3,3,1,3,4,0,5,2,3,3,2,3,2,0,4,7,2,7,3,2,0,5,1,0,1,2,1,4,6,4,0,0,1,1,1,0,0,0,0,1,1,1,0,1,0,1,1,1,0,0,1,4,7]"
"[0.58367141,9.28279773,9.33356066,10.03414563,10.10643731,10.75542835,11.57377758,12.18751951,13.07692649,13.72103344,14.82457273,16.9758607,17.22281006,19.66378547,19.90110169,20.00747387,20.31115414,20.37256676,20.3850704,20.58632765,20.67944887,20.68895971,21.11407368,21.47956197,21.85210561,22.12066006,25.60126497,25.72360135,25.88760984,26.04423447,27.53858586,28.65557694,28.65970062,28.73580916,28.94366468,29.04111055,29.4259293,29.83078192,30.43557488,31.06387425,31.23374602,31.66110885,31.85492018,35.74231447,36.14637018,36.40262574,36.69823619,36.78368204,37.7198484,37.85839462,37.99520452,38.14498362,38.42494779,38.75820068,38.82850944,38.91883901,39.02698064,39.07343029,39.76649766,40.91492239,41.57518391,41.76950334,41.80108109,41.83444885,41.95085775,42.10578329,42.24921396,42.35399913,42.98001529,43.13324708,43.45383209,44.39764126,46.15286149,52.34714899,57.04737745,57.16584441,58.75878261,58.78572476,59.41689037]","[4,1,0,4,1,1,1,0,1,1,5,3,4,2,3,3,2,2,2,3,1,2,3,2,2,3,2,7,3,2,1,0,1,0,0,1,4,5,1,3,4,1,2,0,1,0,1,6,0,0,1,5,1,0,0,1,1,0,1,0,1,1,1,0,0,1,0,0,1,1,0,0,7,6,1,0,0,4,2]"
"[5.99287073,7.44940301,7.63510989,9.62808297,11.04029218,12.52634979,17.94869312,19.44711052,20.69266947,20.97763411,21.20995783,26.03236379,26.2552395,27.54072005,27.67489,29.17886219,30.74737943,31.59719762,32.2715543,32.91813977,35.79411448,41.16591023,48.99874025,54.80230728,55.91511582,61.36292456,66.96296432,67.66153143,72.24134666,72.46909398,73.48473986,74.04018115,76.09414694,76.12737886,76.45008629,76.76584659,77.06708481,77.67774115,77.7814792,77.89384594,78.10761301,78.40981777,78.75956228,80.21060118,80.90866228,81.33533217,81.53448011,81.67460264,87.73589754,92.24633304,92.88295512,100.87072242,105.93546817,109.48403798,116.83985433,119.55658409,120.973128,121.06728874,121.5007236,121.9788327,122.4696583,123.39710576,124.08553488,130.72165326,134.84524599,134.96631359,135.26161037,136.89284582,136.98773398,150.66592355,154.76726937]","[3,2,6,3,5,0,1,7,6,4,0,0,0,1,0,1,3,0,2,3,1,5,5,3,2,4,2,0,3,2,6,0,4,3,2,3,3,1,0,1,1,0,1,1,3,3,0,5,7,5,6,4,4,3,1,1,4,3,3,2,3,3,2,7,0,1,1,0,0,7,4]"
"[4.26025083,5.46871415,5.68021208,6.84534827,7.26303369,7.30718002,8.66864175,10.53380251,15.75568906,15.97618599,16.3899647,17.10311333,18.35476081,18.87850461,19.7164737,19.88685008,20.39302944,20.53697468,20.61707237,20.95446776,22.52852864,22.61295953,22.96878131,23.16219981,23.93367003,24.39987274,29.73301652,30.5102484,30.68514235,30.72139046,30.79361953,31.18104442,31.30786722,31.35795168,31.46488678,31.50380685,32.29323441,32.56256627,32.6094849,32.80633576,33.12990964,34.64504206,34.8047008,35.00389906,35.40593571,35.58610692,37.38372638,37.70053086,44.35614464,45.40456167,46.40137311,48.48715027,50.94191596,51.61772449,54.01309661,54.21060064,54.35061519,54.46572758,54.95645853]","[6,6,6,4,4,6,1,0,1,4,1,0,1,1,0,0,1,0,1,0,1,0,0,1,0,1,0,2,1,3,1,1,0,0,0,1,0,0,1,0,2,0,1,0,1,0,0,1,7,5,2,1,2,3,3,2,2,3,0]"
"[2.3354795,2.63338574,6.41112688,7.80571448,8.06394514,9.73713586,15.79943588,17.48343103,18.3774714,18.38619877,20.66036825,21.77112318,22.06103761,22.15058445,22.66500399,22.97594771,23.31226233,23.40252643,23.90885359,24.27779152,24.92188694,25.70972693,26.89130196,27.1930937,29.89918653,30.91010002,36.17617202,36.4513078,36.97758542,40.82420291,49.15597314,50.74700659,52.94859786,55.65970578,58.10669287,58.75340547,59.17241649,59.57802318,60.24953667,60.32626815,60.54045007,60.73167403,61.0488364,61.28075236,62.17123315,63.69450152,63.7333828,63.77486461,64.19332273,65.76355083,67.10153125,70.07508108,70.22586252,70.46760359,70.88939556,71.71970656,71.90763537,73.31788261]","[7,1,2,3,6,3,0,1,2,3,1,0,1,0,0,1,0,2,1,0,4,1,5,5,0,5,0,7,7,5,5,7,1,0,0,1,1,0,1,2,0,3,1,1,1,0,3,1,1,0,0,0,1,0,1,1,0,5]"
"[1.49341633,3.38595412,8.83797992,9.26793009,9.6481983,17.26751391,18.12817704,22.70359742,24.58776933,25.63306312,25.93771058,26.01451176,26.42854927,26.63480344,26.63729026,27.16697898,28.34523982,32.01758762,32.43626231,32.53915238,33.45488699,34.04768992,34.6362529,35.86087288,36.28516698,36.7942893,36.80390879,37.89470544,40.21355932,40.29332061,40.37501416,40.49698926,41.2785865,41.70213501,42.11327994,42.6280692,42.88871688,43.73383978,43.98884687,44.56615717,44.86791212,44.86998189,44.97969587,46.03144104,46.33922839,46.80999129,46.93456871,47.20805575,47.37034433,47.82480414,48.01799066,48.02148224,48.2362672,48.75817084,49.22393107,49.74425546,49.7514673,50.39674597,50.62471988,50.72537876,50.82022592,51.30081788,52.18989508,53.26449168,53.50903208,53.86977265,54.17615476,54.31813389,55.48474008,56.13615973,56.80454959,59.95322225,60.24109643,60.60943633,61.17329112,71.04901076,71.52863313,73.54913064]","[2,6,5,2,5,6,5,6,0,1,6,0,1,0,1,5,4,2,0,0,1,1,4,0,2,3,1,0,1,0,0,1,1,1,0,1,0,2,3,1,0,1,1,0,2,0,1,2,1,3,0,1,0,3,2,6,5,1,0,1,1,1,1,0,0,1,1,1,0,1,5,7,1,5,0,1,0,5]"
"[1.36809602,1.57567034,1.94329857,2.45040937,3.7476335,5.35857844,11.02724315,11.8331065,19.87266803,20.56195283,22.09045874,23.48539701,28.35725976,29.32422076,30.57281545,30.90021989,31.25225939,32.42447351,33.05346667,37.43695211,38.48827564,48.7361455,59.02460116,60.15971532,60.38083889,63.81089139,65.59016493,69.55669747,71.9155549,72.68497738,73.98706513,75.60544383,77.84493171,78.43854964,80.19592354,81.53636032,83.33818622,83.89880506,84.06218623,85.56428346,87.72725936,88.37697375,89.3956305,89.62033999,90.386725,91.62904014,92.09711332,92.76693838,94.46497912,99.62849274,100.56450364,101.4238585,101.67102802,102.36685062,102.89524712,103.41899553,103.5349425,104.82532279,106.03013115,114.42914527,122.95427949]","[5,0,1,1,0,1,3,5,2,3,7,2,3,0,5,5,4,1,5,3,2,2,4,2,6,4,6,7,3,1,3,3,2,2,3,1,3,2,1,7,0,0,3,1,2,3,4,1,2,2,2,6,3,6,2,3,2,2,2,1,4]"
"[3.4343382,12.78857423,15.89521551,15.9447625,16.53551933,18.65166333,24.31586773,27.85698448,28.58949087,30.38265363,31.62395534,31.96662019,32.03450398,32.25235735,32.78982088,36.0143979,36.34956901,36.579826,39.37060037,39.83163077,40.66073075,41.00379764,41.49067459,41.71422018,42.71050022,44.986254,48.29840909,48.9048216,53.56868462,55.18036576,56.06869108,67.13559231,67.4613565,67.65119374,67.82783845,67.94847168,68.00966201,68.08043121,68.13284666,68.21212514,68.28157019,68.28570985,68.58387243,68.65713915,68.93189222,68.96247592,69.01721117,69.11211401,69.12950606,69.1310774,69.28722853,69.49385909]","[5,7,2,3,1,3,7,1,6,5,2,1,0,6,0,3,0,1,2,3,1,3,0,0,3,3,7,6,2,7,3,2,1,3,0,3,3,2,2,3,3,0,2,3,3,2,2,3,4,2,3,3]"
"[3.73979177,4.93864442,9.5217974,9.72499664,12.08797721,13.55462868,14.09933847,14.20528072,19.08355474,19.73932989,23.41895948,29.22405155,37.57778424,45.6588495,46.44364189,47.46270807,47.49365856,48.38261895,48.44117994,49.68540587,50.53101738,50.87931278,51.90201769,51.95572992,55.00012065,56.90980908,58.24282201,60.80958903,61.60792945,62.95055799,64.64336494,79.65816375,80.71113229,81.70305106,82.31248917,84.59452085,85.45500423,91.15785372,92.38237098,92.51327372,93.62169319,93.79301205,93.97239292,94.16005063,94.52819559,94.77025821,96.12439866,96.5536316,96.57424993,98.85717017,99.14915325,99.68217914,100.56464117,104.09679634,110.00730819,110.42778513,112.85597259,113.92193359,114.20154228,114.91537031,116.18521971,117.44800202,118.35634415,120.17014122,127.39879193,129.59523175,129.84374537,130.40954673,134.44335116,135.56657999]","[2,5,2,3,3,2,7,2,3,4,5,1,6,0,0,1,4,1,0,1,0,0,0,5,1,1,5,7,0,7,3,1,6,0,1,2,2,0,1,1,0,1,1,0,1,1,2,5,1,0,3,1,7,2,4,0,0,5,1,1,0,0,5,5,6,3,4,5,2,7]"
"[2.08459918,2.70402148,3.52900509,3.86073146,6.56823389,9.84094402,11.46042693,20.07424962,20.84661678,21.14190763,21.40321651,21.63018263,24.30721802,26.61511516,35.76912571,36.87139497,37.00235028,38.04392268,42.15256453,43.97538926,44.13774499,45.75598689,46.1481547,46.31570813,46.53566,46.92175357,47.08623198,47.17261371,47.31091783,48.36999419,48.40618225,48.85020113,48.89473336,49.71996337,50.68387722,50.88769787,51.0501395,51.28392421,52.16177054,52.17812163,53.68343836,54.10418786,54.24238801,54.48142885,55.55425992,57.37548162,59.95681631,60.67536132,62.76851319,62.9639597,64.07437866,65.4554333,65.70098003,66.66215816,69.63492565,70.54431811,72.88501857,74.17638619,75.15533657,75.18616866,82.43105511,83.06809363,90.88354414,93.77337895,94.32630733,95.36603805,104.17776642,104.95435393,109.04375683,109.85938109]","[1,0,0,1,1,5,4,5,2,3,3,3,5,7,0,1,1,0,0,1,0,3,3,2,2,3,3,4,2,2,7,2,3,3,3,3,2,4,7,3,2,2,2,3,3,2,6,3,7,2,3,3,2,2,3,1,0,1,3,4,7,4,1,3,2,3,1,1,2,7]"
"[5.41778098,6.34980202,6.50052293,6.70617406,6.82606344,8.02426953,8.17472222,8.24078779,8.63957817,8.91888821,9.32729274,10.73855713,11.11710012,11.7712323,13.28029976,13.50449236,13.52987075,13.64931935,15.33886566,15.80694865,16.05430273,16.21861588,17.03373289,17.25680205,17.39904287,17.61589282,18.20059742,18.48076034,18.48131415,18.57991933,19.05333634,19.14729831,19.39462662,19.81692969,20.15405913,23.15724798,25.300233,29.72184381,33.3213371,35.79290494,36.85685838,37.37101236,38.96684886,47.22912073,49.5945746,49.60761135,54.5544815,55.90314933,59.26598121]","[0,1,1,0,1,0,1,1,0,1,1,0,1,4,0,3,1,7,1,1,0,1,4,1,0,0,5,1,0,1,0,1,0,1,0,5,4,5,2,7,4,5,7,7,1,0,3,1,3]"
"[0.171163,4.38760525,6.41268567,7.4335774,8.61526585,17.68893546,20.97094967,23.38570782,23.50625958,23.85288198,25.51497825,27.1290602,28.29657495,28.61599325,29.72257524,31.24740988,33.54365664,33.78885083,34.21979078,34.27701677,34.27973296,35.42522774,35.94363527,37.90468933,39.42254718,41.08572386,41.50013895,41.67275197,41.72319553,45.71866173,46.01907916,50.11298504,50.67307084,51.00076217,51.90317943,52.293418,53.23071149,55.21416209,58.27851863,58.50337379,59.56393466,60.27264526,60.48732251,62.16839023,62.48337114,63.45547541,73.04855119,73.05922148,73.98579678,74.49759644,75.09967566,75.13168227,75.53765188,75.73062863,76.32283045,76.7304836,78.96814036,79.90137794,80.00404324,80.20132198,80.9573204,81.07531596,81.41609589]","[5,7,6,1,2,4,6,7,4,1,0,0,1,0,1,6,1,5,0,1,2,0,3,0,2,6,1,1,0,0,1,1,0,1,1,0,0,1,0,1,0,1,3,4,5,2,0,5,1,0,1,0,1,1,1,4,1,2,3,2,2,3,3]"
"[7.5281396,10.17910292,15.0533048,15.6085639,15.81260202,16.353783,17.02952994,17.52449063,17.55789778,17.68961657,17.76921464,18.95676304,21.90560974,23.84190678,35.52462899,39.39659972,40.56726346,40.58483986,40.95711599,42.09684591,42.5890569,43.64315117,43.83088614,43.8610837,43.98903556,44.18840576,45.17709443,47.48967197,48.57200722,48.91998115,53.56937595,54.71146573,56.4523161,57.17424998,58.79683104,58.91108707,59.47591818,60.67274148,62.91274397,63.20191575,64.03126183,64.22590786,65.01098025,65.68297603,66.82198111,67.11796953,67.54832028,67.66924629,69.66657645,69.99839591,71.57306676,73.14171113,93.04880923,94.30285921,96.72966897,96.86365058,103.19425873,103.64686787,106.38299187,110.82066091,111.01428973,113.0395148,114.12568514,117.02965921,118.32551096,119.32967791,120.77703926,122.4827927,122.58933949,123.88118021]","[0,1,3,3,1,3,2,0,2,1,1,3,0,4,6,0,1,1,0,6,0,1,1,0,1,0,5,0,1,5,1,2,3,4,4,3,2,4,2,1,2,0,7,4,1,0,1,1,5,1,0,1,5,5,7,2,1,0,2,3,1,2,3,2,3,3,2,4,5,3]"
"[0.11590178,1.06874335,1.26037926,1.26602402,1.29780973,2.14221774,2.28323243,3.83979352,4.00402634,4.83769881,6.23412406,6.71563748,8.19969867,11.47995869,12.35046394,13.88549465,18.60795355,19.70129245,21.0006222,23.97600105,26.79831181,28.4520624,28.45655808,29.22088344,30.15015413,34.94527007,35.3000738,35.99522016,36.1525125,40.50601911,41.15535698,43.90275746,45.23717914,47.055111,48.99004539,55.01157075,61.68024074,61.77388923,63.34088808,67.00268115,68.11933889,68.15216629,69.87153979,70.33971497,71.39967588,76.77977983,76.99008109,77.35944869,77.75299597,78.95761736,79.99241559]","[7,2,1,3,3,7,1,4,0,1,1,7,2,0,4,1,7,0,7,1,1,1,7,0,1,0,1,1,0,2,3,1,2,2,3,2,7,7,7,4,2,3,0,5,4,3,2,2,2,3,2]"
"[0.95665912,1.62378626,5.71392411,5.87351374,6.24486231,6.39131877,6.47338064,7.45299195,8.85039751,10.13220322,13.95767776,14.95297592,19.4225144,19.52350225,20.63851297,27.32481722,28.45801362,33.27374504,37.79811574,40.97319615,42.74171122,45.87477414,45.98578298,48.8608527,50.08597102,51.6619825,52.98419015,58.47621982,59.07504265,60.55541901,61.49018868,61.52279397,61.73662582,64.74357895,65.42155552,66.16636613,66.32968785,66.42861189,68.33120833,69.30232627,70.29495212,70.29933881,71.55009476,72.09119956,72.24640281,72.70860687,72.84076478,72.86488311,74.4362522,81.1762199,83.97160573,87.11475258,88.82830143,89.00633676,89.00662605,90.59029223,90.95375158,92.6612784,93.49284498,95.95727054,96.4730736,96.56941439,100.45846498,100.81484892,101.99261608,102.23438916,102.90557339,103.36514451,104.50606421,108.47005264,110.45798091,111.35789643,112.35346171,115.04323224,116.84209446,116.9026677,117.18310414,117.65108444,117.82634384]","[7,4,1,0,1,0,5,1,5,0,1,6,0,0,1,4,4,2,6,6,7,2,3,0,3,3,7,2,1,1,7,1,0,0,1,1,0,0,1,1,0,0,0,2,1,0,1,1,3,3,5,2,1,3,0,1,0,0,1,1,1,0,0,1,1,0,1,0,6,5,7,2,2,3,3,2,2,2,3]"
"[9.00210919,11.28868344,13.90317573,14.57536009,16.09871938,17.1268192,17.15476604,17.68626769,17.833531,19.91706977,21.46527588,22.2544614,22.30640758,22.57855358,22.87609898,22.98873669,23.18303923,23.81319158,24.8510517,27.90222084,29.2687118,30.67421388,32.09523431,33.62889646,34.08730431,34.59837446,34.66365665,34.8141128,35.27663552,35.5215832,36.54316675,36.63253132,37.69990523,39.01654303,39.42466755,41.56635378,42.54441385,42.55672035,46.65391618,46.83950258,56.95185624,65.42133138,65.43758988,66.24398506,68.32036221,68.61103022,69.87964267,69.88196123,69.91075413,77.18695567,77.26171981,80.37075302,81.48393189,82.36482401,83.12815091,83.13728918,83.59124835,84.99894846,86.50179318,87.85686292,88.71963417,94.56428104,97.64233932,101.28285562,102.83374976]","[3,5,7,1,0,1,0,0,1,1,5,0,1,1,4,0,0,3,1,1,0,7,1,4,5,2,6,3,2,3,4,0,1,0,2,1,0,4,4,3,7,2,3,3,1,0,4,1,0,1,0,0,1,0,2,3,1,3,1,7,0,0,5,5,2]"
"[2.28531725,3.50796539,4.9080978,5.07218234,11.50759806,12.74605375,12.78075189,13.12395664,13.4149272,13.78650773,13.99001468,14.03667757,14.96814934,15.45377816,15.61148052,15.66734663,15.9966278,16.31492143,17.4699329,17.47474902,17.66605986,17.94434162,19.26354614,19.27243331,20.10048899,20.20188589,21.47420125,21.54628641,23.00991917,23.87405647,23.90284897,25.38805911,29.88154739,31.54904944,33.58424748,34.1784075,36.86090673,37.61961775,37.85514313,40.13861623,54.61744626,57.01704296,76.95641193,79.4215764,79.72753426,83.76499148,84.31747647,84.62337546,89.30810343,89.38287236,90.32002915,91.52625806,91.85564096,92.76314204,92.89000246,93.43865713,93.67401014,94.79210908,96.42283225]","[7,7,7,7,0,1,0,0,0,1,1,1,0,3,0,3,0,2,0,1,0,0,3,1,2,3,1,0,0,1,1,1,1,7,6,0,1,0,1,5,5,2,5,2,2,5,1,7,0,1,6,3,2,1,0,0,2,7,1]"
"[1.25467162,1.51858485,3.82725892,5.63532041,18.23113758,25.60609437,28.59718178,28.90571893,29.88183102,31.90546314,31.94252933,32.42241413,33.80669245,34.01883429,34.20923209,35.10782062,35.54068928,35.91133178,38.3681931,39.18068946,39.3772006,39.76275941,40.32513798,40.91209753,41.9432767,42.45790338,43.78727542,48.29463055,50.5394272,53.15251648,55.66534651,56.0450818,56.63024316,62.51668405,65.39991567,69.05699496,70.48993429,70.93319299,72.04807857,77.396703,79.20025906,79.34190746,80.13669252,80.30824081,80.64308535,80.65984432,80.94689948,80.99476848,81.11730635,81.14072777,81.47211217,81.99130563,82.31238342,82.56947487,83.59494359,84.11871663,84.47269342,84.62498681,84.72700485,84.74975906,84.9743265,85.16747168,85.64632621,86.05892022,86.92195914,87.18307981,87.52291161,87.72914498,87.91067058,87.92610248,88.28835895,88.6634099]","[2,0,7,2,1,5,2,5,1,2,3,3,2,3,0,1,1,3,3,2,4,5,0,1,1,1,1,1,0,1,1,0,1,3,5,5,2,3,5,2,7,1,2,0,0,1,0,4,1,1,1,0,0,1,0,1,0,1,1,0,0,2,5,1,1,1,0,0,0,0,0,0]"
"[2.04123417,4.90228405,4.94763909,6.11771599,7.37068572,9.27408751,9.55945409,15.31889023,18.06369986,18.52011717,20.61038522,21.13744202,21.78294961,22.04705571,22.73956896,23.61026631,23.99172274,27.78092855,28.74457055,32.24592761,38.16870028,38.18742614,39.17565681,39.18858165,39.36468154,39.45527804,39.46170075,39.54244516,39.85507983,40.10157558,40.35922473,40.45227072,40.5043061,40.98134697,41.14792793,41.44456733,41.75285097,42.70426439,43.55604546,43.94677259,44.0441904,45.00528128,46.33425958,47.01569826,47.34445371,48.81655374,49.15949296,56.18724889,59.24022665,60.8076176,61.39140444,62.03598612,72.16226883,77.15972948,77.17197414,77.69429402,77.95753298,79.66234855,79.68123825,80.53244607,82.75836904,84.79120676,86.99299414,87.76675351,88.58552345,89.43977112,89.55530828,89.5791277,90.0381649,90.30550394,90.36756276,90.43220632,90.63373597,90.67006703,91.53470443,92.42216368,92.81974308,92.89413674,94.99300803,95.40961616]","[2,1,2,0,7,5,1,2,2,3,3,2,3,2,7,3,2,3,5,3,1,0,2,1,1,0,1,3,2,1,0,3,1,2,3,3,7,7,0,0,3,2,5,3,1,1,0,4,5,6,2,1,5,5,1,5,0,0,2,3,6,1,0,1,0,0,1,1,1,1,7,0,0,5,5,7,1,1,1,1]"
"[2.99920406,5.94599978,6.10772642,6.31483731,7.14622005,14.18039484,22.08184248,24.70465521,28.59295488,29.18451024,29.22977341,31.09090159,31.53013727,32.12011345,33.71536056,36.18485134,36.63232492,37.89061252,38.25742917,38.31031363,39.57871838,39.97210618,41.45485081,42.79215939,42.96184066,47.08372852,47.39755135,47.47956876,48.00341785,51.85205018,54.00922435,54.22609973,54.43531827,57.16424262,57.98338096,58.02394386,58.19705178,60.17119103,61.39409124,62.19899678,63.69996874,64.49133178,66.63553807,67.33106133,68.89966018,68.91832246,69.43125671,69.49051557,70.18035625,70.47426917,71.88877963,72.05510134,72.09921047,72.29146064,72.9105662,72.97319532,73.03371473,74.14785731,74.25795367,74.38845154]","[0,1,0,4,7,1,4,5,2,2,3,3,3,3,3,1,0,3,4,0,1,5,4,1,0,0,1,6,2,2,1,0,1,3,0,0,1,0,1,0,4,1,1,0,1,0,1,1,1,0,0,1,1,1,0,0,1,1,1,1]"
"[3.72642024,5.44700868,5.44783507,6.10898267,6.53364454,6.88595892,6.94684183,7.1847167,7.28101431,8.00789698,8.12901185,9.54121501,9.85820844,9.96026341,9.9857998,10.23582158,11.04551314,11.04798508,12.3604896,12.64942722,14.06213438,14.83382037,14.98929344,15.32697699,17.39366065,17.3949773,17.43172766,17.90496235,18.29766563,21.25140337,27.56663953,28.01916235,28.28573616,28.70708311,28.84411397,33.47769796,35.35277689,36.4466527,36.90273224,38.2341647,38.26634345,38.79906035,39.30770982,39.37209738,39.40984923,39.55863437,40.76154628,40.82189782,41.22767635,41.2576148,41.38301584,41.9158743,42.6309625,42.80433834,44.59385747]","[2,2,7,2,3,7,3,3,1,7,2,0,3,1,1,0,3,2,2,1,0,4,1,1,0,1,0,1,1,1,7,3,5,2,6,2,0,0,2,1,3,1,0,0,2,1,0,1,0,1,5,7,3,2,3]"
"[8.9548391,11.4238287,12.01121569,12.59481784,12.61533277,12.85802642,13.34559893,13.5886455,17.36038105,17.65779105,18.4117056,18.48795763,23.25950126,23.91002915,25.71822709,27.74170563,28.49327217,28.51364374,33.53839281,35.53808105,36.29690753,36.70706293,36.73534514,37.21435211,38.03407923,38.34881703,40.70072112,43.1660035,43.86879876,44.01296619,49.18204167,51.69820879,58.27002228,59.38968556,59.53049194,60.21414005,60.69857321,60.74054423,60.76063742,61.23020406,62.13420142,62.84713925,64.16002062,64.18173763,64.29965471,65.40449691,65.96596948,66.90005767,76.75755766,83.00901688,84.19301138,84.89523015,85.87449681,89.16592592,90.04230674,90.25772862,90.37895908,90.58425451,90.95470931,91.10112031,91.11924698,91.71680642,91.92173604,92.00691054,92.30374676,93.42531164,93.53044953,93.55196736,93.56257611,93.66169059,94.22335727,94.23727887,94.23757465,94.29504452]","[3,1,0,5,1,4,1,7,2,3,2,3,3,2,6,1,7,1,0,2,3,3,3,7,2,1,2,0,5,7,3,4,3,0,1,2,0,3,0,1,2,3,1,0,3,1,2,1,5,0,3,5,0,1,0,0,0,1,0,1,1,0,7,2,0,7,1,1,0,0,2,3,0,3]"
"[0.44868309,1.69142761,2.45223839,2.9713105,3.80673184,4.71082433,10.20736094,10.62385206,11.99348883,12.45804957,14.02868139,14.82480109,16.26219201,16.59166137,16.74548892,16.94707384,17.48825828,18.82188384,20.06860933,20.10757572,21.24135549,21.28838686,25.3045839,25.50694772,26.27629306,27.36515644,33.36921596,33.9839482,35.92660771,36.03500838,36.43546201,36.81150247,37.23121401,37.98477405,38.40256042,39.61797716,39.73159531,40.54832086,40.88265303,41.89111061,42.00777704,42.3380228,42.61126113,42.86876604,43.12224874,43.43767423,44.23759122,44.59404126,45.08485821,45.49191981,47.50034433,48.36745909,48.78248431,48.78726651,49.36949082,50.00698087,50.323781,50.47743072,51.03469417,51.71351685,52.60301459,53.3301291,53.92624964,57.99761101,58.21893319,59.06560791,59.75737107,59.8661297,60.50240125,61.90966471,62.92883689,64.63801233,66.6580838,67.27634012,68.71020712,69.25077568,69.57759154,74.81952812,77.11431826,79.02834797]","[2,3,4,2,1,0,2,0,1,1,0,2,0,5,0,5,3,1,2,2,1,0,7,0,1,7,1,7,0,1,0,1,1,0,0,1,1,3,0,0,1,0,3,1,0,7,0,2,3,1,0,2,7,6,1,3,0,1,2,1,0,3,2,0,7,0,1,1,5,3,0,6,5,2,2,3,3,2,3,3]"
"[1.28207224,3.20208468,3.23670826,3.28495386,3.70950441,3.95388567,3.98217731,4.02799078,4.16542185,4.2416783,4.28527516,4.41522744,4.95878943,5.42514319,5.44712258,5.63880703,5.80128489,5.97675638,6.44879646,6.96765118,7.44073755,8.07466589,8.08023599,8.18902279,8.64107999,8.97600451,9.13552723,10.37261471,10.64105106,10.97918221,11.38121517,11.53868263,12.03032544,12.06228773,12.1438903,12.19421268,12.41026619,12.60010841,12.87776204,13.28331591,13.48424636,14.87373159,14.882791,15.27720543,15.35016922,15.49523224,15.81475668,17.26075388,17.33204002,17.73307124,19.23474863,19.39243482,19.67613505,19.82715323,20.20965517,20.5355426,21.36686044,21.5067789,22.28054219,22.63169207,22.92860232,24.44704604]","[7,0,6,1,1,0,3,0,0,2,1,1,1,0,0,1,0,2,1,0,0,1,3,2,2,3,1,1,0,7,0,0,2,5,3,3,1,1,0,1,0,1,3,0,0,3,0,1,4,1,0,5,0,0,2,3,2,1,1,0,2,3]"
"[6.21267434,9.72907931,10.4613392,10.80698473,11.28084361,11.5240768,11.85743154,14.85491553,16.10360721,16.23962514,17.13691012,18.0984804,18.24347169,18.35947624,19.17001404,19.17684386,19.43580236,19.88995406,20.00379221,20.02055447,20.3060673,20.43629696,20.55642431,20.5754872,20.66488667,20.68669308,20.88676907,21.31436323,21.32064705,21.60920843,21.69305872,21.85267901,21.97275128,22.20242107,22.23926763,22.25445639,22.30158725,22.37219249,22.58515734,22.69970902,22.80321697,23.08419998,23.35844427,23.4881843,23.618891,23.81865691,24.47422576,24.55833349,24.61130037,24.83102767,25.01165834,25.12037367,25.13306602,25.32837674,25.90814533,26.17457424,26.19693845,26.47309218]","[5,2,0,1,1,0,0,5,1,0,3,0,2,1,1,0,4,0,1,1,0,0,1,1,2,1,1,1,0,0,0,0,1,0,0,1,1,1,0,0,1,1,1,0,1,1,0,1,0,0,0,1,1,1,1,0,1,1]"
"[0.07458713,1.13778786,4.37134984,8.04133123,8.30314718,10.42322895,11.15465174,14.04105713,15.8115739,19.49903169,23.62870879,25.68792138,25.9252936,26.50019796,27.3344813,27.47794349,27.48510782,29.35077938,31.8271345,31.99165083,33.90708812,34.29290427,34.79599296,34.79973565,38.57105468,39.89875422,40.13067824,41.10603008,41.35501856,43.37390769,43.516886,46.43105936,46.47835145,46.67429451,46.72132113,46.85071632,47.94371079,51.4164272,51.43180622,52.11876569,53.46521943,53.56267555,53.76628415,54.06290506,54.77449837,55.28675859,56.05643692,56.8188789,57.27408962,57.34162511,57.34824474,57.42427777,58.21573167,58.26578094,58.27255714,58.42670853,58.57978077,59.4974486,59.51504846,60.36941892,60.52393205,60.69340597,60.83069906,61.41073636,61.93120079,62.44140758,62.50995413,62.76467393,62.81952078,62.99071791,63.07788947]","[6,5,5,5,5,0,0,1,7,4,0,0,1,1,0,1,0,1,1,0,2,0,5,1,3,3,1,5,0,5,5,0,5,1,0,1,0,0,1,1,1,5,6,2,3,5,1,1,0,0,1,3,5,1,0,0,0,1,0,7,1,0,0,1,1,0,0,0,1,2,3]"
"[2.59808078,2.70560354,2.73759883,11.16593818,11.22986457,14.19385723,14.2678679,16.57103807,17.02695603,17.89852052,22.19998034,23.79835269,27.41673007,32.61190518,33.51052107,36.88946982,39.3825072,39.67083633,39.89445103,40.49460068,40.51125908,40.82120171,41.27675092,41.46939492,42.12893296,42.55268253,42.80058151,43.21840544,43.6056619,43.79976178,43.90290142,43.99546298,44.26504644,44.35536473,45.52534564,45.82096509,46.46567012,46.63710257,46.660432,47.52534823,48.34152769,48.38310299,48.85306834,48.99412788,50.06599837,52.92036276,54.69100786,56.11649625,56.88639993,57.3821674,59.40280342,59.78459889,61.20681157,63.31806124,67.56307906,68.72824404,71.26774982,72.73626431,72.8798671,74.78870395,75.00517585,75.55830781,79.32591408,80.32856398]","[2,7,3,1,6,2,7,3,5,0,1,4,2,0,1,1,0,1,0,0,1,1,1,0,4,0,1,1,0,1,1,1,6,0,0,1,1,0,1,0,1,0,1,0,0,5,5,2,5,1,2,5,4,5,0,1,2,1,0,4,1,0,4,5]"
"[0.43627831,1.28391541,2.42412609,3.25451118,3.46921003,5.07961361,5.3220159,5.52284581,17.9638177,18.60889049,19.08221134,19.53903812,21.59616669,25.77505435,27.46965893,28.72541764,30.18621064,32.81627251,34.7608514,35.02258072,37.61887825,41.85015263,43.05968578,46.42543022,48.32738505,48.74296942,49.10901191,56.71674806,59.57739567,59.78227202,61.46404532,64.35903416,64.83469542,74.58097455,75.28293742,80.61262648,85.63437673,87.41956041,87.92769603,89.4576117,90.25577544,90.40988022,94.49954932,96.56981673,96.92111521,98.41384249,98.59553886,98.88871465,100.45928006,103.44354883,106.54268973,110.25951815,112.12152135,112.19326182,112.93472162,114.25881532,115.6880253]","[2,4,3,5,2,2,4,3,0,0,1,5,0,5,6,7,5,1,2,3,5,3,7,5,1,0,1,7,5,6,5,7,6,2,3,1,7,3,7,2,5,4,1,3,7,2,4,3,1,3,7,0,5,4,4,0,0]"
"[3.1176882,4.2100904,4.97749746,5.01231959,6.2021836,6.23942826,7.5997487,9.09726427,11.92472223,15.11850181,43.78543944,44.19456646,52.48312819,52.66954048,53.27915648,53.65110597,55.4361549,55.55908902,56.48523096,57.57977692,57.92668341,59.89988679,61.86936524,63.31461625,66.51080246,69.69849481,76.35497265,76.38733508,76.54890285,79.70464017,79.85973758,84.89570722,85.70847446,86.74889423,91.47518096,92.51006036,95.91650936,97.35024195,98.57889559,99.82100661,100.89832075,100.9746321,101.93221684,103.53776543,106.84589684,107.33938561,107.7922731,109.79215214,120.76471259,122.03588521,122.20066908,122.22318534,124.33502024,124.77832101,125.2699977,126.19988693,127.73477131,131.44597093,132.1660316,133.80892866,134.6873343,135.35464252,136.25126664,137.33526549,137.6929876,137.73685849,138.13442982]","[7,1,0,1,1,0,2,4,3,5,5,4,5,5,4,0,2,1,3,3,2,5,0,1,1,0,0,7,1,0,5,7,5,7,7,2,1,6,5,5,1,0,4,7,1,3,4,5,1,0,1,0,0,1,0,1,0,2,7,2,7,0,3,1,5,1,2]"
"[2.02695552,2.1407069,4.00149371,7.5628551,8.47113344,10.06622419,11.02529436,13.04239069,13.21712227,13.32415512,13.46218515,14.06279729,14.58610272,16.80313502,17.17409475,17.38021635,17.90633825,18.25026436,18.2976505,19.33027679,19.64480718,20.90636084,22.69545682,23.6252908,25.10673353,25.95868801,26.88944486,28.32490749,29.08188356,29.38672593,29.66549844,30.52086808,35.02358563,35.98004277,39.78982383,39.90027243,40.23100907,40.26000047,40.79921504,42.03828931,42.9700814,43.00386558,43.19991365,43.47004846,43.95509459,44.0998824,44.75465894,45.84022628,45.85819925,46.01700657,46.8284173,46.90929333,46.97201333,47.50478164,47.75810312,48.08844606,48.52842258,48.53559026,49.30528205,49.46112736,49.48339763,49.83398967,50.0639008,50.14158305,50.15250262]","[5,7,4,1,0,1,0,1,1,0,1,4,1,0,4,1,0,0,1,5,1,0,1,0,1,2,0,1,0,1,0,0,4,1,1,6,0,1,1,0,1,0,1,0,5,1,0,6,0,6,0,1,0,1,1,1,5,0,0,0,1,1,1,0,1]"
"[2.94914163,6.48047431,6.53519527,6.80130536,7.16773631,7.22796224,8.36220849,10.57012701,14.01728571,15.61534559,15.93036575,16.08244137,17.89385977,18.72991292,19.36211909,21.10607646,25.55051382,26.10503983,26.78849819,29.2051383,31.57040009,33.19729512,33.62237284,38.73880452,39.79016955,40.1453968,40.46284789,42.62986238,47.55265606,48.34005995,50.77661419,50.96483513,51.24333549,51.45960109,53.75196663,53.82010735,54.63237525,56.76567592,57.58697053,58.2152842,59.38173767,59.56207632,61.23447488,61.46160975,61.7025007,61.85573316,62.10798362,75.62435604,80.12439089,81.20731737,84.83686696,87.58883715,91.12550972,91.38559654,94.45069848,103.93647943,107.40451872,109.58556495,112.8622766,115.43026071]","[4,5,3,2,2,6,5,6,1,1,0,5,0,1,1,3,0,4,1,5,1,2,5,0,3,1,0,1,1,1,0,1,0,1,1,1,1,7,0,0,0,1,0,3,1,1,2,0,5,5,5,2,3,6,5,2,3,4,4,2]"
"[7.69953399,11.82764224,14.17169346,16.92773975,17.04683819,21.34543898,22.4421765,23.49562321,23.7965003,27.21807445,27.39397221,27.52626485,27.80038382,28.0568698,28.28620035,29.57551129,33.73718048,34.55092507,35.05438487,36.92543081,38.14888849,38.78623738,38.86360208,39.00058905,41.84154565,41.85489498,41.99074182,42.0602929,42.3987408,42.4640923,42.68244838,42.71198715,43.03223534,43.06289358,43.15171482,43.17210868,43.18979323,43.26530209,43.30059201,43.35101703,43.49520355,43.50281704,43.66836676,43.76585753,43.80042349,44.08049948,44.36176688,44.37770671,44.4800815,44.79331982,45.06148911,45.20074647,45.25931021,45.3617119,45.36198905]","[3,2,5,7,1,6,0,6,6,3,2,6,1,2,0,1,0,1,0,1,2,0,3,1,1,0,2,0,1,0,1,1,1,0,1,0,1,0,2,1,0,0,1,1,0,1,1,0,1,1,0,2,0,1,1]"
"[3.33086392,4.84895395,7.04696078,7.3534322,7.39270429,8.38392121,8.43415721,10.63637128,10.72816608,12.01033502,12.66308855,12.83103666,13.2183026,13.24452346,13.26113666,16.68565824,20.56813,21.21923112,23.50773758,23.51844285,24.08194752,26.66678713,26.99948166,28.26668617,29.23098278,29.34390235,36.30459469,44.33521733,45.26792497,47.74743657,48.54264119,48.68748115,48.7692525,48.82963782,49.57757199,49.67654903,50.56533816,51.84377931,52.98910332,54.09587744,54.13083804,54.29882997,54.45329287,56.47857943,70.2521259,70.27212866,70.38251998,72.21231948,72.88668327,74.44904432,75.61096253,75.62708829,79.2115593,79.45178214,79.59603078,79.65769747,80.14210013,80.18920092,80.73186902,81.699983]","[0,0,2,4,0,3,1,0,2,3,3,2,3,4,6,2,5,0,1,0,7,0,5,5,0,1,7,2,3,2,3,2,3,0,2,2,2,3,3,3,2,4,1,2,1,2,0,0,3,1,0,1,4,1,0,1,0,5,1,0]"
"[1.68235439,4.54667995,5.15092704,5.34836786,13.02488978,16.69149515,16.79672858,17.46884261,20.19034282,22.59603998,22.95022372,24.68835326,26.87345751,29.50835369,30.22916194,30.6443373,30.87064534,32.01036255,33.57468918,34.00171488,39.16343308,40.27952401,40.35592487,42.46230099,42.72068303,43.97565822,44.25868276,45.9316482,48.2584511,50.7495498,53.17321953,53.34817891,55.56362925,56.29236733,57.23843091,59.23744808,63.43752192,63.46648249,63.47849352,64.90600809,66.50929616,68.70149742,69.5241233,70.85464313,70.95883363,71.33953511,71.46013447,71.89456527,72.97681677,77.66460189,77.74702968,81.78124608,81.94149376,81.99323561,82.04952364,82.82566809,85.85565162,88.58841993,89.12800666,92.09451402,92.26027296,94.39108701,94.63799163,94.66384282,95.09887397,95.24485534,98.96149291,101.02008384,101.91971083,101.92590234,104.10946568,104.20242586]","[1,0,5,1,7,2,2,3,2,3,4,2,3,5,2,3,3,2,6,1,4,2,2,5,6,1,3,4,4,7,4,6,6,1,0,0,1,4,0,0,4,1,0,0,7,2,1,0,3,0,1,2,0,1,3,5,5,7,5,5,2,7,1,4,0,0,7,1,7,0,0,0]"
"[4.81146774,5.16736769,8.26011449,8.79936977,11.90904897,13.85360526,16.57611587,17.68434797,20.42060136,21.68130576,29.20481054,32.1122276,34.44723692,37.00877263,37.96300292,46.30780491,46.34756355,47.48661895,48.8670991,50.62846044,51.37668003,54.19897867,54.20583741,54.86157543,55.77862198,58.62873342,59.10329494,59.84302009,60.09718383,60.19212407,60.42949958,62.38734646,62.43216228,63.10212169,63.78633691,64.28920851,64.3396286,74.9990687,78.91871132,80.5581789,80.62841719,80.64178023,81.81542374,82.58174796,83.12883735,84.43727503,84.99209072,85.43955426,86.07096237,87.89325875,88.20121996,88.48812314,88.73441013]","[7,1,1,3,7,3,6,3,1,4,5,7,5,5,4,0,7,5,2,0,1,0,4,3,5,5,0,1,0,1,1,1,5,0,3,6,1,4,1,0,1,0,7,1,1,0,1,1,5,0,5,0,1]"
"[1.87240351,1.88589144,4.0982861,5.56074711,7.99310698,9.45282707,12.36707871,16.99747705,17.43623422,17.57288492,17.74898432,18.07733605,18.79734685,18.92785213,18.9637084,19.1036518,19.13749341,19.54948385,19.61363511,20.56932098,24.31591221,24.37575,25.56294367,26.38178868,27.33675833,27.59719359,28.35538574,28.36699254,28.46572256,29.34436644,29.54174112,29.70929537,30.1608262,33.06514581,36.13725635,38.78873049,39.80118743,41.213955,41.56374146,43.22570775,43.24581851,43.54486623,43.77483278,44.27084464,44.39575279,45.15282317,45.21008646,49.47166342,49.78675631,56.57311987,61.61255708,68.12202431,68.42236845,68.467306,69.34741738,70.08054515,70.1921711,72.9242176,72.99626229,73.49979733,75.77474148,76.79258216,76.84935346,76.90629269,78.94198752,80.19693084,80.53512585,80.76624177,80.85779914,80.97411453,81.68862593,82.0477428,82.39059117,82.8755646]","[0,4,7,1,2,3,4,3,3,2,2,5,3,3,3,3,3,2,2,7,1,0,1,1,3,2,2,3,2,3,3,2,0,1,1,1,0,1,0,1,0,0,3,1,2,3,3,7,3,4,5,1,0,0,2,1,0,4,1,1,0,0,0,1,1,0,4,1,0,1,1,2,1,1]"
"[1.74032478,3.10569808,5.81771479,10.28858549,19.35810531,20.35936162,22.13046216,32.01504095,36.10915202,44.47673303,44.57278001,44.64819972,46.5020232,47.13670847,50.6664794,51.16924798,51.756386,53.57855207,53.65279878,53.70859055,54.29286437,54.61997075,54.78242159,54.90045715,55.4697678,55.78648836,56.66369236,56.88784985,56.9581962,59.94587672,60.73390192,61.12888188,61.4476281,62.11564133,62.60332914,63.19480505,64.42476278,65.52054997,65.60402392,65.64259772,66.16687351,66.25303903,66.31026055,66.44805271,66.59274824,66.74776482,67.2181655,68.26299083,68.27460245,69.49113321,70.60886869,71.01302002,72.59441538,72.6212843,72.67722534,73.30015009,75.19544868,75.2167199,75.31356588,75.43983401,76.84849151,77.85076743,77.97343184,79.02234688,80.11563523,80.33404662,80.60749234,85.05227661,85.2113721]","[0,5,6,7,5,6,5,5,3,2,0,1,3,2,7,1,0,1,0,1,1,0,0,1,6,0,5,7,1,7,1,0,1,0,7,1,7,0,0,1,1,0,1,0,0,0,1,1,1,1,0,2,1,0,1,5,0,1,1,1,0,1,1,0,1,0,0,4,1]"
"[0.51379528,5.23609986,5.33675929,6.42505097,6.80604749,7.59971513,8.1816361,9.30356569,9.78886862,9.94154845,10.28837649,11.81156727,12.02603768,12.06345742,12.07389225,12.72318401,14.66644298,15.81316132,16.43827884,17.4734341,17.71981899,17.98939255,24.46599239,24.88436839,26.24732078,26.28166031,26.8525479,27.07697086,27.5979539,28.31063771,28.73004636,28.76007634,30.01818454,30.39383831,30.49954759,30.80849824,30.86621917,31.07913282,31.57067518,31.63697922,31.82176224,32.346247,32.48687306,33.13337975,33.82592053,34.19920438,34.94673894,35.19463286,35.22314672,35.27913536,37.34555536,38.47722288,40.75005831,42.6570819,44.24463163,45.24148314,46.00174016,46.48387269,47.16559052,47.72016427,48.14994483,48.51033797,49.39853463,54.30200356,54.54014877,55.52678743,59.97045836,60.61452357,61.99082125,64.40086212,68.73766566,72.05217204,73.07014096,77.28337248]","[5,1,0,0,3,1,2,1,4,1,2,6,2,2,3,3,2,6,6,3,2,5,4,7,1,0,0,1,6,0,1,0,0,1,1,0,0,0,1,0,1,1,5,0,1,0,2,3,1,0,4,1,1,0,0,7,1,1,0,1,0,1,0,2,6,3,2,2,4,0,4,5,3,5]"
"[0.83968274,1.45070998,9.27452067,9.53099076,9.7348323,10.74760589,14.27789508,15.98842408,20.04872865,22.38168053,22.61180311,23.17430438,24.43903798,29.32091528,29.42432739,29.44635124,30.61194757,32.24399599,33.74065335,53.78972254,54.21210708,58.17253269,60.40292208,60.52670341,60.52715854,60.73591248,61.41253124,61.4547765,61.52753229,61.54288274,61.5771433,61.74815922,61.81210341,61.87695376,62.87849399,62.92797706,64.52246592,65.70219163,66.6781805,68.05579123,69.37020381,77.21076179,77.61559646,78.68928806,82.75172853,82.77054083,84.14842355,85.30224095,85.56163579,85.84563255,87.76711257,91.22244157,92.32721479,92.53432623,94.98026313,97.07604442,97.69408673,98.19979657,100.35589278,101.19360661,106.47497806,110.67315066,110.67622804,110.70087026,110.86425844]","[1,0,2,3,4,3,1,4,2,5,1,4,0,0,1,0,2,1,1,2,3,2,5,5,5,0,0,1,1,1,0,1,1,1,0,0,5,2,3,7,5,2,5,3,2,6,7,1,3,7,5,1,5,0,1,4,3,1,1,6,2,0,6,1,0]"
"[12.85685028,16.18975148,18.05009668,18.16278925,18.24714535,19.02107398,24.80242651,27.6119711,28.1163551,29.65771816,30.38100046,33.13839517,34.44668623,37.83283024,38.88951159,39.44952427,47.51633908,50.15365807,51.79816936,61.22715087,61.43892243,64.74910513,72.02056886,76.25899751,84.12575248,86.36292531,87.07292453,88.3000733,88.44908799,90.0569383,90.47832601,91.01771931,91.22222102,91.45964475,91.63865253,91.65672434,91.77134574,91.91700762,92.89149905,95.56844351,95.90184281,96.13374475,96.19734862,96.64442573,96.83833014,96.90752099,96.96440564,97.34156989,97.65983391,97.77252528,98.19617445,98.21484924,98.25388894,98.32486592,98.45502436,98.49010196,98.54620448,98.61832438,98.80711806]","[1,5,2,5,2,3,2,3,4,2,5,2,3,2,3,3,6,0,2,5,1,7,7,1,0,0,1,0,7,5,1,3,0,1,0,0,1,3,0,1,1,0,1,2,0,5,1,3,3,5,1,3,3,0,0,3,2,1,1]"
"[0.0143972,2.12193829,7.41719487,9.08466627,11.3840003,11.4589549,11.48160026,11.74604185,12.48660937,12.76835136,12.79386336,15.79817533,15.84592781,18.74356164,20.26398953,21.35699709,23.21175071,23.54625589,24.04228765,25.8950055,25.98887282,27.54578279,28.20980623,28.91085733,30.80183671,32.40155,35.37642007,39.64244279,41.3157995,42.65224173,42.87964715,45.72527961,47.48858469,50.31724767,50.90740916,51.35444468,51.63436115,51.7932229,54.6508795,55.65679175,55.97357262,56.1393219,56.41145088,57.19110867,59.40095718,65.0949576,70.44095802,71.67523629,74.62071934,77.13366116,83.3857939,83.80225553,84.25713522,85.34585124]","[3,3,5,3,1,2,0,1,1,0,1,5,3,1,2,3,0,5,0,5,1,4,6,5,3,5,5,6,2,0,6,1,0,6,2,6,1,3,2,3,3,4,3,0,1,2,3,3,1,5,4,5,2,2]"
"[6.15080764,6.19619857,14.57796867,15.06960125,15.69839855,18.02596382,20.35250872,22.87151103,24.08657347,26.19509904,27.91763365,28.53824601,29.33162759,29.86002742,29.89985911,30.63220587,31.1927634,31.22104529,31.42263198,31.69003342,31.84279457,32.26426493,34.54612969,35.7013187,36.83705636,44.12958854,46.06846571,46.61051827,46.76830487,48.61707846,49.29503664,49.49006365,52.89405507,53.18044142,53.43434253,54.94469948,55.1074068,56.72499498,57.56912338,57.67592048,63.27699962,65.04036168,67.71484895,68.22919308,69.25094571,70.42593817,72.04093462,72.04718828,73.90823082,73.95436351,75.65472915,75.75964239,86.69669291,95.90968482,99.55803104,100.6765179,100.93361665,103.26541327,103.99891395,104.82706446,109.48130634,110.37505692,112.71480492,113.68822383,116.77918619,116.78453622,116.852846,116.98534766,117.53869657,117.63568965,117.6755018,117.72731348,118.31979865,118.40746874,118.54765279]","[2,5,2,3,2,5,5,6,1,0,7,1,3,0,1,0,1,1,1,1,0,1,6,0,7,6,1,0,1,1,0,1,1,5,7,0,1,7,3,5,4,5,1,0,4,1,0,7,5,2,7,3,0,5,1,0,6,1,0,2,0,1,7,3,2,0,1,5,1,1,3,0,2,1,0]"
"[0.98539868,7.04005989,27.41122284,32.33413494,35.7397665,36.4674007,37.03695773,37.91157144,39.22921279,40.69643268,45.87773897,47.29393797,48.20087187,49.10816928,50.3389662,51.16762127,58.08660234,59.77349135,60.69739032,61.97424368,62.06406625,62.39111043,63.00350714,64.03975277,66.23120437,66.69077714,68.42649935,71.49411031,72.20467561,73.61158343,73.67324308,75.98823,76.99800764,81.70021065,81.97464481,81.99497672,85.61443169,86.11651689,86.37918319,86.52565217,87.29366076,87.48516928,87.7922743,88.1365367,91.82248479,92.18864269,94.01945539,94.40432967,96.99982485,97.014532,98.3703143,101.23414299,101.82004035,102.29630856,104.88641,105.4744067,111.97836448,112.40917865,112.78193691,114.36597915,115.36336734,117.17963384,129.01815515,132.07614018,132.41581988,134.50031395,134.55918728,136.12347338,136.27822926,136.31779223,136.34248281]","[6,6,5,2,7,2,0,1,4,0,3,5,3,4,3,2,3,1,0,2,2,3,3,2,7,7,6,3,3,2,7,3,2,7,3,0,1,2,0,1,2,3,5,5,2,3,5,5,4,7,5,5,3,5,6,0,0,3,1,6,5,7,5,1,4,0,7,1,1,0,5]"
"[4.63233023,5.18639106,7.58104203,9.20958503,11.97182923,12.78049781,12.92045215,13.60192073,16.21791324,16.30124953,17.12293563,22.63319369,23.13608575,23.17790629,23.34593777,23.35430264,23.65346622,23.75563794,24.30125868,24.34979567,24.92928683,25.07461579,26.25159002,26.32503517,26.37808001,27.05840999,27.34388665,27.49678805,28.48093782,39.84014259,44.20770022,45.68336249,46.05880742,46.14872907,47.90683101,48.04492728,48.10359546,49.2726425,50.05953105,51.4813591,52.97055213,53.00421371,53.34558429,53.37860459,54.46367971,55.0018007,55.96201082,56.44226946,56.47036047,61.01137197,61.66576475,62.70964616,62.71243531,62.93921192,64.13810131,64.14654916,64.32546065,65.46867835,65.56245499,65.69308728,65.97993402,66.04458012,66.10151805,66.3784561,66.39620216,66.51165329,67.25660811,67.76556538,68.13667129,68.46492087,69.26653305,70.20127451,70.30630969,71.40373304,73.12128404,73.23608034,73.28919294]","[0,0,1,0,6,6,6,7,1,5,7,0,1,0,1,1,1,1,0,0,1,1,0,1,1,0,1,0,1,7,6,1,5,0,2,3,1,3,7,0,2,3,2,3,7,1,0,4,0,2,1,0,1,0,2,1,0,0,1,3,0,2,0,0,0,1,0,5,1,0,1,1,1,3,2,3,4]"
"[0.24295942,3.31722862,4.44107394,10.38157855,10.40176201,11.46194612,13.41211575,14.20739721,15.64955883,16.55929534,17.52060889,18.00734632,18.800033,19.37043316,20.97041109,22.84886489,27.19743771,27.53490243,30.75226114,31.99220253,32.13701577,33.2257825,36.21705888,36.24382138,36.59278706,38.20756777,38.41269821,39.01904095,39.11598864,40.5900061,40.7103737,41.12487529,41.23986245,42.12445063,42.47258785,43.56062516,44.9213538,45.34212336,46.45314264,46.97898896,47.56958905,47.6926663,49.55707874,53.09591118,54.31235905,57.28545025,57.75500638,57.86826835,59.18048663,59.4918272,60.20463088,61.05963644,65.09959586,65.3676771,65.83345626,66.24722346,66.38979985,69.34538735,69.41783906,71.00814164,72.68932974,73.03430411,74.31417617,75.88945785,77.4981035,77.81174917,78.43087378,80.68261966,80.71194144,82.75140538,83.38498446]","[4,5,7,4,7,5,0,7,1,4,1,0,4,1,1,0,2,4,0,2,3,1,4,3,3,0,2,5,2,1,0,3,7,7,4,2,3,5,2,5,2,2,3,0,4,1,0,0,0,5,1,5,0,1,0,1,4,7,1,3,3,2,5,7,1,0,5,5,5,5,1]"
"[0.2556439,0.3105938,1.71832556,2.76720513,3.39535664,3.88794774,9.71794131,9.72297939,10.19436037,10.28555867,11.43324933,12.64019997,12.83703253,13.41537041,13.45465842,14.02305907,14.79978151,15.03998229,15.3407568,15.44546585,15.98545986,16.29662962,16.67149006,16.78761185,17.58959119,17.73816774,18.13361968,18.43847416,18.75678071,18.80455318,19.15092006,19.65413237,19.71156419,19.93550642,20.01547234,20.08338883,20.22953353,20.27288577,20.27941585,20.87291237,21.4319094,21.75475508,21.81909373,22.29962734,23.08701084,23.12672428,23.21979062,23.39434889,24.39757924,24.40878096,25.40948954,25.78845711,26.40238621,28.26597459,28.30090064,28.69083529,32.49728842,36.86665976,37.16637861,37.26089136,37.53949108,38.5320911,40.0562927,40.43852516,41.13764602,42.16084991,43.29135796,43.54381641,47.4126566,48.70130116,50.27390038,51.6212246,51.78222931,52.02118496,52.37656858,53.14728152,53.76838827,53.92919006,54.54988976]","[3,0,1,5,0,1,0,1,1,0,0,1,0,1,1,0,3,1,1,0,1,0,1,1,0,0,1,1,2,0,1,0,1,3,1,1,0,0,0,1,0,0,1,1,0,0,1,0,1,0,0,1,2,3,3,4,0,2,3,4,5,1,1,7,0,5,1,0,1,3,0,0,1,0,0,1,0,0,1]"
"[9.72367497,10.59232445,28.39625831,32.36056464,32.36963776,32.84066553,34.72066792,36.96881525,37.43964099,37.76451259,39.12961117,45.51965601,49.55172612,52.22166872,52.40464325,52.79514338,54.10302825,55.57924809,55.8127623,56.99645343,59.80953618,59.82551253,59.93743266,60.51527615,62.24473512,63.84536363,65.06350303,65.11918777,68.34540801,74.57036315,74.87278707,77.09925,77.13208074,77.30954622,78.05308572,79.82466902,81.71354965,83.83177078,86.48869314,87.15311477,87.76275729,88.01182041,89.36120378,96.62253865,96.77638049,97.87908266,99.23625079,99.46721736,103.05902611,104.07884934,106.58282825,106.67682464,108.10578143,108.77432551,108.784873,109.02115905,109.46780381,109.75896395,109.87144098,109.9089469]","[1,7,2,2,5,3,5,3,1,7,1,2,7,1,5,3,0,1,7,2,3,4,6,3,0,2,3,3,2,0,5,2,0,1,1,0,1,0,1,1,0,7,7,0,3,2,2,3,0,1,0,0,0,1,0,0,1,0,1,5]"
"[4.66475749,12.37593473,12.53066153,12.6618186,13.46290648,15.41519238,16.49410182,16.57470998,16.95685336,17.70473757,18.42461572,20.4498949,20.55875675,27.32922208,29.34444926,30.21123029,30.59816051,32.31961756,32.46026579,35.93263374,37.34809192,38.59122981,38.59416318,39.76022951,39.79701009,47.40709247,62.24994141,63.63497637,63.85652007,64.4418884,64.47576781,65.06443361,65.5462991,66.02229303,67.65119364,68.80271573,69.23229802,71.4421135,72.70049545,72.98318652,73.02986765,73.57047493,73.76593363,76.21341209,77.49184856,79.58044011,85.76573723,85.91623141,89.06539419,89.21357357,89.7128109,96.72129643,97.06838654,101.31588993,113.68411169,114.83569208,117.12424961,120.19381245,120.28265268,122.14995272,131.42945123,134.8052187,138.40915577,145.44054105,156.94478729,157.14246285,157.83015995,161.48290187,163.57020903,163.92768783,164.7409954]","[6,0,1,0,2,6,0,7,5,1,0,1,0,7,7,6,1,5,2,0,1,1,0,7,1,3,2,4,3,0,1,7,4,4,1,4,2,0,1,7,0,0,1,0,1,0,1,0,4,1,3,7,0,2,0,2,3,2,0,4,7,5,6,2,0,1,3,7,2,3,5]"
"[6.06195744,7.55913118,9.14963872,11.4669091,14.8584012,20.42317684,21.5601092,23.03297024,26.43904076,27.69720577,31.12887381,32.2116965,38.09776492,44.70898673,47.57965886,58.71351704,70.42216792,70.65862672,71.13271415,71.15460059,72.74045471,72.85297761,73.43289756,73.87458544,74.8786868,75.89481479,76.10964768,78.54892553,79.5971297,80.46616546,80.61528875,80.63850871,81.307629,81.78709442,81.9474902,81.96281128,84.04493187,87.64250463,91.75213628,95.92403325,99.89922845,105.2813898,110.34331588,113.90644707,115.59067042,115.86556358,116.02529403,116.74557634,117.11121936,117.37177257,117.4483169,117.85980916,118.04546868,118.08795229,118.44021959,119.10510486,119.39319366,120.68246399,121.74352559,122.87551504,127.83559385,134.33126224,134.36964174,134.58534455,139.29125573,139.4068217,139.73008416,140.03770773,140.96991078,142.50478218,143.20564882,143.91276322,143.98122878,144.1790708,145.03589342,145.09260404]","[1,0,0,1,5,3,4,7,2,3,5,5,1,4,7,2,3,2,5,7,3,2,3,3,7,2,4,2,3,3,1,0,6,0,2,5,5,3,2,5,1,0,2,4,0,1,5,1,0,1,0,2,3,0,1,7,0,1,0,1,7,7,3,7,2,3,3,3,6,3,2,3,2,4,3,2]"
"[0.80662018,1.68870139,1.95092692,2.19606309,2.82602952,3.47407283,3.59575939,7.6386762,7.85797663,8.17242328,11.64529735,11.75783222,12.47090549,12.69481233,13.5042433,13.62566642,16.19898087,17.8739492,21.48121608,30.56118035,32.39256692,34.28236742,36.10492227,36.71000343,37.69869828,38.27092747,40.10070522,40.3492523,40.52650856,41.27325733,41.40119467,41.54349331,41.58166783,41.91852624,42.87197161,43.42921725,43.51457753,44.21753635,44.39821236,44.56359795,44.73515105,45.44032993,45.5356657,45.98020211,47.01784018,47.87400687,48.67771784,49.05597129,49.94824104,50.11570822,50.72725357,50.74389627,51.80169254,60.68822433,61.36613882,61.78393874,61.78732241,62.32081014,62.42260185,62.93489141,64.55496273,65.00708792,67.93319694,68.89291506,69.02446845,69.52792864,78.1854843,80.28892513,81.60348465,84.34861709,86.03563744,92.3774196,92.41567522,93.54540321,95.24310474,101.13218336,115.73517609,121.50519067]","[1,7,0,0,5,2,7,3,1,0,1,0,5,1,2,7,3,7,4,7,5,2,3,0,1,5,2,3,2,1,0,4,4,1,3,2,3,3,3,7,3,2,0,2,1,3,7,3,0,3,1,0,5,1,1,0,0,0,0,0,0,5,1,0,1,0,5,1,6,7,4,4,5,3,2,5,3,0]"
"[4.61901873,5.2842238,8.56911107,8.77270019,10.10101811,10.50194799,10.63645154,14.17071524,15.66758156,19.68076487,22.34840284,31.19159032,31.5579897,36.74703653,36.84976679,37.329431,38.28203246,41.63487537,42.68129128,42.98987572,43.44156693,43.61146664,44.24375248,47.80188403,48.70584653,52.58762152,53.08555675,53.91908286,59.41318891,63.14573637,63.68087695,64.45054841,64.56623012,70.60699625,71.96372362,72.16469229,72.30586928,72.95140296,72.95890939,73.05423075,75.26456092,75.61659673,77.08209464,78.38601244,80.78379202,82.00672275,82.92469598,83.29061206,83.33590898]","[1,0,1,0,1,0,1,1,7,7,5,2,5,3,6,4,4,4,7,2,7,3,2,1,0,5,0,1,6,4,0,1,6,1,2,3,2,7,3,7,3,2,5,0,1,1,0,4,1]"
"[8.72230752,9.53954411,11.51182189,12.8113062,14.07136058,15.22287779,16.04037167,18.71787326,18.75731578,21.08064719,22.05600127,24.68318163,24.7607171,26.03386632,27.26231471,28.291981,28.82092292,29.13757338,29.34895587,29.38126309,29.42117271,29.57907059,29.5836582,31.05340423,31.28251205,32.6455475,34.40840547,34.73444502,35.99760796,36.1522765,37.29602034,37.79045582,38.02762245,38.37012688,39.98329099,45.64720123,46.29525126,51.57402051,52.63248257,59.81279832,60.04653023,60.59298713,60.70493073,60.8391801,60.99940565,61.1314904,61.40807053,61.57203146,61.68021088,62.29516184,62.40097127,62.41931544,62.42634702,62.48601805,63.24203896,63.76520675,63.85353796,64.42983453,66.03017739,66.27823649,71.49843099,78.96325215]","[2,7,5,1,3,1,5,2,4,6,4,1,0,0,3,3,0,2,3,0,1,3,2,1,1,7,1,7,0,1,0,0,1,0,3,6,3,1,5,1,0,2,0,0,1,0,1,3,1,1,0,3,3,1,0,4,1,1,0,1,2,0]"
"[0.88901869,1.58580684,1.69934364,1.76510447,1.76840081,3.35036086,3.47084955,4.05608485,4.12300268,7.41178475,9.18802819,11.06455684,11.2382749,11.30377534,13.11458474,16.13745591,16.15122248,16.54649555,17.18477622,17.20040187,17.34419,18.08607886,18.76563606,18.87244924,18.91458971,19.02450007,19.64610392,21.23814093,21.34840689,21.85000955,24.22763607,24.97084947,25.1458934,25.17692366,25.41982884,25.91132604,25.94642607,26.96263573,27.46403571,27.51606411,28.61057937,28.69819831,29.68250683,30.2189254,30.30212408,31.7767221,34.80389006,36.02896425,40.80787458,41.42305702,43.60222943,44.94623461,46.9634283,48.37070374,48.89199206,49.3211216,49.45031507,49.56706623,52.22726387,57.97766285,58.13034646]","[2,1,3,2,1,2,0,4,3,5,2,3,1,3,4,2,3,3,5,0,2,3,0,1,4,2,3,4,0,3,0,1,3,1,2,4,0,0,0,1,0,1,0,1,1,7,7,2,2,7,2,3,5,2,3,3,2,3,5,0,1]"
"[4.0955753,9.96565023,13.01350333,16.92329889,19.4864601,20.3751987,20.98968738,21.16038233,21.20002412,21.28999404,21.49544997,21.63825788,21.67229989,21.82531253,22.68590544,23.06596334,23.23969489,23.96875084,25.81271623,26.52517464,26.55508087,26.70554598,27.27179811,27.73469743,28.41778104,28.78286798,29.92908802,31.28510519,33.52342988,34.03750637,34.50330054,34.95417644,36.92203706,37.50440368,37.75953948,38.76366475,39.89586397,40.07230481,40.2932889,40.34761528,40.37565338,40.99904018,42.33908082,42.50667284,45.11779133,45.23319701,45.75885859,46.56197511,46.9513444,50.02290207,54.13557881,56.07796755,56.44031664,59.18462528,59.42825208,59.7831128,60.02401605,63.07084747,63.32798444,63.89230998,65.63796843,68.87476205,69.03305301,73.96382092,75.64837038,82.77670821,82.98434732,85.76450281,89.01399976,90.14837946,90.9198394,91.32339746,95.7922785,98.8108723,100.36550908,100.97871891,101.05791211,101.34014009]","[5,2,2,5,4,0,4,0,7,1,5,1,1,1,5,2,6,1,3,0,1,3,1,1,3,7,4,4,7,1,0,1,1,1,0,0,1,0,0,1,5,0,6,3,1,3,3,1,2,4,1,2,3,0,1,1,1,2,3,3,7,0,4,5,7,4,7,7,1,2,0,3,0,7,0,7,2,5]"
"[4.76272753,7.25654392,27.33577181,28.90708726,29.63578926,29.710074,30.59049131,31.46740614,31.68814663,32.3251385,32.60788038,34.97842014,37.73552758,37.78380263,37.79512526,38.59773545,40.36250692,40.42022327,40.56715737,44.46327714,44.75879384,46.00639353,46.33018448,46.78511969,47.76892969,47.91706961,47.92872108,48.04145648,48.13605808,48.26020918,48.61790829,48.64273357,48.65087113,48.90860411,49.43867664,49.80794402,50.64632077,51.11169508,51.51386107,51.89454337,51.99230486,52.00001706,52.10447374,52.65512114,52.94174042,53.00781324,53.2393026,53.73571298,53.82580243,53.96298072,54.54994854,54.87222258,55.20020277,56.501164,56.9971184,59.78719724,60.83395266,63.5935622,64.42731162,65.08646273,65.80331429,65.81761594,67.83592858,69.1112619,69.38496656,69.87245664]","[6,3,0,2,3,2,6,5,5,3,2,2,1,6,0,1,1,6,1,0,0,4,0,1,1,0,1,0,1,0,1,0,0,1,0,0,1,1,0,1,1,1,1,0,1,1,0,0,0,1,0,1,5,1,1,0,0,0,1,7,1,0,1,0,1,0]"
"[2.05305348,2.74197963,7.00206559,8.99875043,9.44009497,9.45087641,13.01880595,13.14939164,15.8338925,15.95705367,20.37681142,20.96336353,21.3936926,23.00464273,25.6631176,34.27376527,36.82054052,37.92225264,41.08271381,41.26588895,46.3658727,48.54377912,48.91531086,49.91055806,50.90098795,51.73704963,61.05116798,61.07064956,62.22359305,62.80611061,70.99613183,72.15767984,72.44254134,73.04925253,73.87013374,74.33604173,74.38061355,75.07722765,76.00117758,79.20512466,79.56492213,79.92055142,80.03946471,82.26522713,82.64978793,82.77445576,83.08121371,83.4860184,83.7919249,84.97626003,91.56822381,92.95833563,96.07386087,97.06657003,105.08179199,105.28660502,105.95527991,108.40472571,112.35760764,112.43583943,113.95552557,114.74167244,114.95267943,115.4113765,115.92422996,115.92567088,116.09455935,118.62940335,120.46210601,124.37476447,125.91028826,127.50231878,129.89393087,132.40904733,132.55920232,132.88537367]","[5,3,2,6,3,2,6,1,1,0,3,5,2,1,7,4,0,5,2,3,3,1,1,0,0,1,5,1,0,1,1,0,1,2,3,0,1,5,3,7,3,2,5,2,3,2,3,3,7,3,7,5,0,5,1,2,4,7,5,0,0,1,0,6,1,0,0,5,1,3,4,2,6,2,1,3]"
"[0.71557814,0.99436025,2.61003756,5.62043587,6.31292659,6.61651806,6.64809068,6.97564559,7.47041288,7.48471783,10.57771826,15.8811791,18.65626648,27.47088106,28.47187354,28.57617088,30.48055271,32.66226153,37.87003759,40.77696107,41.41235435,43.12686893,43.76897416,46.75994003,48.03505523,48.35565099,48.5364181,50.56067542,51.4650167,51.78891677,53.67784497,54.14686161,54.70053435,54.7097025,56.03432103,56.17849771,56.34339103,57.7604853,64.5404642,65.12834333,65.37224708,65.56257611,65.83776948,66.65891635,66.68987364,67.01638285,67.92167428,68.27310541,68.60286728,68.63383708,68.65046384,68.76099042,68.83778974,69.29228043,69.39918783,69.94911692,70.58663971,71.4084379,72.64582657,74.83234634,77.36603242,89.70559793,93.47982507,93.5121377,93.52612644,93.73973078,94.71113573,95.45615062,95.465826,95.61115174,96.577104,97.72257518,97.83527765,98.58695364,98.71083137,100.11756409,100.86127542,100.98619891,101.75937901]","[7,5,2,2,3,2,6,2,3,2,7,2,5,3,3,7,4,2,2,2,2,3,4,1,0,0,1,1,0,1,0,1,0,0,0,4,1,0,1,0,0,1,1,0,1,0,1,0,5,0,1,0,1,1,0,5,1,0,0,4,5,4,4,0,1,0,0,0,5,1,2,1,0,4,1,5,5,0,3]"
"[0.04328843,1.10205052,3.35818386,4.12173183,4.60735267,5.02910298,5.21240843,5.78644089,5.80294747,6.07247876,6.77723888,7.07243522,7.69877084,8.14391059,8.36006227,8.63503082,8.80710589,8.81153358,8.84134654,9.05128385,9.28609837,9.36664467,9.45131495,9.50114629,10.14080363,10.61559847,10.79900447,11.18609864,11.61284544,12.65282323,13.08426048,13.70919011,13.88920491,14.57678632,15.44275259,15.83472148,16.03345495,16.16648874,17.23710737,17.28171094,17.82913865,18.00084953,18.43322812,18.92139211,19.50457043,20.08272698,20.19360656,22.52380675,22.97953149,23.56451156,23.72752483,24.58893549,25.56571684,26.16571947,26.71065457,30.10885325,31.50030891]","[4,3,2,3,3,3,2,3,2,3,4,4,2,7,3,1,0,2,2,1,0,3,0,1,0,1,3,1,5,2,0,3,4,1,3,3,2,0,1,0,1,0,0,0,1,5,1,0,1,0,1,1,1,1,0,6,7]"
"[1.70461762,4.4990638,4.91777215,8.73407901,8.94715793,9.54763798,10.42040391,11.91239135,12.57782518,16.99741734,17.59912903,18.30794862,21.35501062,21.89982579,28.29294799,28.4721618,30.42590278,30.72626052,31.37330666,33.03340227,33.40866265,33.67803268,34.14073643,34.30576283,36.67144663,38.08279786,38.32924804,38.59220176,38.7218052,40.61582094,41.17014005,41.61829431,41.92718667,42.02647214,42.13050703,42.55903225,42.58507156,43.44838947,46.18352879,48.40817298,48.42101849,48.42649897,48.54594757,48.90403288,50.16355056,50.45497608,50.46704243,50.62475893,51.02303946,51.06823806,51.12308861,51.38823164,51.54100329,51.58571579,51.92693948,52.12209707,54.02253632,54.11462349,54.1288801,54.18345718,54.21075497,54.58118103,55.68795472,56.35045305,57.1997042,58.2833567,59.68105028,59.83878884,60.42283327,60.5367244,60.69859583,61.35704256,61.54884469,61.56520813,61.69203302]","[7,4,1,0,5,3,1,1,0,7,0,5,2,4,1,2,3,7,2,3,4,0,4,1,1,0,1,1,0,5,0,0,1,1,0,1,0,1,1,1,0,0,1,0,1,0,0,1,1,0,0,1,1,0,1,0,0,1,1,1,0,0,1,1,1,5,2,0,0,1,3,1,1,0,1]"
"[2.51788607,4.74058398,8.21778733,12.51971046,13.1952374,21.71184476,22.09740528,22.12318229,24.06457266,25.47279249,26.80443554,26.88019909,27.6059831,30.75922489,31.99125573,32.77419251,33.51840778,36.1780775,36.6771959,38.202725,39.53727993,39.55077996,40.24894959,44.8373276,62.72162203,64.54113437,66.26564981,68.99920412,77.07519734,78.39449026,79.24498052,80.72182808,82.11971437,84.64422862,85.28578977,87.67415015,87.84552957,91.42460416,92.07437581,92.33148672,93.3612294,93.83003118,94.1057259,96.54417979,106.45901715,108.08168215,113.16297211,113.74014211,115.94626771,117.39233711,117.75680737,118.36226118,118.82993112,122.10208609,122.79447514,126.50293048,128.07067663,128.80396256,128.84087656,129.69573269,130.70550046,131.88270404,132.48978934,133.26887482,133.40935105,133.73800538,133.92135297,134.14987677,134.1614359,134.73560714]","[6,0,1,4,0,1,7,0,1,0,2,1,0,1,0,0,6,0,6,1,0,1,7,5,4,1,0,7,5,1,3,0,2,1,2,5,4,0,5,2,7,7,2,3,5,7,7,0,1,0,0,7,1,6,5,5,4,1,0,1,2,0,1,1,4,7,7,3,3,3]"
"[0.09773829,5.66242401,6.96173123,14.07583566,14.91114136,17.1877709,17.84391298,18.20540486,18.22258651,18.36039659,18.66475862,18.98919971,20.67459767,20.78393666,21.19031009,22.36048367,25.27926977,31.21523396,36.83583824,37.29466758,37.78814287,38.18969231,38.45216248,38.5397159,40.2734374,41.43318381,41.60775736,42.73319612,42.74273835,46.93895391,53.97639055,54.18997941,58.48924309,58.85674306,58.85728265,67.37879183,69.54688476,75.17786544,75.64686312,84.93113741,88.20318784,88.22868578,90.34432354,91.03917384,94.13202395,94.7904967,97.19140832,104.3788107,105.71132327,107.97464947,108.45633255,108.93416568,109.00366384,112.12309833,114.21477254,114.4180337,115.47030639,116.63991086,116.79851784,117.67514976,118.56009512,121.82896447,122.92487078,124.92556021,125.04185253,127.50418019,127.94143899,128.01073328,129.09851674,129.38391558,129.67754921,129.80974509,131.05050366,132.57210712,133.62945508,133.69866177,133.91169848,134.0875939,134.44571142,134.55132221]","[5,5,7,1,0,1,1,1,0,6,4,1,0,1,0,2,5,1,2,4,3,3,3,2,3,2,3,4,2,6,1,0,3,2,3,2,3,1,1,7,4,2,4,7,6,6,2,7,2,5,2,3,3,3,2,3,7,3,2,3,5,2,1,0,1,1,0,1,0,1,1,0,1,0,1,0,3,0,6,4]"
"[0.64536242,3.44388638,4.20363015,5.18639255,5.28717611,5.61739069,6.67264641,12.44082497,15.33151004,15.93446447,16.34690275,16.46021897,18.86962547,19.3528857,20.56312704,22.39336683,22.70062356,24.10264499,24.80193502,27.70007193,29.86843392,30.23827431,30.69993036,31.14523077,32.15295598,34.68407516,34.83900054,37.18347725,38.34239658,38.77906418,39.54800207,39.74399689,39.86154547,40.08041662,41.64294783,41.94750616,42.21393783,43.36983978,45.72805728,45.94452244,45.97625215,46.69640997,47.1926375,47.25658777,47.71975561,47.9407774,48.71474265,48.74688145,49.30164949,49.36760984,49.37078011,49.79952199,50.08091532,50.59635673,52.80386704,52.84069188,52.84215805,55.03801662,58.41289303,59.04322887]","[2,5,7,3,4,3,2,5,2,3,2,3,3,6,7,2,3,1,1,7,0,5,0,1,0,1,0,0,5,0,1,1,1,0,1,0,0,5,2,1,0,1,1,0,0,1,0,0,1,5,1,1,0,1,0,1,1,7,7,5]"
"[0.88001271,6.07888414,8.07111327,10.70101829,15.6142835,17.56682227,17.83471974,18.50153902,19.86913758,21.24756427,23.01755695,23.02853139,23.09861519,27.48603406,31.50701927,34.44438253,35.39150862,42.48225915,42.61281022,44.11115585,45.77660206,49.66480779,50.34827914,53.10996417,54.54855889,63.75486913,63.83106574,63.92779402,64.1449536,66.40377484,69.12725889,71.17280974,71.76714763,75.44049371,76.70812649,77.14397965,77.67452223,78.1526524,80.37309038,82.53113576,83.02657162,86.43392414,86.74846307,87.12345858,90.25025197,93.13323874,96.2853549,96.50509691,98.51277395,99.0176405,103.44878709,103.95140944,104.73371817,104.85177971,104.90702888,111.48719547,112.21540832,112.94903719,113.05921888,113.31668404,119.15966075,119.3754969,120.66237449,120.82504886,121.05274647,121.14860718,121.81708005,122.06193599,122.84673817,123.615885,124.25465472,125.90243236,125.91875033,132.75569289]","[3,4,6,3,2,3,2,2,2,3,0,1,1,7,7,5,5,7,7,7,7,0,4,1,0,6,0,5,1,0,6,0,3,2,0,0,1,0,1,1,1,0,1,0,4,0,1,0,5,0,1,1,0,0,1,0,1,7,0,3,3,7,0,1,0,0,7,0,1,7,1,4,7,3]"
"[0.04447276,4.30250665,4.6170172,4.70844797,4.96380487,6.35642236,6.92536568,7.83959661,8.11686405,8.14801581,8.16920116,8.7647486,8.82318613,9.43143714,9.74278741,10.04239045,10.79292265,12.77255761,15.1553598,17.32408124,21.61508956,22.47668855,25.83078535,27.10970137,27.13617978,27.26266405,27.4536988,28.25162411,28.80430222,29.28072203,39.13533414,39.2571924,44.41719801,44.57757752,46.34302556,49.24647781,51.04723961,51.11924904,53.78923657,58.25969091,64.80418581,67.60116307,68.36166278,70.44393143,70.98370099,73.83910186,75.13206909,76.22812033,78.28067022,78.70149531,79.32024583,79.47633225,80.81248587,80.90607715,81.42307357,82.14273428,83.43650243,84.22614393,86.08719652,88.13962077,88.8061475]","[2,1,0,3,1,3,0,2,0,2,4,7,3,0,3,3,3,4,1,0,7,1,1,0,1,0,1,0,1,0,3,4,1,7,0,3,5,2,5,6,4,3,2,3,0,0,3,4,7,1,4,1,0,1,0,1,0,1,0,0,5]"
"[1.52694125,1.57836825,3.1041412,3.12667846,4.72092224,4.83169953,5.58381153,5.84666338,6.57521028,7.1492757,7.26071929,7.28324223,9.77689327,11.85326756,15.72472372,18.46763841,18.74750557,19.67673317,22.44120449,23.30507365,28.00867593,35.27201669,43.48778844,44.77070542,48.50116231,53.31540138,59.09004041,59.20967403,59.63387834,59.77815148,59.91030805,60.01666185,60.04533085,64.63337399,67.89095732,70.0268076,73.59068258,77.98394195,86.36159177,87.75774433,93.95276537,94.08258358,94.19860268,103.71157237,105.64922258,108.07222225,109.90117309,110.48830019,110.72773343,110.91379359,111.02048034,111.05594755,111.93702054,112.71825933,113.91034725,119.49669168,120.94784567,122.91839539,139.52241675,139.60908859,140.91655807,142.28485435,142.45211074,142.83823722,143.37247003,143.43955179,143.47848435,143.57479651,143.67309165,144.42977976,144.97418297,150.67685603,152.08882091,155.60986566,156.67383932,159.86416561,160.38546529,160.45990899]","[1,3,1,3,1,7,0,0,1,0,0,1,2,2,4,7,4,1,0,7,6,2,6,7,3,0,0,7,2,3,4,1,3,4,3,5,5,4,0,1,3,6,5,1,7,5,0,1,1,1,0,0,0,0,5,7,5,3,1,1,0,1,0,0,1,0,0,6,0,6,1,0,5,5,5,3,6,4]"
"[0.79111259,2.20526739,2.4609599,10.32039919,11.76226459,12.54905261,14.17519018,14.32153768,16.56255108,19.79196498,21.60658686,21.65477343,32.76899764,38.33122295,39.21039518,40.02789703,40.9098812,43.23759432,43.37589667,46.87054586,46.98352162,48.06227105,48.33894054,52.11340544,52.42294078,53.88641073,54.59321909,60.75044191,62.29529244,64.26408886,65.85674189,66.37633746,67.47272814,72.33395857,74.00075732,75.2700706,75.47723702,76.2431356,77.22689353,78.86453394,79.45981862,79.4664913,80.26848742,81.17432281,83.35402338,84.23420104,84.57754394,86.55847109,90.28672836,94.67993232,96.64242325,97.92685199,106.81374752,106.84897838,107.79503655,108.09921943,108.11627496,108.35184687,108.70732179,108.74881884,109.74959098,110.1466119,110.52239753,110.71935916,110.85520976,111.03961417,111.1822812,111.21009761]","[2,3,2,1,5,3,7,1,1,2,2,3,3,7,5,2,3,0,1,5,4,1,2,1,0,0,1,1,0,2,3,2,3,0,6,1,0,6,6,7,0,1,7,2,3,2,6,6,2,5,4,3,0,1,1,0,0,1,3,0,1,0,0,1,0,0,1,1]"
"[1.76853326,2.85655461,4.57882349,5.07252887,7.50511523,8.33527931,8.92343524,9.68587299,10.06184915,10.111096,10.24322978,10.69881242,10.78371117,10.81739184,10.84175677,10.90961208,11.10195445,11.15632449,11.29139576,11.47499419,11.51187082,11.63135648,13.48523185,16.07044076,23.50139055,28.55294862,32.87832729,33.49905849,34.87038313,36.00264337,37.70372285,41.09708697,42.0299115,42.5216709,45.00882469,46.75289983,47.36010627,47.37120893,48.87413375,50.61439576,51.13368935,51.46097781,59.51135811,60.80775634,61.52927912,62.41107394,65.79899649,68.11695141,69.51152902,69.76461497,70.47406631,72.06858951,73.01594159,73.62697965,76.9545395,77.64312901,77.64402405,77.66516423,77.76176591,78.51146004,78.65006146,79.16961054,79.86489089,79.88647088,80.54065201,82.23970299,82.75226819,82.79317971,83.63145696]","[0,4,7,1,0,5,2,1,1,0,1,1,0,0,1,0,0,1,0,1,1,5,0,7,5,6,2,6,3,5,0,0,1,1,6,2,0,1,0,2,1,7,0,3,3,5,2,3,2,2,3,3,2,7,6,1,2,0,1,5,3,4,0,0,1,0,1,1,7]"
"[0.29690345,6.94445075,12.2650322,12.55270047,12.77340117,12.87435483,14.53132251,15.2099953,19.38793516,21.47010155,24.41627607,27.18180415,28.36948734,28.80178057,29.13525305,30.99452081,32.99498231,33.85152641,37.15079993,42.16620234,50.33192695,55.99334796,62.47248274,66.24334327,68.51725498,69.06743706,70.3997245,70.61770821,71.04325368,71.25149714,71.85497718,72.07688064,77.15678983,80.11342433,90.83457968,91.22423397,91.39459329,92.16788298,92.21343412,92.71018791,93.32093268,94.35922475,94.42831708,97.27420718,98.50653129,99.01756188,99.34511214,99.3493298]","[2,4,5,2,3,2,0,1,7,0,5,4,7,2,3,7,4,2,3,4,1,7,5,0,1,2,3,0,0,0,1,1,3,5,2,3,2,0,3,1,3,3,2,2,3,5,2,3]"
"[3.18674201,5.76072982,6.84280178,7.57025645,11.81395859,12.54664238,13.35132824,14.20498255,14.36552935,16.70987686,17.45532905,19.16164811,21.25602274,21.28419587,23.66803731,24.10302991,29.14757489,33.61209426,45.14319821,46.31986442,46.3814821,48.4269396,51.97415052,56.84256415,57.461995,62.36343706,64.41578911,65.93629549,66.49451088,66.7946034,66.7966347,72.35947617,76.605554,82.65218709,84.47798947,87.7167131,88.15379385,89.64191413,94.65136867,97.18457061,97.70920892,98.0177982,98.9899471,107.7782475,111.38416845,117.5465371,121.03365075,124.90724247,128.15916827,135.38166751,136.48912884,140.59173176,144.10006507,145.28798131,145.48292333,145.67336376,147.61887702,147.86383837,148.59628339,151.78226214,152.12529557,152.54338589,153.53195097]","[7,2,3,2,2,3,3,3,2,3,2,3,4,4,7,2,4,7,7,6,6,5,5,6,3,1,4,0,2,3,7,6,5,1,6,2,4,0,3,2,3,7,2,5,5,4,6,7,6,3,2,5,0,7,1,1,0,1,0,3,1,1,0]"
"[0.72906453,1.02125414,1.56262198,7.00542135,7.54868491,18.46312226,18.67215784,21.59499877,22.17947542,24.80987799,25.46597892,26.55081276,30.07086252,32.74801673,35.28482012,35.35927877,36.9666653,37.70848445,41.68882182,42.35276126,43.66880722,44.34316516,44.47497959,44.70545366,44.76714302,44.78014332,45.0236075,45.20148106,46.29163625,47.12816533,47.89553551,48.03243829,48.40489539,48.72596657,48.79239118,48.86436537,49.02324201,49.22938065,50.05033185,50.15157913,50.76056659,51.02617591,51.04235269,51.07234953,52.02813827,52.12490923,52.62868107,52.71730163,52.99757096,53.01922294,53.31171075,53.57507094,53.72032575,53.73041998,54.48367212,56.25811693,56.94339649,58.30829098,58.65317842,59.6811859]","[7,2,5,2,3,1,7,3,2,7,2,3,3,5,0,2,1,3,5,1,0,0,0,1,1,5,1,0,1,0,1,0,1,0,1,5,7,1,1,0,1,0,1,2,0,0,1,4,0,1,1,1,3,2,3,1,2,4,2,3]"
"[0.84860041,1.78220341,3.1399777,4.91524988,5.15687457,5.31730343,5.80984379,7.87909781,9.3065695,9.40092301,9.56571078,9.70815147,10.69389421,10.90534191,17.71401753,27.81566361,28.92391517,42.5262652,44.55333371,46.2322417,47.15228416,48.12007587,48.13539546,48.4630818,48.74476136,50.01904192,50.56639894,50.7362292,51.23087849,51.82875987,51.90201911,60.5809502,66.03772275,67.22518413,70.12212995,75.88285345,82.02952106,83.4822773,84.48739561,88.50768248,91.12427571,92.11420892,98.07324525,103.48232212,105.02847739,105.83598619,109.24310985,110.24151158,120.63972571,122.51575204,122.831451,123.54037819,124.02462307,124.92620679,126.19083024,126.90726107,127.28229602,127.78942184,131.12579656,133.17294587,134.15520438,134.21491693,134.53838846,140.56853845,144.2561357,145.0835528,145.59137527,146.17914862,147.79919276,148.50737906,148.69508608,148.85585948,148.99251789,149.01787601,149.0410016,149.04802472,149.08744523]","[1,1,0,2,0,1,0,7,0,4,2,6,5,2,3,5,7,2,0,5,0,1,7,2,6,1,0,6,1,3,7,2,0,5,3,1,7,1,1,1,1,0,1,4,5,5,3,4,5,0,4,1,1,3,1,5,0,1,2,6,1,5,0,3,4,2,3,3,0,1,0,1,7,2,7,0,0]"
"[2.45704507,9.8614194,10.95357762,11.30218509,11.32151245,18.86362059,20.10536911,20.58662225,21.0498099,21.15593142,21.77179352,22.97252905,23.55898773,24.52623471,25.33040406,25.46495737,26.33925543,26.36894586,26.58563384,27.03195829,27.74485281,28.96005691,31.55662449,32.06049509,33.71732619,33.83149325,35.30484948,38.66411628,38.99413628,40.30634009,44.8820128,46.56261717,48.61860377,48.71100142,52.4665489,52.61503558,52.7490819,53.60504481,53.79165737,53.81365289,54.05804488,54.24397924,54.27024954,54.33774824,54.58297078,55.74124486,55.8813011,56.11292761,56.46915158,56.70732123,58.45111516,58.97996171,60.81820932,61.69967738,62.77840208,65.09326967,65.42287334,66.75048376,69.8452149,79.04098055,84.93327398,88.340165,91.31659839,93.7687641,94.14887797,94.93157397,94.98238479,95.15416933,97.10914045]","[5,1,2,0,3,3,1,1,0,1,1,2,0,1,1,7,2,3,3,1,3,4,0,2,3,1,5,5,2,5,7,0,1,0,5,0,1,0,3,2,5,4,1,1,0,0,7,2,7,1,3,2,5,2,3,0,1,5,5,1,5,3,4,2,7,3,2,6,2]"
"[1.00406725,1.33350003,1.55723925,1.9788272,3.10112114,4.19693396,5.24945004,6.09062046,6.13374079,6.64379736,7.12207228,8.44400715,10.03536087,15.38642017,19.74326385,22.38021545,23.29054716,24.49674405,27.42725492,35.57133005,35.74814941,38.15590606,38.27262876,38.39950329,38.5058949,38.61011717,39.02051786,40.2541688,41.0442179,41.69510594,48.59664926,48.69421609,49.78777106,50.42406139,51.51515574,51.64581031,51.87571239,52.9611767,53.02855087,53.89540875,57.15608572,58.23932749,60.56400978,62.08538332,62.57683342,65.07498055,69.01931901,70.77100575,71.53149533,73.68485361,74.30631124,77.38946158,78.29978192,78.8690726,79.1443329,79.43399275,80.59218783,82.53150644,86.29751458,89.20785621,89.73070885,89.94084164,94.99824297,95.1016985,95.36796754,96.32511914,96.36718675,96.80865479,99.44885636,99.7022237,109.10074441,110.97420659,111.77059318,113.00420225,113.13091602]","[6,0,1,0,0,6,3,2,3,2,2,3,2,3,2,0,1,1,2,4,1,0,1,1,6,0,1,0,0,0,2,5,3,3,2,3,2,3,3,5,7,7,0,1,1,1,7,0,1,1,0,2,3,2,2,3,4,3,3,1,2,3,0,1,0,0,1,1,1,0,0,1,1,0,1]"
"[3.35943531,3.50082552,3.55397954,4.71023709,5.42353367,5.51065659,12.19487076,16.59189065,16.90051594,18.0319438,19.14026001,19.37973718,20.23657085,21.25907153,21.8777807,24.33041703,26.67703056,26.81401194,27.07625534,27.09360601,27.55278613,29.09870139,30.45659747,33.57205736,33.67197513,36.33494293,37.59324768,37.5966564,37.83773271,38.45684669,41.75409251,42.97502577,45.36786129,45.85833801,48.28900977,51.53909009,55.87609624,56.33700381,56.65856514,58.74190123,59.15257473,59.70498655,63.05787997,64.53196647,68.14303704,69.96314959,70.85573004,76.3802762,83.22966261,84.97952044,85.19498786,89.5064579,89.58696251,89.58878247,89.66963694,91.04302035,91.57843416,92.04783586,93.04997571,94.86047669,103.00742782,103.28171669,103.74002588,103.78326456,104.3420087,107.2481922,107.95505119,107.97175644]","[2,3,3,3,2,3,7,2,2,1,5,0,6,1,1,0,3,2,5,2,3,3,4,0,1,0,1,0,5,7,1,0,6,1,1,7,2,0,1,4,0,3,7,1,1,2,0,5,5,2,1,0,1,0,1,1,0,3,1,7,3,4,2,2,3,3,1,4]"
"[2.79105927,3.43902586,3.55620004,7.67498242,9.11606901,9.83396204,10.38411404,10.45553761,11.0769365,11.25047815,11.70412744,11.82232756,13.10264585,13.94996938,16.842368,16.99788656,17.54977304,17.5627051,21.49554527,23.25586146,28.98132855,32.14579831,33.59400337,37.26709025,37.53956562,37.97124735,38.86093542,39.0528126,41.40856323,41.43008058,41.98781016,43.88877788,44.26930259,44.71134382,47.33520509,56.51835104,57.65780679,59.81467718,62.07010568,62.11892661,64.66421549,70.19142171,70.45291357,70.83774102,71.83722876,71.89787733,72.99463245,73.07800647,73.40358869,73.7418305,74.01263388,74.25691257,74.38780402,74.63368019,75.48733058,75.49907336,75.53847349,76.50908335,77.42131649,77.6470174,77.74529371,78.40298484,81.66703796,83.22996614,86.36241047,86.61006725,89.12014748,90.93171309,90.96183648,92.908597,94.93114405,95.09181468]","[0,7,2,7,1,0,0,1,1,0,1,0,1,0,0,0,1,5,3,3,4,6,4,1,5,0,7,3,1,0,0,6,1,0,7,7,2,4,4,4,5,0,1,0,1,1,0,6,0,1,2,3,3,2,2,2,3,4,2,3,3,3,4,5,2,3,6,0,1,2,5,3]"
"[2.04354831,2.56469619,9.75734367,9.97160728,12.28188575,13.88183107,14.69168865,14.97148431,19.23909396,21.90734708,22.0035133,22.21905756,22.25980747,22.33398058,22.58717972,22.6855184,24.91764291,35.81447531,39.92416953,42.84111864,46.15911265,57.7981,59.23558638,59.61076146,62.3468635,63.13509218,63.15935254,63.19600478,63.76290706,63.86832311,63.87605913,64.96912642,71.80179099,84.7174395,84.96920967,88.41896085,88.96908536,89.47411009,93.6771894,94.84517497,96.83841611,99.23451566,99.62788182,101.07402197,101.40707012,101.75367554,102.37601756,107.66675492,110.53262377,115.4710919,117.24359067,118.15265752,120.90427503,126.55369963,128.5435498,129.32749004,131.87162968,137.36309991,137.64839515,137.78424711,137.86268276,140.42873733,143.17856245,143.81084392,144.14641724,145.21704509]","[0,4,0,5,1,4,4,3,1,7,0,1,0,2,2,7,0,6,1,0,1,5,2,5,2,2,0,3,0,2,5,3,7,7,1,2,2,3,2,2,3,6,7,2,3,5,3,4,4,1,0,4,4,7,4,5,1,2,3,7,3,3,2,6,1,0]"
"[1.2391779,6.45229475,9.03659184,15.53924421,19.01528635,19.82556184,20.06879958,20.11665812,31.18345929,33.41484225,33.56051504,34.87662383,34.99589499,39.15635604,41.06572695,42.21761394,44.45472824,49.41632006,51.25851644,53.42709523,59.92712567,60.2933882,61.0212845,61.83622607,66.22986784,66.24181791,71.68068536,71.81730091,71.99157565,72.1387791,72.68392446,72.72996032,73.31769407,74.5244873,74.68564899,75.35497739,76.03292131,79.3533693,81.65562243,81.89951515,82.30851443,85.21708572,86.47033566,90.92525052,94.67405372,95.15958527,96.92942943,97.1406619,99.31412494,103.24736177,104.99309335,105.02867415,105.59125248,113.63523081,114.57671638,114.75809514,114.98025483]","[7,3,5,5,2,1,0,1,1,0,1,1,0,5,3,2,5,2,3,1,4,1,0,5,6,7,1,2,0,0,1,1,0,0,0,5,1,0,1,1,0,7,2,7,2,1,2,3,2,6,1,2,0,3,2,3,3]"
"[1.59057455,4.13690946,4.34002897,5.80790544,8.48593753,10.72199736,11.2576091,12.3836695,13.57085223,13.7625051,13.76656141,13.94962532,13.97472331,14.36615625,14.93185092,15.2426861,16.10672838,17.06850003,18.43715168,18.76789367,20.78497759,21.40353646,21.40442767,21.4625691,21.90250707,23.26906554,24.22907042,25.48494755,26.61120274,34.81501345,35.74981495,36.22939746,37.39801162,37.73716711,40.06918344,40.477682,40.71725468,40.72749347,40.99598049,41.00058877,41.66233841,41.72814815,41.84251558,42.07375789,42.44375549,42.66229185,44.16907258,44.46008244,45.39760421,45.46579629,45.90234988,46.8680058,47.21463851,47.38609119,47.49823511,48.2772423,48.66964453,49.34349644,49.75522375,49.82629016,50.12875527,50.51040499,50.8665042,50.93466829,51.0112616,51.16435033,52.8172315,55.98579146,57.10246457,58.27952109,61.12607139,65.23190989,68.10460934,68.27732341]","[0,0,6,4,1,3,2,1,5,7,0,5,1,1,0,7,1,0,2,3,3,1,0,1,0,4,3,2,3,5,5,1,0,0,1,1,0,0,0,0,1,7,1,0,1,1,0,2,0,1,0,1,1,1,0,0,0,5,1,0,7,1,0,1,0,1,1,0,5,7,2,1,0,1]"
"[0.47008156,0.79261538,1.00608828,1.22106429,2.84562339,3.20540794,3.45369386,3.618259,3.78155213,4.01246245,4.6701479,8.10015949,10.49746634,10.71460744,11.67244975,13.31333373,16.72307694,17.05131102,17.72652381,20.69023904,23.27501055,29.97583175,30.04289341,30.29863471,30.93996979,32.5234717,33.21535978,39.97424687,40.54441029,43.12394155,48.42587175,49.39557476,52.68623242,53.66266232,53.76296696,54.77078831,55.27482507,56.36321574,58.45598346,59.43304136,59.52114735,63.01410833,64.13429522,64.1556341,64.30189134,67.77669284,69.23256011,71.51443722,73.32413748,74.7545011,74.91441179,76.2904162,76.78795395,77.08292287,77.78672836,77.88399157,78.38298993,78.5239538,78.74851321,79.55553986,80.06627533,80.76441186,82.77211856,83.45396639]","[1,0,6,0,0,0,1,0,5,1,1,1,3,3,1,7,0,3,5,1,3,1,2,3,3,2,3,2,6,5,3,5,0,1,1,0,1,1,5,1,4,4,7,0,0,7,7,0,5,1,0,0,1,2,7,3,2,3,3,1,2,0,1,0]"
"[0.49507028,1.28837493,4.79274178,4.93286765,5.0533694,6.50966371,8.2898355,8.76438998,9.0929765,9.31287033,12.91437856,14.22474364,16.75473838,19.26764663,19.36911905,21.06284923,22.73050538,23.02812523,23.86127764,24.64855531,27.15777588,29.42279451,29.74021206,32.925936,36.25043718,37.94061274,38.43998757,39.34888198,49.22022287,49.68652703,53.93867309,56.85189778,58.22512718,59.82507085,59.82683617,61.67843619,62.96733243,63.72280555,64.90323434,65.21775486,65.49623785,65.61488426,66.09531999,66.18620965,66.28681565,66.51286379,66.75049017,66.83961595,67.43463906,67.85140483,68.26195231,69.02796543,69.10104152,69.35265395,69.82794024,69.85268068,70.18714245,73.46677271,75.21966187,75.82310276,76.21930315,76.36732895,77.78353636,79.29952973,83.52913614]","[2,7,2,1,0,5,5,4,1,0,5,5,1,2,3,2,3,3,1,4,6,7,0,6,2,1,0,5,7,4,7,7,1,0,5,3,4,1,2,3,0,1,3,3,1,0,0,2,3,1,1,1,4,0,1,1,0,0,1,1,0,1,0,6,2]"
"[0.82725952,1.10429561,12.46593766,16.4197913,17.44328537,17.86017076,20.21971255,20.29215851,20.99294277,23.1448427,25.19713768,25.56574534,25.57452562,28.48466531,29.11347666,35.96859239,38.23351796,40.27295096,40.42322507,40.92107835,41.50511782,42.26140146,42.91373365,43.07768958,43.18058927,43.63880097,43.79056147,45.94284727,47.90943939,49.91618661,50.96892745,53.46480842,54.79687195,57.92513268,58.03044834,60.60642177,61.92898342,71.71310959,74.70994104,76.44602318,77.57075905,79.43793964,82.0905391,82.46500751,85.74507191,86.14880915,86.36687206,90.98146604,93.75342369,96.0283704,96.90173299,104.25377829,104.73317962,105.37360025,106.29620338,109.51917953,111.57946101,113.81450724,124.00783717,130.41288863,131.08696913,132.33006195,132.57368121,133.21128608]","[5,7,4,3,2,7,3,7,2,7,0,1,1,3,3,3,3,2,5,3,2,2,3,3,3,2,3,3,4,3,2,7,7,5,5,1,5,7,3,5,5,1,1,3,1,0,1,2,3,2,4,3,4,0,3,1,0,7,3,3,6,2,3,2]"
"[0.03916406,0.53989293,1.56319788,3.0753014,4.81173647,7.77969115,11.83094417,11.88433484,12.71391709,13.6118399,14.36022096,14.66790454,15.86288478,17.88336882,18.26399908,19.57879184,19.66848641,20.36330098,21.47796629,21.54793493,21.74263534,24.39752596,28.79540589,30.63968898,32.10632326,32.14100387,40.84099487,42.79009187,43.67521467,43.78865215,49.43633025,50.21061752,53.13018696,55.72699464,57.24541297,58.00959445,58.16219283,58.70691075,59.088613,62.87684442,62.96147062,63.9510837,65.18711837,65.28732051,66.45405114,66.45704298,67.01893923,67.66045936,68.72251742,69.72188318,71.00898108,71.13324796,71.48018941,72.47809156,72.92829553,75.68675678,77.75696804,79.02523998,79.95494688,81.0174018,81.1296083,81.99734784,82.34258693,82.37036936]","[3,4,4,5,3,3,1,0,1,1,2,0,3,3,2,3,2,2,2,3,3,3,7,2,3,2,0,7,4,5,2,3,3,3,2,2,3,3,4,6,6,1,0,3,1,4,6,5,3,7,2,7,3,2,3,2,3,1,0,1,2,3,0,1]"
"[0.1560118,0.90690706,1.41781314,1.5077329,2.4277584,2.59080158,3.2752002,6.10173248,6.38696456,8.15891662,10.91677589,16.46468938,16.59418638,20.59679741,21.21033994,21.29351636,21.3054507,21.55783141,21.86932022,22.46949716,22.76144638,22.7853313,23.18665811,23.19445118,23.27128149,24.29073,24.79311723,26.16459346,26.78515463,27.0170876,27.9319843,28.59435076,28.93286692,28.96481035,29.29875573,29.67543204,30.50519321,31.5995641,33.02500042,33.67942415,35.24290099,35.47786322,35.60114729,36.52904296,37.04070696,37.8348145,38.05762356,38.9686152,39.13585387,39.307332,40.20387155,40.21923352,41.73125424,42.87608964,44.27908428,47.16000674,48.78664895,49.4613777,51.88012815,55.80819838,57.68125926,67.601125,68.62140967,69.18148701,70.03227733,70.21479574,70.69979332,71.9209404,72.00411247,72.23962443,77.34523571,78.42151837,78.95726465,79.23728991,81.25466249,82.48544571,89.79690529,94.96967367,95.07934624,95.1316569]","[3,3,0,1,3,1,1,0,1,1,6,7,7,1,2,3,1,0,3,0,1,1,0,5,0,0,2,2,3,3,2,1,6,3,0,3,0,2,1,0,1,1,0,1,0,0,1,1,1,1,3,0,0,0,0,0,5,2,3,7,5,3,2,3,0,1,0,1,0,1,1,7,1,0,5,1,6,5,7,7]"
"[3.37649753,3.59937522,8.83435946,10.07879973,10.24982795,10.96175384,11.37727746,14.41054165,14.85014479,15.00477178,15.00921945,20.01205515,22.84605602,23.2741069,25.6268227,36.69850849,37.26650064,38.07698762,39.06614736,39.69544223,40.25813955,42.07860958,44.74127028,48.79862249,53.12448151,53.98293077,59.3267101,59.52336611,61.00910775,68.44694672,68.70233788,71.71699723,77.39501475,78.9897438,79.98678134,80.68897979,82.18403774,82.57988262,89.96065866,90.13230029,91.73430191,96.7928385,99.10351657,99.93713114,101.07341366,103.65284391,104.36995117,104.63579458,107.02176133,107.2516948,107.56647877,107.58195649,109.81843585,110.73757897,113.58116033,113.75523317,114.71100729,115.45302448,115.58648252,117.86216447,117.87526859,118.29021908,119.17294413,120.13937697,120.8872614,121.73775036]","[2,7,4,0,5,1,0,0,1,7,1,5,2,4,7,2,3,3,3,3,4,4,7,2,5,4,1,5,0,1,0,5,0,2,0,1,0,6,0,7,2,6,4,2,3,3,2,3,2,1,0,1,5,6,0,1,0,3,1,1,0,1,1,0,1,5]"
"[10.75082854,12.48906804,16.12370094,18.31499108,18.73852124,20.89525693,21.54239167,22.89974801,23.39474613,23.79009891,23.90439526,25.06674906,25.5371759,25.61519453,27.90757055,27.92106072,28.7870119,29.43186881,30.29302873,30.67779254,31.38334681,33.6856972,34.90136276,43.70927755,43.92965715,44.15625539,45.08631447,54.11262916,54.67530202,54.80051,55.14002836,55.18133269,58.65323286,59.58874466,60.5643492,61.15380598,62.0665577,62.12680551,63.9089113,63.96068186,64.43254673,64.62383232,73.87861117,75.06776603,80.46150486,80.54857998,80.59347078,81.01901853,81.78863178,82.13493834,82.26917398,82.97117788,84.51781406,84.68470709,85.09056332,85.18296673,85.34614894,86.19915453,87.49032993,87.73712343,87.95417788,88.33041264,88.84015082,91.81668304,92.29952249,95.32150577,95.97300206,97.09208579,97.70970627,98.166273,101.2516549]","[7,2,3,2,3,2,1,3,2,2,3,0,1,6,5,1,6,1,2,3,0,6,6,6,1,5,4,0,1,1,0,0,0,1,1,0,2,0,2,4,3,3,3,2,2,1,0,6,0,1,1,1,1,0,0,0,0,0,7,1,1,1,1,0,0,7,2,1,5,0,5]"
"[16.25930492,16.96118336,17.16209557,18.69495959,21.15751407,22.14905329,22.22143615,24.35066477,26.62092163,29.76963151,30.11507502,32.98275125,33.32419309,33.9889797,36.50880614,38.57826501,40.50992114,42.35111331,47.79170263,53.72414824,54.31441619,55.26996662,64.23765974,77.95179513,78.36402107,78.88340871,79.21847112,79.7460091,79.84675903,84.92462298,85.356766,86.77379232,90.61429596,99.76006639,104.32754315,105.04499054,106.17640311,107.51771087,108.87394455,113.02281109,114.05404543,115.41188931,117.98354086,122.37229671,125.90169092,129.57381167,130.40596419,133.53924253,136.9900451,152.78804659,153.91358208,155.26284452,155.32004034,155.58210703,156.01503824,161.67054505,161.82321163,162.39135314,162.40621481]","[1,4,0,4,3,5,4,7,5,2,3,5,6,7,5,3,2,3,3,7,6,4,4,4,7,3,3,1,3,0,7,2,5,5,6,7,7,7,4,2,5,3,3,5,1,3,3,2,6,1,0,0,5,1,6,1,0,0,2]"
"[4.79470514,5.20798018,5.55936425,5.64887983,5.72361757,6.03337754,6.35643576,6.57344398,7.47066287,7.52859957,7.62909968,7.6739671,8.21178328,8.49730484,8.7714962,9.8101648,10.16823749,10.49289428,10.57630394,11.30188369,11.82994507,12.779989,13.20776959,27.14893761,30.65623208,30.74387899,31.37330992,33.86212185,35.25520887,36.76486486,39.35648405,42.63234667,50.28121493,50.3532905,52.31971848,54.02794223,56.17631916,61.23637266,62.45185711,63.84627297,65.46158756,68.58848914,70.47617924,70.94697285,71.7703272,72.27717777,72.30570074,82.81075657,86.07505711,89.12474251,97.19790416,97.54810356,107.92455014,109.37372087,109.50114442,110.9538175,112.39710294,113.17332799,114.02895498,115.43521845,115.6643442,118.61258702,123.24710861]","[2,3,3,3,2,2,3,3,4,2,5,3,1,2,0,3,0,2,3,1,1,3,2,5,4,1,6,6,1,5,7,5,4,0,1,5,4,1,0,1,1,4,5,0,1,5,0,1,5,5,1,0,5,2,3,2,3,2,4,2,1,5,4]"
"[2.59276589,3.24694397,6.04891633,6.17659304,9.57481687,9.75797877,14.90773908,19.47917487,24.63976904,25.02638929,25.45941377,25.79201264,26.09653465,27.82526708,29.07725657,30.82729298,31.97078647,32.64177343,33.3692803,33.47951097,36.9395366,37.57735544,39.11046833,39.28814368,39.6584069,39.71522058,40.54215611,42.16939614,43.17622323,43.17828279,43.36169674,44.69130754,44.71056569,46.42448113,46.42674132,46.4653517,46.5036243,47.1742212,47.58659444,49.21670568,50.15005761,51.56218663,52.79144014,55.32953982,56.00122181,56.14551185,56.25432315,56.69335769,58.79841823,59.42013481,59.89921225,59.93172023,62.15244287,62.99382321,63.35138514,66.31406277,70.57699223,70.67189255,71.9394158,72.23454552,74.20870317,74.59279816,74.60990699,75.9950027,77.00604014,77.62759107,78.57337398,79.21624739,79.4116357,79.72758756,79.95275573,82.255955,88.17877484,94.38015762,97.12750813,98.88955126,99.99613964,100.06653082]","[0,1,3,4,5,5,5,7,2,3,7,2,4,3,4,3,3,4,1,3,7,7,2,0,2,3,1,2,1,0,1,0,2,3,3,2,0,3,1,2,7,1,0,5,1,0,1,1,5,0,1,1,2,0,0,3,0,1,1,0,0,0,1,1,1,0,0,1,1,0,5,1,7,0,2,0,1,1]"
"[2.55834066,2.60932585,3.65841773,3.66309477,4.55200812,4.6699757,5.22852521,8.70717945,9.68298469,10.45943841,11.87310226,12.40384616,12.70255377,12.7131212,12.75492009,14.00875585,14.19218973,14.33235879,14.33633319,15.12972294,15.83066726,16.89973359,16.94421752,17.03313294,17.5859362,17.68788501,20.77686336,21.0549886,21.29482319,21.40807583,21.52611512,22.47895854,22.49032268,22.5121445,22.55719033,22.57750669,22.59606949,22.63421065,24.38521956,24.42272568,24.5434511,26.34791611,26.74441781,26.86426054,26.9873437,27.07721002,27.11900213,27.36606564,27.41569262,27.48913192,27.66612808,27.82196021,27.86897034,27.89192824,28.46117497,28.62309145,29.04166549,29.04338253]","[0,1,4,3,0,1,6,6,0,1,0,1,0,5,0,3,0,2,5,1,1,1,0,1,0,1,2,3,0,2,3,3,7,5,5,5,3,1,2,3,1,0,0,1,0,1,1,1,1,4,2,0,0,0,7,0,3,1]"
"[3.87551552,6.86835334,7.72929616,14.93748589,14.95474059,15.10507484,16.34703981,18.22454377,21.98373486,24.8407681,26.23725118,28.68102983,28.81982082,30.41548558,33.41833704,33.44044494,36.49582221,36.52229005,36.72647426,36.80041879,36.89319192,37.23470001,37.36374702,37.44882975,39.307855,40.60843866,41.67416019,44.28201805,44.80915307,46.33851817,47.4076642,49.57912021,58.56228023,60.42993349,64.83759808,65.31711688,65.44162083,67.81339166,70.71940962,72.28624672,73.00588348,79.44420118,79.71830136,79.89533784,80.10386047,81.90577812,82.91664586,84.6581645,85.16409345,85.72614292,85.93949424,85.99417444,86.01389702,87.01615825,87.13112544,89.23936688,89.55275541,90.92693489,91.97958029,93.0430087,93.1461104,93.26391261,93.58308454,93.59678174,94.42903913,94.53046991,94.60676953,94.93328264,95.15464759,95.25550159,95.87091709,96.90010184,97.11498567,97.3481828,98.34393398]","[5,5,7,2,2,5,3,6,0,3,2,3,5,7,3,6,3,0,5,1,1,0,0,1,1,1,0,1,4,4,4,7,6,0,1,0,6,3,1,1,0,1,0,5,0,5,1,7,1,1,0,0,1,1,1,0,1,5,0,0,1,0,1,0,0,1,0,1,1,1,0,1,0,0,0]"
"[8.7159078,10.79632987,17.99455797,18.10375777,18.94548287,21.49600151,21.77356448,22.46957244,23.07796343,28.92416484,32.51766398,33.03121613,33.64694382,38.37604565,38.40923219,39.09448738,40.66297951,40.94727548,42.07608557,42.34672823,42.76163427,42.89091509,48.62479271,52.81981636,57.27582565,57.72236739,61.78253975,62.25925904,62.89344985,63.29825781,64.51698966,65.5402731,66.01379101,72.71933644,72.76749359,72.96773554,78.95361428,79.0634519,79.38907057,79.446059,79.6535443,80.98724198,81.28454167,81.92896425,82.17876044,84.53945924,84.59099672,86.61319322,86.72792377,86.87143726,87.70979635,87.83228732,88.45341765,89.42787433,89.52446059,89.68856081,90.1366001,90.51039562,91.5723696,96.53716296]","[6,5,4,1,0,2,6,7,2,4,2,3,2,3,2,4,1,0,0,5,1,2,3,4,7,4,2,3,2,2,0,3,7,4,2,3,1,0,1,1,0,2,0,0,1,1,0,0,0,1,0,0,1,1,1,0,0,1,2,0]"
"[1.71798251,2.78004443,4.47958523,6.41533245,6.96090012,8.88840882,10.95505181,11.59177685,11.93172104,12.19500264,14.44634413,16.57721595,19.39266309,19.94802012,35.32083927,35.84932544,36.2911813,37.02552324,37.44883127,38.4287791,39.47312307,39.8069683,41.84113476,43.10575823,44.12250455,45.43862985,45.85973983,48.15661334,48.41732277,48.63471918,50.24051387,67.69279731,70.07942026,70.08425045,74.58112044,84.56436409,87.23799819,87.77005456,91.06699547,91.67497062,96.81687691,97.62860653,102.04197139,102.51898642,103.4045924,105.20029719,106.44812575,106.49254072,107.98079708,109.1398894,109.79785079,109.84604362,110.23917338,110.86035507,111.16146453,112.21299168,114.21719384,114.75975618,115.4068529]","[3,3,5,7,1,4,2,4,2,0,3,1,7,1,2,2,3,3,4,2,2,3,2,3,2,7,3,3,2,5,7,0,4,7,5,4,5,2,6,6,4,4,5,3,3,0,0,1,5,7,1,1,0,1,0,1,0,1,0]"
"[11.39592645,14.42285064,19.7687695,20.76784079,22.08567932,22.3470826,22.45690234,22.51421535,23.18685549,23.63088349,23.64995551,24.35789641,25.22976123,25.37480512,25.7030581,26.11930843,26.40095237,26.69245441,26.72595393,26.96929465,27.02340127,27.05338148,27.36653467,27.65988136,27.86075608,28.06812519,28.08813139,28.12571499,28.20885408,28.31164569,28.53799808,28.64376644,28.75629438,28.80011518,28.83322774,29.12590926,29.34313198,29.89418086,32.35629677,36.46822359,37.79908973,39.9450593,39.98885944,42.62276742,48.44338164,49.01733211,49.53634681,53.64824554,53.83391944,54.39167062,55.88798604,62.24954474,63.39537112,64.57041211,64.87174425,78.3317789,81.25557521,81.31881912,81.40251156,83.13446784,84.47389722,86.63334233,92.77477777]","[0,6,0,3,2,3,2,3,1,2,3,1,2,1,3,7,1,3,5,0,0,3,2,3,2,1,0,2,3,1,0,1,2,3,1,1,0,0,1,4,1,0,1,1,1,7,6,4,5,0,2,0,1,5,3,7,2,3,3,4,1,7,7]"
"[3.80183324,10.59237239,16.27683562,16.94414774,19.50074551,20.87941557,28.06585255,30.39015999,31.33249817,37.35007769,37.95385466,38.24398207,39.6790718,40.61706692,41.55604644,42.82126609,49.36514602,53.9328227,54.62051404,59.58472484,60.1484811,61.65312169,61.82788475,66.24824325,66.51691278,69.74551808,72.74298389,73.41939108,73.73214573,74.79312841,77.43366205,77.52244639,78.72614511,84.0854879,87.82036245,88.38261089,90.54431345,91.82586416,98.64051247,99.17419709,101.91954327,109.7951556,109.95502997,113.28488679,113.65444446,114.12024531,114.19943014,114.44945222,114.59518512,115.31187488,115.70242925,116.06481534,116.14258889,116.6167896,117.79447767,118.44942738,119.08057683,119.57711293,119.61934793,120.15951376,120.37764469,121.15448113,121.57380223,123.02983837,123.10693875,123.59186513,124.50081804,125.29221355,126.5565608,128.29936815]","[1,3,2,4,7,6,5,6,3,2,3,2,5,2,2,0,5,5,1,5,7,6,5,5,5,4,5,0,3,0,1,5,0,1,3,2,3,3,3,2,7,7,7,3,3,0,6,2,1,1,0,1,1,0,1,0,1,1,0,0,0,5,0,0,4,1,1,7,1,3]"
"[1.12003976,4.26839932,4.56528724,11.19993465,12.21842465,12.63079011,14.47103688,14.64023701,16.48137094,17.30196511,17.88677335,20.68592733,21.78636978,23.3331818,25.41055133,26.56970926,37.51130774,50.70824251,54.66735107,56.50055338,56.64525236,56.91310428,57.88905187,58.09370317,58.24194274,58.61928496,59.03564851,59.09564108,59.41641879,61.94272966,62.8632378,64.98163439,68.59257053,77.45443842,77.58071796,77.80405991,79.31656634,80.43136976,81.75099872,86.54594617,88.09407929,90.50314541,92.62903057,94.66497165,101.27750301,103.95815784,104.87137466,106.10613928,108.56840045,113.80020329,116.7097223,117.99065927,118.9805225,119.18691451,127.51702132,129.80033076,130.10017691,131.36591841,131.63235911,132.00785585,132.12566758,132.31314067,132.31420137,132.59745259,132.79043141,132.99131716,133.87250322,134.22835977,134.62697432,136.00795074,136.04796435,136.88683388,137.7901812,139.16506428,142.60406211,144.31376232,144.48807153]","[5,2,3,2,4,1,0,1,1,1,0,1,5,2,1,2,4,1,1,1,0,1,0,1,0,1,6,0,3,3,3,7,2,7,2,0,2,4,3,7,2,5,0,5,1,0,1,6,1,0,1,7,4,5,0,1,4,0,1,1,0,0,1,1,0,6,1,0,1,0,0,1,1,6,2,3,1]"
"[2.68657828,6.09011121,6.33227394,6.45566109,6.4725907,6.57429034,6.87104237,7.94002204,8.1226448,8.3869983,10.01641228,11.75599846,17.0810563,18.06592298,18.44552205,18.79368601,19.08445605,29.7736757,29.88156981,30.51931233,41.56548904,41.90375974,41.91202583,41.94996641,43.13640911,55.61744343,56.1408888,56.20095417,58.61271236,59.81961921,60.25614202,61.75613617,62.40256487,62.65613427,62.88722591,63.2501792,63.29722201,64.6246275,65.36720488,66.60213413,67.5264991,71.15860746,71.66459845,74.26015555,74.68453067,77.02621749,78.85640101,78.99680657,79.53995243,79.82446071,80.98069376,81.31015134,81.3309281,81.40099399,81.63487823,82.53254313,82.67419546,83.30669836,84.70246526,86.14088572,86.68585933,87.85104745,88.7952726,90.03875157,90.90644028,96.09665091,101.96197278,107.64236609,109.0443218]","[3,1,0,0,1,0,2,7,1,3,1,0,2,7,3,2,3,0,1,1,5,2,3,5,5,0,1,1,3,3,2,5,2,3,2,1,3,2,3,3,3,5,7,1,0,7,0,1,1,1,0,0,1,1,0,0,0,3,4,1,0,5,1,0,4,2,4,5,5]"
"[3.76327159,8.23720292,10.41617311,11.98237261,15.45171165,15.78230907,15.93799798,19.45834056,24.88692441,25.87914729,28.27859073,28.49346463,28.97272121,29.41420324,30.28899773,30.91506579,31.03514646,32.57936556,32.84190386,33.02642029,33.32800731,33.87378754,34.20724517,34.41349549,34.56211368,34.77790706,34.78491252,36.00749094,37.28022445,37.39719508,38.20753089,39.28903451,39.39927918,39.76966179,40.29618306,41.11930988,42.27616106,42.79438522,44.01374239,44.21085276,44.6217452,44.66746188,44.71851989,44.74754749,44.80269752,44.97138504,45.345309,46.26068628,46.47595914,46.69979201,47.1460574,47.19712363,47.48660875,53.81788548,54.64223598,56.89560049,57.56828021,57.91933206,58.00924402,62.62867373,64.08350565,64.34218594,64.55039876,65.14511487,65.35831854,68.25892334,68.56442424,69.40573261,70.54779717,70.65792149,71.99390444,74.27020945,74.38862542,74.83039052,75.44415035,76.08442688,77.06454226,77.15114209,77.20973433]","[6,7,6,4,1,2,5,0,6,2,0,4,1,2,1,6,6,0,0,6,1,1,0,0,5,1,0,1,5,4,0,7,1,0,1,1,1,0,1,1,0,1,1,0,0,2,0,3,6,3,0,7,1,1,0,2,3,7,3,1,2,3,7,7,7,3,5,0,7,1,1,1,1,0,0,1,0,1,1]"
"[9.11083491,10.0371486,10.99229781,11.00544346,14.60530604,16.52132678,16.75380222,16.83000926,19.13836366,20.05964885,28.84687135,29.89583876,30.20550021,30.87688306,31.40670942,32.12682662,32.38724093,32.39505256,32.55539819,41.19925538,45.48097763,45.50330468,45.5532262,45.85893269,46.52476008,47.24320804,48.24488045,48.3666521,52.58088472,55.97794169,60.3195208,60.5612929,60.57722417,62.47108373,63.63829988,63.7419846,70.53888375,70.56397729,72.22618936,73.03953842,74.8093827,78.46520262,78.72489977,78.90226518,79.54114572,80.04328948,80.47972171,80.48675948,80.9189953,81.60189928,82.64339295,82.66872994,82.8785267,83.36812783,83.95607385,84.58046417,84.67774278]","[4,0,1,4,5,2,7,2,3,2,5,2,1,0,5,1,0,0,1,5,2,3,3,3,3,2,6,3,7,5,1,0,0,2,7,5,3,2,2,1,3,0,1,3,2,1,3,4,2,0,1,1,0,4,1,1,7]"
"[0.49441383,2.03369618,2.52731615,3.42409566,5.58560949,6.01492237,6.11278927,7.52468185,8.27115585,8.92129802,9.09907199,9.16214634,9.38350753,9.41827123,9.47325904,9.47729557,9.73885258,10.07713525,10.08368837,10.12349752,10.34798426,11.09810798,11.24967528,11.31471662,11.70890822,11.7443462,12.14512672,12.43762195,13.08618829,13.15227997,13.21272355,13.37565429,13.75757061,13.80110358,13.97037569,13.99083539,14.18931941,14.25113253,14.42497833,14.44556331,14.49103007,14.53764162,14.63707059,14.74232899,14.94980699,15.25434039,15.48759177,15.61998397,15.89618202,16.10807139,16.84141674,17.30118407]","[3,2,5,0,3,2,3,1,0,2,0,3,1,1,1,0,3,1,0,0,1,1,1,0,0,1,0,1,0,0,1,1,1,1,1,1,0,0,5,0,0,1,1,0,1,0,1,0,0,1,1,0]"
"[0.11428023,0.77807585,0.9136592,2.29811074,3.0888115,7.38350187,8.90925981,9.09494251,9.38968456,9.75651419,9.90583674,10.72281734,11.30005342,12.26913166,12.78858933,13.2703751,13.7000498,14.35269935,14.91120717,17.97824161,18.2016025,18.22675062,18.59745304,22.03829474,23.12453978,23.65253455,25.60969795,26.04942094,26.1914175,30.31618037,35.8525434,36.93502803,40.32188235,42.28179113,44.86755646,44.99494954,46.73103677,47.38311115,47.74451892,47.77633206,48.59392266,49.01594636,51.00660863,54.37631206,56.87371458,62.01741117,63.84853603,64.59931152,66.01697356,66.9191689]","[2,3,2,0,3,0,1,0,2,5,0,1,0,2,1,0,1,7,1,1,0,0,1,0,2,0,1,7,4,4,7,2,4,6,1,0,1,7,7,5,7,5,4,4,7,0,2,1,0,1]"
"[2.68182474,10.00267889,12.11220257,15.06217932,16.43465458,17.49533287,18.89450218,20.68803412,26.93705482,27.28242962,28.01179271,28.0594924,28.1400037,28.1910512,28.21108102,28.88421444,29.36486684,29.37912171,31.07587289,31.72001953,31.72922199,31.96502751,32.35729989,32.75324564,33.24689886,33.79703522,34.51315582,34.58990325,34.71334994,38.09644257,38.79376478,39.03287323,39.58186162,40.17148143,40.53217066,40.59675141,41.46749187,42.34587926,43.2029914,43.24216237,43.27840392,43.97199167,44.07828884,44.13287355,44.28523686,44.72995491,45.08797217,45.21684876,46.10779483,46.25114386,50.32566977,50.37296787,50.75342715,51.06271719,51.44075797,51.87575412,53.32831953,53.43984342,53.59496779,54.76234428,55.8324798,56.01371401,56.2452327,56.30613575,56.33506936,57.38499555,58.89680952,59.52409148,59.73838354,59.85165276]","[4,5,5,5,6,5,4,4,0,1,1,0,1,0,7,5,1,0,1,5,5,1,0,0,1,1,0,1,1,0,1,0,7,0,1,0,0,1,0,1,1,1,0,0,5,1,7,5,1,7,0,1,0,3,1,0,1,1,2,6,0,5,1,6,1,0,1,1,1,0]"
"[3.23450345,3.54835865,5.09639324,6.10436888,7.2362422,8.28801216,11.39574085,13.56391572,18.37409185,20.3771517,21.83906492,22.32556969,23.02739774,23.15933746,23.66476679,24.64992668,25.4888876,26.56242298,26.82281612,27.99128301,29.64900993,29.67979442,31.18044657,33.55059435,34.1984445,34.44014936,35.12521297,36.83723883,37.64419627,38.70605332,39.00687016,39.21020343,39.51307169,39.74015101,40.08919808,40.12251654,40.16639363,40.20630517,40.50244103,40.60758611,40.6800598,40.74533661,41.09005431,41.30920072,41.86721409,42.21601978,42.31177738,42.83605961,43.61070296,44.42861877,44.69976628,45.01393507,45.12950815,47.19151109,47.28484822,49.23554575,61.20498673,62.2242037,62.86468644,65.01800205,66.74676731,67.20387177,67.35830615,68.04260437,68.43797849,68.50258228,69.48139406,70.7683238,71.15886693,71.39609294,72.3169981,72.38407123,73.52153102,73.57843457,74.40587486,77.75591807,82.67753734,86.7347872,88.6833075,99.76741737]","[5,6,7,0,4,6,1,0,3,0,5,1,0,1,1,0,2,3,5,1,0,2,3,2,3,3,3,4,1,5,0,1,0,2,3,3,1,0,0,3,3,2,3,2,5,5,3,2,3,2,2,1,3,0,3,2,3,1,1,0,6,0,1,0,1,1,1,0,0,1,1,1,0,2,3,7,1,6,2,7]"
"[0.36533404,0.93728803,1.67890749,2.10530711,4.27690026,5.12092578,6.76183521,7.3421857,7.64365535,7.90364071,8.12077535,8.46630203,9.33039788,9.48461298,9.69778487,10.01903405,11.70371717,11.82132157,12.07178685,12.98583064,13.5128094,13.66116569,13.92266384,14.209296,14.22401141,15.61805653,15.8158603,16.17042446,16.59396072,16.60317515,17.00648702,17.12313237,17.27092796,17.34182748,17.76783963,18.43530916,18.5859891,18.59201916,19.159895,19.38790881,19.9238915,20.1206414,20.12358865,20.58409724,20.96524419,21.30077394,21.59133479,22.75338294,23.18913934,23.49471401,23.51267534,23.51851901,23.59004989,23.90611759,23.93809984,24.02929782,24.2090116,24.42465062,25.29616984,25.40487634,25.92245344,26.02510024,26.34286059,27.31907152,27.40192283,27.66136493,28.65272418,28.72175849,29.63923875,29.69864145,29.82214854,30.24290265,30.66655588,31.66618853]","[0,1,0,7,1,6,7,7,1,0,5,1,1,0,0,4,1,0,5,0,1,0,1,1,1,5,1,0,1,0,0,1,1,0,0,1,1,0,0,1,5,1,0,0,1,1,1,0,4,5,1,1,0,1,0,0,6,0,1,1,1,0,4,5,1,0,1,0,1,0,0,1,1,1]"
"[2.47673183,4.25287784,8.30938924,8.97277278,9.32735934,12.12201154,12.83576348,13.12435381,14.8319454,14.8953989,15.3729047,16.0400754,16.14240222,16.26202961,17.64144864,18.14112065,18.36456316,20.00239557,20.04419636,20.43524379,20.56396869,20.67644872,22.1716495,23.07499304,23.34679169,26.28504105,27.26748258,28.26767591,32.08927771,32.4017291,35.23195438,38.24564019,39.05899201,39.2030653,40.4907448,50.2746368,53.97790494,55.36563636,58.22942917,68.77766315,71.12991825,75.38542973,75.91559366,76.5312468,79.09035487,79.82065759,80.2889833,82.20439559,82.38028595,86.17707297,86.84098021,87.59044798]","[5,1,0,1,1,0,1,1,1,0,1,0,1,1,1,7,6,0,1,1,0,4,1,0,1,1,0,1,2,3,5,4,1,7,0,5,1,0,0,5,2,0,6,1,6,1,6,0,1,1,2,2]"
"[6.90683258,10.53693377,11.73199116,12.75025567,13.52389645,21.80727388,22.16926991,25.92690619,29.57207164,30.42904694,31.99035345,38.11168758,39.69544505,40.67477554,43.62504367,44.29181511,45.78331062,47.95349941,48.8903349,49.23884078,49.49701861,50.29722526,50.94558108,51.39009931,52.16572761,54.71012116,55.42919978,55.81854192,63.01823485,63.3309485,64.41984316,65.26086187,65.52626237,65.83668112,65.8892957,68.19958243,68.66366254,69.95438605,72.83506546,74.68284355,81.23973994,82.60106268,82.64025827,82.81484003,83.04897452,84.51537616,102.06088399,110.32419711,112.90183735,113.73253762,121.7664773,122.34959946,122.5192944,123.01928546,124.07314097,129.17850561,129.57860922,130.49382163,130.5169411,131.12946913,131.20758778,131.58548404,131.68220863,132.08513466,132.82102211,133.22296959,133.45216586,134.91762646,135.07396714]","[1,2,7,7,5,5,4,2,1,0,0,5,2,7,3,0,2,1,0,0,1,6,0,1,5,1,0,5,7,4,3,2,3,4,3,4,3,2,5,5,2,0,1,1,0,1,5,7,5,3,6,5,3,7,3,2,1,0,1,1,0,0,0,1,1,0,0,0,1]"
"[1.12326423,4.05998518,4.50781038,4.6660434,7.77287175,7.88762391,8.75239681,10.034082,13.51029825,14.56128384,16.52654405,17.08309665,17.67684755,17.73243695,18.51906978,18.95894517,20.29427333,20.33436667,20.68928985,20.95308891,20.98893116,21.58932215,21.84785326,21.99235807,22.46415765,23.56449453,25.70033663,26.6812604,30.99736308,32.37091986,32.72245741,36.93373632,38.96333846,45.07077283,47.07439096,48.9709094,49.70375102,49.76914648,51.18117291,51.84680609,52.71741738,52.98469402,53.62771201,53.68079111,54.3485216,54.51632955,54.53731797,54.73598914,54.75125579,55.24967812,55.9472319,55.97235667,56.05284454,58.04008363,59.62922295,60.60110687,60.7833798,61.63139527]","[1,7,7,5,0,1,1,0,6,0,2,1,0,5,1,3,4,3,2,0,3,3,0,3,4,3,3,3,4,2,1,0,1,0,1,7,0,0,1,1,3,2,3,0,0,0,2,1,7,1,1,1,4,7,2,0,1,0]"
"[1.60735828,2.41874573,2.56452087,3.07754462,4.57394485,6.12499761,6.29203265,7.29696419,7.69930755,8.63638422,8.70890711,8.7772345,9.17570961,9.49113605,9.83174446,10.12234781,10.79747977,10.89861015,11.16379235,11.18211414,11.39896085,11.87442356,12.43229877,13.13810155,14.38080732,16.69707334,18.07881309,19.02136203,23.8779462,23.95633552,24.15352085,24.29949758,24.4790911,25.41573018,26.65175313,30.08150815,35.02624691,39.07053717,47.79164206,51.88534043,52.67150049,53.58643254,56.7905722,59.08336097,63.80313421,68.67861408,68.84301618,69.41705743,70.53697558,73.79533949]","[5,5,5,2,4,0,1,1,0,4,1,1,0,0,0,1,0,1,0,1,1,0,0,1,0,4,7,6,0,2,3,5,0,2,1,7,7,5,5,4,0,6,6,6,7,1,2,7,0,5]"
"[4.63770121,6.36768024,6.96141166,10.0197238,10.19274459,10.91353867,10.98261461,11.62594556,11.68138698,12.01968009,12.21193171,13.11075341,13.58114743,14.55225811,15.36846162,15.44762977,15.7129297,15.99263597,17.23389908,18.42890522,19.89933439,25.38569198,25.81507777,26.86013898,27.33632627,27.70379851,29.6885687,30.05195541,32.86880928,41.18816663,43.89474335,44.14445786,45.32178272,45.32601616,45.47304328,46.25515837,46.64656581,46.79924446,47.06730782,49.42569367,49.81023654,51.19230433,52.53209565,53.74212879,53.7512414,56.16477078,56.95723624,61.2816646,62.27809225,62.31852763,63.32070502,63.80724971,64.47777798,65.29597686,69.0677528,69.27456502,69.49054791,70.05495096,70.19264308,70.36345882,71.33238148,71.46449588,71.96317699,74.42831624,80.62762961,81.26947021]","[7,1,7,0,1,0,1,0,1,0,1,1,0,1,0,1,0,2,3,1,1,2,4,5,3,5,3,7,3,5,6,3,7,3,3,2,3,0,3,0,1,2,1,5,0,0,1,7,3,0,2,1,2,0,1,0,1,0,0,7,2,0,1,1,6,0]"
"[1.27057488,1.41171786,1.47742641,1.65365647,1.72517498,1.88933592,2.08443654,4.15578282,4.81801122,4.91847511,5.04112217,5.0824549,5.2161428,6.84298808,6.9931499,7.31722022,7.87530812,7.96215127,8.24872297,8.65088115,9.84044534,10.84223906,12.76799221,12.88632749,13.26739755,14.11833605,14.27792946,15.55317124,15.59220837,15.89536523,15.91758282,15.99387034,16.03420106,16.28830425,16.48715196,16.86875119,18.084394,18.2457086,18.70741128,18.81308742,19.23289141,20.2832855,25.1556518,26.36323306,27.59717187,32.2805867,34.06482796,40.33256082,46.21507565,47.58006937,50.61709027,51.15271743,55.46943304,58.7912566,64.72318747,64.90645888,64.91142585,65.22572904,65.90993863,66.37225995,66.56073971,66.78984483,66.79799347,66.92622607,66.9788463,67.16240821,67.46887815,67.66589294]","[1,0,1,0,0,0,0,1,1,0,1,0,0,0,0,2,1,0,1,1,1,0,0,1,0,1,0,1,7,1,1,1,0,6,6,0,3,0,6,5,5,0,2,2,4,0,1,2,6,5,5,6,4,5,0,1,0,1,7,1,0,0,1,1,1,1,0,1]"
"[0.6133306,4.02317125,4.0600027,5.49482638,6.99666245,9.88381903,12.36527215,13.124053,15.57080506,16.87523871,17.33886444,19.24224215,19.73247356,20.04973365,20.34231101,21.00591023,21.28914828,23.04314054,23.41867575,23.81689157,25.8437837,25.96429715,26.17663791,26.5478769,26.63914611,27.65562855,29.83731686,29.99994931,32.35245921,32.5040443,33.71250996,34.14669864,35.00428105,37.96843841,42.81193307,43.19694118,43.57545094,43.66440749,44.12343798,45.8292623,52.58115242,54.84374876,57.82418391,58.71437742,59.94409676,60.8857299,61.09135388,62.67551568]","[2,6,3,7,2,7,3,2,5,1,0,7,0,1,5,1,3,5,6,3,0,7,1,2,0,0,2,3,2,1,0,7,4,4,7,5,2,3,2,5,5,6,0,1,0,0,1,1]"
"[9.93138234,12.15470155,12.64900403,12.9470958,18.09858787,20.08673697,21.3935153,28.50521381,35.65957815,37.39895212,37.41262193,39.9155692,40.74964371,41.03635377,46.8359415,48.88551554,56.98965421,61.13140511,61.80683349,62.72004407,63.68447029,64.02169712,65.52505607,67.10359343,68.50760289,70.06661409,70.75548568,71.22120367,71.54628811,72.27766486,72.43141688,73.10237166,74.45760135,76.42117245,80.71250793,80.97589956,81.15512154,81.81661388,82.26741137,82.53703667,90.5779235,91.24485811,91.5842865,91.68506776,92.94036217,93.66796545,93.96209975,94.62998808,95.55386816,95.65415041,106.97254542,109.4859716,111.54379047,113.55939431,114.04957946,120.15699019,120.29375189,120.89801379,120.92416239,120.93559707,124.81104389,124.91638949,125.77489028,126.19078812,126.67417749,131.22018904,132.32097708,132.7691509,133.33104097,137.44013975,137.82403104,138.11999244,138.84129838,140.14942569,142.05135536,147.08260899,147.34542468,147.42323434]","[1,0,2,3,5,7,1,5,0,5,1,4,5,0,2,3,0,3,4,3,2,3,2,3,2,2,6,2,3,3,4,6,3,2,0,2,1,3,1,0,0,1,1,7,0,2,3,3,2,3,1,1,0,4,5,0,1,7,5,0,0,2,1,1,0,2,0,3,5,3,3,4,2,3,3,1,0,0]"
"[0.1852788,2.45280982,3.2778886,5.09168634,8.6920605,21.63795255,22.48666817,22.68781985,23.38461666,25.89867395,26.23803817,26.70174181,27.27266149,29.81633329,31.55573726,31.69715577,32.05583081,33.66479075,33.69666782,33.90177451,35.16965532,35.84298991,36.61138978,36.69182235,37.07414896,37.36668206,39.17651146,41.13235088,41.32592928,41.34952612,41.61556593,41.63693414,42.34021059,42.40438852,43.23715385,43.24841456,43.37889914,43.52683127,43.70611121,44.76055992,44.91148986,45.16755526,45.36437016,45.83139238,47.23484767,51.32355803,52.42108569,53.51299565,53.89210184,53.9900536,54.0072735,54.49334061,54.75953726,55.96961461,56.56346375,57.0180386,59.16424364,63.08759237,64.23079502,64.25245566,66.44382714,67.61982936,68.31294117,71.22175187,71.38844796,71.72890412,72.18806729,73.03191988,73.0646981,73.72159995,74.84330403,74.96939163,76.54765153,76.77400476,78.76023574,79.92269499,81.0327241,83.63130047,87.84880743]","[5,5,5,2,7,2,3,7,1,2,3,3,3,0,5,1,3,3,2,2,0,3,1,1,2,5,0,1,0,1,3,5,3,0,1,0,1,2,0,3,0,3,1,4,0,0,1,0,3,4,2,2,2,3,4,1,4,3,1,0,2,5,0,1,0,0,1,4,1,0,6,0,0,1,1,3,5,2,1]"
"[1.39189087,10.75169856,19.26040889,19.45578348,20.57909448,22.55417342,23.45478855,23.90576049,24.11058143,27.33816918,27.75752803,30.57613596,30.75978886,31.08430181,32.19862134,32.61009561,33.30674605,33.43128597,33.78649544,34.03283526,35.80608315,36.61925405,37.4815746,38.16668171,38.20391543,38.31938369,38.69537315,40.70690591,42.65577566,48.55195997,48.8713401,48.93482625,51.82541834,54.64824695,55.57352774,56.34850437,56.57946639,57.0492213,57.16977411,57.34702107,59.55066886,64.4803088,74.35204403,75.34459095,77.44812674,81.75521249,83.38269485,90.80991038,92.43908213,94.16982102]","[2,6,1,0,4,5,2,2,3,7,1,0,1,7,1,2,0,1,3,3,3,3,2,2,1,3,7,1,3,5,1,2,4,2,3,2,3,2,3,3,5,3,6,5,2,5,2,2,1,2]"
"[0.19997321,5.89832725,9.0814958,9.12624389,9.23031735,9.423842,9.76989928,10.59034946,10.69002866,10.70113926,11.15477172,11.21390894,12.40262031,12.89420832,13.60963695,13.62173095,13.86150177,14.57451019,19.43124465,19.47163598,20.4316085,21.37046703,21.67607043,22.03437343,22.29873372,23.22507718,24.01602207,24.45079265,25.77881941,26.06436874,26.07542681,26.1068582,26.13186304,26.41406708,26.73288705,26.77213437,27.52597078,27.80221135,29.87056219,30.03587737,30.97569846,34.14512168,34.73658748,35.02901479,35.38108473,36.07006858,36.53656146,42.60552096,45.97534715,46.14891614,68.87819725,74.12979231,75.77740155,76.41853814,76.68368863,81.83859535,82.49663787,97.8802496,98.38844414,100.1470006,100.68371636,100.74153588,102.69997924,103.13696499,105.08496318,106.06196954,108.52642679,108.70522768,110.09916372,111.82094875,112.15309625,112.95652557,115.52814689,116.51890141,117.11606932,119.88911431,126.58576254,131.1176214,134.45142733,137.30128241]","[7,2,0,1,2,3,3,2,3,0,0,3,1,0,4,7,1,0,0,1,1,5,0,0,1,0,1,0,0,0,1,7,1,3,2,0,1,0,1,0,5,5,0,1,0,1,1,2,5,6,4,6,5,2,3,5,3,1,0,3,2,4,6,5,0,2,7,7,4,1,3,4,2,2,3,1,2,3,0,2]"
"[4.35182344,4.45264951,4.52475383,5.63601017,6.34149266,7.81747069,9.96840361,12.97501307,14.0023952,25.56150076,28.88538064,40.21823553,40.33749875,40.80538899,47.73194758,49.93979877,53.17645455,68.66327759,68.69024846,77.21286656,92.62694801,92.79676859,95.85980121,98.56321236,107.56545542,108.30089788,108.46723106,108.60657812,108.89127225,109.16703034,110.15789947,110.91943782,111.12642286,111.43138664,111.76181622,112.30227295,112.71308014,113.00523755,113.42047548,116.03636147,116.67258014,116.84978247,117.08168761,118.06392743,118.49106466,120.15495778,120.62735313,121.72405219,122.11074236,122.2766518,122.32102564,122.38176596,122.61935248,124.07232411,124.08490991,124.2646643,124.50545438,125.17666773,126.36088788,126.36993642,127.15146631]","[0,1,1,0,1,3,5,2,3,4,5,3,1,0,2,7,4,6,6,6,1,1,2,5,3,1,0,0,1,1,0,0,0,0,5,1,7,1,0,0,4,1,0,0,7,7,1,6,0,1,4,1,0,1,0,5,1,1,0,1,1]"
"[5.14054719,5.57479088,6.33556916,7.18891425,9.12920246,9.95727017,10.38258007,15.3564986,17.97878101,19.45968973,20.47674152,20.95059481,24.65154538,26.05706108,26.75841594,33.07192984,35.638715,36.30694889,36.7098546,36.79032821,37.17717753,41.43137254,41.56296932,41.60791728,41.8901931,42.32807469,42.36366198,42.68666481,44.27806268,44.44238632,48.80699946,48.86400845,49.20888942,49.21608005,50.11445956,50.15184941,50.28874346,50.5026225,50.58108693,51.23183731,51.43796332,52.75969918,56.40826576,56.95505603,57.44859334,61.19585909,65.2124555,67.37528583,69.51341732,73.76581898,81.36059428,85.53253481,90.43874837,95.45104663,97.18377874,98.9578762,99.31038391,99.70036153,99.90391199,100.08781401,100.49042001,100.7998821,101.08228039,101.12073701,102.04508192,103.25421272,106.14141101,107.90403095,112.55606786,114.88524612,123.55355035,125.00859236,126.39672899]","[1,0,2,4,1,2,6,2,4,2,3,7,5,7,1,5,2,2,3,3,3,3,0,1,0,1,0,0,5,4,1,0,0,7,1,0,1,0,1,0,1,0,5,7,4,0,5,2,1,3,0,3,6,2,3,5,5,7,0,1,0,0,2,3,1,1,0,1,5,0,1,0,1]"
"[4.3293825,11.85299244,24.97139723,25.24476465,25.81716763,26.18879932,28.74162071,30.08966765,32.89728183,35.88294391,36.77286277,37.03149236,38.11217981,43.01879965,47.66835998,48.47560436,48.98972214,50.3251583,52.56085014,52.65454914,57.52059405,57.73390213,57.93948021,60.41235404,60.67232992,60.87248153,60.87982003,60.90734805,63.97437154,65.93697936,66.07178704,66.10023106,66.31350471,66.58433886,67.24168305,68.44119486,68.88737261,69.0499766,69.07529669,69.25537567,71.93815896,72.64958003,73.49798198,74.89028991,78.40083297,79.25437807,79.44103505,80.36677426,80.58976717,81.84975657,82.66492306,82.80381,83.9128184,83.93776696,84.79021975,85.27494397,85.54144418,85.90814908]","[3,3,0,4,7,1,7,4,1,0,1,7,6,7,3,3,2,5,1,0,2,3,2,2,3,2,2,3,4,0,1,0,0,1,0,1,0,1,1,0,1,2,5,1,7,1,6,0,0,2,0,1,1,5,0,5,1,6]"
"[4.70427088,8.03681584,8.30936368,17.7079987,18.37488623,22.39443332,23.52872286,26.44191254,28.06528222,28.59107187,28.61158936,28.71633579,29.11706529,29.82383549,29.87990099,34.06079789,34.63591502,35.16151255,36.46653459,42.34880121,45.02978116,46.04620721,47.90579361,48.27425266,49.14991229,49.91065708,50.76963,52.09734732,55.3391143,56.64816276,56.7990314,56.89264664,57.67388558,58.21687782,60.0248126,61.05963514,61.46398638,61.76466864,62.7152229,64.11611112,64.31192506,65.33420808,68.39220926,70.45422915,71.20718834,71.83086068,72.90293575,73.55157637,77.54680926,77.93509423,78.81518072,84.99948437,85.0213837,85.22218064,86.79188082,88.72712699,90.64091505,91.41357999,93.69278828,93.86367062,95.74292035,97.52501682,99.43191986,104.99606523,105.06353484,110.83349716]","[7,1,0,2,2,7,3,2,2,3,3,3,3,3,2,3,7,2,3,1,0,0,0,1,4,1,1,0,2,2,3,3,3,5,0,1,0,0,1,1,2,7,0,0,0,1,1,0,3,2,2,4,1,5,0,0,3,1,3,5,2,7,2,7,3,5]"
"[2.04812573,5.03224286,5.82246198,16.08962977,17.52561946,17.74439407,23.48788171,23.70554163,24.12084332,24.43115029,24.88412399,25.57596397,25.92678633,26.53184492,27.23156726,27.66169024,30.36534213,30.59462324,31.86067954,32.57810963,33.566166,33.62824451,34.2309534,34.8682491,36.21490261,36.27551723,36.59774876,36.7563816,37.01948324,38.02073106,38.30767068,40.1006935,40.19124548,40.20445983,41.6803393,44.38384266,44.62668328,49.71701551,49.89985303,50.12296177,51.4904766,52.5777578,52.80408191,68.70798611,69.10809653,69.97856524,70.00082703,70.12076472,70.47207683,70.47873968,70.85542569,70.87551912,72.28364242,72.57505961,72.58503934,72.86792891,73.48312539,73.83152561,74.35314479,74.53059095,74.56216352,75.90018084,76.02286921,76.31912439]","[5,1,0,4,3,2,3,2,2,3,2,3,5,0,1,3,0,1,1,7,0,5,3,2,2,3,3,3,3,4,1,0,3,0,5,1,4,0,7,2,3,3,5,0,1,7,1,0,0,0,5,0,1,0,1,1,5,1,0,0,1,0,1,2]"
"[2.26510928,3.35958927,3.6219711,4.87465799,6.0990789,6.47272879,8.98918795,9.43103694,9.82304595,9.8438173,10.26285035,11.70552725,12.05021444,13.48676361,13.52761646,13.6816492,13.97580501,14.87956583,15.30975232,15.98966857,16.74389965,16.94840582,17.47076615,17.66480253,17.72939532,18.10889187,18.12287326,18.50773382,18.52142248,19.60097274,19.60169595,19.78817308,20.75500896,20.77401843,20.88085049,21.12044519,21.12945449,21.1518488,22.7007853,24.25097006,26.64931101,27.11458201,29.48581184,29.7557557,32.38473396,39.57095719,39.92339009,41.82309215,43.39517201,47.28617624,47.38882789,47.52756501,47.53545886,49.93478119,52.68920485,54.72235979,57.47184402,57.94326818]","[5,1,0,4,5,1,2,3,3,3,3,3,3,2,5,7,0,3,3,7,1,2,3,0,2,3,3,2,3,5,1,3,1,1,0,0,1,2,0,3,1,0,0,5,1,3,3,2,3,7,2,2,3,5,4,2,5,7]"
