event_times,event_types
"[0.30605523,0.46853394,1.1742414,2.48925817,2.59627042,11.01660926,13.44897034,14.18054019,15.31009663,15.72072952,15.97015667,18.3848681,18.95745043,22.39577398,28.09091935,28.1839493,28.77151719,28.86950196,29.56720177,30.11394539,30.32643702,32.99814743,34.41111046,36.7274451,45.51938136,45.60995798,47.20513289,47.51901861,48.20414353,49.31000952,55.54802992,56.18857272,56.68469403,57.9716944,59.54396528,62.38456536,64.65763507,68.59777642,69.27913119,69.77651017,70.03374226,71.8288539,73.35469268,74.27791691,78.63990455,79.74724976,80.05628073,80.21057989,80.33952776,82.04174509,82.04317471,82.08752571,82.14028103,85.64479193,85.93450957,86.82368835,89.2687543,89.87834027,92.4460694,93.21783462,93.24691049,93.31242899,94.71021052]","[2,3,3,2,2,7,4,2,1,5,3,7,2,5,5,2,3,0,5,3,4,5,3,6,5,1,5,0,3,3,3,1,4,4,2,3,2,0,5,2,3,2,3,3,2,3,2,3,5,4,3,2,3,7,1,6,4,6,2,1,0,3,3]"
"[2.21107443,2.92148284,7.99868273,9.71668838,12.25166157,12.43282332,12.49214288,16.70449532,17.26714643,17.86827978,18.74769275,19.64444982,19.74516691,20.34870235,20.50882301,20.57088046,22.99337025,27.03068139,27.68513127,28.25978662,29.09402043,30.88140306,32.27862459,32.86826036,32.96821509,33.3234409,34.34762172,34.36250419,37.43726551,38.46949805,40.59694225,44.59995538,45.21664614,47.60815303,50.50941801,52.78454148,56.13088093,58.25380696,59.13615733,60.19519684,60.43866171,60.63194799,66.11772702,71.3467039,71.36839389,71.60014315,73.94841952,74.26051748,74.56838363,74.60356414,75.04971157,76.4628494,76.96977288,78.36977642,79.23375622,79.37198117,81.57084341,81.61317734,81.95638583,82.34998989,83.40711173,83.79934073,85.149807,88.44384487,93.48034395,93.8614224,93.91196842,96.83520456,97.50156314,97.87202604,98.24939221,98.57359156,98.65702522,105.22657447]","[2,3,0,1,0,1,1,4,7,1,7,1,0,1,0,7,1,3,3,4,5,7,2,3,2,2,0,3,3,5,7,1,2,5,0,2,6,7,0,1,3,5,7,1,7,7,3,2,0,1,3,3,5,7,6,6,3,1,1,0,1,2,0,7,1,0,0,1,0,0,0,1,5,1]"
"[0.64027986,1.23647028,4.72054307,5.14893155,5.16869528,5.96692777,6.10729923,6.12770677,6.60227851,6.76488615,11.92126825,14.43664687,23.46248389,29.99566848,31.42852279,31.58841915,31.6533391,43.90123509,51.83113848,55.2843021,59.96648296,63.87039722,65.86147915,67.02567229,68.29723483,71.89704978,76.37123274,79.37164926,80.18777264,81.22515578,84.2003561,84.57106706,84.77631092,85.3031673,85.32970307,85.69715166,85.96525618,87.02260398,87.25242417,87.92994662,89.92540233,90.11040676,91.78673427,92.08806415,92.53695899,92.56915431,92.85261778,92.94434377,93.5044376,93.86798401,94.33648133,94.33788849,94.65590363,95.58148517,96.71165388,97.69824889,102.6488972,103.43617074,104.25124215,104.48805444,110.1004968,110.27458773,111.18093559,112.15046799,112.21292745]","[6,5,0,3,1,7,2,0,5,0,2,1,5,2,3,2,3,2,5,3,0,0,4,2,3,1,2,1,7,7,2,3,3,0,3,3,3,3,2,2,2,5,3,0,3,3,2,1,0,3,0,1,7,0,1,4,0,1,2,7,1,0,0,1,0]"
"[6.9619042,11.9286532,15.99868277,16.16622221,16.98817951,19.44645049,21.23521867,23.1716758,23.35793332,23.84024543,23.88911757,24.22261366,24.3156936,25.26682936,26.32089079,26.58763512,26.73613108,27.49250317,29.74621771,31.19715431,34.25777879,34.33746516,34.5734866,34.89423724,35.12572108,35.25728196,35.30855896,35.49179315,35.70054059,36.00336994,37.18652443,37.84482587,38.03569902,38.44353251,39.77207523,47.78564852,48.47549163,52.91203443,53.44524159,56.63217492,58.94291674,69.14495001,69.98201883,70.74658105,72.53079244,73.48851301,73.76025785,73.78971049,74.70324999,74.76464211,79.337325,83.59084878,84.19456937,86.08006203,89.65623696,91.53285391,93.3367648,96.6162513,98.44559517,99.35120921,106.56593013,110.53451175,110.87786487]","[6,6,1,6,2,4,0,0,1,1,0,1,1,3,2,3,2,7,0,0,2,1,1,3,2,0,4,0,0,1,6,7,6,5,0,7,5,2,0,1,7,2,2,3,7,2,0,3,7,4,2,0,5,5,1,7,7,1,7,7,1,7,4]"
"[3.86766683,5.27064357,6.15505935,6.8510309,7.2506241,9.07063343,9.54558375,9.98132491,10.05209444,10.6566651,10.76742364,11.26995023,12.61135018,12.7413886,13.73144209,14.31554578,14.75373773,15.06178341,15.60623205,23.88465923,24.32762091,24.68831444,25.57983103,26.07094591,26.28993051,27.31974037,28.10260632,28.1033459,28.20346934,28.29520195,28.64122653,28.67757827,29.67060778,29.85373524,29.90002289,29.90704632,30.04799897,30.58911474,30.60165968,30.68179153,31.43342938,31.77729426,31.91774537,32.09922023,33.02026308,33.05402123,34.17504603,34.21138607,35.57310203,36.02494496,36.4303893,36.54632872,36.64563477,38.33264747,38.40161042,40.87794793,44.26072161,44.52924106,47.27196748,47.64281662,47.74349833,49.52086334,51.01626982,51.25711787,52.2854899,52.53133669,52.66876659,52.75415219,54.53055128,56.5111539,56.88382077,57.28568071]","[2,6,2,3,0,2,5,1,6,1,0,1,2,3,4,2,3,2,3,1,2,3,2,0,1,3,0,0,7,1,1,1,0,1,0,5,0,1,1,0,0,1,0,5,1,0,1,0,1,7,1,7,6,2,2,3,0,1,2,3,5,1,7,7,3,0,1,1,5,0,1,1]"
"[0.46950078,1.36989692,1.48988649,2.12887967,3.9518672,5.00323694,6.42862152,7.94650473,8.35325461,9.46957458,9.80272536,9.85368386,9.96564896,10.34800583,10.38930623,10.58905709,10.60821259,10.6893541,10.7442924,11.21201626,11.25064008,11.50639557,12.89202235,13.0838973,15.1300487,15.16276358,16.20146366,17.80532308,20.7349318,20.86718833,21.58957337,21.92911961,23.92847521,27.94641025,28.9595193,31.89341363,31.89457896,38.17271224,43.38868676,50.81341049,51.28923238,51.50830188,51.56707115,52.64886383,53.63619394,53.74145417,59.18875225,60.14680238,61.58192548,61.81788468,66.92714193,66.95132767,67.06897005,67.34879965,67.97531174,68.34009301,69.94937059,71.85900712,72.72648561,73.40083357,73.78175447,73.88798753,76.28108008,76.87892003,77.24320614,77.5473474]","[1,0,1,7,7,0,2,3,2,2,3,0,0,1,5,1,1,3,1,1,1,7,0,0,2,1,0,1,1,2,0,1,6,2,6,7,2,7,2,0,1,0,0,1,1,1,7,0,1,1,1,0,1,0,1,1,0,1,0,1,0,1,0,2,1,6]"
"[0.75081845,9.46484155,11.3593393,17.8692855,19.40752309,19.98089882,20.38148033,20.43665934,21.74518193,22.42383921,23.06881508,23.34866151,23.66998895,23.77730206,24.37343437,25.18824137,28.29912998,30.71500856,30.73417302,31.93129778,35.19362642,37.71900934,37.74871708,39.17470778,42.73448092,43.14757689,45.94593717,46.29677069,51.7248961,54.97788161,55.06838911,55.94430838,56.58481449,57.14385396,57.55894686,58.13630914,59.04381448,59.38162543,59.56600732,59.56915625,60.62006763,61.34804263,61.41321047,61.68840571,61.74390742,63.56957607,64.77973786,65.23619434,65.61544934,66.04965458,66.17172694,66.23947342,67.11601354,67.5846235,68.15959009,68.52085093,68.68083148]","[2,7,2,4,2,2,1,0,0,7,1,0,1,0,0,1,7,0,5,0,7,0,1,1,3,6,3,3,1,1,0,1,1,0,6,1,1,0,1,7,0,0,0,1,3,1,1,1,0,0,0,0,0,1,0,1,1]"
"[5.49852921,7.48927391,7.62047031,11.93188617,13.23099253,17.66282714,17.78867589,18.80431213,20.35188579,23.02644124,23.30151886,23.35857002,23.65307223,24.01083922,24.31917981,24.89059829,24.99652207,26.50704132,26.91275755,28.38037628,29.36213186,29.50895548,31.25060709,31.74535651,32.14950678,32.27456409,32.35241545,32.47641529,32.67815116,32.84498592,33.75151587,33.98459206,34.16745732,34.58863519,34.87740931,35.1203955,35.21710066,35.32590517,35.45667369,36.02009455,36.4953661,37.37762287,37.90968993,38.72446081,39.7478076,40.08072503,40.17594398,41.00867344,42.06894891,43.56508248,45.93166049,48.26366013,48.67987934,48.89204291,51.69011172,52.58200161,58.16210637,58.5032586,60.15987733,60.48214213,63.84258743,63.85609101,64.23756693,67.23824942,67.81883903,70.27669266,75.380265]","[1,5,0,3,7,1,0,1,1,7,0,1,0,1,0,1,4,5,1,0,2,3,1,0,1,0,1,0,0,1,1,0,6,0,6,1,0,2,1,1,0,1,0,0,0,1,1,1,0,0,5,1,4,0,0,7,2,3,2,3,2,4,3,2,1,7,3]"
"[5.18903726,5.90300964,7.80441959,14.34612238,22.96681214,23.63615428,23.93982647,24.3614115,24.40484107,24.5940592,25.00099293,25.8582856,26.44438159,27.34327917,28.23670402,28.7968335,29.87071077,31.75106616,31.86163671,32.65476069,33.76611928,33.92941769,37.0422533,38.22201229,38.29924704,38.42844053,42.17563072,42.20965261,42.2267025,42.89353289,45.64409694,46.19570017,49.71019511,50.16607499,51.66477998,51.79586191,52.29346773,54.07360872,54.15881684,54.33519788,57.72687501,62.46437032,65.92711454,66.96852636,68.06075307,68.43447307,68.57843598,69.00743516,69.65535981,69.7222669,69.91659231,70.86802716,70.88579514,71.0301275,72.01896379,74.88129859,74.98874458,79.13956477,80.05009526,80.31588798,80.37080466,84.62638777,88.23057209,88.49405861,91.27156712,91.64307638,97.56163348,98.03839855,103.40855907,106.36876934,109.26426125,110.61044979,113.4338274,115.1629192]","[2,3,5,2,2,1,0,3,5,3,0,1,2,1,3,0,7,0,1,1,7,0,3,1,0,2,0,1,1,1,7,1,0,1,1,0,1,6,5,2,7,7,5,0,7,0,1,1,5,1,0,0,1,0,1,1,3,3,3,4,2,6,5,2,3,2,2,3,7,3,1,0,1,1]"
"[1.98624429,2.17851027,5.93421387,7.53496653,7.97492666,8.13275551,10.81319996,13.52538829,18.23251274,19.33588999,21.72924159,22.49079746,25.30775157,25.53535705,26.53253824,26.80999132,26.93520465,29.41436564,29.60404798,30.20161071,32.70998358,32.9624527,35.66555192,37.08045771,39.65140748,40.73616295,42.00766596,48.7311214,49.28009749,59.91518336,66.81759273,67.40519447,70.92305564,74.55135247,77.35271599,84.37493298,86.83934702,87.26350343,94.17318152,99.09850623,107.50880549,108.16448886,109.1646397,109.32161392,114.22585649,114.62862973,115.440697,124.76912801,126.51155859,128.72134534,129.79014435,132.02845404,133.6916413,135.08308744]","[2,3,6,1,0,1,3,4,1,1,2,3,0,1,3,3,5,1,0,1,1,4,2,7,7,6,3,5,1,6,6,0,7,6,5,3,7,1,4,1,0,1,5,4,0,0,2,3,5,3,2,3,4,0]"
"[0.75632951,1.40256546,2.52258758,3.27203398,3.53698699,7.38557677,15.92117416,18.35891395,18.76773013,20.93895809,25.93658881,25.96700578,26.8575626,26.85977908,33.72345318,33.86583946,34.05630846,34.6668097,36.98253856,45.1315154,45.80979831,49.95377656,50.06903397,56.16602778,58.52398512,61.71173082,61.80896736,62.04404125,63.14202996,64.95822896,65.01345268,65.3287843,65.56730021,65.96015921,66.47826013,69.55290577,70.36251031,73.17770837,75.15003191,75.47979756,75.88491332,76.30286895,76.54381255,77.14758932,77.35944533,78.30369087,78.84031745,79.25451202,79.4625481,80.77361707,82.982442,83.36835891,84.30785153,86.49502039,87.81481689,87.99072831,88.26364749,88.61794999,91.36432008,96.31171846,98.82806114,103.46993908]","[3,2,2,3,2,1,5,5,0,4,0,1,2,0,5,2,6,3,3,6,4,1,4,6,7,1,2,5,0,2,3,3,2,2,3,7,4,3,0,1,0,1,1,0,1,0,0,1,1,0,1,5,5,5,3,0,7,1,5,1,6,2]"
"[2.77393706,6.28331813,6.6402381,9.12350719,11.45664921,16.46146546,19.8066384,20.17724737,20.97653301,28.19835381,32.16296671,33.74707472,34.33991366,38.44495284,46.03444045,50.00139947,56.2359239,56.84422908,58.00923323,59.61355267,59.89771423,61.78809957,62.40466102,62.56739836,63.70179173,68.45422709,68.67943906,69.63177396,73.95217423,76.27105912,77.24100888,77.29798295,77.62556981,77.62831541,77.63093804,78.33909234,78.69145024,78.82306317,79.61491075,80.25891881,80.62059711,81.35820318,82.29980761,83.2446093,83.39266053,83.53961913,83.94542915,85.01836845,85.23151228,85.3169501,85.42829523,86.1268434,87.7780788,87.87116887,90.13559368]","[3,3,0,2,7,4,7,7,2,7,7,0,5,7,6,5,4,4,1,1,0,1,6,0,5,1,3,3,0,0,1,0,5,5,0,1,0,1,0,1,0,1,3,0,7,1,2,1,7,1,0,0,1,0,0]"
"[2.24345622,3.37430532,3.72785815,4.13819918,4.17674077,4.19533682,10.85302027,13.42335522,15.47337939,16.78402764,21.22943003,22.8980994,28.50709917,28.72546802,29.46062456,32.03467717,32.83140896,32.8517495,33.99798112,34.0866902,34.71882478,34.92679733,35.50195111,36.13016253,36.35553195,39.14451124,40.20246118,41.48076607,41.68677118,43.01535028,43.18852764,43.29145754,43.50361888,43.80623471,44.51479937,44.90756351,45.8375776,47.53221557,48.4747465,51.03599867,51.91045884,52.46325229,54.28619497,58.22080202,58.38613684,59.36196175,60.771371,60.86653335,63.31440231,64.28760608,65.64741085,67.23049002,67.46856988,67.67968169,69.55585954,70.48383185,70.7502271]","[4,5,1,4,2,7,6,3,1,0,4,6,2,2,4,3,7,2,1,6,0,6,6,5,6,2,3,2,7,1,1,0,3,2,3,1,3,0,3,4,3,3,4,3,2,6,4,2,0,4,7,3,1,2,3,3,0]"
"[0.09447665,6.14130801,9.49120057,9.62713627,10.44340777,15.14426939,17.14145794,17.97399557,19.11837024,19.39264804,20.0951758,20.63085302,20.66390085,21.09803724,21.50723677,22.68353841,23.64367976,23.68115033,24.54636349,26.63711502,34.98372562,35.62139411,40.23219658,42.28094507,44.74028804,45.97325548,47.60333372,47.73179997,50.83519769,50.87357656,51.61420899,51.86585092,52.25512177,54.32158047,55.17874076,55.92510404,61.37371237,61.51857819,62.92999727,66.60930653,66.6335347,67.04235801,67.3255877,67.47552287,67.6507851,75.17997452,76.00823579,83.71101632,83.90622341,84.29441303,84.32261904,86.17134725,86.19166942,87.27235955,87.90347016,88.32679167,88.55918378,88.68566896,88.80671292,88.81667602,89.05516416,89.20081086,89.32362495,89.88788164,90.27421078,90.33123527,90.72259506,91.15430459,91.54745673,91.88772096,92.0174949,92.07729301,92.28520248,92.51206159,92.66936205,93.18463331,93.62253966,93.77246306,93.86906203]","[1,4,7,7,5,4,3,7,0,1,1,1,7,0,0,0,5,6,1,0,1,5,7,6,2,5,2,3,2,3,3,3,3,3,2,2,4,2,7,0,1,1,0,1,5,0,6,1,1,0,1,0,1,0,0,7,1,1,1,0,1,0,4,1,0,0,1,1,0,1,0,1,1,0,0,1,1,1,1]"
"[0.48326755,1.48312399,2.25238927,2.51420067,3.07084915,3.24325257,4.08040265,5.18589295,5.55386808,13.41564528,14.01530521,15.11062005,15.11648723,18.33555255,19.41818125,20.10795234,20.93081788,21.88575976,22.88982506,25.33193959,26.07074597,27.34115733,28.99236661,32.7060146,33.58740995,34.22758366,34.62789551,35.63259853,35.68293065,39.2015063,40.42076654,41.52632078,42.07652489,43.03983023,43.1299503,43.2685881,43.2967839,50.92924172,52.56659742,58.00779856,58.40317312,58.48762619,58.95811294,59.15561704,60.38663793,60.57475553,60.76549266,60.78149452,61.15926503,61.16311261,61.61839828,61.86231486,62.15385137,63.99795076,64.33616035,65.830366,66.99174127,67.01232892,67.38946545]","[2,1,3,0,2,2,4,3,3,1,5,0,1,1,1,0,0,7,1,4,1,1,0,1,2,1,0,2,3,1,0,2,3,6,3,5,3,2,6,2,6,2,5,3,3,3,7,2,3,2,5,7,2,3,3,6,7,2,4]"
"[0.6213605,3.44963162,6.43996829,6.51201287,7.96889714,8.83553756,11.37651832,12.03430388,13.62340753,14.53758616,16.50970438,17.85444443,23.12120041,23.19391634,23.94589469,24.18721287,24.27269513,24.78248624,24.82873533,24.89391998,25.01960856,25.23699208,26.83549391,27.24694239,27.86555853,27.90633257,28.02589272,28.46274615,28.75886356,28.97635514,29.1545307,31.39375865,32.03576654,32.32947576,32.45216088,32.5415181,33.3055066,33.50073044,33.65035282,34.39249377,34.50456498,37.69018656,39.58509716,39.8452049,42.47670485,42.53239565,45.69751841,45.77616524,46.18136941,46.32744281,47.63469211,49.14175054,49.54054601,50.06862071,50.14847791,50.16617265,50.35883562,50.43926714,50.56918825,50.86563181,50.94114729,51.17352548]","[4,5,4,0,1,0,7,6,5,1,0,6,1,7,0,0,1,1,1,1,0,5,0,0,1,0,1,0,1,7,1,3,7,4,1,0,2,3,3,3,2,4,3,2,7,5,1,0,0,7,1,0,1,0,0,1,1,5,0,2,3,0]"
"[2.67380183,6.77523775,11.44482014,15.46899273,23.89309966,25.85937626,26.60955127,27.54563656,28.36848412,31.94958119,33.75426356,33.97208511,36.99321386,37.27702497,38.32808527,38.79734307,39.04355302,39.74968455,39.85387636,39.86578318,40.0035905,40.13958825,40.17021673,41.77849246,41.80737875,41.92332467,42.24522829,43.61824731,47.03767827,49.49027818,52.48453612,53.29370659,53.81695011,55.67915489,55.99850239,56.02263865,56.19953724,57.40816583,57.54837372,58.5960972,58.73821934,59.65194112,60.3674355,60.69164615,60.85936669,60.86614994,61.52236912,61.84380989,62.62543368,63.14229782,64.42662662,67.79527012,67.79995236,67.96805338,69.10612797,70.29839326,70.63610123,71.25233442,72.45943243,73.49655004,73.68229811,74.34932721,74.52249231,79.82121278,84.74383205,87.86329208,92.04238622,93.35561532,96.61947296,100.75913111,101.66122633,103.05235241,103.51720736]","[3,1,1,4,5,5,7,0,1,1,1,0,0,0,5,1,2,0,1,1,7,1,0,0,1,1,1,0,0,1,7,1,5,1,0,1,0,0,1,0,1,1,3,6,1,2,1,0,3,3,2,0,1,1,1,0,4,2,0,3,2,7,3,1,0,1,4,0,1,0,0,1,1]"
"[3.31273215,3.33034222,3.3729682,3.83529701,3.98616408,4.52492595,4.74569748,4.76430652,4.9228671,5.49450506,5.62147131,5.71978114,5.75817653,5.92920092,6.93308189,7.98262467,8.26528463,8.37749559,9.98947284,10.01551687,10.48780995,10.57448408,10.65218919,11.4969166,11.51672929,11.97506596,12.35607988,12.75828883,13.10608822,13.52226191,13.81017099,13.8636617,14.4053231,15.05538879,18.08232531,18.73778516,19.83269061,21.24639829,23.50361469,24.07607346,24.34372025,28.97289216,29.18847526,29.71042642,30.31096232,31.34559278,31.37763108,33.36461911,33.85552654,38.12350409,40.10720503,41.26272825,41.27763765,41.50388882,41.72572717,49.46027924,50.98065289,51.22744716,59.02816921,61.18405643,61.47940162,63.65452926,65.75135761,67.29189156,72.78210499,77.94228347,80.37214492,84.33431259,88.30633847,88.35621632,97.93356916,98.37409128]","[0,1,1,0,1,1,0,1,0,0,1,1,2,1,0,4,1,1,0,1,0,0,2,1,0,1,0,1,0,1,7,1,1,1,1,1,5,1,6,2,5,2,2,7,0,0,2,1,0,1,5,7,2,5,0,0,1,1,2,3,2,2,2,2,1,3,2,2,7,3,3,2]"
"[3.98779456,4.38740751,4.60736189,4.7662752,7.00472903,7.63033812,9.74604578,11.26435222,12.15484091,16.48089973,16.75516003,17.93591496,18.87821378,22.26687361,23.53323362,26.02900231,34.34992059,37.13588342,38.5656838,43.16293581,44.47722807,47.64951656,49.20950657,49.23173786,54.14015605,54.86950696,55.26105638,55.85636862,55.99744429,56.02662633,56.56908296,56.64591802,59.58822298,59.97243108,62.14210395,62.39855895,65.06627409,65.17160951,65.88420051,72.94741991,73.00659391,73.91404552,74.20173431,75.35226979,78.42368153,79.94791272,79.97312666,80.04148741,80.84468277,81.65196189,84.11469201,87.15940426,89.36354278,89.53207302,90.5317055,90.60019006,91.24868573,91.32241864,93.08334229,93.19908293,93.53768334,93.78371323,94.78693262,96.08421206,96.24167471,96.28581411,96.78013131,96.99136879,98.09507298,99.06258787,99.23409064,99.36579337,103.52868946]","[1,2,0,1,4,4,1,4,2,7,2,3,7,7,1,5,4,2,3,4,3,6,5,2,0,3,0,2,1,0,0,2,2,5,3,0,1,2,7,0,4,7,1,0,1,1,6,0,1,0,0,0,3,5,2,4,3,3,3,2,1,3,3,3,3,3,2,3,2,3,5,5,2]"
"[2.2098938,4.36272048,6.7203888,7.83221843,7.96196017,8.77016427,10.05854286,10.18323251,12.66855442,14.13845898,14.27299796,15.01068921,15.4074973,15.43545046,15.83499989,15.96421251,16.06554907,20.4671532,20.69943752,20.77056082,21.53250102,21.9222067,28.37922007,30.7521844,31.76263549,32.98396769,33.73553338,34.21028043,34.52184295,34.65405125,35.06292343,36.30096473,37.31698252,37.57596775,37.88406023,38.73985624,39.10357745,39.3563229,40.97977609,41.44095457,41.45704093,41.89788907,43.27835592,45.74451977,50.9051488,55.80913855,62.91566517,75.77752772,78.68454392,79.34184464,79.73991606,82.16543617,84.57389857,86.35553342,86.7160452,94.31772105,95.33194039,99.34847424,99.78550104,103.9085114,104.31382575,104.6876643,107.52886387,111.72645963,121.62960158,124.74457362,128.97403342,135.32355419,138.63295133,140.36487938,140.84500117,140.93074125,142.35418415,143.38893051,144.01003935,146.48465201,146.8990706,146.93439307,148.75734078]","[7,7,3,2,3,3,3,2,4,2,0,1,1,0,0,1,1,3,2,2,3,3,1,2,6,0,3,6,1,2,0,1,0,3,7,0,6,2,0,6,5,1,4,2,7,5,5,2,7,7,5,2,3,7,5,0,1,7,2,1,5,5,7,0,5,3,0,3,4,0,7,1,2,1,1,0,1,0,1]"
"[1.32532092,1.82558559,9.0627427,9.62163864,12.86865534,14.71190824,15.45196324,15.59755284,16.78260949,18.84935824,19.78719099,19.99199097,20.14849019,20.95389588,21.68169296,22.74650363,25.39404354,25.4689301,31.41068095,37.18031054,40.1008327,42.31241878,46.78747546,48.72626214,51.33014823,52.2878962,59.16689526,61.04780967,67.67533934,69.08521568,70.00764209,70.57122596,71.26124591,72.00797604,74.53087705,80.89663908,82.68886904,83.33208632,86.30477563,86.37519696,86.53312914,86.83250675,87.45210718,87.60906454,88.06096771,88.06792271,88.33876259,88.36156265,88.42733609,89.17112868,89.45845298,89.7887676,89.82414912,90.06752555,90.31452113,90.64210674,90.85773959,90.94336288,91.13737193,91.39298459,91.84517574,92.37668285,92.82730547,93.39135432,93.51379849,93.57763863,94.14413792,94.34240067,94.99808093,96.83071297,97.27868924]","[5,5,4,6,2,1,3,0,2,3,2,0,4,1,0,3,2,5,4,1,5,3,2,5,7,7,2,2,3,2,1,4,0,1,2,4,1,1,0,0,1,1,1,1,0,1,1,0,0,0,0,0,1,1,2,1,0,0,1,0,0,1,0,1,0,0,1,1,1,0,1]"
"[4.63832395,12.66946491,24.44555018,29.83253308,30.82844094,33.9084144,34.11732977,34.55324206,34.65239257,39.53524751,41.97993278,45.49214295,46.51421246,47.24824893,49.69260003,51.85453204,53.41846202,56.03147911,56.44516389,59.44543526,60.06113205,60.61828224,65.25419354,66.37636539,67.46813932,69.28856269,70.8850109,77.36483879,78.08801825,79.41342579,80.06126212,80.3108727,81.61744666,83.01147918,83.09237348,83.58435581,84.76959182,85.09810749,85.31795774,85.50559589,86.33986857,87.03122227,88.18013416,88.40295752,89.96714556,90.88897853,91.14608561,91.77969332,92.10723669]","[5,7,5,0,1,0,7,7,1,0,1,3,2,2,3,3,2,1,2,0,1,1,7,6,2,3,2,3,0,1,0,2,1,0,2,0,1,0,1,0,1,4,0,1,2,3,0,0,3]"
"[8.24503944,11.1544585,12.88614208,16.17722438,18.42733687,19.07809997,22.80001129,25.57031891,26.10140065,26.30278799,28.42844043,29.45979173,30.26225094,30.57188681,31.16795418,31.25178612,31.56770139,32.23363962,32.83976183,33.41775674,33.48314892,33.54429462,34.0284824,34.1877841,36.39773741,37.01541261,37.10270056,39.00965102,39.17704237,41.95464296,42.2557824,43.59281428,48.21650346,49.30642666,51.38249182,51.90170992,52.42846188,56.89423558,58.46179238,58.80296994,59.3989626,59.50931627,59.57982004,59.83801582,59.87078305,60.21131293,60.63133472,61.72274884,62.30257707,64.9007391,75.6391325]","[7,5,7,1,0,1,7,1,4,1,0,0,1,0,1,6,6,0,1,0,1,0,1,1,0,1,7,1,0,1,0,0,2,2,3,7,7,7,0,7,7,1,0,1,1,0,1,1,0,1,0]"
"[2.71507949,5.23471346,5.37507403,5.62577824,10.48570792,14.65778651,15.17206859,18.74331712,19.06724057,19.77411699,22.69376101,29.16673311,32.49306889,34.31946378,34.51215858,40.05601416,43.51246807,44.10451915,46.93046766,47.02954368,50.9484955,51.50248473,53.73639972,56.01555946,58.34535342,58.78626373,64.22244289,67.12754018,67.5608383,68.35149324,68.5497649,69.29960066,72.14885475,74.11419263,75.37302254,76.08093041,79.6506576,81.18626231,81.3292891,81.73631934,82.3751198,82.6565884,82.69210265,82.8361725,83.15337037,83.34770342,83.65709571,83.9092605,85.7728896,87.53349918,88.83095199,94.97126605,96.47571537,97.14814242,100.07261103,100.67536855,101.53228043,104.87558501,105.17151688]","[0,1,6,6,1,7,4,1,6,4,7,7,7,0,3,4,2,4,2,3,1,6,2,3,2,1,7,2,3,5,3,5,1,3,3,2,1,2,0,0,0,2,3,5,1,3,0,3,2,3,2,6,0,0,1,7,7,6,4]"
"[1.06988141,2.5900262,2.64899491,3.22757615,4.50723009,4.61472035,4.80876279,5.5871101,6.0712326,6.19388878,6.53505436,7.29348114,10.27786732,10.52593208,11.09884112,11.10600098,11.79013428,12.84508799,13.88713791,14.58232466,16.3783149,16.94880223,17.14700288,18.19208373,19.77807142,21.41617102,21.74709173,21.94148666,22.49697253,23.24539518,23.67241862,24.06506517,24.13994362,24.17690795,24.42001329,24.58981342,24.74744842,24.961745,25.10710146,25.40442758,25.78060303,25.99928823,27.99908332,29.18771252,29.75296506,29.77087628,30.76113369,30.92728041,31.27223871,31.68444081,35.20858321]","[7,1,7,2,3,0,1,0,1,0,1,1,0,1,0,0,1,1,0,4,4,2,4,0,4,1,0,0,1,0,0,5,0,1,1,0,2,1,0,0,1,1,1,2,1,0,3,0,5,2,2]"
"[0.37492666,1.21790217,6.29408743,12.19969544,16.89080815,17.91782526,19.87625606,24.44081686,24.52655201,25.06276073,25.46789678,28.19668582,28.53130004,28.95484846,30.87004647,32.34173498,34.24411671,36.53727138,38.722757,39.49450188,39.692546,40.32206427,40.32690391,46.20761312,52.22821388,53.73070798,54.82902378,56.46780949,57.75384705,59.56396488,60.25473031,61.59275183,62.13723885,64.30412414,66.04114255,66.62144504,69.65136281,70.16979202,71.11853254,72.059107,72.23883186,72.8514524,73.33330963,74.06467187,74.22321213,75.90578673,77.69842831,79.36371674,82.76110453,83.78976203,90.48423596,91.86965202,98.04834297,98.18350401,100.95953042,103.49039299,104.83145422,105.17337511,107.99018209,108.26856022,111.8276756,112.81482688,114.14429532,114.91487743,118.60480816,118.78070734,119.53491881,124.57268596,124.68846132,132.06063764,134.82090038,135.12342023,139.24859546,143.828454,148.4162399,156.09742724,157.34068373,163.737181,165.96835336,166.66692815]","[7,2,5,1,1,0,1,7,2,7,3,1,1,0,0,4,4,5,3,3,1,6,4,2,5,3,4,7,7,3,2,1,0,3,1,5,1,2,3,3,2,3,4,1,5,3,1,7,0,1,2,5,1,5,2,0,1,0,2,3,0,1,0,7,1,2,0,5,7,5,1,0,7,6,5,5,5,2,7,2]"
"[0.66217846,5.32946381,6.43822569,14.58829233,18.55989399,19.24248157,22.16556351,23.42209924,28.6470018,30.12740724,34.02833053,36.63915369,36.67259613,37.98657671,39.485941,39.55138431,44.37084236,44.37583205,49.55243624,49.94983501,59.35947002,61.78289769,67.39385154,68.67704298,71.84700097,72.02876429,75.21042765,76.86930347,78.54302062,78.72705329,78.95629719,80.02802562,81.25822688,83.28200411,83.336963,83.83161887,84.72112621,85.48829465,86.32936326,86.39617075,86.94169548,89.86791943,91.37643027,93.1271397,98.10967972,102.23112867,102.46836868,106.05244733,113.16075243,114.64832713,117.14647565,121.14380705,121.30647901,121.40936176,126.85117204,128.36258184,131.33124185,142.17760321,142.30027862,148.07325039,148.17136047,148.28177275]","[7,1,1,7,1,2,7,6,4,4,3,5,7,1,5,1,4,5,1,0,5,6,7,2,1,5,2,5,2,5,6,6,1,3,2,3,7,7,0,5,3,2,0,1,1,2,5,5,5,6,5,0,6,1,3,3,5,5,3,4,4,0]"
"[3.27459663,7.82580882,8.28891542,8.67619104,9.24384848,9.28557074,11.73143182,12.22371306,13.00795625,13.38572264,15.182545,15.66220896,17.34901013,17.52982394,17.87967059,18.05264866,18.14473069,19.16808347,19.69523778,19.82667709,20.0723758,20.1315964,20.93277196,23.10498764,23.28703643,23.50399286,23.95844,24.38809166,24.72294303,24.83143327,26.1427024,27.86197617,29.85207591,30.31364266,33.36179681,34.05440614,34.10108064,40.85517362,41.75019567,44.85697183,45.82890376,47.79215699,49.04435642,49.99721737,50.67408524,51.7295135,52.23036084,52.49779748,52.51033379,53.64102825,57.74011625]","[2,2,3,1,0,0,1,0,3,1,1,2,2,1,2,3,0,0,1,2,2,3,3,3,7,7,1,2,3,2,3,7,4,7,0,1,1,2,2,2,3,2,3,1,0,1,0,1,1,1,0]"
"[3.41905944,3.6978252,5.78365171,7.20975451,8.20276077,14.8681702,19.27714421,19.8494598,20.80660594,21.17008361,21.42964224,22.18456526,22.99406819,23.36755288,27.5866968,27.63207835,30.4451122,32.39395081,37.45637301,38.11155025,38.64945805,39.81120021,40.2623235,48.97484072,49.08151838,49.56215454,50.13275612,56.43910807,62.43914093,67.42973348,74.38916766,75.34200058,75.83583515,76.51749097,76.82153729,80.92572404,87.32192151,87.83014954,88.38859225,91.14952624,93.80114759,94.90063635,96.15235297,104.16489702,105.84581901,106.78869684,107.08621354,107.50232186,107.86759513,108.00431553,126.05093909,127.88188711,130.42026696,132.53521076,133.4369522,133.58212982,134.14830121,136.65804717,137.01209809,138.16269607,139.52669064,139.5680194,147.9462776,148.54170125,151.90074664,152.45288333,152.80374255]","[2,2,3,2,3,5,7,1,1,3,6,2,1,6,4,7,5,1,2,1,3,3,2,2,3,5,6,7,3,5,7,2,5,4,3,4,5,5,5,0,3,4,7,4,6,3,2,4,2,1,1,2,3,1,0,1,0,0,5,6,0,1,3,0,4,1,7]"
"[0.22212549,5.66929436,6.13166749,20.03875739,20.18327989,20.34005343,21.03339723,22.59293628,22.73575611,28.17878132,32.20339323,34.43943187,42.23255458,42.99538807,43.62322768,43.73202763,45.54241547,46.22783354,46.46377325,58.89871742,59.01693781,59.06011866,59.26675706,61.35476997,61.43133808,63.36174095,63.44421877,63.92264223,65.90679289,68.2719596,68.62442018,68.78733649,68.85551279,69.15810817,69.57929921,69.67338285,71.43545514,71.65745431,73.88169475,74.40909507,76.49885927,81.63033543,86.48854516,86.76603434,87.07759119,87.57089485,87.98504778,89.19795879,94.23994493,97.60542117,98.04334517,98.54671283,98.94341477,99.05320829,99.33219064,100.5849985,100.82166147,103.65638742,107.94496231,108.10612108,109.38929915,110.14598589,110.60378072,111.24082673,113.42003414]","[6,6,5,2,3,3,5,3,3,4,5,2,6,7,2,3,3,5,6,0,0,1,0,5,5,2,1,3,2,2,4,3,6,3,6,3,2,3,3,3,5,5,7,3,2,1,7,3,0,2,0,1,0,1,0,1,3,2,0,4,1,1,0,0,1]"
"[0.34360571,4.68696619,6.53459101,11.20304033,12.05948215,12.83881622,13.60907582,13.8483873,13.973662,14.68715999,15.75848904,15.99015317,16.07418367,16.14424136,16.96615773,19.48208259,19.68141821,21.05260644,21.66222756,21.75105798,22.25518819,22.84084274,23.92854493,24.64556084,25.94028449,31.60455961,31.92274525,34.1565488,34.77580209,36.1624134,36.98045641,39.98880387,45.1869722,52.41017677,54.3018154,54.7066376,57.32331019,57.96987709,58.66554666,60.3845886,60.53558714,60.67373197,61.20224526,61.34932599,61.84223436,72.75082728,77.86408782,81.01025639,81.58114573,82.14919026,83.22604512,83.50549446,84.34967983,85.48068909,88.10662979,89.29176204,89.58432108,92.4365057,95.21564287,95.88112082,96.82978908]","[5,6,3,1,3,2,3,2,3,3,2,2,2,2,3,2,3,3,3,3,4,2,2,3,6,2,7,3,3,3,2,5,5,4,4,7,1,0,0,1,0,5,1,5,0,5,0,4,6,1,3,6,6,4,6,5,5,4,1,0,1]"
"[2.67872547,3.38829479,5.64632424,5.91416007,6.22334212,10.20674813,11.66268985,11.95976555,13.75839098,13.82924021,14.58706297,14.8277718,15.12072435,16.69210351,17.30068262,18.53613387,19.87880385,22.23286599,23.26376168,24.00976448,25.60167273,27.59422487,31.70635517,34.48604429,35.70551416,36.06258292,37.07923506,37.59235937,37.74038582,47.09649921,47.28198,47.30167897,47.53995308,47.87121245,48.29202107,48.49259593,49.90776453,50.58607868,50.81526843,51.2891899,52.17304942,52.46810763,52.99412059,53.97418098,55.73776212,55.87468649,56.05701927,56.99114349]","[2,0,5,3,1,0,1,0,0,1,1,5,0,2,2,0,1,5,0,7,7,3,1,2,4,3,3,3,1,4,4,2,1,0,1,0,1,1,1,0,7,0,1,3,0,6,1,7]"
"[4.34140473,4.86424087,5.09160278,5.96402436,8.09329613,10.33897281,10.87334383,11.68930662,11.82826573,12.9541064,16.79317712,17.4116444,20.78018466,21.81478948,21.86412917,22.52415893,22.53455139,23.59888142,24.06203291,24.19081002,24.21585387,24.51217652,25.76057525,26.29625386,26.72061256,26.72823924,26.94498308,28.20388201,29.2749699,29.82211552,30.02370094,30.10354298,30.18461962,30.28583804,30.31670911,30.47478861,30.50426759,30.70909675,30.76883966,31.22689523,31.42286962,31.43470198,32.05518225,32.75168512,32.83071165,33.10063678,33.22780661,33.33395137,33.7421485]","[2,6,6,4,1,1,0,1,0,1,1,0,0,1,0,1,1,0,1,0,5,0,0,0,1,0,1,0,7,0,1,0,1,1,5,5,0,1,1,0,0,1,1,5,0,0,1,1,0]"
"[8.56183417,9.38712306,10.05497145,10.74859211,11.32716356,11.33041613,13.21171884,13.86688509,14.19374208,22.07902809,25.4589495,26.81678465,27.30358161,28.14184611,28.33399927,31.31588555,41.21213993,50.2588706,50.48826059,51.61580257,53.54597313,54.5202201,59.17929455,61.35144192,62.89270414,63.23533722,64.30850077,64.75830106,64.76649799,64.8022345,64.94450175,65.32515831,68.72595712,68.73313988,70.97476806,74.19462701,75.30073348,76.12064617,77.75374423,78.62912465,79.16850395,82.96474668,83.61861292,84.81999856,85.66020103,89.39017673,89.91751959,101.92144033,102.52658567,103.09210016,103.3180294,103.99099353,106.13681128,106.67389881,106.88336151,106.941284,107.34010222,107.7697619,107.90542746,108.10704365,108.4830232,108.63143838,108.66957447,109.46491946,110.31580452,110.66020109,110.70977311,111.2392697,111.60774545]","[2,3,2,3,2,3,3,3,3,7,6,7,6,0,1,7,2,6,5,2,6,3,4,1,2,3,4,2,3,3,3,3,7,5,2,6,3,3,7,1,0,2,3,6,4,5,5,1,0,0,1,1,2,0,7,1,0,1,0,0,1,1,1,3,1,4,0,1,0]"
"[8.15029577,9.709221,13.02618174,13.19326852,13.87791342,19.33362561,19.85969289,24.00800975,24.22351755,24.80033517,25.61263485,25.66858086,25.95280052,26.3732705,26.77298354,27.93775437,29.10930925,30.14469753,31.88389634,32.52546425,32.81831695,34.14257288,34.31828312,37.48177202,37.63586743,38.59323403,45.26237658,51.95185417,52.03825188,56.99159386,60.60624037,60.64633298,65.70108518,67.00526083,67.38370086,67.97776877,72.39776199,72.85894108,74.56519645,74.67721665,75.45036554,76.96996261,77.45834194,78.70525772,78.86269845,78.89719829,79.05623522,80.07363016,81.09177872,81.16783363,81.2715873,81.78168073,85.40893651,90.49711083]","[5,6,0,1,4,1,0,2,3,7,1,0,1,0,5,1,7,5,6,4,7,0,1,2,3,2,7,6,5,4,2,3,5,3,4,7,0,0,1,3,1,2,5,1,1,0,0,0,1,0,1,0,5,4]"
"[0.31593307,0.70163237,4.03979266,4.93228279,5.10561079,12.04698372,15.83826743,15.864073,17.16877997,17.31181362,25.4674384,26.85425457,28.33200935,28.49360021,28.53310459,29.23418574,30.88248654,34.29818499,39.54546929,41.2388332,42.16434066,42.43899248,42.73619979,43.0879459,43.20126336,43.66099806,44.2413447,44.94728883,45.49398109,45.91113256,46.03067155,46.152491,46.25064233,46.6632186,47.1260267,47.23687609,47.72780482,47.73339734,47.95438036,48.73803677,49.47744354,50.24149153,51.37904327,51.54052516,52.96064159,53.08458499,53.32981436,54.57885035,54.75912927,55.73772602,56.01704782,56.40505542,58.10892076,66.38324507,66.64531342,70.9831558,72.3674761,73.79234969,73.79986019,75.88195703,76.83606065,77.51618847,77.67315678,77.90586262,79.06745962,79.25376546,79.45350351,79.76775688,79.88178096,80.34136038,82.37519935,82.41517147]","[7,3,7,0,7,7,7,7,2,3,2,1,3,1,0,0,1,2,1,3,0,1,0,0,1,0,1,1,0,1,6,1,0,1,0,5,0,1,1,1,0,1,1,0,1,1,0,0,3,2,1,4,0,6,0,2,1,0,3,0,1,0,1,1,2,0,1,0,6,1,1,1]"
"[1.20554471,11.1888635,17.32671849,22.599969,23.07305173,25.72246201,29.12348888,29.62170692,30.6663858,31.21516585,32.15985041,33.04694471,33.83605097,40.01617797,41.11139256,42.60783298,43.73416145,44.62849148,48.57777594,49.77512688,53.08185118,69.25200809,73.64890036,76.4284275,78.36899131,85.05296874,86.00318755,88.2024648,89.52390355,91.96190882,94.06949298,94.5098912,96.59017774,98.00427021,99.99762684,102.08026355,102.30265272,102.81846298,107.23582287,108.14931548,108.37254783,108.95489491,109.47853776,109.66057611,110.77317056,111.02586578,111.08679977,111.14856338,111.60840229,111.63694375,111.95355117,112.52371153,112.83882961,113.19811087,113.25962971,113.41328314,113.81735637,114.17215201,114.26446396,114.58365699,116.15594539,116.29730844,116.33549008,116.87197709,117.27482709,118.48439222,119.03561413,122.69338034,125.27946053,125.43183561,129.84881528,130.06466458,136.04638284,137.52437599]","[6,4,4,0,1,0,0,7,1,2,0,0,1,3,4,2,3,3,7,1,3,2,0,7,6,7,7,5,2,5,5,5,7,5,7,1,0,2,7,3,1,0,0,6,1,2,0,0,5,1,0,1,1,1,1,1,0,0,1,0,0,1,0,1,0,1,0,1,4,5,5,1,0,1]"
"[0.52040713,2.84563383,6.38148623,11.12022923,11.85178131,12.42153238,14.36313334,17.68611888,17.79973167,18.34270511,19.02139504,19.21431093,19.58963544,24.9984607,27.33604877,32.34975538,37.02155913,39.3494585,41.90689927,46.74085734,55.23558012,57.300447,60.67235328,68.9013049,77.08888065,77.31140166,78.24670676,79.80342671,81.42351978,81.94382218,82.1162844,82.26129786,82.6246649,83.37467871,83.78967473,83.84156684,83.9596242,85.72846775,85.75589793,86.1175365,86.31926339,86.32444797,86.39494822,87.53407306,88.51154136,89.9283797,90.13084319,90.95854015,91.1709725,91.58434872,92.39926954,92.74968753,93.9096564,94.70404224,95.00570819,96.14606116,96.64446841,97.01092742,97.52773642,98.58409347,101.09830464,104.99755443,105.37804278]","[4,4,6,6,5,4,6,2,0,3,3,6,4,0,1,2,0,1,6,1,0,2,4,5,7,1,0,1,0,1,0,6,0,1,1,0,7,1,0,0,0,4,5,0,0,1,1,6,0,0,1,0,1,6,5,1,0,1,0,5,5,1,7]"
"[2.57788436,3.73310604,4.40054457,4.48095435,7.3338234,7.38357418,8.08395138,12.69600564,13.75670415,13.75683482,13.94918254,14.29098344,15.19820638,15.62090505,17.17930919,17.68247374,17.99912878,18.02290285,18.28339645,20.55376408,21.06128037,21.17512556,22.47605618,22.70348052,23.40178994,23.51443646,24.26629435,24.69720107,26.12558461,26.12646331,26.49164686,27.14100288,28.1137551,32.11502065,32.13502861,33.08042302,34.34113927,34.73834127,37.12479911,37.86830567,38.63088062,43.07543264,46.39116428,48.16313215,51.37648374,58.87320019,60.066381,60.14155816,60.30956431,60.46376321,61.70934342,61.74741474,63.45840497,65.01715185,65.92777286,66.24330923,67.38094977,68.07579032,68.71076523,69.32059417,70.38102307,71.06579703,71.66625627,71.89447943]","[2,4,3,1,2,3,3,0,5,1,0,7,1,5,0,0,1,6,6,6,1,3,0,1,1,5,1,0,0,1,0,1,0,1,1,3,0,0,1,2,0,5,4,2,3,1,0,1,6,0,1,0,0,0,0,1,4,1,0,2,0,6,1,7]"
"[16.59695502,19.33280196,20.86089967,20.97162251,21.18220833,21.23857686,22.04939681,24.11896159,26.11946905,30.97908681,31.07570283,31.49842655,32.26133315,35.68712007,40.65203735,42.55825081,44.71223377,47.98898506,50.34178862,50.88884552,50.95256373,51.46797209,54.14679347,58.60124852,59.10498719,59.89878709,60.01024846,60.31046804,62.02032677,64.30233648,66.15790155,67.22664086,69.39826297,69.46305084,71.01667689,73.48653242,79.26962352,80.08796292,80.64865816,81.02917188,92.63015873,93.51831914,97.48094261,97.86865853,98.14623222,98.57436364,99.1012505,100.46567805,106.38905648,108.3759912,114.80721378,115.65758767,116.96042616,116.98821755,122.50912139,132.80843268,136.14920391,136.52688207,137.10498448,139.0221408,139.81160499,139.97011415,140.2597634,140.30596377,140.83620499,141.08528865,141.1167252,141.27430624,141.60682902,141.7416368]","[6,2,7,1,1,0,6,0,6,0,6,1,0,3,5,6,7,1,7,6,1,5,2,0,1,7,7,0,5,1,2,3,1,7,1,5,2,3,0,1,1,0,1,1,0,2,3,0,1,3,2,5,7,5,5,2,2,3,1,0,0,1,0,1,1,0,0,1,0,5]"
"[3.03403909,3.14949986,3.84753583,9.43702263,11.69629962,13.47115665,19.42308159,21.57559936,23.16926284,23.80565382,24.81155767,27.31804199,27.40877872,28.23945834,28.24757584,28.36300159,30.76745358,32.11331977,32.39999115,35.50470991,35.62329358,40.31775515,42.80765396,45.12410128,45.48617343,46.64495327,47.89334063,49.72469769,51.09372584,51.18160483,52.89858469,54.44239279,56.45063725,57.83107149,59.0830897,59.73332,60.03812052,60.81906935,61.05813976,62.12783865,62.74082178,63.52477922,63.92977425,65.22975252,66.49865427,67.17874927,67.34644448,67.80137968,68.73764564,68.76386116,69.00900508,70.42390033,70.78320688,71.15034575,71.77244247,73.76977906,74.32137954,74.3604917,74.85667307,75.83573065,76.2619743,77.33984202,77.5249063,77.95868832,78.73342142,78.76491328,79.29287329,79.62993778,79.76950938,79.90615097,80.22871331,80.33867877]","[2,5,5,1,7,7,0,5,0,1,0,1,1,5,0,3,0,7,3,2,1,5,4,3,2,3,7,3,1,0,1,1,0,4,1,0,0,0,1,0,1,0,5,2,1,0,3,4,0,1,1,1,1,0,0,2,3,3,2,3,3,4,2,2,2,2,3,0,0,1,1,2]"
"[0.653691,1.54559105,4.78636103,6.17647766,6.45707597,8.49443842,8.88892205,10.56662181,10.59827469,12.81743725,19.48633019,22.22372325,23.8142999,25.44795394,25.5749532,31.11862988,35.41463007,37.64497123,43.30395493,48.19474692,48.43243265,48.50426105,49.35062788,49.55348158,51.81677064,54.15986273,58.40718684,60.76276041,61.50901705,65.37459892,65.42173284,66.03886596,66.69933052,67.00116359,67.63669028,67.9493622,68.07144345,68.12356337,68.12456343,68.6007818,68.86548185,68.9700091,70.31149791,70.36660677,72.33469094,72.70157486,74.68762297,75.24899143,78.98626521]","[1,5,7,7,2,6,3,5,3,3,5,3,1,0,1,2,5,0,5,1,4,6,6,0,6,4,1,1,5,1,0,1,0,0,0,1,3,0,1,1,4,0,1,1,7,7,5,6,2]"
"[1.16228116,2.65761281,7.42465607,9.57607253,9.83591842,11.74707237,11.80187529,18.54706882,24.74224832,25.05242644,25.06857768,26.17186517,26.29270203,27.17198663,27.33331979,27.36399496,27.80026023,27.97208241,28.75649576,39.53185985,40.37122454,43.30091387,43.96033785,46.30287781,50.42205659,50.86289197,51.59218477,52.91122431,53.26675199,53.31941064,55.28368062,55.54118886,55.6319462,55.90435827,56.32252259,56.44794309,56.79975447,58.1965372,58.75854211,59.84756662,60.23105733,60.90720458,61.13061983,63.96282658,64.12180706,64.68847412,65.47032907,65.75438771,65.92576866,67.721695,68.21161403,68.83264341,68.97812145,74.83473897,75.08103771,75.08917295,75.42900934,76.97783851,78.32478877,79.06172668,79.06805276,79.63032759,81.81003057,85.20928509,89.39318119,90.84859589,94.95155034,95.09392917,97.77252843]","[6,3,0,0,1,1,0,5,2,7,3,7,0,3,2,3,4,4,2,0,5,2,4,0,3,3,2,1,3,3,4,0,1,1,1,0,0,5,1,0,1,3,2,2,3,3,0,2,1,7,3,2,3,1,0,1,0,0,0,1,5,1,1,2,3,4,7,4,3]"
"[9.09927084,14.73751722,18.63729004,21.89334629,26.59135911,28.35544743,28.85415982,28.8676653,30.61916495,30.813224,30.83616607,31.50266182,33.3865777,33.48768315,33.48774839,35.38408993,36.56469413,39.28412567,39.37398477,41.67064337,42.3343449,42.70064773,45.12826841,49.4384661,53.38432083,55.06678582,55.86491494,57.38374068,60.69646422,62.68620936,64.23986468,66.70801031,69.56817282,70.61321673,74.68709563,82.39098746,83.61401306,85.8486783,96.48978946,98.13894175,101.39226701,102.11928182,106.10486617,107.63915605,107.8339304,108.42147656,108.53664417,108.75782714,109.33510454,111.9710171,112.50488262,115.06362908,115.28457368,116.57387551,118.1676426,120.12855144,120.53624887,121.08721028,121.58077929,121.9830419,122.36815075,122.88082944,124.50622559,125.60350732,127.21153273,127.5153532,133.61385832,133.83781461]","[7,6,1,3,2,2,1,0,5,1,0,2,1,1,1,0,1,1,7,5,2,7,6,1,0,1,4,0,3,2,1,3,0,1,5,3,2,0,2,4,6,1,1,1,0,1,0,0,0,1,0,1,0,1,0,1,0,1,0,0,1,0,4,3,0,7,6,7]"
"[3.1430951,3.96422437,4.71534515,5.07540721,21.05024901,21.75120018,23.16993634,23.78563871,26.18440909,26.8284252,30.3158824,30.87499118,34.00820069,34.53887153,35.85409781,38.9703185,40.17008088,44.69251081,46.23204977,48.21443053,49.91416282,50.90889151,52.15560241,61.01171579,68.28505491,74.41245128,75.81284454,78.66596143,79.45333243,83.72937072,86.97627103,87.79491388,91.6707974,93.6554743,100.92264658,101.67724092,101.83299239,102.34494818,103.23534249,103.90284484,105.25210244,106.97564534,109.70926151,111.80995586,111.86286483,113.12529476,114.17829662,114.3300565,118.64986968,121.91719734,127.04615891,132.46153605,136.34621337,138.68186324,139.0509425,139.7510351,141.00388227]","[5,1,3,4,2,3,2,5,7,2,3,1,7,0,1,0,4,1,4,0,0,1,0,7,7,6,0,5,0,7,0,1,7,6,2,1,3,3,1,0,0,3,5,0,5,1,7,7,4,0,5,1,0,1,1,0,1]"
"[0.1921904,9.51024075,10.88054587,11.87008882,13.85121246,18.64080065,18.69484649,19.12402084,19.16292116,21.13453432,21.50094715,22.19227763,22.28231005,22.46546442,23.57324147,29.17578606,29.54474742,29.74744861,30.1329749,30.41165599,30.61332775,33.00898273,33.49784514,34.32367515,34.72001327,34.94866071,36.64059071,36.66148448,36.9497624,37.84253503,39.90131161,40.78907027,41.61844523,47.18455836,48.1681159,49.41660148,50.48169226,51.05559475,54.51841609,56.75989855,58.61193399,59.01822427,59.38921633,61.1001655,61.10689612,61.17106251,62.02766883,67.31792667,70.48321991,71.90192431,72.27118725,73.05455542,73.79398348,74.15675291,74.49487607,74.91409749,75.16415694,75.27368531,75.81228169]","[2,0,4,1,5,0,1,1,1,0,5,0,1,1,0,1,2,1,0,5,0,3,0,7,1,0,0,1,7,0,5,0,1,0,5,1,7,0,3,7,7,2,2,3,3,2,2,3,7,2,3,1,0,7,1,4,0,4,1]"
"[4.6582485,5.25018414,6.31206556,7.11992856,7.13617795,9.04503055,9.33856742,9.36807977,9.79123235,10.26399263,11.38829644,12.75537998,14.21646118,14.60447051,15.17262263,15.34990842,15.63641677,15.7843867,16.24146328,16.26837037,16.59137915,16.67699968,16.71692841,16.75086812,16.95120972,17.35636543,18.01153265,18.09809947,18.20337365,18.29563733,18.52033089,18.54248851,18.68940735,20.09621798,20.54592281,20.59585646,20.7366053,22.47920627,24.38615331,25.51016023,25.64610464,26.50372267,27.58448,27.63431565,27.71735969,28.08733646,28.10535653,28.13605966,28.76427886,29.38636725,29.49261207,29.50834056,29.61448376,29.64082199,29.64104135,29.71171261,29.7626374,30.00124519,30.27148982,30.58518063,30.61930128,30.75779259,30.97052799]","[0,3,2,2,3,3,0,3,2,1,2,1,0,1,0,1,0,1,0,0,1,0,1,0,1,1,0,1,0,1,0,1,5,1,1,1,1,4,5,0,0,1,1,6,0,1,0,1,0,1,1,0,0,4,1,1,0,0,0,0,1,0,1]"
"[4.13966007,4.72457896,8.88150295,14.3849523,20.56085615,23.6713923,23.82911785,24.32179507,24.65643204,26.61239942,26.76539053,26.82499498,26.95331764,27.74279469,28.02473084,28.13801861,28.52570372,29.08627637,34.25255657,34.9303958,36.10986213,37.93492205,38.18890649,39.23588297,41.71741527,41.97478459,42.42091709,43.07679999,43.18321073,43.2165772,44.15710775,44.17441008,44.70930896,45.60337519,45.68945718,46.84738544,48.73938885,49.00490301,49.88287441,50.01261815,50.08518507,50.43329461,50.5323093,51.72456716,51.83627565,51.85933692,52.9713623,53.80209272,57.51846309,57.88425437,59.81827064,65.83510923,66.6847567,70.31630631,75.96302807,76.06575655,76.97000475,77.00671003,77.27929222,77.71239402,77.73580726,77.82815814,78.33694559,78.50036918,78.53961349,78.54762505,78.58130508,78.59351248,79.03560907]","[2,7,6,6,2,5,5,5,7,1,2,1,5,5,0,1,0,3,7,6,6,4,6,6,1,0,1,0,1,0,1,4,0,0,5,1,2,3,2,0,1,0,1,2,2,3,3,5,3,2,2,4,0,7,6,1,0,0,1,0,1,0,6,1,1,0,0,1,4]"
"[6.21132136,6.40649801,6.90974505,7.44702825,8.41798174,11.17041383,11.40759708,11.55681705,11.9628858,14.97794838,15.04016827,15.38166497,15.6707414,15.67384865,16.87291872,17.08774767,17.74330234,17.82694986,17.89993986,18.10989124,18.29985668,19.14140784,19.21069399,19.29737082,19.34460184,19.79298418,20.09316543,20.21534264,20.90533462,21.80959047,25.08441813,25.17321013,25.45059886,26.36312703,26.74416842,29.08311123,29.31820806,30.30350004,30.56391586,32.17199347,33.23559699,33.34391888,37.96222666,39.05689076,39.5868899,44.43207095,44.71161025,47.12419796,47.36580063,49.39653116,49.49348299,50.80534878,57.59967782,59.74865604]","[0,5,1,0,0,0,7,1,1,0,2,0,0,1,1,1,1,3,3,2,0,0,2,1,1,0,1,1,1,5,0,1,0,5,1,0,1,4,6,0,7,2,1,2,5,7,7,4,2,5,3,3,2,3]"
"[8.44436496,9.08372202,9.16025469,10.06176309,10.26818282,10.33050774,10.45507854,10.92060106,11.65565515,11.87167368,13.57833278,15.59395567,15.61335524,16.42963266,17.07590909,17.3438649,19.83969709,20.79540704,21.48634114,22.09383487,22.76638006,24.38400499,26.06734401,26.27612121,26.67126541,27.93827494,31.61435363,38.23695302,44.64839441,44.66994445,44.87010746,45.84910686,50.66769998,51.60571093,54.63365391,56.68601181,58.88187977,61.09818452,62.29299755,62.87537001,63.26614424,63.84768645,70.25439546,71.46980084,71.51365928,73.22247434,73.61140436,73.72468013,76.92148307,77.48766898,79.66472005,85.38046669,86.14284322,87.56024984,87.99256197,88.54295155,88.54675867,90.9302282,92.46152727,100.21498879,100.39970732,100.725387,103.18445231,103.20868784,103.78043819,103.80599333,106.62833983,108.33784993,111.15075741,111.25626085,111.38463075,113.20412898,114.28967508,114.95309932,115.65549177,115.87151279,115.9028747]","[2,3,1,5,2,3,5,3,2,2,7,0,1,1,0,1,1,0,1,0,1,0,0,5,1,0,4,5,6,7,7,6,1,2,2,0,4,3,2,3,7,5,0,1,0,0,0,0,2,3,3,5,3,3,2,2,2,2,2,7,7,1,0,1,5,0,3,1,0,7,1,2,7,0,1,0,1]"
"[0.07095556,6.15923222,6.8512134,7.08995763,14.48427347,15.36668034,15.96468137,17.93332984,18.5409167,18.86003038,18.9909824,19.37363881,19.58307672,19.9353298,20.49972975,21.58394105,22.07202476,22.57848996,24.05351961,25.46027992,26.72402198,29.08397671,30.0581302,31.60474867,32.73692006,33.4756776,33.49273008,33.59160505,33.85487612,33.89823732,34.18019974,35.12987917,35.50914327,35.9421917,36.35411189,36.58448401,36.96650826,37.36782724,37.41047748,37.41989494,37.48476108,38.19566469,38.53110439,42.16060382,42.74040008,42.99941848,44.01067641,54.38926067,55.00590427,56.40513986,58.64620984,62.35850829,63.24366994,63.62073853,63.74561722,65.49942727,70.72305939,71.70593773,72.83866922,73.18484841,73.76255015,73.95664432,74.26855065]","[7,2,3,2,5,7,0,1,2,1,1,5,0,0,1,0,1,6,0,7,0,0,1,1,6,1,2,1,6,0,6,0,0,1,0,1,1,1,2,3,5,0,0,1,1,0,1,2,3,1,0,7,2,4,4,3,0,3,1,0,0,1,0]"
"[1.38256672,3.16734429,5.47451934,5.97513591,8.48351154,14.20958928,22.90724596,23.17891275,37.48373555,37.54952111,38.88210013,42.53812204,43.41552876,43.46284509,43.73270522,43.85161784,44.84073012,45.06115874,45.10174437,45.13993143,45.36374531,45.61037366,45.66080998,45.97899445,47.12566629,47.15751062,48.22127094,48.83373688,48.92408818,49.847829,50.04540962,53.52468361,58.01132628,59.8787332,64.07689143,64.44212698,65.07943962,65.76085987,66.16979951,68.0316585,68.89703291,69.0564714,69.07203382,69.26425073,69.85220658,70.53763746,70.84851775,73.54089394,77.3002992,78.37217178,80.56886947,80.59381735,84.50669704,88.13466145,95.2326202,100.14234068,103.1323133,103.21948082,103.29156053,103.53372502,103.77234205,104.46358747,104.8334414]","[2,7,7,4,5,2,2,3,1,6,0,0,1,0,0,1,1,0,1,2,1,1,0,0,0,1,0,1,3,1,1,4,7,4,1,0,0,5,4,1,1,5,0,1,0,5,0,7,1,5,5,0,3,7,6,5,2,3,6,3,3,6,1]"
"[2.71497978,10.07785967,10.96534699,11.80498328,16.17332892,17.97036494,18.90291823,19.21417217,21.44840694,21.5600933,22.10516691,22.27922839,22.80625875,23.99991931,27.30081938,30.27998151,31.84135467,32.00574805,32.99380788,33.15760746,36.26897963,36.41480561,36.60504507,36.90820693,43.65843664,44.18892839,46.40385297,48.22050141,49.03940989,49.40331281,50.44008559,54.1983594,54.25468515,54.81281428,55.44614599,55.56652719,56.017375,57.39355649,57.44276632,58.3870129,59.3869103,59.65770021,60.44899389,60.83398069,61.20955814,61.52941859,62.30541485,62.36873553,62.46562734,62.49883094,62.62129312,63.9983833,64.00337504,65.51903552,65.88948608,66.29793323,66.47864845,66.61358384,66.70325697,67.25955036,67.35446913]","[0,7,2,7,6,1,3,3,6,5,2,7,3,6,7,3,3,5,2,2,3,3,7,2,7,0,2,7,1,0,1,1,0,0,1,1,1,6,7,6,1,1,0,0,1,1,0,1,0,1,0,0,1,0,1,1,0,1,0,0,0]"
"[0.5453973,1.00863849,1.49892101,2.41701552,2.46210514,3.40784162,3.60183854,3.74622321,3.80501963,4.5531271,4.60000332,5.18800563,5.24129523,16.23676062,23.76599567,24.93386232,29.94844116,30.55697209,30.97581989,30.97736693,31.89353325,32.81714197,34.8968963,35.15426323,35.59425394,35.78320275,42.80838658,44.3147711,59.52909367,68.24690062,72.55830038,83.27081978,85.31435792,85.70084588,86.98312242,89.29696042,90.79842309,91.8309298,92.50800556,93.3291257,94.29139334,98.87378297,99.67616222,100.54853649,100.78534505,100.87066353,103.50521987,103.99248586,104.12033605,104.22702336,104.98556194,105.12422367,105.63920878,107.43742166]","[0,5,1,1,1,0,0,1,1,5,0,0,5,4,7,2,5,5,2,3,2,0,3,2,3,2,5,4,4,5,2,7,5,2,7,2,2,3,1,3,3,3,2,3,4,3,1,0,1,0,1,0,1,1]"
"[7.16416134,8.75525799,13.49129794,16.08050028,16.27992452,16.28712462,17.08335423,18.2973754,18.75343886,19.87734099,21.07849019,21.89206802,21.96627852,24.45710967,25.08146154,25.29229448,25.70535975,25.92922656,25.93922261,25.99736367,27.17081226,27.183349,28.30985814,28.71130674,29.34608428,31.05070317,32.92875497,33.20798814,33.64083078,33.68131948,33.81413634,34.12545982,34.19990536,34.20272107,34.9033851,35.84664499,37.06577702,37.4205804,37.84303465,38.52108392,39.21891347,39.84128206,40.2100993,40.61008381,40.650521,40.78946043,41.58170009,41.79547452,43.73143852,44.53577243,44.84355874,45.47338878,45.68630104,45.88635879,47.30459952,48.98608762,48.9956313,50.9864534,52.20118981,53.25031279,53.58166416]","[1,5,5,2,3,3,4,2,3,2,3,2,1,3,0,1,3,0,0,1,0,0,1,1,1,1,0,1,0,0,1,1,1,0,0,6,0,0,1,0,1,0,1,0,0,1,1,0,3,0,1,3,3,1,5,3,5,3,2,3,3]"
"[0.42046679,0.64775477,14.70748632,16.83538369,17.32686179,18.28155903,19.02410582,19.2642554,19.50862157,21.78987527,23.14449919,24.38420122,28.38085126,29.87685003,32.45651211,39.1875273,41.55589439,47.01093568,50.23181596,53.94876442,54.92103323,55.5023407,56.05007584,72.94988506,73.0434267,73.1514334,74.93742338,76.52617188,76.87243646,77.56381383,79.33937846,79.97921846,80.68148736,81.16280238,81.45649026,81.61756649,82.09100757,82.61107702,82.8355392,85.07794975,86.01906943,86.37443511,87.02845541,87.24860937,87.66511913,92.22087942,92.29485435,93.0148305,93.63854843,95.08743785,95.23361312,95.36612202,96.54191828,96.69558778,96.81433716,97.00128384,97.26634279,97.57599759,97.67977081,97.69785366,99.77319958,100.32575404,100.62291285,100.65197088,100.98528186,101.33254556,101.36885991,101.93669694,102.19853411,102.92356231,103.62884224,104.47447449,104.76873485,104.95570506,105.27448867,105.39722799,106.76724305,106.78822849,107.65022704]","[4,2,5,6,7,2,3,2,3,2,5,5,3,2,2,2,6,7,6,7,2,7,7,0,1,4,6,1,3,1,1,4,1,0,0,0,1,0,1,2,3,0,5,1,0,0,1,5,1,0,1,1,0,0,1,0,1,1,1,0,0,0,1,0,4,1,0,5,0,0,5,0,1,7,0,1,1,0,5]"
"[3.22086183,3.31474857,4.9209984,5.5235382,6.39820817,9.19426997,10.38580498,10.40503599,18.85773962,20.82371394,24.78461779,27.70953958,28.90463121,29.27766287,35.93463803,36.55250361,38.87785329,39.33332624,39.6507659,40.76226351,41.76407408,41.81119999,41.85576185,42.76025929,42.96986162,43.19493312,44.18648899,44.37607181,44.41792155,44.86257141,45.57076507,46.23104471,46.85889388,47.44366678,47.68797124,47.690117,47.73616871,48.05032648,48.70654978,48.77751148,49.36253479,49.81644802,50.03312,50.11557442,50.24340402,50.45278307,52.35589951,52.422899,56.75101053,59.97503964,63.51743072,64.54158285,65.65371254,65.72602842,65.89223147,66.24267714,68.06975967,68.26303541,68.57150433,68.5763937,68.66246011]","[2,3,3,3,3,7,4,7,0,3,0,5,5,0,0,1,1,0,0,1,1,0,7,7,1,0,0,0,1,0,1,1,0,0,1,0,0,1,0,1,6,0,1,1,1,2,0,0,5,1,3,7,3,2,2,3,0,3,3,2,1]"
"[4.7199602,5.4899061,7.36198833,8.97307354,10.36670979,10.789592,11.02058642,12.03253807,14.4122765,18.84623766,20.68354705,28.03411105,30.19355885,30.60037824,33.16974955,34.040216,35.64039835,38.15368687,39.64843299,41.50279831,41.73096198,42.95157412,47.56555291,65.05595636,66.12478464,69.63275176,70.56759313,73.08102761,73.93942767,76.48600229,78.30506912,79.65686364,81.03094392,81.12437384,81.19240322,81.99283734,82.14613856,85.58842114,86.34699906,87.53181965,95.95848768,99.47742393,99.92463327,99.95589604,100.56352165,100.94294002,107.48031839,108.02610131,109.96247599,111.76769452,115.66909628,116.7771407,118.92434679,119.75945375,121.41353644,121.74900379,125.43676678,126.61496317,134.61561719,134.75823865,134.9856696,136.10529897,140.6841716,141.5757691,146.26473154,146.26906927,147.30108848,148.61524328,149.71622797,159.17882486,160.75111015,163.65760256]","[0,1,0,7,5,1,0,1,0,2,1,3,2,4,2,1,3,4,0,4,1,0,5,5,7,3,2,3,2,1,0,0,1,0,1,7,0,0,1,4,0,6,6,6,1,5,1,1,0,1,1,0,0,1,0,1,3,0,1,7,4,0,0,1,0,1,0,0,5,1,0,1]"
"[0.07621902,1.08351917,2.73796188,3.49904482,4.32884185,4.97399068,5.5309997,6.84756098,7.03407533,8.71102776,8.85311503,8.89898954,9.28645226,9.67028623,9.91666218,12.75277827,15.85400814,18.08341626,20.81614492,25.54332952,25.60537521,26.27227668,26.9542647,32.23703298,33.84131348,37.2268322,37.66474379,40.64068845,42.37452748,42.95728145,43.09949492,43.10426314,43.79723848,43.94961665,44.08421172,45.71307438,46.07311972,46.34086209,46.67477257,46.84283738,47.66938868,47.91128594,50.09630255,51.03372151,52.26720438,55.96073955,56.92640415,57.33737489,61.09060584,62.2227425,73.30837702,79.66850524,85.29932787,86.30532225,88.36532554,88.38970679,88.65488313,88.87089769,90.39645407,90.52780794,90.5739107,91.1684811,91.52109184,91.58530452,92.04141367,93.09796072,93.94780309,94.13846823]","[2,0,3,2,5,1,5,3,2,3,3,0,4,0,1,1,7,1,5,1,0,1,0,7,1,1,2,6,0,1,0,1,1,0,0,3,0,2,1,3,0,1,2,2,3,0,1,0,2,5,2,6,3,2,2,1,0,2,3,3,2,7,0,1,0,2,3,1]"
"[1.44814187,3.55557362,4.7306957,5.10034635,5.31343403,6.2865299,6.731187,6.81979005,7.47576532,7.68196085,7.8071742,8.29521039,11.60929439,13.59714919,15.61308818,15.67162963,15.9415088,17.19898335,18.78624314,25.40377018,30.53782402,34.11789484,34.38065325,34.48684668,36.23042012,39.07741134,52.30544082,54.27695349,54.2825232,54.74773879,56.26175088,57.12854539,57.61929914,59.51176502,61.00274225,61.70764154,64.09271606,65.05426292,68.06850969,69.10471627,72.86169277,73.39553755,73.71341632,73.8104939,74.38617611,77.23708376,78.52854465,85.63887197,89.96383575,93.19310647,93.30634514,94.71410891,99.39090171,99.80721832,100.11035781,100.27467608,103.34032595,105.54254566,106.14966152,106.15475288,106.51451579,108.01812671,108.28965458,109.22201599,110.97105405,111.7193343,114.52596617,115.52226371,115.98805344,115.99639575,116.27498666,117.92627368,128.38982959,128.94365616,130.62852208,137.04287828,140.18494063]","[1,0,1,5,2,4,3,1,1,0,1,1,0,1,4,0,1,1,0,1,4,0,1,1,4,6,7,6,3,4,1,0,0,2,1,0,1,0,7,1,2,2,3,3,3,4,7,4,7,1,0,1,5,2,3,4,4,7,5,0,1,0,4,1,5,2,1,0,1,0,4,2,7,7,7,7,4]"
"[3.51601011,3.7858822,3.82108214,6.27590904,7.46822787,10.78682041,11.98627384,13.96833013,15.8329205,15.93912761,15.94553856,16.40618277,16.60586038,25.3837583,33.48336802,39.83025472,40.18320145,40.37450011,40.60039448,40.74505644,41.21309422,41.31204101,44.79173517,45.74369317,47.88785169,47.9485219,50.05667822,50.61499128,50.76747093,51.35743701,51.57690516,52.4431283,52.44472022,52.54565044,53.22912025,54.23979965,54.42557235,54.62900988,65.63926341,67.13070355,68.81569683,70.60108245,70.7962175,71.13900847,74.24439418,75.89563018,77.13420791,78.65180403,90.51778162,91.52997334,93.29661434,97.01534906,97.58018659,98.39557439,108.90773888,111.64353968,117.76176092,118.74062786,118.87396327,119.49052322,120.58181685,121.18429059,121.29152945,121.34967084,121.35749688,121.42395028,121.5967512,121.68981958,122.60393417,122.65992428,123.01654724,123.15371305,123.60796638,123.97494324,124.50587428]","[0,7,1,0,7,5,0,6,2,3,6,2,3,2,1,2,3,0,7,1,0,1,0,5,0,1,1,0,1,6,0,0,5,1,1,1,1,5,1,2,0,1,0,0,7,2,7,4,4,1,0,6,6,0,7,2,0,1,0,0,1,1,0,1,0,0,1,0,0,1,0,1,1,0,1]"
"[8.51064148,10.03523937,11.61058565,16.0528033,18.95986633,22.92093118,27.27440759,27.59676515,28.80932298,30.7920091,31.69731179,34.41000521,34.59295801,36.35454494,36.97693799,40.24578002,42.10885605,42.73429329,44.62063976,44.86973615,45.08695131,46.16298245,46.29779815,46.99291575,50.3453185,51.22335429,51.8418461,55.09665112,57.09123765,60.54184499,60.59835661,61.78129038,62.19913084,62.26467548,63.37242781,67.30933843,69.62822476,74.19640203,75.88592701,76.16018256,77.62738033,80.39584293,81.37871383,82.01627038,83.10675204,86.44966639,86.70283605,87.61446221,90.22033237,90.86940295,91.15091045,96.20853187,97.20474634,99.5777879,99.60872056,100.34579266,102.27106757,102.94358719,103.25653838]","[5,4,3,3,6,3,2,5,4,2,1,1,0,0,0,5,0,2,3,2,5,3,7,7,7,2,3,7,2,2,3,2,3,2,3,2,5,2,1,2,3,3,1,0,3,2,7,2,2,3,2,0,2,3,1,6,0,4,4]"
"[0.66972538,2.26111798,2.61459142,2.90661783,3.39211046,4.39552659,5.05564694,5.8896524,7.05488518,7.78831525,10.29318297,11.34505239,18.42002137,26.94423498,27.37528593,28.125,29.02722475,30.13508823,30.31973091,30.33651675,30.43324039,30.48285869,31.37355297,35.04058089,42.67606836,42.74321992,43.24027984,43.30465848,46.37506441,46.78785946,48.05169147,48.05522807,48.73690441,49.66701894,49.85134129,51.99758212,52.89125243,53.5309235,53.55283576,53.58037891,56.26193385,58.81473467,60.87503058,61.47287206,68.55685514,70.57402005,78.36474612,78.50697762,88.15317384,94.76916145,96.85477616,102.32812553,103.21556033,103.22813303,103.50072292,108.04018734,108.5276561,108.56091049,108.60472367,110.21861529,110.49677447,110.71161538]","[1,3,2,2,1,3,0,2,1,2,0,1,1,0,1,4,0,1,0,2,3,1,3,3,0,7,1,0,7,4,0,2,5,1,6,0,2,3,7,1,1,4,3,1,0,7,5,2,6,5,0,6,2,3,2,7,0,1,1,1,7,0]"
"[14.05597639,14.30450407,17.22956449,18.02276551,19.32461244,20.12158269,20.681966,21.14426512,23.51937043,26.6629436,28.86950865,29.18402676,30.06358767,31.414774,32.10734051,33.64116247,33.89153237,34.59341183,34.77695877,36.50499577,36.84739098,36.85626277,36.90636484,38.08168361,38.72116139,40.34765726,41.11447206,42.44656109,42.76235069,44.5565903,45.14735322,47.05994258,47.4188358,47.48259255,48.14555026,48.33143587,49.44081118,49.59162129,52.05676054,52.40387804,52.55264349,53.51785105,53.60617052,54.22993047,54.29635875,54.33335422,54.7740441,55.58837398,56.83899339,58.64429844,60.88299038,62.95231135,63.01806128,63.61489756,67.79553808]","[0,1,1,0,2,0,1,2,1,3,0,1,2,3,2,7,4,1,0,1,0,1,5,2,0,5,5,0,5,1,6,0,1,1,0,1,0,1,7,0,1,1,0,1,0,1,1,0,3,5,0,2,3,3,0]"
"[0.19962839,1.40560596,3.81921627,3.93384713,10.01138534,13.90867367,14.18451798,17.20668048,22.57102032,23.45814343,24.23237451,28.59567617,28.68007909,29.45088274,30.20890425,30.65145399,32.45180952,32.45853999,32.76696222,34.18728453,34.54852975,34.6701487,35.15062925,35.75559453,35.76524824,38.91896819,39.01119664,39.31988463,39.71208456,40.0135106,41.78808272,42.79503943,45.09661442,47.7424844,49.6210277,49.6542665,51.11055596,51.79359798,52.22231852,52.27622827,52.5664756,52.98003059,53.03098237,53.21083592,54.23361534,55.18437711,55.29204852,55.32955648,55.40505489,59.19578697,61.90588513,64.45065608,64.93328919,65.76809297,66.03594004,66.04681019,66.35705768,66.57950579,67.56280391,68.97176375,69.77861912,70.53476217,70.75523364,71.82780704,75.27002095,76.13614421,77.95123747,79.04874908,79.76411793,80.25475328]","[5,1,0,5,7,2,3,4,2,2,3,7,0,3,2,1,0,1,1,3,0,0,1,1,0,7,1,1,0,0,0,1,1,0,1,0,1,5,4,1,0,7,1,3,6,5,1,0,0,0,1,1,6,0,0,7,1,0,6,0,1,7,1,0,0,4,0,1,7,1]"
"[3.47573081,4.40137494,11.86620075,12.39047459,12.73848284,13.40567889,14.67424108,14.95212722,16.63223707,19.51616768,20.11726281,24.83538314,39.63171758,43.93899923,45.61538502,48.09564314,54.51680989,58.30991005,58.6870492,58.99166976,63.24173759,66.25180475,68.5158458,68.70754285,69.44136636,70.22980145,71.24534832,74.74027754,76.50598815,76.94978063,80.08284814,81.1852717,81.2763669,81.80210493,81.90204493,81.98193618,83.22931561,83.3807706,83.4281424,84.23018524,84.47490606,85.04062745,85.04650424,85.51363647,85.75448741,85.76575537,85.82710757,85.87519206,86.15165666,87.49125506,87.96236291,88.05899177,88.29884889]","[3,2,7,6,1,0,0,0,0,6,2,2,4,4,4,0,6,4,0,1,7,4,2,1,1,2,3,3,4,3,5,0,1,0,1,1,0,0,0,5,1,4,4,1,0,1,1,0,4,0,2,1,0]"
"[2.60589982,5.03097251,5.86563652,10.87163249,21.12020323,22.72700483,23.0332543,23.84747847,26.26058463,27.96816249,30.2562854,50.25982253,54.06084423,56.69325798,57.8837766,58.74439968,58.96881675,59.31827902,59.89065696,60.18050563,61.32820153,62.00342352,62.75166282,63.17729312,63.70734048,63.7813046,64.33540446,64.34133716,65.14349921,66.34359392,66.42386768,67.27693491,68.78319749,68.99826809,70.40258965,70.77798851,71.41933098,75.31998485,77.99404732,80.24162919,80.7802767,82.45610263,84.37663499,84.71536928,84.98118597,87.20603342,90.26794343,91.26828436,93.54658271,95.2250284,98.33058253,107.63320937,107.67362045,113.17190322,115.77343959,115.91041345,116.14678619,122.17372569,134.6462151,139.75825796,141.46185307,149.72817701,153.37298027,153.52171972,154.18300094,154.91652969,155.66617863,157.24395572,157.25493144,157.26433252]","[6,5,0,2,2,0,3,5,3,2,7,6,7,1,1,2,0,0,2,3,7,2,0,1,1,3,5,2,2,0,0,1,0,5,7,1,5,4,0,3,4,2,2,1,1,0,4,5,4,0,1,2,3,5,4,1,2,1,0,6,2,7,6,1,7,0,0,1,1,0]"
"[1.08573247,2.38059518,9.9441996,14.73572512,18.01347424,20.03465583,20.96045219,32.27338401,40.54494962,41.3218133,41.71458688,42.24345157,42.53754613,45.5533641,46.02232366,46.31862587,46.56612132,46.74926148,49.56294948,52.97782857,56.08257359,57.93788504,63.36244152,67.25168705,68.88530337,72.90083236,73.26690776,82.06034175,86.48699313,92.21020859,94.11104016,96.46093151,101.00172401,104.40873464,105.86416252,107.62819273,107.88707583,108.44699315,109.22589799,109.86116108,110.29556635,110.77093505,111.69237627,112.19447246,112.60603518,113.41451271,114.84599946,115.19762729,116.77648686,118.10106063,119.09472913,120.47719744]","[5,7,3,2,4,7,4,5,1,0,1,1,0,1,6,0,6,1,0,1,2,5,5,5,3,4,1,0,7,0,5,2,2,4,1,0,1,5,0,0,1,7,1,0,1,0,1,1,1,1,0,0]"
"[1.01655851,4.13208788,4.53443819,6.32980474,8.21847353,9.51415991,17.81578689,18.63105527,21.55148257,21.64734211,22.69237577,24.10665705,24.58174628,25.60384139,25.65223702,25.69217206,26.26409668,26.47992466,27.24581125,28.27793673,29.02394152,29.28708829,29.36703472,29.49931869,29.92927517,29.93995762,29.99331847,30.42912476,30.89628913,30.96086257,31.06330716,31.07741443,31.21440049,31.37149005,31.50438077,31.5632579,31.83317001,32.43648153,32.45367668,32.56804825,32.82251478,32.97235812,33.422023,33.55775514,33.74305079,33.84440677,33.85869361,33.8666715,34.37050373,34.48481294,34.51166717,34.58027672,34.7438197,34.87998374,36.16339366,37.52760221,37.98717736,38.42406243,39.26796226,39.57425753,40.65449686,42.22244223,42.49314427,42.74097278]","[1,0,7,0,2,3,1,1,7,2,5,4,4,0,1,0,0,0,0,1,0,1,0,1,2,1,0,0,1,0,1,0,1,7,0,1,0,1,1,0,1,0,0,1,0,3,1,1,0,1,1,0,0,1,1,2,0,1,0,0,3,0,1,4]"
"[1.29968866,4.21212035,4.23514704,6.87592122,7.32407378,8.93593867,12.694966,12.8811431,12.92268691,13.29628709,13.84176335,14.20733217,14.43688533,14.48344755,15.36877817,15.37008131,15.55757035,17.24031851,18.62583818,19.22099972,22.38550324,24.92996394,32.15836458,32.38879062,34.04603964,34.4477969,37.2359959,48.62802248,53.57978261,60.03776812,67.90443564,74.58499489,74.61540495,74.65806842,75.46917833,75.49800031,75.54028399,75.64313384,75.83902062,75.87454855,76.226643,76.55526043,76.71052866,76.7942238,76.83727466,77.41134193,77.50923621,78.01459949,78.19768447,78.5468238,80.97195461,81.49874975,82.43122831,82.56208644,82.68202283,83.23891231,83.37833214,83.81634466,84.04358589,84.18815129,84.50899057,84.69242009,84.96052777,85.02067315,85.15325658,85.19233131,85.41419171,86.51047185,86.56257775,87.40936059,88.31298234,88.48456246,88.53004762,88.83467415,89.15709808,89.22691785,90.7225969,91.28335107]","[3,1,2,0,1,5,7,3,2,3,3,2,3,3,2,2,4,3,2,3,5,2,2,3,3,3,5,5,5,6,4,3,1,0,1,0,1,1,0,1,1,1,2,3,0,5,1,1,1,0,0,1,2,1,5,0,0,1,1,1,4,0,1,0,0,1,1,1,1,0,0,1,0,1,0,0,1,1]"
"[1.29354516,2.13556765,2.87428015,3.07827553,5.1213835,5.25715506,5.34458864,5.77573876,6.13489803,8.62480984,8.8259571,8.86487951,9.27194766,9.53330981,10.2762062,12.37334658,12.52399621,12.83811113,13.53965565,13.55906436,13.60016474,14.08956423,14.46606003,15.01700072,16.19396412,18.57245765,20.59408381,21.56674576,24.17041549,24.5091672,24.64059783,27.06955355,28.58924134,29.31698752,30.79517141,31.77948309,33.6634513,34.02086307,34.07185377,34.90545973,37.86478142,40.64714335,41.01036963,41.21090884,41.47705682,41.65610963,42.05313516,42.30176949,42.95349847,44.61020161,46.11586433,46.34527111,46.8668411,47.44669864,47.73515325,47.76246328,48.46845813,49.54164968,50.22672853,51.6278919]","[1,0,6,0,1,0,0,0,1,0,1,0,0,0,3,2,5,2,1,0,3,5,0,1,3,6,1,5,7,1,7,5,1,7,5,0,5,2,0,7,3,3,1,3,5,0,5,1,2,1,7,0,1,0,0,1,1,0,5,0]"
"[0.27259058,0.70614495,1.25824074,2.82289497,3.2208026,3.69439921,5.2366039,8.07416299,8.24920035,8.40101822,8.42256372,13.86308471,15.92096467,16.76192215,17.11252021,17.41704442,17.42929915,18.15139438,18.56382223,19.25686988,19.5347326,19.99537893,20.19607103,20.38272991,20.69147989,21.65567264,21.70860607,25.23635933,25.27691761,26.77740645,27.83226956,33.2421712,33.71273758,36.26648505,38.60474716,40.10399004,50.06993066,50.5865351,54.37814091,55.17923051,57.377881,57.67938048,59.31252094,59.60430429,59.66087883,59.88841965,60.04568123,60.20916936,60.52816324,60.98910965,67.80794677,68.75889361,70.64188856,70.9139726,71.38527293,72.3506148,73.36850662,74.14437176,74.87661459,75.08610466,75.13928902,76.10187067,76.45417397,76.54421282,77.35224761,77.36606242,77.74069759,79.82272736,80.85406252,81.09067611,81.71587575]","[7,1,2,6,0,1,1,0,0,1,0,4,0,1,1,2,2,0,5,0,3,3,7,3,1,3,3,7,6,0,5,7,3,4,5,0,7,2,0,4,2,0,1,3,1,0,1,3,0,1,7,2,3,0,2,3,3,2,3,2,3,2,0,0,0,5,1,1,0,1,1]"
"[4.99247087,5.24813562,5.69078985,10.00986725,11.28292322,18.00749474,25.8893044,26.17528291,26.19244272,26.46217663,26.96195754,27.4592708,27.84350449,27.85305376,29.10081656,29.18185689,31.11855403,32.46887455,32.93046512,33.48071142,33.75205948,35.63214361,35.9017515,37.2362786,37.95946489,39.63339486,48.99447948,50.06631052,51.35541929,52.80780371,53.91138349,62.65537357,64.89491742,66.01030088,66.74997758,68.05288847,69.30046885,69.37903258,69.89034627,70.90302646,71.01432474,71.57868264,73.07952735,73.17226193,73.23061494,73.35673321,73.85545463,74.71536664,74.85830741,75.4392424,75.56235469,76.56476217,77.33573726,77.97974416,79.58634624,80.04654184,80.4902353,80.52364366,80.68497274,81.35752521,81.60500033,81.90108033,84.10569223]","[5,7,5,2,7,4,3,2,2,3,1,7,0,0,3,1,1,6,0,1,1,3,7,2,3,2,2,7,1,0,2,2,0,1,2,0,0,1,5,1,0,0,7,1,7,3,1,2,2,3,4,3,0,1,0,1,1,0,2,6,1,3,2]"
"[0.61242403,1.99278242,4.05786265,7.63466841,8.28673247,8.67990982,9.72025969,11.6005598,11.71565417,11.80149667,12.86399505,14.54505904,15.00293733,16.28829884,16.40041746,17.07358293,20.98454819,24.4981142,25.29493243,34.15568248,36.66451055,43.00804469,43.94888146,45.05296022,46.68627241,48.57830449,49.92647567,50.570459,52.54617426,52.58443266,52.90300702,52.95061038,53.25329376,54.59098064,54.84336434,55.13171623,56.85119886,57.20603269,59.89478999,60.29810524,61.67919204,63.90127813,73.34755568,74.16288691,74.45744435,74.72408595,78.3753931,86.13602338,89.79276028,95.57469177,103.29697607,112.50882176,117.40099839,119.94349005,120.5309311,122.14667271,128.11141484,128.56599871,128.99828361,129.00702782]","[7,4,6,1,5,0,7,5,0,5,1,2,6,0,5,1,6,3,1,1,0,5,0,7,0,7,4,7,1,0,1,0,1,0,1,1,1,1,0,1,5,4,2,7,7,0,7,5,2,0,3,0,0,7,1,2,2,4,0,1]"
"[1.99163459,7.63774745,12.14265443,12.41508616,13.50845265,17.66899587,17.91787763,19.48658345,19.70322925,25.54733054,26.53944559,26.96750589,27.07349268,27.08758712,27.65915051,29.40279153,30.30545273,32.68340156,36.99976086,38.33469506,41.74631613,43.07310245,43.74250654,45.34768016,46.28504732,46.36089373,46.47496115,46.61970219,47.44111472,73.20120295,73.26420528,74.31888831,76.70625734,77.24150217,78.01337701,98.54772056,103.26279795,107.44414395,107.78602064,108.0426894,109.05293181,109.21938223,114.86579527,115.94125411,116.29606138,117.96594466,118.01479568,118.34713469,119.0628728,125.85460027,126.08960066,131.60406569,134.55813012,138.23206915,139.0834308,139.18810542,139.65062437,141.47255318,141.58574925,141.81653027,142.39297896,142.5349015,143.43569255,147.22517538,150.46971814,153.22318945,156.40820311,156.42892901,158.23825256,162.17210941,166.90050628]","[5,2,6,6,1,1,2,0,1,3,1,0,1,0,1,2,0,2,0,3,3,4,3,2,3,4,7,2,0,1,0,7,0,1,0,7,7,0,5,1,1,6,0,3,1,2,3,5,2,7,2,2,5,0,7,1,0,0,7,1,5,1,7,0,2,7,0,1,6,7,2]"
"[1.31759478,5.09176666,6.22911559,6.4002695,7.24013793,7.75152436,8.76804583,9.15314915,9.72677807,10.90394976,10.95830644,12.05103958,12.19990056,14.63049829,15.75815593,16.16302497,18.43858621,18.59831968,19.70749308,20.79341423,21.05605853,21.99190109,22.04820797,22.16779833,22.69435466,25.21629159,26.23923304,28.474764,29.3043828,29.75429481,33.52982247,36.41647067,37.73730478,37.89965004,38.70231003,40.66412804,50.86834998,51.46811692,60.13771366,62.88571615,63.03905505,63.57491204,64.57941357,65.02389245,66.91985571,67.52460381,68.21641636,69.07010081,70.70700315,71.16296204,87.07015441,87.103374,87.13627409,87.85356892,88.02029325,88.31877785,89.40385371]","[7,1,0,1,0,1,0,1,0,3,4,2,3,0,1,1,3,7,0,0,1,5,1,2,3,5,0,0,5,7,7,0,1,0,5,1,7,3,5,2,1,0,2,3,2,3,4,5,3,7,1,0,0,1,0,6,1]"
"[0.91176804,6.72680235,12.63608735,33.28961769,40.3237933,43.34368936,44.66169682,51.73027575,51.80988504,54.79179256,55.29724948,56.53432389,58.58203801,60.7199069,60.85228163,63.97051253,67.00599229,67.05883398,67.7751038,68.64807188,73.13091037,73.27793705,75.16325744,75.50365342,76.71322171,77.9071034,78.2120116,78.62390421,92.06126029,95.33411234,100.11755641,102.23810063,104.44929941,106.48502532,106.51083104,106.61628646,107.46332544,119.64312138,119.76149126,119.81005759,120.72130285,120.89550181,123.12159219,123.39579843,126.88305992,126.95321587,129.38563526,130.630884,133.21482825,134.80704471,140.28617061,145.77443749,146.87500295,149.72213509,152.82725145,152.90291468,159.31086155]","[7,1,4,2,4,2,3,2,3,1,2,3,5,1,2,0,2,3,3,2,0,1,1,0,3,0,2,4,2,5,6,4,7,4,3,3,5,1,0,2,3,3,1,1,4,3,4,5,0,7,3,2,6,0,2,3,4]"
"[1.07319959,1.18368241,3.55439384,9.1097293,9.13760441,15.89883083,16.64082564,16.92270625,17.76126803,18.00025217,19.96473678,20.27771275,22.04921804,24.1979753,25.23160987,29.63657637,31.69288428,32.93876397,35.95351592,36.07831855,42.58592745,43.02569147,43.08528801,44.30274486,45.3190015,45.43119304,46.03310742,48.31975261,48.84068967,48.89394458,51.22601865,51.66579889,52.05648393,53.49655778,53.9008895,54.51099157,55.09709491,55.30144228,59.653252,59.74579302,61.51356031,66.53047397,71.04924078,71.35719469,71.46938138,71.64711916,71.9646916,72.3632931,73.23902949,74.85121995,75.18495549,76.20102914,76.20292998,76.42014248,77.05060624,80.34828698,81.01788895,83.69544836,92.34198222,96.09537823,97.19260902,100.49468898,102.9631427,103.03797922,103.65089243,104.1179326,104.40819641,104.41511681,104.64365916,105.47981383,105.82277364,106.95154715]","[2,5,7,1,0,7,4,7,0,5,3,4,2,3,5,5,2,3,2,5,6,5,6,2,6,0,1,0,0,2,0,1,1,2,3,4,3,7,4,4,4,5,5,3,2,2,4,3,2,3,3,6,5,5,2,0,1,6,0,5,5,0,1,0,1,1,0,1,0,2,1,0]"
"[4.39258212,4.58873414,4.8618086,5.79324304,8.38304456,9.39205413,10.84093333,11.62803408,12.05861415,12.64782642,13.43935496,14.2128599,14.54061982,16.05050587,16.62780058,17.85170858,24.71599483,24.97281969,24.98846459,25.15263279,25.42332425,26.14941455,26.64561402,27.06273043,28.76055321,32.20993854,41.45058359,44.46872947,46.13166034,54.65240861,55.13432016,56.83025024,58.09455263,60.40953107,60.43230666,60.60798303,60.76896304,62.73152079,64.903159,65.7237297,67.06545649,67.29405591,71.31763141,72.94314188,73.9685302,74.01897609,74.49899888,74.83322873,81.66146462,82.22696237,82.24752932,86.64703644,88.1649814,91.24172817,93.43401709,96.59020593,98.21290143,99.59474731,102.08130189]","[1,0,2,0,1,0,1,7,7,1,1,1,0,6,0,5,2,4,3,2,3,2,3,2,3,5,2,7,1,0,4,1,5,7,0,1,7,3,2,2,1,0,6,5,0,1,0,1,2,3,4,1,3,0,7,1,5,4,7]"
"[0.88451112,2.58115174,8.33880245,14.08130522,16.046833,16.54887477,16.62480943,25.69802704,26.18551766,27.46781963,27.56362441,28.36087366,28.60061054,29.08143746,30.05974409,32.9504533,36.40067496,38.85753716,39.32314386,40.75448067,40.77881963,41.54224229,41.8974935,43.22683617,44.84359572,45.31387292,48.54824841,48.81243112,49.44412214,49.58608565,50.19371658,55.69392986,55.82909059,55.89531723,55.97041501,55.98299157,56.49261787,56.91092755,56.91545525,57.08770421,57.21109818,57.39722593,57.47092638,59.2543875,61.13980275,61.2774114,61.78537146,62.3342428,63.32278216,67.57191903,76.02728578,76.90660665,83.92573095,84.09328088,89.40999538,89.47418434,90.6017619,91.73076543,93.52663915,94.61171514,95.67871243,96.19926478,96.67934238,96.98223403,97.54326506,98.87348048,99.81593138,102.92794984,104.09430744,104.40155709,104.874582,106.95868553,108.50625515,109.61072996,112.16628796,113.65835518,114.62847613,116.97962893,117.22051875,118.94565546]","[2,1,5,7,2,5,3,2,1,0,2,3,6,0,7,5,3,2,5,1,0,0,1,0,1,1,0,1,0,0,1,2,3,2,2,3,7,6,6,6,2,3,4,2,7,2,3,2,7,6,4,1,4,7,0,4,1,0,1,0,1,7,6,6,1,3,0,5,2,3,3,5,2,0,3,3,2,6,3,0]"
"[0.84185798,5.45130823,6.33474346,6.85688151,7.09489265,7.69881151,14.71656623,16.46767491,18.32521572,21.40600696,25.3823349,26.05828297,28.88261083,29.7656575,30.81259067,32.19222914,36.13291418,36.28474932,46.00872936,48.41793393,52.25184576,53.75143688,54.13910306,57.55890854,58.57968533,63.11792177,63.2818259,64.01936363,69.65141758,70.1125333,75.59628803,78.60988223,81.97771114,86.89400493,89.23037529,89.79035368,89.97963859,95.61860738,97.58905177,98.42003933,99.53466348,100.91560369,101.08841806,101.14660556,101.15519568,101.22694292,101.83048073,102.25803682,102.35037013,102.72346501,103.12404238]","[7,5,2,3,1,4,4,1,5,0,0,2,3,5,5,2,3,2,1,1,2,1,6,5,0,1,0,1,7,0,5,7,5,2,3,0,1,1,0,1,0,1,1,1,5,2,0,0,3,2,0]"
"[1.33411484,4.06108154,7.02168242,7.13575719,7.43824439,11.04960371,15.34695781,17.40214167,19.4547005,20.53264156,25.30724283,27.22599204,30.49102559,31.99612336,32.27325689,32.99838549,33.35606078,33.48496387,33.94595392,33.98061571,34.02851018,34.88027359,35.3643135,36.03346499,36.20009013,36.21330561,36.50039737,36.66354833,36.93954421,37.82696904,37.84176426,38.63944277,39.27493819,40.60746705,40.70583417,40.80241628,41.41515934,41.53184858,41.70174883,41.98533905,42.04751738,42.34432685,42.55963452,44.07921655,44.21244641,44.24448321,44.53750018,44.64281098,44.68039181,44.74621542,45.63061433,46.90724622,47.07419219,47.39471305,48.11083526,48.25015312,48.30758807,50.27623306,50.4421781,53.49960581,57.50139918,58.39043372,58.92693274,60.42537447,62.33631237,62.40928627,63.49641082,63.77106196,63.77476168,64.46016876,64.65504829,66.42804686,67.34910651,70.53264539,74.8824838,76.66405515]","[5,3,7,0,1,5,2,3,2,2,2,0,1,0,5,1,0,0,1,1,0,1,0,1,3,1,0,0,0,5,0,0,6,1,0,4,1,0,1,0,0,1,1,1,0,0,1,0,1,0,3,1,0,0,1,4,0,1,1,5,1,4,0,1,0,1,3,5,4,1,1,2,0,6,5,4]"
"[1.17784814,1.39249682,8.78649575,9.85626637,11.67142275,11.95773081,13.40322544,21.06527135,22.01145643,22.04674249,23.04388122,29.00795576,29.85816765,30.0212253,30.76306679,30.85013692,32.09763753,32.49980828,32.99352271,34.81964501,35.35962691,41.87307458,42.47690148,50.69953257,50.87845761,51.67096371,52.15771223,55.42540299,58.07141867,61.97582332,62.85584476,63.62951899,73.47579454,74.79292159,75.17084358,78.72945507,79.9111408,80.77599973,83.31886883,83.95778127,92.17372567,94.47551182,95.48307577,95.95238603,98.28904244,104.22532215,105.25884707,106.06909438,107.35591614,107.48350934,107.61047251,108.5421754,110.81949553,112.85216915,114.01475238,114.44338496]","[4,6,5,5,1,2,4,0,6,5,4,5,1,2,4,1,5,6,4,0,4,1,7,2,3,3,3,7,3,4,3,2,2,6,2,1,0,0,7,1,5,5,0,7,7,2,1,0,0,3,1,1,7,7,0,1]"
"[2.92773971,3.22023785,3.42028181,3.43188166,3.75431263,4.20682332,5.72461079,8.61752477,8.96427546,9.57419619,9.87979139,11.1039843,12.8487103,13.33779705,18.55889579,23.50443033,23.96285309,26.1859371,27.57203941,30.36794461,31.52637988,32.31879849,32.38968099,33.36953483,34.25596667,36.52113823,37.26953187,37.51359344,38.93323843,41.00735005,43.45302359,44.40597314,44.82353501,46.05352183,50.6229022,51.90958262,53.59691297,54.09298057,55.14959554,57.34390004,59.24617991,62.59482635,65.1815619,68.68892097,70.63896731,73.20775348,78.89629953,81.89807869,84.60446489,86.2544994,92.4580876,94.25724213,95.56062321,97.16806108,101.9478089]","[1,0,1,2,0,2,1,0,1,5,1,2,0,1,1,2,3,7,2,4,3,1,0,2,7,2,2,7,7,6,0,1,3,7,3,0,1,1,1,3,7,7,7,3,2,0,1,2,1,4,5,1,2,0,3]"
"[2.33195539,3.9685347,5.40167963,6.85681584,6.89744339,8.3273466,8.65800174,8.80095945,11.47324453,12.07541397,12.51984046,12.82706233,16.0950755,16.16005326,19.52443987,21.69898812,24.19573734,24.85102462,26.07044917,27.09789036,30.49374714,30.89436485,30.97764336,31.2903829,31.3180365,32.08218898,33.1499685,34.54421882,34.90767463,34.93451809,35.72257191,36.34867254,37.43456743,37.58801127,37.91745672,37.93978904,39.03765378,39.60074837,40.08765922,40.34038889,40.5685085,40.69892643,40.95774386,41.77826356,41.82263286,42.02684797,42.23784099,42.38328238,42.67791135,43.80545579,45.12307793,46.670851,47.11205309]","[1,7,1,7,3,2,0,3,1,0,1,3,1,5,0,4,1,5,0,7,0,1,1,1,0,0,0,1,1,2,0,1,0,1,1,2,7,0,0,0,1,1,0,5,2,7,0,1,2,3,3,3,2]"
"[2.7591857,4.05638362,4.15917116,4.45319627,7.59470069,11.34008168,11.52110595,19.18652485,28.83132771,30.93331352,35.77048046,37.44190371,40.11746427,41.47561095,41.90712845,42.95665398,43.03311878,43.9025872,44.30652489,44.80246032,50.38959453,58.33865145,60.9414547,61.34361982,65.20290755,66.70079787,66.72687758,67.52711521,71.69636753,71.83775151,73.20230798,73.44927972,74.21237257,75.78758751,76.61368706,76.85755395,76.88255333,76.91931202,77.20429744,77.78343231,78.56421842,78.71576141,79.03342775,79.26273405,79.69590493,80.45723281,81.30490733,81.3470021,81.44794909,81.72877396,82.27510224,82.29797634,82.45148323,82.47153329,82.63971577,82.65202613,82.91030124,83.75233008,83.76869413,83.86130761,83.99483455,84.06341356,84.1297022,84.17827972,84.35813236,84.39619527,84.52120811,84.78781765,85.15287711,85.39542683,87.89586558,88.40812645,89.1332227,89.83041767,89.9203535,89.98684368,90.15447418,90.19107144,90.58384843]","[1,0,0,1,1,0,1,7,4,4,5,1,0,1,1,0,0,2,3,5,3,0,1,7,5,0,1,5,0,1,0,1,4,1,1,0,1,1,1,0,0,1,0,0,1,5,1,0,0,1,0,5,0,1,1,0,3,1,1,1,1,0,0,0,3,7,1,0,0,2,1,1,0,1,0,1,2,3,0]"
"[3.21915538,5.05055315,5.64260063,7.55365859,7.58936082,9.89055238,12.55247392,12.98860954,28.5968568,28.80828749,30.14675038,33.99836717,40.69417149,41.15169754,41.37888912,42.89397909,43.30332828,54.60798292,61.55243156,63.93300701,64.22203526,64.84913159,66.169808,70.30454033,72.05586112,78.57979648,79.07627357,79.57025519,80.51881977,86.98079337,88.11917775,88.80782098,88.94039426,89.34432856,89.43229647,89.51210867,89.59670714,90.31957346,90.42371998,90.91437537,90.95471486,90.98078791,91.08502558,91.12214488,91.29667797,91.55271232,91.95890007,92.11137847,92.62210265,93.85251734,94.03397452,94.78590155]","[5,2,3,5,3,7,4,7,0,1,6,6,2,3,2,2,3,7,4,7,4,5,7,5,4,3,0,5,1,1,0,1,0,1,0,1,0,1,3,0,0,0,5,1,1,1,1,0,1,1,0,5]"
"[0.96327012,4.92905101,5.49609603,5.7192513,6.51916487,6.5765453,6.81438814,17.74397851,17.94337852,18.94376608,20.98066706,30.28059825,30.61761151,33.00352699,35.60798471,35.71935016,36.37457487,37.06125816,38.21023285,38.98488464,40.24578686,40.42030329,41.25748423,42.45943352,42.76076037,42.77782336,42.82981255,43.66192116,44.04215754,44.14985897,44.78161863,45.61166623,46.46727058,46.92103733,48.36517281,49.39634099,49.78019748,52.08360611,52.44356207,52.91056777,53.76570914,54.57867364,54.67140502,55.75828741,56.79558824,57.17723651,58.13871799,58.64557831,59.01440299,59.33316213]","[7,1,0,1,0,5,7,7,4,6,7,0,1,7,4,4,2,7,3,2,3,2,1,2,3,3,0,1,3,3,6,2,1,0,1,1,0,1,0,0,1,0,2,1,1,0,4,0,1,1]"
"[0.21633686,2.52059075,2.79399631,3.27231558,4.41730556,4.45788895,6.70560202,7.32785073,12.23653747,12.72283398,15.21595903,15.38386674,16.66820937,20.46853329,21.89769169,22.60892485,23.83434465,23.96499347,25.53126333,25.74146288,25.85251159,27.03427417,27.36650359,28.53849594,29.20698712,29.38205381,30.4855968,30.66719983,30.93194132,31.02080818,32.26718461,32.76539169,32.83326551,33.28246074,33.50862518,34.21027518,34.67213762,34.90909486,34.98035239,35.64355601,37.42019775,37.91349688,38.25038466,38.42749879,38.96062248,39.4471622,40.08963211,40.20687012,43.08972109,46.04691212,50.92542083,51.29295287,53.51930296,54.73090324,61.12903961,67.15778004,69.44660405,70.01690837,70.30175327,72.05302883,72.83540892,73.95917752,75.38635366,76.97014398,87.00605798,90.65635428,91.50722932,96.40346541,98.95742017,101.90385898,102.29574015,104.95487822,108.15577232,108.79686602,110.97990218]","[5,0,2,4,1,1,7,2,4,4,4,5,6,0,5,1,3,1,0,3,1,0,0,1,0,0,1,0,4,0,1,0,1,0,1,0,5,5,0,3,1,0,1,0,0,1,1,0,4,0,6,0,2,6,5,3,2,3,3,1,2,0,1,0,7,7,6,1,3,7,0,5,7,0,6]"
"[3.35119677,3.62496915,4.48156221,6.85497939,6.95573439,7.60015259,7.88748972,8.20976492,10.90035893,13.70391162,14.39915088,15.01120506,15.03967493,15.68209716,17.10118712,17.27428256,17.36442047,17.38595424,18.15112795,19.04360882,19.46449642,20.41485135,20.46546194,20.66959755,21.20454848,21.41614557,22.07643211,22.39819909,22.56615584,23.22945579,23.84324285,26.06228601,26.12779742,27.19169143,28.8611804,29.50743647,32.57871664,32.87872807,33.76562122,33.97011498,34.28601804,39.65163394,43.0217863,44.54424656,45.6423493,47.16826045,48.98681037,49.0851619,49.2520828,49.82040568,52.53129828,53.42960576,58.18438396,58.97539342,60.07045937,66.25441615,69.51577385,69.93966717,71.95968681,76.88006742,88.40000899,89.05390961,90.02511763,90.05828529,90.24165512,94.46474762,96.49852,98.11161576,98.20869397,98.569305,99.33561706,101.10367062]","[1,0,0,1,1,2,4,0,7,7,0,1,0,7,1,0,0,5,4,0,1,1,0,0,1,2,1,2,5,0,3,6,1,1,0,1,0,1,1,0,0,6,3,2,3,2,0,7,6,1,2,3,5,1,0,2,2,3,2,4,0,1,1,0,5,5,5,2,3,2,7,2]"
"[0.72558781,2.47439267,4.8015172,6.46238439,15.72198523,17.48685129,19.20721865,19.6530708,20.14950023,22.52943166,26.52178745,28.21934754,36.69068393,36.73548854,38.65587327,39.95728755,40.48844605,40.83336567,41.66634345,42.62798783,43.10278013,45.34524647,45.42814413,45.90766232,46.12676501,46.15858543,46.51461547,47.02595923,47.10345528,47.37793063,47.51133023,47.71938117,49.06036838,49.06606613,52.12508274,52.15700636,56.32840596,58.39010749,61.32522066,68.58280034,69.1116762,69.86430961,69.92951325,70.38845464,70.81325099,71.04069095,71.17488669,71.74489125,72.97576093,73.98276841,76.70261245,78.26540846,78.38249084,78.51083227,79.62652258]","[4,4,7,1,4,1,5,7,0,7,6,2,3,3,2,4,0,1,1,2,3,0,1,1,1,2,0,1,2,0,1,0,0,1,0,5,4,4,7,0,1,0,3,0,2,1,1,7,1,1,0,5,4,1,5]"
"[11.98185414,36.47277033,45.21263566,45.3611701,46.07147449,49.10267545,49.46909491,51.58093746,52.22776884,58.2563096,59.48899778,60.08174918,61.06067804,61.48038134,62.28597938,66.14409541,70.19736014,72.34738408,77.37019381,80.31339524,84.10174604,88.30982387,88.56699928,88.76808834,89.8771006,92.2692311,93.55537439,95.63361,96.62597892,96.84677436,97.55232491,97.82343884,99.56011556,99.6382689,99.87210109,99.89870095,99.94297635,100.6246402,100.97581686,103.87668508,104.13605359,104.33839462,104.60220043,105.27490837,105.27587225,110.84946183,111.44586472,112.37410986,112.92008239,112.92763587,116.28770798,119.1573236,119.32341063,125.11169851]","[7,6,1,1,0,5,4,0,1,1,1,0,1,2,3,1,5,1,7,5,4,0,1,0,5,0,2,3,0,1,0,0,1,1,1,0,0,0,0,2,4,3,3,3,1,1,0,1,5,1,5,5,3,5]"
"[0.65802596,4.51793538,6.68753795,7.06387626,7.4255223,8.98584866,11.22171468,12.11372852,12.9434701,13.36143411,13.46943948,13.94859048,15.96029939,17.50104537,17.5671502,18.9412539,20.85292257,24.90629163,32.10559867,34.5102725,34.54759041,35.13289856,35.56719972,44.43495303,44.67297883,44.73401926,45.49736399,45.84024886,46.46021256,47.15653192,47.26363913,48.6395611,48.74862692,49.39960981,50.29906336,50.42411012,52.68582104,54.31361082,55.42628196,56.20404421,66.524494,68.03006327,68.64073216,69.33226456,70.08368964,70.64358267,72.36769356,73.65416757,74.3706325,75.06455167,77.71729174,79.38306126,83.61471619,84.33962485,86.91149755,93.42378329,95.43792135,96.75967171,100.20400773,103.4672494,104.68867698,104.76127343,105.46202274,105.58321618]","[7,2,7,3,2,4,1,1,0,1,1,0,1,5,6,0,5,5,0,0,7,1,5,1,0,0,3,1,2,0,7,3,4,7,1,0,2,4,2,3,4,3,2,2,2,3,3,4,3,0,1,0,4,1,5,1,4,1,2,5,1,0,6,6]"
"[1.55602323,4.41199539,10.54093636,11.34677826,13.1405638,14.06974807,18.01472708,20.44434617,29.37628951,30.61852744,31.13878911,32.80670311,37.46916956,37.56125366,37.93291758,38.4877427,38.52480113,39.39514955,45.37850697,49.13355042,50.74389953,51.24433457,52.43091812,53.53768708,54.61336948,55.57294589,58.8491248,59.39160135,59.77137112,59.87881421,60.52645579,62.32287384,62.3773868,63.63714791,64.66197324,64.78892226,67.17695945,68.71198267,68.92301989,69.13718458,69.25637146,69.50973753,69.84848125,69.8492002,69.99984113,70.99438014,71.12113544,72.73554637,73.88846038,74.09576591,74.92481268,75.49464366,76.37425211,76.52709376,83.23871023,84.55109756,86.7138505,87.86948547,90.95077932,92.33592382,92.52301047,93.71077904,95.20238825,99.32907278,101.80355485,102.19539011,102.75456055,103.45370384,103.50664543,119.73862062,120.43561534,120.48065383,120.86760813,121.01598189,121.49427227,121.8829105,122.54553895,123.23460551,124.96676792,128.62520102]","[0,6,2,3,2,3,7,6,7,7,6,2,3,3,3,4,2,1,4,7,6,2,3,7,7,2,1,6,1,0,1,5,4,0,7,5,5,0,2,1,0,0,0,1,5,0,1,0,2,1,1,0,0,0,3,1,0,2,5,3,4,0,4,7,4,7,1,7,1,0,3,1,2,4,3,3,1,7,0,2]"
"[7.21937823,7.60955193,8.03019393,8.74318992,9.12267307,9.34132345,9.93770553,10.1542811,10.39260969,10.75098653,11.20313963,11.44161846,11.63159301,11.9233412,12.2764154,13.6454833,15.26210496,15.71724982,15.82033009,16.33298158,16.52492113,16.59255193,16.69893575,16.96094191,17.58825875,17.63231242,17.70899087,18.1022841,20.01478719,23.77206476,27.67904939,27.75763252,28.43233409,29.75355833,29.8619685,35.58495548,40.44833121,43.23695282,45.05991975,47.96407736,49.29376894,49.74437417,51.17487086,52.78948907,53.56111446,54.91646242,55.48013577,55.50230963,58.69251,60.74990185,66.29153469]","[1,0,0,5,7,1,1,0,0,1,5,0,1,0,1,1,0,1,0,6,1,2,3,0,7,1,0,5,0,5,3,6,4,7,7,3,4,5,5,7,2,3,3,1,0,1,1,0,3,0,4]"
"[2.29508478,2.53383282,4.27987606,6.90453828,13.42793059,14.85025324,14.89978658,15.33110281,15.98560522,15.99504487,18.67638554,19.37926354,27.86763633,33.59793085,35.39674814,39.75733466,40.88154406,45.82804221,49.28855031,50.78982505,53.16141518,56.13108987,56.99725968,59.62416944,64.60415439,69.39688562,69.47514846,70.0107351,72.11429313,73.74992277,74.13904217,75.37213798,77.04853353,77.53479763,77.54165414,78.29498141,79.55744195,80.00286611,80.93540195,82.42556136,83.68574598,84.97782964,86.15336327,86.29138818,88.41983657,88.43227207,88.55369188,88.82653607,88.93893034,88.97830307,91.44276916,91.88189234,92.44631147,99.36696235,103.53009763,105.89260803,107.07558948,108.03352116,109.45733764,111.29624439,111.58781462,111.65388343,113.46994602,114.26747984,114.82114904,114.83645982,114.84042666,115.84185309,116.41389587,116.60536156,117.45657231,117.57090519,117.87227951,119.04220258,123.03925192,124.07510921,127.83334104,129.18119799]","[3,4,7,0,3,1,6,1,7,2,3,6,5,4,0,5,1,0,1,5,6,0,1,7,0,5,3,4,7,1,0,1,0,1,1,0,0,1,1,0,3,3,4,2,3,0,1,2,3,3,6,6,2,5,5,3,1,0,7,2,2,3,3,2,3,4,0,1,1,4,3,0,0,6,1,7,7,7]"
"[6.70559097,8.95641429,10.80743721,11.74684652,13.36524336,13.68845873,14.16800081,14.47091704,15.5731956,16.29414449,16.70330397,17.48232149,29.05716586,29.17058274,33.45511531,33.61419044,37.53373802,38.12313933,39.77882256,41.61820478,41.86398347,43.0031981,46.11187779,46.39947683,46.61015596,46.97926062,47.11569586,47.76022404,48.29908908,49.56574172,52.05161742,54.3156016,61.31729653,68.90912337,69.65538935,75.19276341,78.73115,82.50741033,83.64313325,91.2149842,96.6868498,96.94572939,97.26757793,97.46046934,98.36403558,98.95416898,100.35197489,100.73160059,101.33694299,102.35490599,103.79452084,103.89326845,103.9561106,104.03313067,105.33047903]","[3,3,5,1,4,0,2,1,0,5,3,1,6,7,2,3,7,3,1,0,6,1,2,3,0,3,3,7,2,7,2,6,7,5,7,5,3,2,5,1,0,1,0,1,1,0,0,1,1,5,2,3,0,7,2]"
"[2.49573211,4.57823262,14.20744649,27.85170002,28.03476411,29.45554989,29.91972779,30.11050291,31.07036755,31.2325378,31.2628432,31.71342951,31.86623582,32.91324369,35.20528705,38.07732128,39.3077867,43.52987713,45.2464696,47.98678031,52.03602179,52.27728447,53.32678188,54.18959459,59.76852852,60.48233569,61.55618642,63.2252316,66.88708798,69.92650566,70.17643238,70.50104401,72.26071881,74.15003935,74.33892625,74.46561327,74.7989309,74.99999921,76.62518582,80.51196628,80.56831806,81.75773976,81.83572257,82.02208564,82.08993126,82.50431046,82.78387766,83.09030385,83.3357444,83.81143687,84.38219179,84.72084125,90.61474598,100.63677768,105.18609973,108.3295472]","[3,2,1,0,1,1,0,0,1,0,1,1,1,1,7,6,1,1,1,2,2,1,0,2,3,3,7,5,3,1,0,2,3,4,0,1,3,0,7,0,0,1,1,0,0,1,2,0,3,1,1,1,5,3,4,5]"
"[2.43071266,2.79975238,2.80603531,6.91221656,7.24182631,9.54440304,10.49643871,11.11971009,12.21917074,13.48228988,16.72058477,17.16918527,17.19891211,17.81613205,18.05308089,18.7741152,19.00364783,19.65442461,20.24467343,20.66514617,22.16427345,26.3611342,26.76064771,27.99482837,28.16466231,29.96901455,31.48544132,32.93797876,33.98493878,34.70376508,41.20919659,54.35031143,54.38033533,54.90355618,55.74471197,56.40369133,57.35348508,57.80671203,58.41055686,58.92584167,59.97008446,60.02127849,61.0650596,61.59974823,63.3130436,65.630496,66.35892728,68.65406086,70.03811728]","[1,3,0,2,4,5,2,3,3,2,2,1,0,1,0,0,1,0,1,1,0,1,2,3,0,5,5,2,4,2,6,2,3,3,3,2,3,1,2,2,0,2,3,4,3,0,4,1,5]"
"[0.13576124,1.13361151,5.64309497,6.00347632,6.0414088,7.57886095,8.17362757,10.15331948,10.15973787,10.42334943,11.38422307,11.99248418,12.85426231,15.71918396,17.00969988,18.16443916,20.56977435,21.50547602,22.86450472,23.42843779,23.46746241,24.18480594,27.15410526,28.04150435,29.96304221,30.90094803,32.07786148,32.53160663,32.69989441,32.76444006,33.68418837,34.28687577,38.25376911,39.46082046,39.65451694,40.61961682,40.69236675,40.80309399,40.80931121,44.42820235,49.14258765,49.72365751,49.96441871,50.76846058,50.97922479,52.03919444,56.98240427,57.75765749,61.78638119,62.67142043,62.94060871,63.80409792,66.13997078,67.02308086]","[2,3,4,2,2,3,7,2,2,3,4,3,4,2,0,0,1,0,0,7,1,0,7,0,0,3,1,1,7,1,0,7,7,0,5,1,4,1,0,0,7,7,1,7,0,1,0,1,1,5,0,7,1,2]"
"[1.55168874,2.1681803,2.58191057,11.79032019,17.87174187,19.92443443,20.74399584,21.12241239,21.72256832,24.84200211,25.13312138,27.35427322,30.30009664,38.42302515,38.47792898,39.03855072,39.60249821,41.49657288,42.28727601,42.36447626,42.63111033,46.1543652,46.34995867,49.52865344,51.16830091,54.02015653,54.07095714,59.28753344,64.88380506,67.13046129,68.07837466,68.50505864,68.59998377,68.7062321,71.10559627,72.04582332,72.28148724,72.74794474,77.78749689,78.44355111,79.37973532,79.96096512,81.45164604,83.36921404,84.04623123,87.25274979,87.5215065,91.01287743]","[5,7,7,2,7,0,1,0,4,2,5,5,6,5,7,5,6,1,5,0,3,1,1,0,1,6,4,5,0,3,1,7,0,2,3,2,7,2,3,2,7,2,3,2,5,4,4,4]"
"[0.21990106,0.40631569,0.54023312,0.96991076,0.97746454,1.04827539,1.39407793,1.48194231,2.06120114,4.14799364,4.88912687,5.25715951,5.57303873,10.48843789,11.84052843,12.52700398,13.04346226,13.55132511,14.73269789,15.44317729,16.02178932,17.87598115,25.71203591,25.89883904,27.59763861,28.52288513,28.66706606,28.9019949,29.96735195,30.19208114,30.43393518,30.44832838,30.50317277,31.18033847,32.30359437,32.87550218,35.22928097,37.36803088,38.3709596,38.80487236,44.23905606,50.81258744,51.05188274,54.73514262,56.87678986,57.92000149,58.16703902,63.18576733,64.58364799,64.82063917,66.33915385,66.50190404,67.06547707,68.33864538,71.1894637,79.8497168,80.0848314,80.41615287,81.05941181,83.2117731,84.27955823,87.35015725,87.74430754,88.2813092,89.51001049,93.16054388,93.37073145,93.99864468,96.41509076,101.37681249,108.35343873,110.728392,113.31556261,119.27653986,119.93113682]","[0,1,1,1,1,0,2,1,0,2,1,7,1,3,1,4,1,2,0,3,3,1,1,1,3,0,1,0,0,1,3,0,1,4,4,0,5,5,7,4,1,7,1,3,2,7,5,1,0,1,0,1,2,3,0,1,0,0,1,0,0,3,2,3,4,0,1,1,5,6,7,1,5,0,1]"
"[4.2574914,13.55405521,15.89234579,16.66213254,18.64304941,22.28949732,24.83641766,25.82173995,29.38647228,29.65958177,29.8100365,30.04989883,30.51123656,30.68257145,35.98985551,36.06786358,36.19657174,37.14387365,39.91654427,40.0130787,42.97764659,43.39054994,43.43637498,43.67743307,43.8139115,44.02921229,44.07146474,44.58525901,44.64099834,44.87032467,45.19733593,45.57254732,45.885131,46.00600153,46.04583147,46.08275602,46.55278061,46.93644932,47.15405,47.16576332,47.30193745,47.52873098,49.55192981,51.38854432,51.59323019,53.29848513,57.47110535,57.78219297,57.86449625,58.59984932,59.22123173,59.5021215,59.63845801,59.8689574,62.2659643,62.48577083,62.86011189,64.28971059,64.89354498,65.398569]","[6,7,7,6,2,3,3,2,4,1,0,2,0,1,1,0,1,7,1,5,0,1,1,0,0,0,1,0,1,0,1,7,1,3,0,1,1,0,3,1,1,0,0,0,1,1,0,1,1,1,0,0,7,5,0,1,5,1,1,5]"
"[3.13074069,4.94017313,5.69473694,8.52511533,11.86685645,12.35239219,13.14160458,17.40334071,18.86715509,19.6838788,20.28935444,23.19912488,25.73997864,25.75081843,27.2761495,27.64012209,31.66506598,32.02962431,32.34236703,33.28325669,34.05272888,34.13987385,35.74535678,38.57243322,39.48275622,39.53472309,39.66422956,39.69845199,45.05195329,45.71033434,45.74884789,46.117684,46.2265201,46.22761909,46.43417238,48.59202967,49.61493438,50.78186999,50.8935065,51.02055662,51.19380038,52.16535079,52.92503357,53.04557853,53.45686129,54.0376732,54.16004246,54.27334591,54.28913635,55.09859099,55.96402666,60.77458629,60.90289258,61.16601154,61.65185029,61.88680011,63.39006113]","[0,6,7,4,5,3,7,3,5,4,0,7,1,0,3,2,5,1,0,1,0,0,1,7,5,5,6,6,0,1,7,1,0,0,7,1,2,3,2,1,0,2,1,0,0,4,5,3,3,6,7,2,6,3,3,4,3]"
"[3.28511915,3.32168778,3.70500981,4.43671811,5.51633277,5.72621242,6.44284767,6.91161749,7.09197386,7.12656372,7.16077107,7.91519675,9.3670596,11.61581446,16.10828868,16.80597346,18.88984911,19.76707226,19.88021031,23.47094574,24.2262192,27.00293956,27.27855552,27.55424617,28.50665595,28.55082057,28.56432252,28.57462851,28.93477375,29.29635486,29.50245979,29.81909169,30.85253134,30.94614503,31.00603716,31.36720652,32.16800537,36.50106086,37.03023067,41.50076667,41.61402759,42.04811243,42.10510914,43.16368176,44.50977947,45.19417731,45.3762817,46.9020452,46.99105981,47.32709436,47.71057103,48.19844961,48.62165347,49.51655823,58.51708242,59.56581814,60.33035377,61.37473915,62.09686026]","[0,1,1,5,5,7,2,1,5,2,0,0,1,4,1,1,0,1,1,0,5,1,2,7,0,1,3,0,0,0,1,0,4,1,3,1,5,1,0,5,1,0,0,1,1,1,7,1,0,1,0,0,0,1,7,1,5,0,5]"
"[3.5487388,9.61773863,9.97809583,12.31605006,13.86113564,14.1748262,14.2676706,14.90153856,15.95602016,17.52331137,17.73675087,18.41667032,18.45613379,24.12325286,30.76412412,31.56441345,34.07225126,34.41960064,34.84911978,37.01871162,37.32596862,37.51235688,44.2427509,45.15098194,48.8311839,50.1371793,52.11572463,56.88932218,58.9810176,61.47894509,64.28122605,65.00074432,67.99980571,72.97216124,75.38583947,75.91964023,77.12174846,80.71931512,80.78430252,81.86441637,83.64289967,90.90401742,92.93910556,93.18477491,93.37010421,93.51723134,93.55087597,94.06351843,94.06754286,94.09837168,95.40815763,96.2258764]","[5,5,7,6,2,6,5,0,2,1,3,2,3,6,2,3,2,7,6,2,0,3,5,3,7,5,7,2,5,4,5,3,7,5,1,5,0,1,4,3,2,2,0,1,0,0,1,1,1,5,4,1]"
"[3.49900519,7.35648401,7.57068685,15.05105313,19.03536702,19.19600422,20.31999156,24.41999643,25.04761454,25.10445303,28.15339984,28.36819355,28.45825058,31.53826144,32.72010364,34.41760666,40.46018529,43.73606827,47.33312725,47.72731732,48.19063699,49.10532129,49.21106242,49.59934669,49.85675401,50.18887186,50.73169164,53.07973536,54.09765103,55.61781645,55.77868415,60.93344652,62.76957032,65.03322593,69.70666851,71.18423079,72.63728139,74.73242618,76.23521453,77.73831987,86.18753601,86.95160778,90.11589011,91.90516153,93.15373275,93.34368854,93.64243331,93.65118627,93.84180631,96.16173388,96.38023877,96.63380386,96.80390136,96.94536257,96.97552592,98.33855133,98.74952466,99.58491356,101.68845411,104.57580253,105.0921151,108.97715508,109.30057638,109.75482453,111.6839693]","[5,7,7,7,0,5,1,0,1,2,2,3,5,3,2,6,3,7,2,3,3,3,2,4,3,7,2,2,1,0,4,6,6,5,6,3,2,2,3,6,1,2,1,6,0,1,7,1,0,0,1,0,7,1,5,0,7,1,0,7,2,0,1,7,2]"
"[5.34118844,6.43569334,9.27869107,11.01191452,13.17615431,13.38583544,14.90424619,15.74959373,16.36574138,16.43011744,17.68308941,18.73035663,19.36171012,19.93891352,25.83862341,27.51585705,28.34198067,29.89308967,29.94088616,30.39063871,30.44588746,31.52969161,31.6866009,35.34406909,36.09224897,36.39018783,37.22709038,37.89545413,38.06776858,38.14707112,39.84082945,40.12042093,45.82601233,50.45238261,54.89037937,57.90749433,58.36704309,59.1747307,60.49648123,60.58462118,62.70579239,63.90280246,64.32273022,73.65128293,74.0111256,74.22440049,74.3581707,80.9470799,81.80516308,82.58339419,84.45769065,84.58331884,85.16672461,85.24135022,85.87033187,86.20827654,87.63034633,87.96661337,88.28112206,88.51935694,90.31729348,90.878624,92.45478666,93.38623454,93.66938958,99.00158181,99.06695757,100.56522856,100.83056906,101.9117742,101.9918763,106.90559137]","[4,0,1,0,1,1,0,0,1,1,0,1,0,1,5,1,0,2,1,5,1,1,0,0,1,5,1,1,0,1,0,1,2,1,1,0,4,7,7,1,7,0,4,2,3,0,3,2,3,2,0,3,2,3,3,2,2,3,3,3,2,2,5,3,4,1,3,0,1,0,1,7]"
"[6.18405636,6.63580687,7.60032851,8.77211987,10.97422735,15.90355171,17.53160361,17.82591212,26.28073315,26.65145789,26.93904774,28.88693414,29.00760329,29.253928,30.02059014,34.45152625,39.44290784,41.18927233,43.78467978,45.31063487,45.98844985,47.92700267,49.217381,49.76625431,54.08511812,55.33760282,57.37556991,59.74698202,60.98570915,63.00228336,67.28166062,73.47792983,74.65773152,80.29603505,84.27330289,85.49083611,86.07922309,86.08984005,87.54923612,92.5332414,92.98654546,95.84172109,99.28664347,104.61563374,106.68994326,110.25697621,114.57657137,117.36001076,117.8662419,129.91574129,132.17246572,132.22784505,136.39228748,137.50441433,138.07317089,139.53979616,139.61529419,140.86964434,141.06103769,142.46442101,145.94349388,146.78575129,148.00640503,148.05976792,148.39468281,148.58807872,149.04704281,150.59741592,150.60380252,152.56528552]","[4,1,0,2,1,5,0,7,0,3,2,2,3,2,7,3,5,3,7,0,7,4,1,0,2,0,7,7,1,3,7,5,5,5,5,1,0,7,7,0,1,7,1,3,4,5,2,7,6,7,2,4,3,7,6,3,6,3,0,1,2,3,3,0,0,1,1,2,2,2]"
"[0.96262261,8.22380879,9.25764901,15.81342505,16.58379489,21.11666132,22.56267384,24.63438947,25.70732084,27.12342444,29.02812201,29.73939718,31.3052061,32.23799555,32.66967302,33.51436387,33.79442872,34.71751606,35.9672949,36.31898948,36.68908372,36.81946792,36.91070294,37.21132144,37.44210281,37.55925191,38.39668499,38.42222161,38.46659994,39.83038121,39.8859341,42.31302045,42.71914735,47.75761711,60.57775131,64.07473451,66.50878938,71.68335908,76.3814304,76.59574506,77.49061575,80.32671176,84.31432823,95.88479205,97.23417203,97.59840001,111.91690748,112.26553806,122.12767264,123.05581559,125.07348501,126.46975892,127.16775065,127.44335207,129.50900677,129.67911386,129.79396903,130.71953311,132.14942743,133.08872348,133.57743522,136.56978007,137.51405321,137.79838433,137.9390012,138.24480675,138.6720145,140.79242276,140.85462155,140.91452645,140.99471385,141.02480293,141.14793886,141.42805122,141.49422806,141.92010586,142.53930247,142.87292517]","[5,1,0,7,1,2,4,3,6,5,2,5,1,4,0,1,1,2,1,4,1,0,4,5,0,1,0,6,1,6,1,1,5,0,0,3,5,4,1,0,0,4,5,0,5,1,2,5,1,6,0,1,0,1,1,0,2,2,3,3,3,2,0,7,1,3,1,0,1,0,1,3,2,2,1,0,1,1]"
"[4.0005604,5.09435359,5.65840259,7.45052927,7.69087939,8.94454054,8.9857587,10.9929253,11.52136483,12.09635802,14.38394731,14.5245114,14.80517606,15.07237244,17.00986179,17.1163993,17.18654702,17.24819328,17.88578247,19.42735151,19.90105535,20.56004989,20.79475975,20.88171658,21.09033812,21.26592165,21.27150123,21.76956575,22.25375438,22.50856237,22.51858262,22.82770098,22.94855764,23.34289254,23.70493695,23.7294877,23.93762099,23.94766392,24.22738133,24.23395537,24.65301576,24.86664884,25.07024625,25.2475337,27.12684136,27.47000225,29.20421427,32.64002996,35.02123164,35.72443453,36.35507317,38.44073088,39.10170742,44.42453907,44.96434117,49.64189677,51.61870993,52.6247315,52.99756786,53.12870091,56.72783355,56.91489415]","[6,0,1,1,0,1,0,0,1,2,1,1,0,0,1,0,0,1,0,1,1,1,0,1,1,0,0,6,1,1,0,2,0,1,0,1,1,1,0,0,0,1,5,0,1,4,2,3,3,3,1,6,6,0,1,5,5,2,3,3,1,0]"
"[11.30608861,15.54034301,15.96203563,16.59465174,25.20381407,27.09210494,31.36878797,33.75717075,34.95800361,36.74071659,37.38502419,42.75335553,45.56553955,46.94397573,47.21629752,47.36276353,50.70108891,52.77480274,60.11025707,60.23473313,66.9005738,70.42433685,75.53829425,78.29572715,79.31228603,79.80724933,80.34446301,80.46123568,80.71675508,87.60779315,88.05376242,92.12580564,93.13021943,97.73893822,98.28888997,99.34418515,104.07712595,105.66789496,107.69885532,108.57226023,109.40724446,109.52459031,112.11793661,112.8178123,113.15027385,114.86836181,117.56698139,119.14774354,119.84960938,120.0552856,120.61409194,120.64140577,121.92388215,124.92692252,126.90873838,127.20302564,127.55486501,129.07147296,131.24923851,134.20344937,137.03046154,138.46929605,138.68562481,139.03346246,140.26252238,140.5215732,141.99607921,142.34740396,142.60933844,143.00347915,143.42197035,144.18200946,144.64644904,145.52808664,146.48228974,147.82116533,148.5147167]","[7,5,2,7,1,7,6,7,2,7,2,6,1,5,5,7,5,7,6,4,7,5,4,1,0,1,0,0,0,4,5,1,0,7,1,5,7,0,1,0,2,7,2,6,4,6,1,0,1,1,1,0,0,0,1,4,5,1,7,7,7,0,5,1,5,4,0,5,0,1,1,0,0,1,1,7,0]"
"[0.76439844,6.84796132,8.07847356,15.91142141,16.08946986,16.22042437,20.29445061,22.74691969,36.5765593,40.41291139,42.14902495,43.86884213,46.05980127,46.34625322,47.52868877,47.83823657,47.93678869,48.50247323,49.01888921,49.04470116,49.80019373,49.91379749,50.61809303,53.13351844,53.19687847,54.72873386,54.96647544,55.56757829,55.67211017,56.06581504,58.29505337,59.51444243,60.12676136,61.16720555,61.58043614,61.94108388,62.19217445,62.38629081,62.74629226,62.78569574,63.00187862,65.75638657,68.09041483,69.78508374,70.95097375,72.17592946,72.63015315,79.24298359,83.67580266,86.32752172,89.98878536,91.88358928,93.96832803,94.23164814,94.38751172,94.48565687,95.12942051,95.45088447,95.93273061,99.82952619,103.46787522,105.11225041,106.09692698]","[1,5,1,5,5,1,7,7,4,7,1,2,3,4,0,1,1,0,1,0,0,1,7,2,1,5,3,7,0,1,1,4,0,2,5,0,2,1,3,3,1,0,2,3,3,3,3,2,2,4,7,3,3,3,2,3,5,2,2,3,0,7,1]"
"[8.16384116,10.27612198,12.10227922,12.37540887,12.69617672,16.98034949,36.44132638,37.03250513,40.3208981,40.50403643,41.19265687,41.83136018,43.49349469,48.94806623,49.13598215,59.8965925,61.02101846,61.63831924,61.69436743,62.88485173,63.20235311,63.51373799,65.16894954,66.40791819,67.86930099,68.22851103,68.33696018,68.69533146,69.18355021,70.67322203,71.08378359,73.17771222,74.41126497,75.08394253,75.65290117,75.7402304,75.92951789,76.51841293,76.61264665,77.07922073,78.59191552,78.99123016,79.43480284,81.18813691,81.711967,88.31515592,90.90806942,91.84327605,93.65369085,94.91861083,99.7689297,101.34197431,101.43991669,102.02611365,106.71370054,108.55549591,109.89064033,113.88709355,118.69424822,121.10528416,124.11094517,124.80170267,125.5906272,125.76042778,126.1717577,126.92602153,128.87738953,129.02296889,131.16777961,132.48993229,133.19660255,133.58180813,135.57562993,136.76172968,137.16333873,137.6702451,137.99905179]","[0,5,1,0,1,2,0,6,2,3,1,0,5,3,2,2,5,1,0,0,1,0,0,1,0,1,2,2,1,0,1,0,0,1,3,1,0,1,0,1,3,2,7,2,2,5,6,0,2,1,5,2,3,7,7,4,3,4,7,4,5,4,7,2,1,0,5,1,1,1,3,0,3,0,1,0,0]"
"[3.40321538,9.71099768,12.5233533,16.54549476,21.39188719,21.80803112,22.76487076,22.97399814,23.97660576,25.65129147,27.46748549,30.36334097,30.48304965,36.30642787,36.46784867,37.67857964,37.9923301,38.01454828,39.04083666,39.23820279,39.32085812,39.72168433,39.74181873,40.18967467,40.73187021,41.55160726,44.10348736,45.14878564,45.59201965,46.11543186,46.71394498,48.14420768,48.20923523,48.58961468,49.04895697,49.14932504,49.40695799,51.82207467,52.22916078,52.29411229,57.06063665,59.07593876,62.47164433,63.5179771,63.98758602,64.54913938,65.35185008,65.46293251,65.63246079,66.10999754,67.80137347,67.9540526,69.47555496,70.04996704,70.39180935,71.34652594,76.89709774,77.43375855,78.47376712,80.07005775,80.49361151,81.84865179,83.41640949,84.76034836,84.78534953,85.65133306,86.10774122,87.59216804,87.81923243,88.78860042,89.22496574,89.42688151,91.17068162]","[5,4,5,6,7,2,1,0,7,4,1,0,2,0,1,0,5,1,3,1,0,2,0,0,1,1,4,5,2,4,0,2,1,1,0,1,4,0,1,0,5,6,0,2,1,7,3,5,2,3,3,2,2,0,3,5,6,2,2,0,4,1,1,0,3,7,3,0,1,7,0,1,4]"
"[10.38893641,11.51702325,15.11229122,16.98985557,17.67339525,18.70003073,24.51964825,25.19621753,25.51942813,25.7899611,26.23162722,26.51733529,26.5192994,26.81992023,26.82841565,27.15992213,27.78658883,27.99369435,29.20495909,30.72540714,31.92612439,32.13922627,32.39115136,32.59480524,33.33260869,34.26272758,34.93445122,35.89156823,35.96291255,35.98757992,39.09154418,39.12748397,39.36434697,39.53912243,40.59147217,41.32909155,41.47377447,41.56721077,41.96523698,42.54965769,42.60528749,42.81109214,44.58111954,44.8537898,44.97463433,45.25496779,45.44160726,45.4812725,46.74626604,54.96555434,55.37174124,55.70622438,59.11088278,59.8036199,60.08043652,60.20865179,60.4408181,62.34871503]","[3,1,1,0,1,2,0,1,1,0,0,1,0,1,0,0,1,1,0,1,0,7,2,3,3,7,2,1,0,2,0,3,5,2,2,1,2,3,3,2,4,3,4,4,4,2,4,7,0,0,1,7,0,1,0,5,1,0]"
"[8.08467544,19.51179473,23.2316133,25.93689724,26.52632234,26.95982089,28.05342695,30.78868673,34.2515531,37.92519791,41.09070178,43.06344538,43.27964898,45.64926013,47.40833308,47.91406685,49.76907037,58.35025283,58.37634564,59.02515375,60.23231157,60.27048809,60.293698,61.48635188,68.62912636,74.1468414,75.36295472,75.83349457,75.95846591,76.35202602,76.80735992,76.99251516,77.21570639,78.10575125,78.42141796,78.61079171,80.0573323,80.38037544,80.87243731,81.03949943,81.17756408,82.17055147,82.60373992,83.02107923,83.08308644,83.11104063,83.37026351,83.56825303,84.25343167,84.47555278,85.8962889,87.24101029,87.9934351,88.0526811]","[2,4,1,2,3,1,0,5,7,5,3,2,4,6,7,0,5,5,4,3,4,2,3,3,4,2,1,3,7,2,3,4,3,2,1,3,5,2,0,1,4,0,6,1,2,1,1,5,0,0,0,1,3,2]"
"[0.62745416,2.40555851,3.63859442,5.20985814,6.26775211,6.2941664,6.43171233,6.6782499,7.83601556,10.01203999,10.14977718,10.84602336,12.5032617,12.71660086,13.01622515,15.57566907,16.00269732,21.69018923,24.79954345,26.25449704,26.48707427,26.90258347,28.23820918,28.55667078,29.82424594,30.81464574,31.79066796,33.90287855,36.49687333,40.43044303,41.16099054,41.72381346,41.80156098,41.90128015,42.83343929,43.08954913,44.18587935,45.26191017,49.36180368,50.39228158,61.83961409,62.11095409,63.82858675,64.83648017,65.60594115,67.64349436,67.64368136,68.20954481,70.14679797,72.32215282,72.56962956,73.16163994,74.89680936,74.9597637,74.99284808,75.17372427,75.19056913,75.48764167]","[3,5,2,5,0,1,1,1,0,1,5,7,7,5,0,1,0,3,4,3,2,2,3,2,7,7,3,2,3,2,0,1,3,0,1,1,0,1,6,5,2,3,0,1,0,1,1,7,0,0,1,7,0,1,0,0,1,5]"
"[1.57580593,1.89766741,6.50350445,10.79482834,13.47204447,14.3242678,18.3519053,25.69602009,28.40457057,29.66444749,30.88611516,33.7163555,34.9943461,35.14160638,36.50634922,37.9066019,38.8359378,39.33343383,39.94002545,41.37318903,41.38229822,41.76379851,42.42536204,44.06483797,63.4642549,66.32405847,66.43016095,67.66916649,67.92881522,68.3078068,68.926946,69.4264562,69.50984982,69.58297082,70.28792404,71.28913387,71.39165746,71.46846758,71.68617848,71.91359175,72.23361474,72.26102141,72.2769032,72.52924366,73.83198503,73.92502768,74.73061752,74.85960641,75.02514812,76.08512649,76.2767171,76.53215808,76.71353282,77.96602551,78.06970506,78.21871591,79.25507167,80.05695319,81.71951883,82.12926074,82.34004154,84.31600542,88.46281064,93.34849211,102.28942233,103.02794205,103.26308986,103.30148005,103.3715164,104.31305612,105.04728462,105.71347244,108.9145212,116.94525625]","[5,0,2,5,1,7,7,7,6,6,0,0,1,5,0,7,5,1,2,3,2,2,2,2,7,1,0,1,1,0,1,1,7,0,2,4,1,0,1,0,1,5,6,0,1,0,0,1,0,6,1,0,1,1,6,0,0,1,7,5,4,4,6,5,0,4,1,0,7,6,6,6,3,5]"
"[1.85733515,5.40315789,5.65298242,6.32100983,7.15287643,7.38231443,8.06544572,10.1149359,13.25819422,14.42324763,16.19532405,17.90231041,19.92110694,20.69732891,21.93345611,22.3258832,24.4780585,24.68879727,30.13283126,33.88563951,36.778301,39.08648861,42.14138225,42.42977924,42.53956721,43.35634607,44.13045453,44.20366516,44.5529829,44.55618621,44.86723455,46.08221315,46.37357372,47.58420009,47.74937312,49.44954087,53.87528742,58.2725722,58.50739891,58.5796461,59.2881357,62.13955589,65.62487426,67.50726064,70.42197926,70.83156399,71.61095664,72.8549501,78.36503162,78.76205349,79.28116906,79.67856145,87.5310732,89.02768492,89.59941862,92.91458963,93.39705306,94.1022437,95.21668869,103.60396171,103.95072581,104.41543458]","[7,0,5,5,6,2,4,5,2,1,0,1,5,3,0,1,1,4,2,4,7,2,0,1,2,1,2,7,1,0,1,1,7,0,0,4,2,3,3,6,2,2,7,2,2,4,1,6,0,1,7,0,2,0,1,1,0,0,0,7,0,7]"
"[8.1340418,10.5450558,13.60593272,16.49479166,16.76031267,20.20207071,20.50727871,23.36368954,31.10934054,32.73955599,36.20063032,41.8155161,46.15150835,46.65013749,47.78077422,47.90597221,49.58848154,53.06215247,54.45192166,54.86103782,57.09711679,58.21182197,61.06636951,64.09747024,68.24560296,68.55306229,68.65965188,69.85533091,69.88468591,73.20197802,73.50652383,74.93363471,76.89563322,76.98997779,77.4123831,83.01603906,84.18694796,84.90491396,89.70376554,91.0100129,93.28075046,95.18126179,97.23761616,99.00168711,99.06623848,99.25752413,99.5237011,101.37283673,101.67650478,103.54195658,104.3595373,105.43465679,105.87746107,106.89987501,106.94451716,107.36547179,107.7365577,109.24204349,110.14164864,111.02779736,111.30361385,112.19334682,112.27554691,112.41776807,112.87263999,113.41684449,113.77528942]","[7,2,0,1,6,7,6,7,0,5,7,7,0,0,1,0,3,2,0,4,5,4,1,1,7,1,2,0,1,0,1,1,0,1,0,5,7,0,3,4,4,2,2,5,3,3,2,2,3,2,1,7,3,2,3,3,3,4,2,0,3,2,4,1,2,3,1]"
"[0.53046704,4.3053207,5.27844178,7.54984821,8.68544635,9.00309407,10.70964815,10.779751,11.41896381,11.64282573,13.04636643,13.34605236,14.4591439,14.58240199,15.38766486,15.7288529,16.37371061,20.99126424,23.40083875,27.28032021,29.24239189,29.77899024,30.52139182,31.52003656,38.03812926,41.12605716,47.48254788,48.68743431,50.42046879,50.8749423,52.52439389,53.97040186,54.60626164,57.60350086,58.03922339,61.74516903,65.83602092,68.21014843,68.69301818,69.39881882,69.52396984,74.66040553,74.89752315,74.95728922,75.22294279,75.43878418,76.36501273,76.3722729,76.50819389,78.04116429,78.05518169,78.85900874,79.0270057,80.07628407,82.25055079]","[1,0,1,2,1,7,3,0,2,3,1,3,1,4,2,2,3,7,5,2,6,7,1,6,7,0,0,1,5,0,0,1,1,5,6,0,0,1,1,1,7,3,2,1,3,2,0,1,1,3,2,7,0,1,5]"
"[6.08496975,7.32306742,8.12440406,11.86362181,12.613573,13.84929002,14.17640062,14.5706312,17.35933967,17.77638635,18.84566864,21.27855348,24.25883762,24.32884489,24.84708377,25.84196177,26.18817247,26.3147259,26.43330068,26.7217125,27.29146118,27.65197618,28.39068967,28.57924386,29.59571486,29.92989684,30.04621976,31.49760231,31.72084641,32.21122577,34.70590636,38.80147555,38.86718131,40.22389532,40.34161415,40.38277105,40.50174899,41.38265198,41.67976287,42.10711316,42.19855297,44.18997123,44.4161657,48.1823323,50.82699927,54.78306723,57.87166824,58.75339608,68.48633018,68.7400382,71.30182408,71.5134228,72.02052775,77.61004301,80.49433998,81.23889871,81.72574912,81.93541474,82.66255836,82.66671764,83.08688639,83.33976534,84.10675504,84.71585682,85.18023846,86.37749637,87.83908581,89.34664567,92.26001561,92.31901908,92.36928352,93.53317215,93.71517434,94.89967262,95.83746321,96.25674024,96.74792138,97.39598017,98.6544772]","[2,3,5,0,1,2,3,1,0,7,4,0,1,0,5,1,0,1,5,1,1,1,6,0,5,1,0,1,7,0,3,3,4,6,6,1,0,1,0,0,1,0,1,7,2,7,0,6,2,2,5,4,5,1,0,7,1,0,0,1,7,1,0,0,1,1,0,0,1,0,0,1,0,7,0,1,0,0,0]"
"[1.25944105,2.21778535,3.56553682,7.88759884,8.42090175,9.1425692,17.68026268,19.76295989,21.10011564,21.79086146,21.81499599,22.65345817,23.31266746,23.95789201,25.36402513,26.78630225,27.26656459,27.30373287,32.92643376,36.26546779,37.54932978,40.30556283,42.2843239,45.86357812,49.5874784,49.65153385,53.53228775,67.35645622,67.54920258,70.93808822,88.98858718,97.76941608,98.05049876,99.98060972,100.21601872,101.37060321,101.58423055,101.60105672,101.84735935,101.99139472,103.20623727,103.27673464,103.92347687,104.32775823,105.89635542,106.51999379,106.94272231,108.54073413,111.55188194,111.63530714,121.74677523,122.04636388,124.41693527,130.39426234,133.21515312,137.28933908,137.45505164,138.89210261,138.97657856,139.83714651,139.96843167,140.07526029,141.40013242,143.18529612,143.77399128,144.43935543,144.52960433,144.62792768,144.6318895,144.69040439,145.19420102,145.23323007]","[0,6,7,0,1,5,3,1,0,5,0,1,7,7,1,0,6,4,5,7,7,7,5,7,2,2,7,2,3,0,5,1,0,0,1,1,1,1,1,0,2,0,1,6,1,0,2,1,1,0,6,1,0,1,3,6,5,6,0,1,0,0,6,2,3,5,3,0,4,1,0,6]"
"[0.33887609,1.8257597,1.88197204,2.28521471,2.74807812,3.33382924,4.43197246,4.91957108,6.36628659,7.05437626,7.62657757,10.14184571,10.73888799,10.77059984,11.80566227,12.05711463,12.24943666,12.36850898,12.51959382,12.69305586,13.788073,14.32319859,14.99983127,15.19612675,17.72018942,17.90804534,18.43852241,18.46674381,18.98665288,19.25760007,19.46688373,20.29363968,20.38908816,20.5451159,20.84955387,21.12496373,21.24845233,21.3210192,21.3896682,21.6109328,21.86222903,22.52776432,23.25065117,23.32610589,23.62130114,23.71442705,23.98235169,24.17513286,24.2713238,24.75376428,24.76263021,24.84674749,24.91312426]","[0,1,1,0,1,0,0,5,0,2,1,0,3,1,1,0,1,0,0,0,1,0,0,6,1,2,3,1,0,3,4,1,1,0,0,0,0,1,1,0,0,1,0,0,0,1,1,0,0,0,4,1,1]"
"[0.95131917,2.36356072,3.59746541,3.68435786,8.24392029,8.64933349,8.82091244,12.19276704,13.14423803,13.65093649,13.98878015,19.10119911,21.84282466,22.69820231,23.44896848,25.27115014,25.42894261,27.33278693,29.56952826,42.58755577,45.17030253,47.05412044,47.73906345,47.94515697,49.23313761,52.35134342,52.75776173,56.18744876,59.13354769,59.51330312,65.22656007,67.49426792,70.77038387,71.26942995,85.19973129,86.32156414,86.46177235,86.60399717,87.68319082,87.68688164,87.73293088,89.41672819,89.75342569,89.85012029,90.26907693,90.34785217,90.65075213,91.18088419,91.32975207,94.7749625,97.48365295,111.0671145,112.26503138,113.71076217,113.74395628,114.98217024,115.75779593,121.27561673,121.54827894,121.90016528,123.67964321,123.76404301,130.98398171,134.37586597,134.80114729,135.08936403,136.84581797,137.12717995,139.57360037,143.02280781,146.95199136,149.2230348]","[5,2,3,2,6,7,4,5,6,0,1,4,6,1,0,1,2,0,1,6,5,2,5,3,3,4,3,4,0,1,1,1,4,2,3,0,3,4,1,1,0,1,0,0,0,1,7,1,1,0,5,2,3,1,2,3,5,2,5,5,4,7,1,1,0,1,0,1,7,4,6,2]"
"[7.41091825,10.27208234,15.2269357,16.39357015,20.51406301,24.52906319,28.67717469,29.74035113,30.67457071,30.80971898,30.97014976,31.23054705,31.84680554,33.68311302,34.28642935,34.51172331,38.20620775,38.38302562,39.10130769,40.90073267,47.71330834,47.75735132,49.52225743,54.23902322,65.48880913,65.81145684,66.64212181,69.7271039,71.58238846,74.05186213,74.60951026,74.9145729,76.14121658,76.48871455,78.76019991,79.22332731,79.37134212,80.63675497,80.91670055,80.99236145,81.12996475,81.59724037,82.15544341,83.3697337,83.62670677,83.93916801,84.19211224,84.51787153,85.38271782,85.59298966,86.0697882,88.28986673,88.58422486,89.43366485,89.6386225,89.69094661,89.84749674,94.78846548,94.8971199,99.99393799,108.47262321,108.49880782,108.70018588,108.83720963]","[4,0,7,1,5,0,2,3,0,1,2,3,2,0,1,2,0,1,1,1,0,5,6,7,7,1,7,7,7,2,3,6,7,2,2,3,2,3,0,3,2,3,1,0,1,1,2,0,3,0,1,1,1,1,0,0,0,1,0,5,1,0,0,1]"
"[3.60434441,4.14163295,4.84937186,5.38569277,7.47370943,8.45332884,9.63367364,10.83490212,15.42738691,27.12987816,28.1093487,33.92792159,33.95987755,34.10439274,36.05428536,36.57667444,37.62460436,38.94805733,42.95883821,44.0272718,45.54212992,47.45338884,48.00270828,48.01096536,48.68599953,49.1277911,54.00738923,54.10440873,54.12471076,55.84971525,56.15840172,56.6521908,57.51915027,57.83640369,58.13021012,60.7618682,63.65544586,66.84469084,71.55487334,71.63474162,74.93554396,77.97005934,80.00454824,80.91301578,83.45716618,83.83457664,83.87427741,85.43461227,87.70428716,96.2533862]","[2,1,3,2,3,2,3,4,4,4,7,0,1,7,3,1,0,0,0,6,0,2,2,3,2,5,1,0,3,2,3,2,0,3,1,4,1,2,7,4,7,1,0,6,2,1,3,4,4,7]"
